asset,timestamp_utc,horizon_min,session_state,current_p1a_better,current_raw_error_bps,current_p1a_error_bps,signed_disagreement_bps,xret_3_bps,xvol_6_bps,gap_initial_bps,gap_future_bps,gap_shrunk,p1a_catchup_bps,xstock_reversion_bps,underlying_follow_xstock_direction_bps,current_xstock_closer_to_future_underlying,resolution_class
aaplx,2026-06-23T20:05:00Z,5,afterhours,1,45.99799700179652,7.7136909508990215,53.71168795269554,-19.154831553302998,38.359550983236886,53.71168795269554,6.99521113079804,1,7.001225626197538,39.71525119569996,4.073872951497748,0,xstock_reversion
aaplx,2026-06-23T20:05:00Z,15,afterhours,1,45.99799700179652,7.7136909508990215,53.71168795269554,-19.154831553302998,38.359550983236886,53.71168795269554,1.6171808977993862,1,13.228431428498055,38.8660756263981,10.859975274897238,0,xstock_reversion
aaplx,2026-06-23T20:05:00Z,30,afterhours,1,45.99799700179652,7.7136909508990215,53.71168795269554,-19.154831553302998,38.359550983236886,53.71168795269554,0.8924160692025396,1,29.301485454400478,25.302618567497603,24.41838017209541,1,p1a_catchup
aaplx,2026-06-23T20:05:00Z,60,afterhours,1,45.99799700179652,7.7136909508990215,53.71168795269554,-19.154831553302998,38.359550983236886,53.71168795269554,30.025931721899823,1,22.128757502795082,1.5569987280006359,6.788866520093251,0,p1a_catchup
aaplx,2026-06-24T19:55:00Z,5,regular,0,1.535416603202222,62.30747552569582,-63.84289212889804,-69.54703544660212,26.09395682073466,63.84289212889804,43.884103460793966,1,52.073770181895185,55.653225407796825,-53.08843504829852,0,xstock_reversion
aaplx,2026-06-24T19:55:00Z,15,regular,0,1.535416603202222,62.30747552569582,-63.84289212889804,-69.54703544660212,26.09395682073466,63.84289212889804,1.1359795965049102,1,13.916900657200415,51.06197106820254,-50.372796347399884,0,xstock_reversion
aaplx,2026-06-24T19:55:00Z,30,regular,0,1.535416603202222,62.30747552569582,-63.84289212889804,-69.54703544660212,26.09395682073466,63.84289212889804,6.750627040696955,1,29.142622943396645,27.949642144804443,-31.710000904601188,0,p1a_catchup
aaplx,2026-06-24T19:55:00Z,60,regular,0,1.535416603202222,62.30747552569582,-63.84289212889804,-69.54703544660212,26.09395682073466,63.84289212889804,5.68047146110473,1,63.88874291729962,5.63462067270315,-4.598526232895139,1,p1a_catchup
aaplx,2026-06-25T08:05:00Z,5,premarket,0,1.6283147678031185,49.34110502640365,47.712790258600535,0.16621484559387056,5.370802982158416,47.712790258600535,5.964618112095366,1,37.93459448740322,15.742813883292683,-20.733228177300944,1,p1a_catchup
aaplx,2026-06-25T08:05:00Z,15,premarket,0,1.6283147678031185,49.34110502640365,47.712790258600535,0.16621484559387056,5.370802982158416,47.712790258600535,0.23022130170247124,1,31.000030303003356,16.94298125729965,-16.176927814299802,1,p1a_catchup
aaplx,2026-06-25T08:05:00Z,30,premarket,0,1.6283147678031185,49.34110502640365,47.712790258600535,0.16621484559387056,5.370802982158416,47.712790258600535,3.478498347400105,1,27.0501047926075,24.14118381339314,-24.400330710498963,1,p1a_catchup
aaplx,2026-06-25T08:05:00Z,60,premarket,0,1.6283147678031185,49.34110502640365,47.712790258600535,0.16621484559387056,5.370802982158416,47.712790258600535,10.470267043203307,1,22.381955950008248,35.801101351795594,-35.54697886749558,0,xstock_reversion
aaplx,2026-06-25T13:25:00Z,5,premarket,0,2.9545313597978407,53.251152424804715,-56.205683784602556,-99.68721038189798,21.90786409123372,56.205683784602556,90.79502090659552,0,56.27656380350565,-90.86590092549862,65.94465725279441,1,persistent_or_wider
aaplx,2026-06-25T13:25:00Z,15,premarket,0,2.9545313597978407,53.251152424804715,-56.205683784602556,-99.68721038189798,21.90786409123372,56.205683784602556,104.31050322380564,0,281.5942809715999,-329.699100410803,332.0027046015017,1,persistent_or_wider
aaplx,2026-06-25T13:25:00Z,30,premarket,0,2.9545313597978407,53.251152424804715,-56.205683784602556,-99.68721038189798,21.90786409123372,56.205683784602556,15.922820697600315,1,378.55309365350644,-306.4245891713035,302.9250900153979,1,p1a_catchup
aaplx,2026-06-25T13:25:00Z,60,premarket,0,2.9545313597978407,53.251152424804715,-56.205683784602556,-99.68721038189798,21.90786409123372,56.205683784602556,40.564558653493066,1,378.83359068129784,-282.0633482432022,279.65219600079473,1,p1a_catchup
aaplx,2026-06-25T13:30:00Z,5,regular,0,27.875775032502048,62.91924587409348,-90.79502090659552,-180.2221312124974,35.86925891853561,90.79502090659552,132.14968294519736,0,79.04917915089626,-120.4038411894981,159.1395769627013,1,persistent_or_wider
aaplx,2026-06-25T13:30:00Z,15,regular,0,27.875775032502048,62.91924587409348,-90.79502090659552,-180.2221312124974,35.86925891853561,90.79502090659552,38.64173602790011,1,311.78969036189665,-182.352933427401,208.70199679360547,1,p1a_catchup
aaplx,2026-06-25T13:30:00Z,30,regular,0,27.875775032502048,62.91924587409348,-90.79502090659552,-180.2221312124974,35.86925891853561,90.79502090659552,28.232354285000483,1,297.3514078815942,-178.3240326899982,201.912766395802,1,p1a_catchup
aaplx,2026-06-25T13:30:00Z,60,regular,0,27.875775032502048,62.91924587409348,-90.79502090659552,-180.2221312124974,35.86925891853561,90.79502090659552,10.516232916399915,1,283.1120678363952,-202.8332798461996,216.21124961829884,1,p1a_catchup
aaplx,2026-06-25T13:35:00Z,5,regular,0,10.859960740701169,143.00964368589854,-132.14968294519736,-271.44816456900145,47.517108893213944,132.14968294519736,104.31050322380564,1,146.26853801719795,-118.42935829580625,106.91847038600599,1,p1a_catchup
aaplx,2026-06-25T13:35:00Z,15,regular,0,10.859960740701169,143.00964368589854,-132.14968294519736,-271.44816456900145,47.517108893213944,132.14968294519736,27.99589930940094,1,201.46066100499738,-97.30687736920096,107.99704451209813,1,p1a_catchup
aaplx,2026-06-25T13:35:00Z,30,regular,0,10.859960740701169,143.00964368589854,-132.14968294519736,-271.44816456900145,47.517108893213944,132.14968294519736,6.780251917302138,1,190.26065742060007,-64.89122639270484,56.35626272540328,1,p1a_catchup
aaplx,2026-06-25T13:35:00Z,60,regular,0,10.859960740701169,143.00964368589854,-132.14968294519736,-271.44816456900145,47.517108893213944,132.14968294519736,5.996165963200184,1,199.46144566450386,-61.315596756106316,50.09860806880262,1,p1a_catchup
aaplx,2026-06-25T13:40:00Z,5,regular,0,0.6509271690990914,103.65957605470655,-104.31050322380564,-329.699100410803,46.10847788255473,104.31050322380564,38.64173602790011,1,86.4719731938024,56.48026605790335,-57.356050555101845,0,p1a_catchup
aaplx,2026-06-25T13:40:00Z,15,regular,0,0.6509271690990914,103.65957605470655,-104.31050322380564,-329.699100410803,46.10847788255473,104.31050322380564,15.922820697600315,1,96.95881268190654,23.274511239499418,-29.077614586103806,1,p1a_catchup
aaplx,2026-06-25T13:40:00Z,30,regular,0,0.6509271690990914,103.65957605470655,-104.31050322380564,-329.699100410803,46.10847788255473,104.31050322380564,38.9037283340965,1,58.82567874590627,6.581096143802867,-10.779347815308427,1,p1a_catchup
aaplx,2026-06-25T13:40:00Z,60,regular,0,0.6509271690990914,103.65957605470655,-104.31050322380564,-329.699100410803,46.10847788255473,104.31050322380564,8.302622277005511,1,48.90860503389938,47.09927591290075,-56.28364532790364,0,p1a_catchup
aaplx,2026-06-25T18:05:00Z,5,regular,0,0.8976626712975389,51.54851249879577,50.650849827498234,77.88752837690538,27.572237857513354,50.650849827498234,3.0261896081995587,1,45.77175886909757,7.905280566600226,-5.0294583614984845,1,p1a_catchup
aaplx,2026-06-25T18:05:00Z,15,regular,0,0.8976626712975389,51.54851249879577,50.650849827498234,77.88752837690538,27.572237857513354,50.650849827498234,2.8956497331922293,1,99.95353031999166,-46.40703075930119,45.15165701300283,1,p1a_catchup
aaplx,2026-06-25T18:05:00Z,30,regular,0,0.8976626712975389,51.54851249879577,50.650849827498234,77.88752837690538,27.572237857513354,50.650849827498234,17.02031825259631,1,94.68557013409651,-61.055038559194585,51.94258602290169,1,p1a_catchup
aaplx,2026-06-25T18:05:00Z,60,regular,0,0.8976626712975389,51.54851249879577,50.650849827498234,77.88752837690538,27.572237857513354,50.650849827498234,13.39869409890504,1,70.92806477229985,-6.878520845896574,3.5909221873975383,1,p1a_catchup
aaplx,2026-06-25T18:15:00Z,5,regular,0,1.9648104293956692,50.830004258699546,48.86519382930388,112.28072686559898,33.51561439270171,48.86519382930388,2.8956497331922293,1,45.148889908999124,6.6119536534969825,-8.934475157893473,1,p1a_catchup
aaplx,2026-06-25T18:15:00Z,15,regular,0,1.9648104293956692,50.830004258699546,48.86519382930388,112.28072686559898,33.51561439270171,48.86519382930388,14.450498159801484,1,28.224189606502748,35.09150238260261,-12.868174495199725,1,xstock_reversion
aaplx,2026-06-25T18:15:00Z,30,regular,0,1.9648104293956692,50.830004258699546,48.86519382930388,112.28072686559898,33.51561439270171,48.86519382930388,9.254245245307047,1,43.46000450320631,14.659434571404617,-13.733796049493208,1,p1a_catchup
aaplx,2026-06-25T19:55:00Z,5,regular,0,13.35134231010393,50.1485719871031,-63.49991429720703,-44.867000360602205,26.940184871813027,63.49991429720703,7.578609871901065,1,44.36290743670135,26.715616732406744,5.455041502697711,1,p1a_catchup
aaplx,2026-06-26T08:10:00Z,5,premarket,0,1.6376500401982241,43.987043431696904,45.62469347189513,19.59061914079463,17.21175736304062,45.62469347189513,7.037292650595717,1,34.23919965110045,4.348201170198962,-1.8128750433987761,1,p1a_catchup
aaplx,2026-06-26T08:10:00Z,15,premarket,0,1.6376500401982241,43.987043431696904,45.62469347189513,19.59061914079463,17.21175736304062,45.62469347189513,16.923233905199453,1,47.132164271994625,15.415763105099956,-9.793431929399077,1,p1a_catchup
aaplx,2026-06-26T08:10:00Z,30,premarket,0,1.6376500401982241,43.987043431696904,45.62469347189513,19.59061914079463,17.21175736304062,45.62469347189513,2.580015144300063,1,26.535735997201826,16.50894233039324,-18.869984189100464,1,p1a_catchup
aaplx,2026-06-26T08:10:00Z,60,premarket,0,1.6376500401982241,43.987043431696904,45.62469347189513,19.59061914079463,17.21175736304062,45.62469347189513,11.665132377398635,1,14.00855660939726,19.951004485099233,-22.139560807996617,0,xstock_reversion
aaplx,2026-06-26T18:30:00Z,5,regular,0,1.2640325542978559,46.17258332750396,47.43661588180181,31.45996720379962,29.264439697752223,47.43661588180181,21.30537905309815,1,37.81633537539797,30.925659559501995,-30.908211222602233,0,p1a_catchup
aaplx,2026-06-26T18:30:00Z,15,regular,0,1.2640325542978559,46.17258332750396,47.43661588180181,31.45996720379962,29.264439697752223,47.43661588180181,10.815004301596431,1,24.120932908200388,34.13068727519786,-33.044811187998846,0,xstock_reversion
aaplx,2026-06-26T18:30:00Z,30,regular,0,1.2640325542978559,46.17258332750396,47.43661588180181,31.45996720379962,29.264439697752223,47.43661588180181,12.435100146399591,1,11.904821295001256,23.096694440400967,-26.99229653949864,0,xstock_reversion
aaplx,2026-06-26T18:30:00Z,60,regular,0,1.2640325542978559,46.17258332750396,47.43661588180181,31.45996720379962,29.264439697752223,47.43661588180181,23.937192892997672,1,-4.2229475532984395,27.72237054210258,-19.520714885103985,1,xstock_reversion
aaplx,2026-06-26T19:50:00Z,5,regular,0,3.6700785148013892,121.54008073160583,117.87000221680444,152.48538929840015,55.25636214162358,117.87000221680444,63.42058697310193,1,98.28817498670261,83.00241420320376,-139.78979042020612,0,p1a_catchup
aaplx,2026-06-26T19:50:00Z,15,regular,0,3.6700785148013892,121.54008073160583,117.87000221680444,152.48538929840015,55.25636214162358,117.87000221680444,0.12652243030153443,1,10.554327971901145,107.18915181460176,-106.78353186090561,0,xstock_reversion
aaplx,2026-06-26T19:50:00Z,30,regular,0,3.6700785148013892,121.54008073160583,117.87000221680444,152.48538929840015,55.25636214162358,117.87000221680444,2.900674114298951,1,25.27558661769902,95.49508971340437,-102.24925191899992,0,xstock_reversion
aaplx,2026-06-26T19:50:00Z,60,regular,0,3.6700785148013892,121.54008073160583,117.87000221680444,152.48538929840015,55.25636214162358,117.87000221680444,4.915904443398844,1,25.873095801900448,96.91281085830283,-99.34555889680396,0,xstock_reversion
aaplx,2026-06-26T19:55:00Z,5,regular,0,53.11729770220097,116.5378846753029,-63.42058697310193,52.4061605285997,71.5636571643547,63.42058697310193,16.962415351295945,1,103.1502068318968,-22.767204507498917,-31.943239229006437,1,p1a_catchup
aaplx,2026-06-26T19:55:00Z,15,regular,0,53.11729770220097,116.5378846753029,-63.42058697310193,52.4061605285997,71.5636571643547,63.42058697310193,16.61901613599248,1,82.80290893499576,-2.763305825901341,-51.410458310403584,1,p1a_catchup
aaplx,2026-06-26T19:55:00Z,30,regular,0,53.11729770220097,116.5378846753029,-63.42058697310193,52.4061605285997,71.5636571643547,63.42058697310193,3.194310356304797,1,77.69253066630455,-11.077633336897819,-37.257206230405515,1,p1a_catchup
aaplx,2026-06-26T19:55:00Z,60,regular,0,53.11729770220097,116.5378846753029,-63.42058697310193,52.4061605285997,71.5636571643547,63.42058697310193,3.1845691717968805,1,75.74052855770397,-15.504510756398915,-37.6113703145986,1,p1a_catchup
aaplx,2026-06-29T13:25:00Z,5,premarket,0,1.2190040497017662,70.27412128550736,69.0551172358056,74.7164770320996,28.654346556892687,69.0551172358056,14.982322437804285,1,56.551845096199926,-2.479050298198615,-20.93876179430687,1,p1a_catchup
aaplx,2026-06-29T13:25:00Z,15,premarket,0,1.2190040497017662,70.27412128550736,69.0551172358056,74.7164770320996,28.654346556892687,69.0551172358056,52.94078150390291,1,22.307284397804494,99.68861434190401,-99.32377380030388,0,xstock_reversion
aaplx,2026-06-29T13:25:00Z,30,premarket,0,1.2190040497017662,70.27412128550736,69.0551172358056,74.7164770320996,28.654346556892687,69.0551172358056,8.707381303301176,1,-20.870250221598496,98.63274876070527,-101.26047876690691,0,xstock_reversion
aaplx,2026-06-29T13:25:00Z,60,premarket,0,1.2190040497017662,70.27412128550736,69.0551172358056,74.7164770320996,28.654346556892687,69.0551172358056,23.473650716896444,1,-125.65368625059747,218.18245420329953,-210.67502213960586,0,xstock_reversion
aaplx,2026-06-29T13:40:00Z,5,regular,0,1.5838445913018973,51.356936912601014,-52.94078150390291,-99.68861434190401,46.84205304084302,52.94078150390291,4.022250156898721,1,46.805855431601984,2.112675915402207,1.0563380291017666,1,p1a_catchup
aaplx,2026-06-29T13:40:00Z,15,regular,0,1.5838445913018973,51.356936912601014,-52.94078150390291,-99.68861434190401,46.84205304084302,52.94078150390291,8.707381303301176,1,43.17753461940299,1.055865581198745,1.9367049666030312,1,p1a_catchup
aaplx,2026-06-29T13:40:00Z,30,regular,0,1.5838445913018973,51.356936912601014,-52.94078150390291,-99.68861434190401,46.84205304084302,52.94078150390291,21.79271378180303,1,98.45436855149714,-67.30630082939726,77.40742737249562,1,p1a_catchup
aaplx,2026-06-29T13:40:00Z,60,regular,0,1.5838445913018973,51.356936912601014,-52.94078150390291,-99.68861434190401,46.84205304084302,52.94078150390291,10.482202097703563,1,142.08381792570003,-99.62523851950067,88.05800084759952,1,p1a_catchup
aaplx,2026-06-30T13:30:00Z,5,regular,0,1.2343193152020149,56.62317955519747,55.38886023999545,37.677842781294046,35.46453497998342,55.38886023999545,41.235693047596556,1,57.84594984169722,-43.69278264929832,39.9961770416013,1,p1a_catchup
aaplx,2026-06-30T13:30:00Z,15,regular,0,1.2343193152020149,56.62317955519747,55.38886023999545,37.677842781294046,35.46453497998342,55.38886023999545,25.911117910597525,1,66.13572217410102,-36.65797984470309,38.06171995860197,1,p1a_catchup
aaplx,2026-06-30T13:30:00Z,30,regular,0,1.2343193152020149,56.62317955519747,55.38886023999545,37.677842781294046,35.46453497998342,55.38886023999545,10.348988021400274,1,131.01038259099695,-85.97051037240178,85.82114021399967,1,p1a_catchup
aaplx,2026-06-30T13:30:00Z,60,regular,0,1.2343193152020149,56.62317955519747,55.38886023999545,37.677842781294046,35.46453497998342,55.38886023999545,5.009474526200819,1,156.63583164929662,-106.25644593550199,103.2747692449032,1,p1a_catchup
aaplx,2026-07-01T12:45:00Z,5,premarket,0,3.258090837601202,53.531909911699316,50.273819074098114,64.66173369590322,25.499422764236453,50.273819074098114,55.9259189774064,0,44.41602029329417,-50.06812019660245,58.932535394600194,1,persistent_or_wider
aaplx,2026-07-01T12:45:00Z,15,premarket,0,3.258090837601202,53.531909911699316,50.273819074098114,64.66173369590322,25.499422764236453,50.273819074098114,23.45114182420005,1,124.46687281849833,-50.74191192020017,47.3105891197978,1,p1a_catchup
aaplx,2026-07-01T12:45:00Z,30,premarket,0,3.258090837601202,53.531909911699316,50.273819074098114,64.66173369590322,25.499422764236453,50.273819074098114,3.6631369649064993,1,143.93682213840185,-89.99986609939725,88.60969043309908,1,p1a_catchup
aaplx,2026-07-01T12:45:00Z,60,premarket,0,3.258090837601202,53.531909911699316,50.273819074098114,64.66173369590322,25.499422764236453,50.273819074098114,23.78319531250561,1,54.09254315869916,19.964471227904568,-21.845149003603126,1,p1a_catchup
aaplx,2026-07-01T12:50:00Z,5,premarket,0,12.122506035598946,68.04842501300534,55.9259189774064,117.15619203320315,29.46691412908622,55.9259189774064,37.11898496409738,1,54.476783228905035,-35.66984921559602,21.47869320490159,1,p1a_catchup
aaplx,2026-07-01T12:50:00Z,15,premarket,0,12.122506035598946,68.04842501300534,55.9259189774064,117.15619203320315,29.46691412908622,55.9259189774064,7.760329507702224,1,62.34377378750544,-14.178184317801268,5.01718884359903,1,p1a_catchup
aaplx,2026-07-01T12:50:00Z,30,premarket,0,12.122506035598946,68.04842501300534,55.9259189774064,117.15619203320315,29.46691412908622,55.9259189774064,8.939694688692157,1,98.66281403400734,-51.6765897452931,43.63246627729467,1,p1a_catchup
aaplx,2026-07-01T12:50:00Z,60,premarket,0,12.122506035598946,68.04842501300534,55.9259189774064,117.15619203320315,29.46691412908622,55.9259189774064,22.12850318340287,1,-6.656815931700422,40.45423172570395,-49.48682604940302,0,xstock_reversion
aaplx,2026-07-02T13:30:00Z,5,regular,0,1.843395917804358,116.40830955530035,114.56491363749599,124.70513732099953,55.529344237338734,114.56491363749599,47.44011210789267,1,112.53415092020269,-45.409349390599374,64.51311797119885,1,p1a_catchup
aaplx,2026-07-02T13:30:00Z,15,regular,0,1.843395917804358,116.40830955530035,114.56491363749599,124.70513732099953,55.529344237338734,114.56491363749599,50.80254890290625,1,195.70854177599628,-131.94617704140654,132.2537057490969,1,p1a_catchup
aaplx,2026-07-02T13:30:00Z,30,regular,0,1.843395917804358,116.40830955530035,114.56491363749599,124.70513732099953,55.529344237338734,114.56491363749599,8.777649100197848,1,269.46008915230027,-163.6728246150021,161.1690700297963,1,p1a_catchup
aaplx,2026-07-02T13:30:00Z,60,regular,0,1.843395917804358,116.40830955530035,114.56491363749599,124.70513732099953,55.529344237338734,114.56491363749599,19.31287790820413,1,345.4940244266958,-250.24198869740388,248.72537840090024,1,p1a_catchup
aaplx,2026-07-02T13:35:00Z,5,regular,0,20.947164498403836,68.38727660629651,47.44011210789267,172.15442917239977,54.650400000857715,47.44011210789267,12.925810409605276,1,63.62184809049154,-29.107546392204142,7.327471684099862,1,p1a_catchup
aaplx,2026-07-02T13:35:00Z,15,regular,0,20.947164498403836,68.38727660629651,47.44011210789267,172.15442917239977,54.650400000857715,47.44011210789267,1.3629073092946697,1,130.9588418360974,-84.8816370374994,53.997157208902635,1,p1a_catchup
aaplx,2026-07-02T13:35:00Z,30,regular,0,20.947164498403836,68.38727660629651,47.44011210789267,172.15442917239977,54.650400000857715,47.44011210789267,13.658957759696833,1,166.55243770809847,-132.7712833599026,112.81210974869893,1,p1a_catchup
aaplx,2026-07-02T13:35:00Z,60,regular,0,20.947164498403836,68.38727660629651,47.44011210789267,172.15442917239977,54.650400000857715,47.44011210789267,7.930628216694657,1,249.23883334029284,-193.8680930157055,173.41188627609583,1,p1a_catchup
aaplx,2026-07-02T13:45:00Z,5,regular,0,2.15092462549471,52.95347352840096,50.80254890290625,131.94617704140654,51.48911285268883,50.80254890290625,1.3629073092946697,1,47.784450980303816,1.6551906133077665,-13.743430568995407,1,p1a_catchup
aaplx,2026-07-02T13:45:00Z,15,regular,0,2.15092462549471,52.95347352840096,50.80254890290625,131.94617704140654,51.48911285268883,50.80254890290625,8.777649100197848,1,73.75154737630396,-31.726647573595557,28.915364280699407,1,p1a_catchup
aaplx,2026-07-02T13:45:00Z,30,regular,0,2.15092462549471,52.95347352840096,50.80254890290625,131.94617704140654,51.48911285268883,50.80254890290625,20.88020482259978,1,107.24473288790115,-77.32238880759468,72.54293691659974,1,p1a_catchup
aaplx,2026-07-02T13:45:00Z,60,regular,0,2.15092462549471,52.95347352840096,50.80254890290625,131.94617704140654,51.48911285268883,50.80254890290625,20.101979964799455,1,186.2558443530027,-115.35131548529698,110.90930032030322,1,p1a_catchup
aaplx,2026-07-02T15:25:00Z,5,regular,0,0.6552344961008316,50.93486470360453,-50.2796302075037,-66.73062323040213,30.60815212469359,50.2796302075037,18.597600413992055,1,42.556130849797924,26.32109977169783,-26.81273575619869,0,p1a_catchup
aaplx,2026-07-02T15:25:00Z,15,regular,0,0.6552344961008316,50.93486470360453,-50.2796302075037,-66.73062323040213,30.60815212469359,50.2796302075037,23.93231953080388,1,19.310728173298486,7.036582503401334,-8.509385383099755,1,p1a_catchup
aaplx,2026-07-02T15:25:00Z,30,regular,0,0.6552344961008316,50.93486470360453,-50.2796302075037,-66.73062323040213,30.60815212469359,50.2796302075037,7.745350225700776,1,35.1705312395012,7.363748742301723,-6.873527372004418,1,p1a_catchup
aaplx,2026-07-02T15:25:00Z,60,regular,0,0.6552344961008316,50.93486470360453,-50.2796302075037,-66.73062323040213,30.60815212469359,50.2796302075037,8.202766322797928,1,-27.904726750698217,86.38712328099984,-87.2044058946031,0,xstock_reversion
aaplx,2026-07-06T13:30:00Z,5,regular,0,0.32447660099244047,50.76249492319995,51.08697152419239,61.226033844699046,22.84885028259589,51.08697152419239,18.280083172399486,1,48.6611888101951,-15.854300458402193,20.510040607595315,1,p1a_catchup
aaplx,2026-07-06T13:30:00Z,15,regular,0,0.32447660099244047,50.76249492319995,51.08697152419239,61.226033844699046,22.84885028259589,51.08697152419239,4.958463297395355,1,67.47790375389862,-21.349395527101578,19.41119988349449,1,p1a_catchup
aaplx,2026-07-06T13:30:00Z,30,regular,0,0.32447660099244047,50.76249492319995,51.08697152419239,61.226033844699046,22.84885028259589,51.08697152419239,9.90826954700097,1,74.26304480000034,-13.267803728806982,18.76476657900028,1,p1a_catchup
aaplx,2026-07-06T13:30:00Z,60,regular,0,0.32447660099244047,50.76249492319995,51.08697152419239,61.226033844699046,22.84885028259589,51.08697152419239,9.737851606903547,1,141.6150191095955,-80.79019597849957,80.1507310548999,1,p1a_catchup
aaplx,2026-07-08T13:30:00Z,5,regular,0,4.53021864450065,71.30040905180657,-66.77019040730592,-40.19325295399945,33.05197618990371,66.77019040730592,12.084810653103517,1,61.887922908905324,16.96707815150411,-17.298385217401346,1,p1a_catchup
aaplx,2026-07-08T13:30:00Z,15,regular,0,4.53021864450065,71.30040905180657,-66.77019040730592,-40.19325295399945,33.05197618990371,66.77019040730592,12.735246667503475,1,100.06731772530308,-20.56188065049369,16.031743039395252,1,p1a_catchup
aaplx,2026-07-08T13:30:00Z,30,regular,0,4.53021864450065,71.30040905180657,-66.77019040730592,-40.19325295399945,33.05197618990371,66.77019040730592,2.8066985913000053,1,68.16945436690425,-4.2059625508983345,-0.0,1,p1a_catchup
aaplx,2026-07-08T13:30:00Z,60,regular,0,4.53021864450065,71.30040905180657,-66.77019040730592,-40.19325295399945,33.05197618990371,66.77019040730592,14.924993139899811,1,69.08838415189855,12.606799395307178,-19.12670827230123,1,p1a_catchup
aaplx,2026-07-10T08:45:00Z,5,premarket,1,61.2802660299927,3.142918054406252,-64.42318408439895,-65.56481324009766,26.288125400255005,64.42318408439895,0.06418233169824816,1,2.4122357974043496,62.07513061869285,-0.0,0,xstock_reversion
aaplx,2026-07-10T08:45:00Z,15,premarket,1,61.2802660299927,3.142918054406252,-64.42318408439895,-65.56481324009766,26.288125400255005,64.42318408439895,4.028578849499809,1,4.6547864137025385,55.73981882119661,2.5363812316925305,0,xstock_reversion
aaplx,2026-07-10T08:45:00Z,30,premarket,1,61.2802660299927,3.142918054406252,-64.42318408439895,-65.56481324009766,26.288125400255005,64.42318408439895,0.2800322197948901,1,-0.9468179261951093,65.08996979079917,-7.922047471300431,0,xstock_reversion
aaplx,2026-07-10T08:45:00Z,60,premarket,1,61.2802660299927,3.142918054406252,-64.42318408439895,-65.56481324009766,26.288125400255005,64.42318408439895,1.9175846801999796,1,14.094380754006153,52.24638801059278,13.323184308093872,0,xstock_reversion
aaplx,2026-07-13T13:30:00Z,5,regular,0,2.8178334747064326,96.03138318389881,93.21354970919238,105.41814195479837,44.89545183977014,93.21354970919238,40.23341708299988,1,93.02318018539424,-40.04304755920174,32.809866903296125,1,p1a_catchup
aaplx,2026-07-13T13:30:00Z,15,regular,0,2.8178334747064326,96.03138318389881,93.21354970919238,105.41814195479837,44.89545183977014,93.21354970919238,11.478367006496626,1,152.52658860469558,-70.79140590199984,71.76699589679814,1,p1a_catchup
aaplx,2026-07-13T13:30:00Z,30,regular,0,2.8178334747064326,96.03138318389881,93.21354970919238,105.41814195479837,44.89545183977014,93.21354970919238,2.899426468596644,1,116.92221232499911,-26.608089084403375,27.83427828179974,1,p1a_catchup
aaplx,2026-07-13T13:30:00Z,60,regular,0,2.8178334747064326,96.03138318389881,93.21354970919238,105.41814195479837,44.89545183977014,93.21354970919238,17.36320398380009,1,81.6572482340927,28.919505458899764,-30.189343456603623,1,p1a_catchup
aaplx,2026-07-15T08:10:00Z,5,premarket,0,1.5710022048942562,64.17673614770081,62.60573394280655,66.31433002270093,28.931639093191098,62.60573394280655,9.390190432192469,1,49.90348504360753,3.312058467006551,-8.362589734396408,1,p1a_catchup
aaplx,2026-07-15T08:10:00Z,15,premarket,0,1.5710022048942562,64.17673614770081,62.60573394280655,66.31433002270093,28.931639093191098,62.60573394280655,0.9486435954997319,1,54.247122625206146,9.307254913100138,-16.359345978997908,1,p1a_catchup
aaplx,2026-07-15T08:10:00Z,30,premarket,0,1.5710022048942562,64.17673614770081,62.60573394280655,66.31433002270093,28.931639093191098,62.60573394280655,2.861244941794183,1,60.421383418400865,5.04559546619987,-2.208306395692361,1,p1a_catchup
aaplx,2026-07-15T08:10:00Z,60,premarket,0,1.5710022048942562,64.17673614770081,62.60573394280655,66.31433002270093,28.931639093191098,62.60573394280655,2.0498293635018427,1,81.19819913030568,-20.642294551000973,24.49838784900571,1,p1a_catchup
aaplx,2026-07-15T08:45:00Z,5,premarket,0,1.9068477701011943,63.515843174801745,65.42269094490294,78.8182247589031,31.172925775598596,65.42269094490294,9.235722857097173,1,48.28578354930002,26.37263025270009,-24.475207548801947,1,p1a_catchup
aaplx,2026-07-15T08:45:00Z,15,premarket,0,1.9068477701011943,63.515843174801745,65.42269094490294,78.8182247589031,31.172925775598596,65.42269094490294,4.106714063203398,1,41.584236640304084,27.945168367802253,-27.617391392400492,1,p1a_catchup
aaplx,2026-07-15T08:45:00Z,30,premarket,0,1.9068477701011943,63.515843174801745,65.42269094490294,78.8182247589031,31.172925775598596,65.42269094490294,1.1119154839978052,1,21.450027233500535,45.08457919540021,-44.91707330389616,0,xstock_reversion
aaplx,2026-07-15T08:45:00Z,60,premarket,0,1.9068477701011943,63.515843174801745,65.42269094490294,78.8182247589031,31.172925775598596,65.42269094490294,4.780525679706216,1,16.973420866399636,43.66874439879709,-35.79169310199859,0,xstock_reversion
aaplx,2026-07-15T13:40:00Z,5,regular,0,10.871906026501676,62.59947180209835,51.72756577559667,130.34078440019135,30.700698202173747,51.72756577559667,13.843601970302544,1,53.84423196160171,11.72693578429751,-11.682881236598774,1,p1a_catchup
aaplx,2026-07-15T13:40:00Z,15,regular,0,10.871906026501676,62.59947180209835,51.72756577559667,130.34078440019135,30.700698202173747,51.72756577559667,18.654320331901175,1,60.37124416359951,10.010641943898335,-12.618101637498214,1,p1a_catchup
aaplx,2026-07-15T13:40:00Z,30,regular,0,10.871906026501676,62.59947180209835,51.72756577559667,130.34078440019135,30.700698202173747,51.72756577559667,27.991550682902044,1,142.47215410470028,-118.73613901200564,111.96849635330075,1,p1a_catchup
aaplx,2026-07-15T13:40:00Z,60,regular,0,10.871906026501676,62.59947180209835,51.72756577559667,130.34078440019135,30.700698202173747,51.72756577559667,4.885480291196842,1,152.77174102930502,-105.92965554490519,93.12915475310213,1,p1a_catchup
aaplx,2026-07-16T14:05:00Z,5,regular,0,4.87431048649789,47.3850019562061,-52.25931244270399,-49.57018278590297,35.94362568984803,52.25931244270399,6.959162924005113,1,41.359992793408296,17.858482573300805,-13.394625887706013,1,p1a_catchup
aaplx,2026-07-16T14:05:00Z,15,regular,0,4.87431048649789,47.3850019562061,-52.25931244270399,-49.57018278590297,35.94362568984803,52.25931244270399,27.72877287389619,1,17.34059923250264,62.64748608409754,-59.83222356499951,0,xstock_reversion
aaplx,2026-07-16T14:05:00Z,30,regular,0,4.87431048649789,47.3850019562061,-52.25931244270399,-49.57018278590297,35.94362568984803,52.25931244270399,5.73067292050311,1,-24.823608746995518,82.81359411020262,-75.26362498429862,0,xstock_reversion
aaplx,2026-07-16T14:05:00Z,60,regular,0,4.87431048649789,47.3850019562061,-52.25931244270399,-49.57018278590297,35.94362568984803,52.25931244270399,6.921836835802608,1,-8.128625833299097,53.466101440200475,-50.89533406789748,0,xstock_reversion
aaplx,2026-07-16T22:15:00Z,5,afterhours,1,50.78969785860643,8.185273687901784,58.974971546508215,59.93097392310354,26.278405328205647,58.974971546508215,1.652046419104991,1,6.925697840900469,50.397227286502755,-1.1987532979951254,0,xstock_reversion
aaplx,2026-07-16T22:15:00Z,15,afterhours,1,50.78969785860643,8.185273687901784,58.974971546508215,59.93097392310354,26.278405328205647,58.974971546508215,2.065590352700042,1,11.30310115680544,49.73746074240282,0.0,0,xstock_reversion
aaplx,2026-07-16T22:15:00Z,30,afterhours,1,50.78969785860643,8.185273687901784,58.974971546508215,59.93097392310354,26.278405328205647,58.974971546508215,12.70426980399364,1,11.203578999507968,35.06712274300661,17.964076687198016,0,xstock_reversion
aaplx,2026-07-16T22:15:00Z,60,afterhours,1,50.78969785860643,8.185273687901784,58.974971546508215,59.93097392310354,26.278405328205647,58.974971546508215,2.852195586005024,1,32.74463833700558,29.082528795507656,23.645979978601517,1,p1a_catchup
aaplx,2026-07-17T14:30:00Z,5,regular,0,2.2457490287042248,56.49297342269932,54.2472243939951,104.00957352789675,28.965890751186507,54.2472243939951,37.23245813469944,1,44.358407067894845,47.121275460799694,-46.07300277830184,0,xstock_reversion
aaplx,2026-07-17T14:30:00Z,15,regular,0,2.2457490287042248,56.49297342269932,54.2472243939951,104.00957352789675,28.965890751186507,54.2472243939951,10.000237026499548,1,27.33779040419826,36.909671016296386,-39.75730806749844,0,xstock_reversion
aaplx,2026-07-17T14:30:00Z,30,regular,0,2.2457490287042248,56.49297342269932,54.2472243939951,104.00957352789675,28.965890751186507,54.2472243939951,5.2027095432993775,1,31.705183145298577,27.744750791995898,-30.44142381230408,0,p1a_catchup
aaplx,2026-07-17T14:30:00Z,60,regular,0,2.2457490287042248,56.49297342269932,54.2472243939951,104.00957352789675,28.965890751186507,54.2472243939951,14.169916694504181,1,72.38512041150003,-3.9679793230007476,2.245693891396172,1,p1a_catchup
aaplx,2026-07-17T19:30:00Z,5,regular,1,58.52351444950443,11.508030418703186,47.01548403080125,39.455789254301266,30.09037630448771,47.01548403080125,8.87282072050688,1,-8.815676994302635,46.958340304597,21.617085909300116,0,xstock_reversion
aaplx,2026-07-17T19:30:00Z,15,regular,1,58.52351444950443,11.508030418703186,47.01548403080125,39.455789254301266,30.09037630448771,47.01548403080125,22.70093797019257,1,19.436561766896787,50.27986023409703,36.30203647660757,1,xstock_reversion
aaplx,2026-07-17T19:30:00Z,30,regular,1,58.52351444950443,11.508030418703186,47.01548403080125,39.455789254301266,30.09037630448771,47.01548403080125,16.53894405830414,1,18.92318507680457,44.631243012300814,25.814987020407187,0,xstock_reversion
aaplx,2026-07-17T19:30:00Z,60,regular,1,58.52351444950443,11.508030418703186,47.01548403080125,39.455789254301266,30.09037630448771,47.01548403080125,52.808225846998624,0,15.19814268339914,84.62556719440073,35.10407301310359,1,persistent_or_wider
aaplx,2026-07-17T20:30:00Z,5,afterhours,1,61.206125757999885,8.39789991100126,-52.808225846998624,-55.51713512529588,41.10115571743811,52.808225846998624,2.0145222430034693,1,-7.133469338898024,61.95621742890012,0.59903555300167,0,xstock_reversion
aaplx,2026-07-17T20:30:00Z,15,afterhours,1,61.206125757999885,8.39789991100126,-52.808225846998624,-55.51713512529588,41.10115571743811,52.808225846998624,2.3873670347995812,1,-10.336742450904879,60.75760126310392,-3.294054261901991,0,xstock_reversion
aaplx,2026-07-17T20:30:00Z,30,afterhours,1,61.206125757999885,8.39789991100126,-52.808225846998624,-55.51713512529588,41.10115571743811,52.808225846998624,7.888471615293824,1,-18.38421064739748,63.30396487910228,-5.090353889496413,0,xstock_reversion
aaplx,2026-07-17T20:30:00Z,60,afterhours,1,61.206125757999885,8.39789991100126,-52.808225846998624,-55.51713512529588,41.10115571743811,52.808225846998624,1.180764064994122,1,-7.1688402714986665,58.79630205350317,0.8985667865957225,0,xstock_reversion
aaplx,2026-07-20T11:15:00Z,5,premarket,1,66.98567376050235,16.43334698020027,50.55232678030208,52.86342711090519,43.152667314541624,50.55232678030208,0.4488434864047264,1,-12.606593187500792,62.71007648139815,-9.342274468302492,0,xstock_reversion
aaplx,2026-07-20T11:15:00Z,15,premarket,1,66.98567376050235,16.43334698020027,50.55232678030208,52.86342711090519,43.152667314541624,50.55232678030208,29.100213124104712,1,-19.172743101902867,40.624856758100236,18.658406207601175,0,xstock_reversion
aaplx,2026-07-20T11:15:00Z,60,premarket,1,66.98567376050235,16.43334698020027,50.55232678030208,52.86342711090519,43.152667314541624,50.55232678030208,1.4698216008035558,1,-35.50337512900015,87.52552351010578,-11.453028769299323,0,xstock_reversion
aaplx,2026-07-20T15:10:00Z,5,regular,0,1.5841896687973644,46.3189184417967,-47.90310811059406,-48.43518554609183,25.414388246755937,47.90310811059406,9.291603856595998,1,43.183505043797865,-4.572000789799802,6.772356731099549,1,p1a_catchup
aaplx,2026-07-20T15:10:00Z,15,regular,0,1.5841896687973644,46.3189184417967,-47.90310811059406,-48.43518554609183,25.414388246755937,47.90310811059406,0.5179079266959263,1,47.85227981969342,0.568736217596566,1.8465515702015267,1,p1a_catchup
aaplx,2026-07-20T15:10:00Z,30,regular,0,1.5841896687973644,46.3189184417967,-47.90310811059406,-48.43518554609183,25.414388246755937,47.90310811059406,0.7441986064993245,1,14.63379151330102,32.52511799079372,-32.41294746030299,0,xstock_reversion
aaplx,2026-07-20T15:10:00Z,60,regular,0,1.5841896687973644,46.3189184417967,-47.90310811059406,-48.43518554609183,25.414388246755937,47.90310811059406,4.6736117740042715,1,33.81563170579582,9.413864630793967,-8.00086049610016,1,p1a_catchup
aaplx,2026-07-21T13:25:00Z,5,premarket,0,14.22392618439794,56.7517024532993,-70.97562863769724,-82.52556550170098,29.633208374636485,70.97562863769724,30.637860198501343,1,38.44842779799684,63.16506103820174,-56.461591150105406,0,xstock_reversion
aaplx,2026-07-21T13:25:00Z,15,premarket,0,14.22392618439794,56.7517024532993,-70.97562863769724,-82.52556550170098,29.633208374636485,70.97562863769724,5.71860969169613,1,6.729349673095797,69.96488865629757,-49.99856099519917,0,xstock_reversion
aaplx,2026-07-21T13:25:00Z,30,premarket,0,14.22392618439794,56.7517024532993,-70.97562863769724,-82.52556550170098,29.633208374636485,70.97562863769724,47.2654478867085,1,73.58021030450246,44.66086621990328,-28.11637699050351,0,p1a_catchup
aaplx,2026-07-21T13:25:00Z,60,premarket,0,14.22392618439794,56.7517024532993,-70.97562863769724,-82.52556550170098,29.633208374636485,70.97562863769724,16.355262455194364,1,-35.36838300390421,122.69927409679582,-107.70991960090015,0,xstock_reversion
aaplx,2026-07-21T13:45:00Z,5,regular,0,3.078041332100767,44.75549064530071,-47.83353197740148,-54.95896469700057,49.66373085534065,47.83353197740148,0.16734969119802656,1,40.21823138580238,7.447950900401068,24.989027629604976,1,p1a_catchup
aaplx,2026-07-21T13:45:00Z,15,regular,0,3.078041332100767,44.75549064530071,-47.83353197740148,-54.95896469700057,49.66373085534065,47.83353197740148,18.407313587598395,1,15.13467888559994,51.106166679399934,-47.54929838769684,0,xstock_reversion
aaplx,2026-07-21T13:45:00Z,30,regular,0,3.078041332100767,44.75549064530071,-47.83353197740148,-54.95896469700057,49.66373085534065,47.83353197740148,0.5624958451022621,1,-44.49628742719369,92.89231524969743,-89.20033570880115,0,xstock_reversion
aaplx,2026-07-21T13:45:00Z,60,regular,0,3.078041332100767,44.75549064530071,-47.83353197740148,-54.95896469700057,49.66373085534065,47.83353197740148,7.223367689901394,1,-81.40969262659503,122.01985691409512,-118.60491460189415,0,xstock_reversion
aaplx,2026-07-21T13:55:00Z,5,regular,0,2.3205630450018333,44.94488484170667,47.2654478867085,-25.30402243639429,41.20603459881281,47.2654478867085,18.407313587598395,1,43.50953109980793,-14.651396800697825,16.493132886097328,1,p1a_catchup
aaplx,2026-07-21T13:55:00Z,15,regular,0,2.3205630450018333,44.94488484170667,47.2654478867085,-25.30402243639429,41.20603459881281,47.2654478867085,2.4264436510001985,1,83.77855387710298,-34.08666233939428,60.288112145494566,1,p1a_catchup
aaplx,2026-07-21T13:55:00Z,30,regular,0,2.3205630450018333,44.94488484170667,47.2654478867085,-25.30402243639429,41.20603459881281,47.2654478867085,16.355262455194364,1,108.94859330840667,-78.03840787689253,79.59354261039664,1,p1a_catchup
aaplx,2026-07-21T13:55:00Z,60,regular,0,2.3205630450018333,44.94488484170667,47.2654478867085,-25.30402243639429,41.20603459881281,47.2654478867085,5.271790807901411,1,132.4355024424051,-90.441845363598,91.52398040409793,1,p1a_catchup
aaplx,2026-07-21T22:40:00Z,5,afterhours,1,51.69364951630229,3.2168763508000353,48.47677316550225,40.9058196793044,23.796334572925026,48.47677316550225,4.4587884103997055,1,-2.2764445319989335,46.29442928710148,-4.315925833093814,0,xstock_reversion
aaplx,2026-07-21T22:40:00Z,15,afterhours,1,51.69364951630229,3.2168763508000353,48.47677316550225,40.9058196793044,23.796334572925026,48.47677316550225,7.635656755704545,1,-6.162555865198982,47.00367227499669,-0.9246844521015873,0,xstock_reversion
aaplx,2026-07-21T22:40:00Z,30,afterhours,1,51.69364951630229,3.2168763508000353,48.47677316550225,40.9058196793044,23.796334572925026,48.47677316550225,4.955977877498796,1,-4.932664170400614,48.45345945840407,3.3897783101011214,0,xstock_reversion
aaplx,2026-07-21T22:40:00Z,60,afterhours,1,51.69364951630229,3.2168763508000353,48.47677316550225,40.9058196793044,23.796334572925026,48.47677316550225,3.1970839946016127,1,-2.9437827531975103,54.617639913301375,-6.783005748198789,0,xstock_reversion
aaplx,2026-07-23T13:25:00Z,5,premarket,0,9.01874136670422,64.39914271050284,-73.41788407720706,-79.3596617566994,43.324027963259645,73.41788407720706,18.765583650992568,1,52.674981032607704,1.9773193936067912,-8.546809840899172,1,p1a_catchup
aaplx,2026-07-23T13:25:00Z,15,premarket,0,9.01874136670422,64.39914271050284,-73.41788407720706,-79.3596617566994,43.324027963259645,73.41788407720706,12.62105492499721,1,65.46757300710304,-4.670743854893189,24.28167927160274,1,p1a_catchup
aaplx,2026-07-23T13:25:00Z,30,premarket,0,9.01874136670422,64.39914271050284,-73.41788407720706,-79.3596617566994,43.324027963259645,73.41788407720706,14.399525179600303,1,124.73393247150355,-36.916523214696184,48.310025544004986,1,p1a_catchup
aaplx,2026-07-23T13:25:00Z,60,premarket,0,9.01874136670422,64.39914271050284,-73.41788407720706,-79.3596617566994,43.324027963259645,73.41788407720706,0.0681153511017385,1,72.37120449030243,0.9785642358028923,4.82051371130332,1,p1a_catchup
aaplx,2026-07-24T13:30:00Z,5,regular,0,0.598776704201498,80.80004565959698,80.20126895539548,89.27520837849201,38.20037542023924,80.20126895539548,25.63024100480149,1,76.86217996639932,-22.291152015805338,16.002957806806606,1,p1a_catchup
aaplx,2026-07-24T13:30:00Z,15,regular,0,0.598776704201498,80.80004565959698,80.20126895539548,89.27520837849201,38.20037542023924,80.20126895539548,38.83495618180355,1,117.35572860939847,-75.98941583580654,65.38880379910239,1,p1a_catchup
aaplx,2026-07-24T13:30:00Z,30,regular,0,0.598776704201498,80.80004565959698,80.20126895539548,89.27520837849201,38.20037542023924,80.20126895539548,24.717262650701954,1,144.83784477420159,-39.91931316810415,82.81493823230512,1,p1a_catchup
aaplx,2026-07-24T13:30:00Z,60,regular,0,0.598776704201498,80.80004565959698,80.20126895539548,89.27520837849201,38.20037542023924,80.20126895539548,11.312879153599908,1,209.79204791940376,-140.9036581176082,138.77025916840148,1,p1a_catchup
aaplx,2026-07-27T13:30:00Z,5,regular,1,32.28506997830394,17.523076315999475,49.80814629430341,79.63237481479979,22.431538375275128,49.80814629430341,3.9312256676016233,1,15.045358411400755,38.69401355050428,5.660827227798038,0,xstock_reversion
aaplx,2026-07-27T13:30:00Z,15,regular,1,32.28506997830394,17.523076315999475,49.80814629430341,79.63237481479979,22.431538375275128,49.80814629430341,21.074671898695385,1,7.622811512204564,21.110662883403464,-5.810148426501627,0,xstock_reversion
aaplx,2026-07-27T13:30:00Z,30,regular,1,32.28506997830394,17.523076315999475,49.80814629430341,79.63237481479979,22.431538375275128,49.80814629430341,23.339931038597328,1,20.68936567380497,5.778849581901113,5.511899137804477,0,p1a_catchup
aaplx,2026-07-27T13:30:00Z,60,regular,1,32.28506997830394,17.523076315999475,49.80814629430341,79.63237481479979,22.431538375275128,49.80814629430341,6.083593062600201,1,80.32398111399885,-24.43224175709524,53.64891489159973,1,p1a_catchup
aaplx,2026-07-29T09:15:00Z,5,premarket,1,55.36117362090032,5.62744160959916,49.73373201130116,26.74875215810779,21.8766513377633,49.73373201130116,8.625813550100503,1,-3.8221708336028115,44.930089294803466,11.160387660194004,0,xstock_reversion
aaplx,2026-07-29T09:15:00Z,15,premarket,1,55.36117362090032,5.62744160959916,49.73373201130116,26.74875215810779,21.8766513377633,49.73373201130116,0.10152923719530804,1,5.49049749899666,44.344763749499805,8.811867217293212,0,xstock_reversion
aaplx,2026-07-29T09:15:00Z,30,premarket,1,55.36117362090032,5.62744160959916,49.73373201130116,26.74875215810779,21.8766513377633,49.73373201130116,8.452614888403431,1,-25.857856818198854,84.04420371790344,-38.274741264103795,0,xstock_reversion
aaplx,2026-07-29T09:15:00Z,60,premarket,1,55.36117362090032,5.62744160959916,49.73373201130116,26.74875215810779,21.8766513377633,49.73373201130116,7.565307446295577,1,-31.571219836301623,73.7396444013072,-16.175284756103636,0,xstock_reversion
aaplx,2026-07-30T10:30:00Z,5,premarket,1,41.49884222769629,14.75192638809908,-56.250768615795366,-73.56089781669795,20.535237197720765,56.250768615795366,18.043581932793984,1,10.28629937919412,64.00805116939523,-13.963370708598433,0,xstock_reversion
aaplx,2026-07-30T10:30:00Z,15,premarket,1,41.49884222769629,14.75192638809908,-56.250768615795366,-73.56089781669795,20.535237197720765,56.250768615795366,3.914277190606441,1,-0.45725399650642373,52.79374542169535,-7.132667920100033,0,xstock_reversion
aaplx,2026-07-30T10:30:00Z,30,premarket,1,41.49884222769629,14.75192638809908,-56.250768615795366,-73.56089781669795,20.535237197720765,56.250768615795366,28.582580219200793,1,0.6251458091988127,27.04304258739576,16.662703212597663,1,xstock_reversion
aaplx,2026-07-30T10:30:00Z,60,premarket,1,41.49884222769629,14.75192638809908,-56.250768615795366,-73.56089781669795,20.535237197720765,56.250768615795366,8.857646205600034,1,21.526604863399967,43.58180995799543,-0.0,0,xstock_reversion
aaplx,2026-07-30T13:25:00Z,5,premarket,0,8.379526322794817,89.70414538040039,-81.32461905760557,-73.98955355160552,39.4528223933488,81.32461905760557,12.099484527299254,1,71.00071764940097,-1.775583119094648,10.813409680299202,1,p1a_catchup
aaplx,2026-07-30T13:25:00Z,15,premarket,0,8.379526322794817,89.70414538040039,-81.32461905760557,-73.98955355160552,39.4528223933488,81.32461905760557,20.418264780301953,1,135.6873407109038,-33.9444568729963,27.65754528780029,1,p1a_catchup
aaplx,2026-07-30T13:25:00Z,30,premarket,0,8.379526322794817,89.70414538040039,-81.32461905760557,-73.98955355160552,39.4528223933488,81.32461905760557,2.1977058781974534,1,116.11153555150189,-36.98462237209377,28.56071088380041,1,p1a_catchup
aaplx,2026-07-30T13:25:00Z,60,premarket,0,8.379526322794817,89.70414538040039,-81.32461905760557,-73.98955355160552,39.4528223933488,81.32461905760557,2.2958417353979854,1,135.006464936005,-51.38600414300143,53.882522261599064,1,p1a_catchup
aaplx,2026-07-30T20:30:00Z,5,afterhours,0,4.030012713602815,256.0178100217936,-260.0478227353964,-282.75768561210054,117.698281629018,260.0478227353964,83.87855151480217,1,219.42926197959343,-43.25999075899922,82.77519433479874,1,p1a_catchup
aaplx,2026-07-30T20:30:00Z,15,afterhours,0,4.030012713602815,256.0178100217936,-260.0478227353964,-282.75768561210054,117.698281629018,260.0478227353964,18.495339075199624,1,423.64169048879853,-182.08920682860173,191.59037884000085,1,p1a_catchup
aaplx,2026-07-30T20:30:00Z,30,afterhours,0,4.030012713602815,256.0178100217936,-260.0478227353964,-282.75768561210054,117.698281629018,260.0478227353964,10.317340231997818,1,497.14644394019734,-226.78128097280313,264.3166947586018,1,p1a_catchup
aaplx,2026-07-30T20:30:00Z,60,afterhours,0,4.030012713602815,256.0178100217936,-260.0478227353964,-282.75768561210054,117.698281629018,260.0478227353964,79.79248857900245,1,788.472999063794,-608.2176649074,595.5794483509003,1,p1a_catchup
aaplx,2026-07-30T20:35:00Z,5,afterhours,0,35.4851908621967,119.36374237699887,-83.87855151480217,-328.46059880929704,116.73036594967995,83.87855151480217,118.1913062085993,0,109.20093286830301,-143.51368756210013,102.56713681680019,1,persistent_or_wider
aaplx,2026-07-30T20:35:00Z,15,afterhours,0,35.4851908621967,119.36374237699887,-83.87855151480217,-328.46059880929704,116.73036594967995,83.87855151480217,34.714744027803945,1,227.09612801720345,-177.93232053020523,127.5827846338018,1,p1a_catchup
aaplx,2026-07-30T20:35:00Z,30,afterhours,0,35.4851908621967,119.36374237699887,-83.87855151480217,-328.46059880929704,116.73036594967995,83.87855151480217,22.206632500907375,1,294.99254138470656,-188.907357368997,142.93582927510153,1,p1a_catchup
aaplx,2026-07-30T20:35:00Z,60,afterhours,0,35.4851908621967,119.36374237699887,-83.87855151480217,-328.46059880929704,116.73036594967995,83.87855151480217,27.7686446318981,1,618.9219499051025,-507.27475375840214,448.9083455327059,1,p1a_catchup
aaplx,2026-07-30T20:40:00Z,5,afterhours,0,5.461359883103256,112.72994632549604,-118.1913062085993,-467.03629784739854,116.8775674252181,118.1913062085993,18.495339075199624,1,95.01149564090206,4.684471492497622,6.248047688401925,1,p1a_catchup
aaplx,2026-07-30T20:40:00Z,15,afterhours,0,5.461359883103256,112.72994632549604,-118.1913062085993,-467.03629784739854,116.8775674252181,118.1913062085993,36.57219470119877,1,137.53059831169702,-55.91148680429647,63.28540185520204,1,p1a_catchup
aaplx,2026-07-30T20:40:00Z,30,afterhours,0,5.461359883103256,112.72994632549604,-118.1913062085993,-467.03629784739854,116.8775674252181,118.1913062085993,13.2313985688981,1,157.55116324259967,-26.128458465102256,34.09929630930009,1,p1a_catchup
aaplx,2026-07-30T20:40:00Z,60,afterhours,0,5.461359883103256,112.72994632549604,-118.1913062085993,-467.03629784739854,116.8775674252181,118.1913062085993,27.15131392360348,1,465.38919016800406,-320.04657003580127,326.8226042148026,1,p1a_catchup
aaplx,2026-07-30T21:20:00Z,5,afterhours,0,7.423269308395319,94.1565763437957,-86.73330703540039,-42.16196785490567,49.58360465750618,86.73330703540039,311.71845570620246,0,105.19139712149794,-330.17654579230003,287.04593049630137,1,persistent_or_wider
aaplx,2026-07-30T21:20:00Z,15,afterhours,0,7.423269308395319,94.1565763437957,-86.73330703540039,-42.16196785490567,49.58360465750618,86.73330703540039,27.7686446318981,1,390.70738020179795,-276.20542853449945,245.90094186260458,1,p1a_catchup
aaplx,2026-07-30T21:20:00Z,30,afterhours,0,7.423269308395319,94.1565763437957,-86.73330703540039,-42.16196785490567,49.58360465750618,86.73330703540039,58.1107867154973,1,340.6949997067965,-195.85090595589884,189.481029162506,1,p1a_catchup
aaplx,2026-07-30T21:20:00Z,60,afterhours,0,7.423269308395319,94.1565763437957,-86.73330703540039,-42.16196785490567,49.58360465750618,86.73330703540039,14.960249781594825,1,268.8372991353027,-197.0642418814972,191.0886169804993,1,p1a_catchup
aaplx,2026-07-30T21:25:00Z,5,afterhours,0,35.70734598760339,276.0111097185991,-311.71845570620246,-391.6037249890003,141.06653182340222,311.71845570620246,79.79248857900245,1,235.63777025939814,-3.7118031321980993,22.750919849698903,1,p1a_catchup
aaplx,2026-07-30T21:25:00Z,15,afterhours,0,35.70734598760339,276.0111097185991,-311.71845570620246,-391.6037249890003,141.06653182340222,311.71845570620246,27.15131392360348,1,241.18415621150467,97.68561341830129,-60.663593134799854,1,p1a_catchup
aaplx,2026-07-30T21:25:00Z,30,afterhours,0,35.70734598760339,276.0111097185991,-311.71845570620246,-391.6037249890003,141.06653182340222,311.71845570620246,13.43649328750196,1,187.05891754650315,138.09603144720128,-100.77930187580186,1,p1a_catchup
aaplx,2026-07-30T21:25:00Z,60,afterhours,0,35.70734598760339,276.0111097185991,-311.71845570620246,-391.6037249890003,141.06653182340222,311.71845570620246,18.534910042795616,1,175.62393791539677,154.62942783360134,-120.04403732500002,1,p1a_catchup
aaplx,2026-07-30T21:30:00Z,5,afterhours,0,16.668229270102586,63.124259308899866,-79.79248857900245,-434.4645748487963,139.16160357220872,79.79248857900245,27.7686446318981,1,49.87821282090188,57.68292038999867,-63.89590848339566,0,xstock_reversion
aaplx,2026-07-30T21:30:00Z,15,afterhours,0,16.668229270102586,63.124259308899866,-79.79248857900245,-434.4645748487963,139.16160357220872,79.79248857900245,16.850749861703207,1,-14.390386334897087,77.33212505219633,-54.19188055070023,0,xstock_reversion
aaplx,2026-07-30T21:30:00Z,30,afterhours,0,16.668229270102586,63.124259308899866,-79.79248857900245,-434.4645748487963,139.16160357220872,79.79248857900245,27.622177726103203,1,-60.78640157909376,168.2010678841994,-146.96409598720095,0,xstock_reversion
aaplx,2026-07-30T21:30:00Z,60,afterhours,0,16.668229270102586,63.124259308899866,-79.79248857900245,-434.4645748487963,139.16160357220872,79.79248857900245,40.79068388639584,1,-79.85673051029707,200.43990297569536,-181.85250458519596,0,xstock_reversion
aaplx,2026-07-30T21:50:00Z,5,afterhours,0,1.0533925150024714,57.05739420049483,58.1107867154973,80.35452257860065,149.7597740855119,58.1107867154973,13.43649328750196,1,48.4446850387954,-3.7703916108000612,3.2144005420065014,1,p1a_catchup
aaplx,2026-07-30T21:50:00Z,15,afterhours,0,1.0533925150024714,57.05739420049483,58.1107867154973,80.35452257860065,149.7597740855119,58.1107867154973,14.543233035801961,1,81.02054289219396,-37.45298921249862,42.66724468550365,1,p1a_catchup
aaplx,2026-07-30T21:50:00Z,30,afterhours,0,1.0533925150024714,57.05739420049483,58.1107867154973,80.35452257860065,149.7597740855119,58.1107867154973,14.960249781594825,1,71.85770057149377,1.2133359255983578,-1.6075878179933056,1,p1a_catchup
aaplx,2026-07-30T21:50:00Z,60,afterhours,0,1.0533925150024714,57.05739420049483,58.1107867154973,80.35452257860065,149.7597740855119,58.1107867154973,11.87932724350027,1,120.0799881427006,-73.84852867070357,77.06923503580043,1,p1a_catchup
aaplx,2026-07-31T08:00:00Z,5,premarket,0,9.997152196499215,56.22308746340288,-46.22593526690366,-61.36928061510005,22.66833561769919,46.22593526690366,1.9566273858018235,1,51.85676033160114,-3.674197678895652,-14.216021262702938,1,p1a_catchup
aaplx,2026-07-31T08:00:00Z,15,premarket,0,9.997152196499215,56.22308746340288,-46.22593526690366,-61.36928061510005,22.66833561769919,46.22593526690366,5.928734802900237,1,44.62959253870302,-4.332392074699598,-15.184559900003336,1,p1a_catchup
aaplx,2026-07-31T08:00:00Z,30,premarket,0,9.997152196499215,56.22308746340288,-46.22593526690366,-61.36928061510005,22.66833561769919,46.22593526690366,59.01795329959825,0,78.10951925740106,27.134369309100848,14.560046575899932,1,persistent_or_wider
aaplx,2026-07-31T08:00:00Z,60,premarket,0,9.997152196499215,56.22308746340288,-46.22593526690366,-61.36928061510005,22.66833561769919,46.22593526690366,8.365241058099215,1,48.497072758699744,-10.636378549895298,-7.756698620999813,1,p1a_catchup
aaplx,2026-07-31T08:30:00Z,5,premarket,1,51.691568081499994,7.3263852180982525,59.01795329959825,31.466761383800446,31.379686072424402,59.01795329959825,18.72821100660005,1,6.725433405803116,33.56430888719508,21.347486840301855,0,xstock_reversion
aaplx,2026-07-31T08:30:00Z,15,premarket,1,51.691568081499994,7.3263852180982525,59.01795329959825,31.466761383800446,31.379686072424402,59.01795329959825,7.727847234706431,1,49.80678541450345,16.939015119801226,47.162280137103,1,p1a_catchup
aaplx,2026-07-31T08:30:00Z,30,premarket,1,51.691568081499994,7.3263852180982525,59.01795329959825,31.466761383800446,31.379686072424402,59.01795329959825,8.365241058099215,1,29.612446498701317,37.770747858996145,22.316745196899745,1,xstock_reversion
aaplx,2026-07-31T08:30:00Z,60,premarket,1,51.691568081499994,7.3263852180982525,59.01795329959825,31.466761383800446,31.379686072424402,59.01795329959825,22.141640378201544,1,31.90216138969859,49.2574322881012,4.855704739004096,0,xstock_reversion
aaplx,2026-07-31T13:25:00Z,5,premarket,0,21.37500587449992,82.51793763170312,-61.1429317572032,-100.42770597990192,49.71537844130435,61.1429317572032,73.9012308535969,0,75.91953417530384,-88.67783327169754,85.3649652489974,1,persistent_or_wider
aaplx,2026-07-31T13:25:00Z,15,premarket,0,21.37500587449992,82.51793763170312,-61.1429317572032,-100.42770597990192,49.71537844130435,61.1429317572032,58.38306255439463,1,182.26177385289867,-62.73577954130083,-2.9532888367000965,1,p1a_catchup
aaplx,2026-07-31T13:25:00Z,30,premarket,0,21.37500587449992,82.51793763170312,-61.1429317572032,-100.42770597990192,49.71537844130435,61.1429317572032,52.96535404910152,1,86.3257623182001,-78.14818461009843,62.88190072779365,1,p1a_catchup
aaplx,2026-07-31T13:25:00Z,60,premarket,0,21.37500587449992,82.51793763170312,-61.1429317572032,-100.42770597990192,49.71537844130435,61.1429317572032,8.843272872898211,1,135.06991949999934,-82.77026061569437,64.53334657240184,1,p1a_catchup
aaplx,2026-07-31T13:30:00Z,5,regular,0,18.062137851799775,91.96336870539668,-73.9012308535969,-112.32946402540023,58.021541182436316,73.9012308535969,19.10240004529662,1,85.75861922039962,-30.959788412099343,27.84316824119948,1,p1a_catchup
aaplx,2026-07-31T13:30:00Z,15,regular,0,18.062137851799775,91.96336870539668,-73.9012308535969,-112.32946402540023,58.021541182436316,73.9012308535969,12.169782694302356,1,12.039649530999341,74.03136401689991,-101.10576996829934,0,xstock_reversion
aaplx,2026-07-31T13:30:00Z,30,regular,0,18.062137851799775,91.96336870539668,-73.9012308535969,-112.32946402540023,58.021541182436316,73.9012308535969,26.661259379903157,1,68.01592627609487,-20.77595480240113,-0.33099978489659065,1,p1a_catchup
aaplx,2026-07-31T13:30:00Z,60,regular,0,18.062137851799775,91.96336870539668,-73.9012308535969,-112.32946402540023,58.021541182436316,73.9012308535969,12.75668450249512,1,72.09235407970027,-10.947807728598491,5.6286732716959165,1,p1a_catchup
aaplx,2026-07-31T13:40:00Z,5,regular,0,44.314062503501006,102.69712505789563,58.38306255439463,-62.73577954130083,62.95517574087975,58.38306255439463,12.169782694302356,1,94.30259014659548,-48.089310286503206,12.787515882601852,1,p1a_catchup
aaplx,2026-07-31T13:40:00Z,15,regular,0,44.314062503501006,102.69712505789563,58.38306255439463,-62.73577954130083,62.95517574087975,58.38306255439463,52.96535404910152,1,95.93601153469855,15.412405068797597,-65.83518956449375,1,p1a_catchup
aaplx,2026-07-31T13:40:00Z,30,regular,0,44.314062503501006,102.69712505789563,58.38306255439463,-62.73577954130083,62.95517574087975,58.38306255439463,20.213816859699918,1,34.27921265939382,44.317666754700724,-87.45436766539605,0,xstock_reversion
aaplx,2026-07-31T13:40:00Z,60,regular,0,44.314062503501006,102.69712505789563,58.38306255439463,-62.73577954130083,62.95517574087975,58.38306255439463,2.4265878569984523,1,19.066778623297864,36.88969607409831,-77.56636526649707,0,xstock_reversion
aaplx,2026-07-31T13:55:00Z,5,regular,0,6.108721992195143,59.074076041296664,-52.96535404910152,-15.412405068797597,57.09028799959255,52.96535404910152,26.661259379903157,1,57.609698133198606,-31.305603464000242,22.152064736307153,1,p1a_catchup
aaplx,2026-07-31T13:55:00Z,15,regular,0,6.108721992195143,59.074076041296664,-52.96535404910152,-15.412405068797597,57.09028799959255,52.96535404910152,20.213816859699918,1,61.65679887530473,-28.905261685903127,21.619178100902303,1,p1a_catchup
aaplx,2026-07-31T13:55:00Z,30,regular,0,6.108721992195143,59.074076041296664,-52.96535404910152,-15.412405068797597,57.09028799959255,52.96535404910152,8.843272872898211,1,48.74415718179925,-4.622076005595943,1.6514458446081903,1,p1a_catchup
aaplx,2026-07-31T13:55:00Z,60,regular,0,6.108721992195143,59.074076041296664,-52.96535404910152,-15.412405068797597,57.09028799959255,52.96535404910152,17.932214533997737,1,67.63015978229703,3.2674088008022295,-12.21223024949758,1,p1a_catchup
aaplx,2026-07-31T19:50:00Z,5,regular,0,14.726766364594468,86.2953751653972,71.56860880080274,134.46966007609973,39.45423341119584,71.56860880080274,2.2986229099952737,1,77.88497567520203,-8.614989784394567,-21.980162063997,1,p1a_catchup
aaplx,2026-07-31T19:50:00Z,15,regular,0,14.726766364594468,86.2953751653972,71.56860880080274,134.46966007609973,39.45423341119584,71.56860880080274,15.60056111600261,1,61.49019809949863,-5.522150414698501,-7.429060888597405,1,p1a_catchup
aaplx,2026-07-31T19:50:00Z,30,regular,0,14.726766364594468,86.2953751653972,71.56860880080274,134.46966007609973,39.45423341119584,71.56860880080274,5.832952839499583,1,61.16547368080205,16.236087959500267,-31.04487827919833,1,p1a_catchup
aaplx,2026-07-31T19:50:00Z,60,regular,0,14.726766364594468,86.2953751653972,71.56860880080274,134.46966007609973,39.45423341119584,71.56860880080274,6.238304296797281,1,29.78401416330101,48.02289893429901,-74.86544665609607,0,xstock_reversion
aaplx,2026-07-31T21:40:00Z,5,afterhours,1,55.54752033659405,5.245291680600062,50.302228655993986,57.05178862119631,24.7778657761144,50.302228655993986,2.741592921005065,1,-4.106757288804275,51.667393023793196,4.531507018894487,0,xstock_reversion
aaplx,2026-07-31T21:40:00Z,15,afterhours,1,55.54752033659405,5.245291680600062,50.302228655993986,57.05178862119631,24.7778657761144,50.302228655993986,2.247140771602929,1,-1.5489382361000281,54.09830766369694,1.5955595838956782,0,xstock_reversion
aaplx,2026-07-31T21:40:00Z,30,afterhours,1,55.54752033659405,5.245291680600062,50.302228655993986,57.05178862119631,24.7778657761144,50.302228655993986,4.614907091200493,1,8.525010343198858,37.162311221594635,19.524013575296095,0,xstock_reversion
aaplx,2026-07-31T21:40:00Z,60,afterhours,1,55.54752033659405,5.245291680600062,50.302228655993986,57.05178862119631,24.7778657761144,50.302228655993986,23.285603315201797,1,23.341284082398772,3.6753412583934164,19.84968812870136,0,p1a_catchup
aaplx,2026-08-03T13:55:00Z,5,regular,0,0.40894793030155085,62.116589613507855,-61.707641683206305,-5.53989339260319,43.31313039046013,61.707641683206305,34.327617818998846,1,61.653687680101044,-34.273663815893585,43.20920568179787,1,p1a_catchup
aaplx,2026-08-03T13:55:00Z,15,regular,0,0.40894793030155085,62.116589613507855,-61.707641683206305,-5.53989339260319,43.31313039046013,61.707641683206305,28.62673464250065,1,72.21374848020545,18.120627845501502,-19.300202422005697,1,p1a_catchup
aaplx,2026-08-03T13:55:00Z,30,regular,0,0.40894793030155085,62.116589613507855,-61.707641683206305,-5.53989339260319,43.31313039046013,61.707641683206305,11.378196060700674,1,60.50030651840288,-10.170860895897249,11.905658883097914,1,p1a_catchup
aaplx,2026-08-03T13:55:00Z,60,regular,0,0.40894793030155085,62.116589613507855,-61.707641683206305,-5.53989339260319,43.31313039046013,61.707641683206305,1.87346480720052,1,79.25277752200088,-19.4186006459951,18.780761461991702,1,p1a_catchup
aaplx,2026-08-03T19:40:00Z,5,regular,1,49.42223108090005,2.840864807893695,-46.58136627300635,-102.58252321830419,32.91279183592679,46.58136627300635,23.455602387700836,1,1.4626850999999164,21.6630787853056,26.77245844290077,1,xstock_reversion
aaplx,2026-08-03T19:40:00Z,15,regular,1,49.42223108090005,2.840864807893695,-46.58136627300635,-102.58252321830419,32.91279183592679,46.58136627300635,11.316681287700803,1,44.02775618360444,-8.763071198298888,51.143436122496055,1,p1a_catchup
aaplx,2026-08-03T19:40:00Z,30,regular,1,49.42223108090005,2.840864807893695,-46.58136627300635,-102.58252321830419,32.91279183592679,46.58136627300635,2.2096185535058765,1,42.106550253206976,6.6844345733052535,41.2627386339981,1,p1a_catchup
aaplx,2026-08-03T19:40:00Z,60,regular,1,49.42223108090005,2.840864807893695,-46.58136627300635,-102.58252321830419,32.91279183592679,46.58136627300635,1.0508812491938357,1,43.08905180280043,4.543195719399762,44.22130976459826,1,p1a_catchup
aaplx,2026-08-04T13:35:00Z,5,regular,1,30.371688705601585,21.34427662130456,-51.715965326906144,-16.943456054701045,10.889650469334088,51.715965326906144,6.35952381659699,1,18.078358375204218,39.997130768298916,-17.790374830699562,0,xstock_reversion
aaplx,2026-08-04T13:35:00Z,15,regular,1,30.371688705601585,21.34427662130456,-51.715965326906144,-16.943456054701045,10.889650469334088,51.715965326906144,7.5574586503002195,1,-23.569827283500544,67.72833396010647,-31.112416553300548,0,xstock_reversion
aaplx,2026-08-04T13:35:00Z,30,regular,1,30.371688705601585,21.34427662130456,-51.715965326906144,-16.943456054701045,10.889650469334088,51.715965326906144,12.317588266501645,1,-32.221073036096115,96.2546266295039,-74.40962723699762,0,xstock_reversion
aaplx,2026-08-04T13:35:00Z,60,regular,1,30.371688705601585,21.34427662130456,-51.715965326906144,-16.943456054701045,10.889650469334088,51.715965326906144,12.270542588197486,1,-77.42297055459701,116.86839329330567,-85.04122698550276,0,xstock_reversion
aaplx,2026-08-04T19:50:00Z,5,regular,1,40.288574913001085,13.158988311197106,-53.44756322419819,-55.48807868779981,33.82447439048357,53.44756322419819,36.7812347186014,1,18.11053987549549,-1.4442113698986958,8.723325755495281,0,p1a_catchup
aaplx,2026-08-04T19:50:00Z,15,regular,1,40.288574913001085,13.158988311197106,-53.44756322419819,-55.48807868779981,33.82447439048357,53.44756322419819,0.6166641898008862,1,18.83737791499307,33.993521119404235,7.107320839301323,0,xstock_reversion
aaplx,2026-08-04T19:50:00Z,30,regular,1,40.288574913001085,13.158988311197106,-53.44756322419819,-55.48807868779981,33.82447439048357,53.44756322419819,6.66788107920091,1,-15.432035456299786,75.54747975969889,-26.105085962404573,0,xstock_reversion
aaplx,2026-08-04T19:50:00Z,60,regular,1,40.288574913001085,13.158988311197106,-53.44756322419819,-55.48807868779981,33.82447439048357,53.44756322419819,5.9041591142960925,1,-35.59672184300311,94.9484441814974,-56.35632015829728,0,xstock_reversion
aaplx,2026-08-06T10:45:00Z,5,premarket,1,46.62065675209881,1.8875650764993424,-48.50822182859815,-55.22809782440241,19.892144430770124,48.50822182859815,1.8512518014013324,1,1.3428853305974542,49.01658829940203,-2.5503698175022294,0,xstock_reversion
aaplx,2026-08-06T10:45:00Z,15,premarket,1,46.62065675209881,1.8875650764993424,-48.50822182859815,-55.22809782440241,19.892144430770124,48.50822182859815,20.07935488490098,1,-0.6302981008055042,29.059165044502677,-16.91910597609869,0,xstock_reversion
aaplx,2026-08-06T10:45:00Z,30,premarket,1,46.62065675209881,1.8875650764993424,-48.50822182859815,-55.22809782440241,19.892144430770124,48.50822182859815,1.6639948578056618,1,-27.751406245606347,74.59563321639884,-32.46859449560269,0,xstock_reversion
aaplx,2026-08-06T10:45:00Z,60,premarket,1,46.62065675209881,1.8875650764993424,-48.50822182859815,-55.22809782440241,19.892144430770124,48.50822182859815,7.1048660317973855,1,-4.551033447706132,60.16412130810167,-13.38219094090043,0,xstock_reversion
aaplx,2026-08-06T13:10:00Z,5,premarket,1,60.76346149660239,5.932260941294842,-66.69572243789723,-69.93073559000251,31.453762234488483,66.69572243789723,11.322661572199522,1,3.8990116703008226,74.11937233979593,-12.112327366100573,0,xstock_reversion
aaplx,2026-08-06T13:10:00Z,15,premarket,1,60.76346149660239,5.932260941294842,-66.69572243789723,-69.93073559000251,31.453762234488483,66.69572243789723,13.071749467998828,1,-9.187858232602153,88.95533013849821,-25.48259007789433,0,xstock_reversion
aaplx,2026-08-06T13:10:00Z,30,premarket,1,60.76346149660239,5.932260941294842,-66.69572243789723,-69.93073559000251,31.453762234488483,66.69572243789723,19.09141146470006,1,-11.52468952000163,97.31182342259892,-38.19957532329887,0,xstock_reversion
aaplx,2026-08-06T13:10:00Z,60,premarket,1,60.76346149660239,5.932260941294842,-66.69572243789723,-69.93073559000251,31.453762234488483,66.69572243789723,11.929729846995585,1,1.6911242563022455,53.0748683345994,7.0893274139027795,0,xstock_reversion
aaplx,2026-08-06T16:55:00Z,5,regular,1,61.64611502179618,12.641273748199566,-49.00484127359661,-50.24924572249567,24.377474314149662,49.00484127359661,3.420576560602129,1,-10.76629773540283,56.35056244839731,5.456150339995247,0,xstock_reversion
aaplx,2026-08-06T16:55:00Z,15,regular,1,61.64611502179618,12.641273748199566,-49.00484127359661,-50.24924572249567,24.377474314149662,49.00484127359661,0.8305424064936062,1,15.177943093496182,34.657440586594035,24.52147354540024,0,xstock_reversion
aaplx,2026-08-06T16:55:00Z,30,regular,1,61.64611502179618,12.641273748199566,-49.00484127359661,-50.24924572249567,24.377474314149662,49.00484127359661,1.1299572535961033,1,1.3205273809013818,46.554356639099126,14.751296945298975,0,xstock_reversion
aaplx,2026-08-06T16:55:00Z,60,regular,1,61.64611502179618,12.641273748199566,-49.00484127359661,-50.24924572249567,24.377474314149662,49.00484127359661,5.316543882898372,1,-21.112467409905022,75.4338525664,-16.030268573299367,0,xstock_reversion
aaplx,2026-08-07T10:50:00Z,5,premarket,1,75.1247203982075,2.7719541141024706,-72.35276628410503,-76.72992985169991,37.17933194081333,72.35276628410503,8.1327024015998,1,-2.6057104888987936,83.09117917460362,-0.9623867198982339,0,xstock_reversion
aaplx,2026-08-07T10:50:00Z,15,premarket,1,75.1247203982075,2.7719541141024706,-72.35276628410503,-76.72992985169991,37.17933194081333,72.35276628410503,3.402586804996943,1,-4.251093942198025,73.20127342130611,3.5295439232996273,0,xstock_reversion
aaplx,2026-08-07T10:50:00Z,30,premarket,1,75.1247203982075,2.7719541141024706,-72.35276628410503,-76.72992985169991,37.17933194081333,72.35276628410503,2.1561818495996476,1,1.8692979655998698,72.63965016810481,1.604183714505325,0,xstock_reversion
aaplx,2026-08-07T10:50:00Z,60,premarket,1,75.1247203982075,2.7719541141024706,-72.35276628410503,-76.72992985169991,37.17933194081333,72.35276628410503,1.9937168805039818,1,-10.720038996696601,85.06652216130561,-11.061859359893234,0,xstock_reversion
aaplx,2026-08-07T13:30:00Z,5,regular,0,2.55460387309725,47.96403155750362,45.40942768440637,51.47236800400634,21.95703528881506,45.40942768440637,20.793206583897827,1,39.46541049040242,26.737223777901775,-31.342158728797642,0,p1a_catchup
aaplx,2026-08-07T13:30:00Z,15,regular,0,2.55460387309725,47.96403155750362,45.40942768440637,51.47236800400634,21.95703528881506,45.40942768440637,9.369466301896168,1,2.2303637175014046,52.54853026880113,-62.13707624540099,0,xstock_reversion
aaplx,2026-08-07T13:30:00Z,30,regular,0,2.55460387309725,47.96403155750362,45.40942768440637,51.47236800400634,21.95703528881506,45.40942768440637,13.32273052869759,1,1.794112644901702,30.292584510807075,-29.100401181505475,0,xstock_reversion
aaplx,2026-08-07T13:30:00Z,60,regular,0,2.55460387309725,47.96403155750362,45.40942768440637,51.47236800400634,21.95703528881506,45.40942768440637,0.5008402312967064,1,75.67709522500188,-30.768507771892217,34.10205639649888,1,p1a_catchup
aaplx,2026-08-07T14:45:00Z,5,regular,1,48.679578781900545,1.5707241802953575,-47.10885460160519,-49.15740670099922,30.192417419693832,47.10885460160519,2.1196790413036126,1,-1.0477609550996192,46.036936515401194,5.4142715146010545,0,xstock_reversion
aaplx,2026-08-07T14:45:00Z,15,regular,1,48.679578781900545,1.5707241802953575,-47.10885460160519,-49.15740670099922,30.192417419693832,47.10885460160519,1.8625028096064256,1,-7.730946952300144,52.977298744298906,-3.9792126460014288,0,xstock_reversion
aaplx,2026-08-07T14:45:00Z,30,regular,1,48.679578781900545,1.5707241802953575,-47.10885460160519,-49.15740670099922,30.192417419693832,47.10885460160519,17.120329388697897,1,5.839590549401308,24.148934663505983,29.974512238597484,1,xstock_reversion
aaplx,2026-08-07T14:45:00Z,60,regular,1,48.679578781900545,1.5707241802953575,-47.10885460160519,-49.15740670099922,30.192417419693832,47.10885460160519,9.627694229399353,1,46.34188447369958,-8.860724101493744,59.39852681489555,1,p1a_catchup
aaplx,2026-08-07T20:00:00Z,5,afterhours,1,48.9221142029006,0.9823630741045974,-47.939751128796004,-47.453679445492725,36.51803967197471,47.939751128796004,46.48395489209811,1,3.2390104554025356,-1.783214218704643,-1.5962965952986963,0,p1a_catchup
aaplx,2026-08-07T20:00:00Z,15,afterhours,1,48.9221142029006,0.9823630741045974,-47.939751128796004,-47.453679445492725,36.51803967197471,47.939751128796004,2.831054977994185,1,-2.0579957864974574,47.16669193729928,1.277220769404508,0,xstock_reversion
aaplx,2026-08-07T20:00:00Z,30,afterhours,1,48.9221142029006,0.9823630741045974,-47.939751128796004,-47.453679445492725,36.51803967197471,47.939751128796004,2.218085912906176,1,4.511064489296501,41.21060072659333,7.985307459401625,0,xstock_reversion
aaplx,2026-08-07T20:00:00Z,60,afterhours,1,48.9221142029006,0.9823630741045974,-47.939751128796004,-47.453679445492725,36.51803967197471,47.939751128796004,0.30170413119812167,1,4.139817248001165,43.49822974959672,6.387735765001068,0,xstock_reversion
aaplx,2026-08-07T20:05:00Z,5,afterhours,1,52.30162501690394,5.817670124805829,-46.48395489209811,-58.1740584263013,35.18807484946686,46.48395489209811,3.563198154701297,1,-5.130993566702102,55.17814661350151,0.18834973870340832,0,xstock_reversion
aaplx,2026-08-07T20:05:00Z,15,afterhours,1,52.30162501690394,5.817670124805829,-46.48395489209811,-58.1740584263013,35.18807484946686,46.48395489209811,41.18350645499369,1,0.24346543280096,5.056983004303461,4.294617186504368,0,xstock_reversion
aaplx,2026-08-07T20:05:00Z,30,afterhours,1,52.30162501690394,5.817670124805829,-46.48395489209811,-58.1740584263013,35.18807484946686,46.48395489209811,1.2745242662948186,1,3.4477556314005398,41.76167499440275,10.22070420190424,0,xstock_reversion
aaplx,2026-08-07T20:05:00Z,60,afterhours,1,52.30162501690394,5.817670124805829,-46.48395489209811,-58.1740584263013,35.18807484946686,46.48395489209811,1.2739984392950987,1,1.838252597394785,45.919700733998425,1.5962965952986963,0,xstock_reversion
aaplx,2026-08-07T21:20:00Z,5,afterhours,1,51.04195234180153,2.788980759298454,-48.25297158250308,-52.963554340799135,22.10893974060931,48.25297158250308,2.204446734097587,1,-2.502941647302137,52.9603599639028,-6.387939787302344,0,xstock_reversion
aaplx,2026-08-07T21:20:00Z,15,afterhours,1,51.04195234180153,2.788980759298454,-48.25297158250308,-52.963554340799135,22.10893974060931,48.25297158250308,1.2419445318023747,1,-5.860141542095576,55.35505765640103,-3.5138718437011107,0,xstock_reversion
aaplx,2026-08-07T21:20:00Z,30,afterhours,1,51.04195234180153,2.788980759298454,-48.25297158250308,-52.963554340799135,22.10893974060931,48.25297158250308,9.277482068998921,1,-7.2928702557018,46.26835976920596,-1.718757042601382,0,xstock_reversion
aaplx,2026-08-07T21:20:00Z,60,afterhours,1,51.04195234180153,2.788980759298454,-48.25297158250308,-52.963554340799135,22.10893974060931,48.25297158250308,26.70419834469584,1,-9.037005555603272,83.99417548280219,-2.2362431209010936,0,xstock_reversion
aaplx,2026-08-07T21:45:00Z,5,afterhours,1,66.84405622760181,4.363492155796678,62.480564071805134,68.53102222200036,43.86747507928719,62.480564071805134,9.277482068998921,1,-4.424201797395,76.18224793819905,-2.845842095400286,0,xstock_reversion
aaplx,2026-08-07T21:45:00Z,15,afterhours,1,66.84405622760181,4.363492155796678,62.480564071805134,68.53102222200036,43.86747507928719,62.480564071805134,13.840557557198707,1,-1.760596329196673,50.4006028438031,-1.0507272943005574,0,xstock_reversion
aaplx,2026-08-07T21:45:00Z,30,afterhours,1,66.84405622760181,4.363492155796678,62.480564071805134,68.53102222200036,43.86747507928719,62.480564071805134,22.827236429705522,1,-7.677986166294559,92.98578666780521,-0.09261286280093373,0,xstock_reversion
aaplx,2026-08-07T21:45:00Z,60,afterhours,1,66.84405622760181,4.363492155796678,62.480564071805134,68.53102222200036,43.86747507928719,62.480564071805134,12.543639746702695,1,-4.107355487494857,79.13155930600269,3.7389271439014493,0,xstock_reversion
aaplx,2026-08-07T22:35:00Z,5,afterhours,1,59.354567463900665,6.044185459499474,-53.31038200440119,-88.79291876120021,38.89210044157449,53.31038200440119,2.570261176302324,1,-5.231834277896752,61.11247745860027,-3.0656431064990386,0,xstock_reversion
aaplx,2026-08-07T22:35:00Z,15,afterhours,1,59.354567463900665,6.044185459499474,-53.31038200440119,-88.79291876120021,38.89210044157449,53.31038200440119,57.155874768906045,0,-5.252764400403009,1.4072716358981552,-5.108883181597079,0,persistent_or_wider
aaplx,2026-08-07T22:35:00Z,30,afterhours,1,59.354567463900665,6.044185459499474,-53.31038200440119,-88.79291876120021,38.89210044157449,53.31038200440119,16.853649303500973,1,-8.593087332098293,45.04982003299851,-3.1933578429033105,0,xstock_reversion
aaplx,2026-08-07T22:35:00Z,60,afterhours,1,59.354567463900665,6.044185459499474,-53.31038200440119,-88.79291876120021,38.89210044157449,53.31038200440119,49.616786205595176,1,-7.825803828298561,11.519399627104576,-2.2673890473967617,0,xstock_reversion
aaplx,2026-08-07T22:50:00Z,5,afterhours,1,63.05617900959959,5.9003042406935435,-57.155874768906045,1.4072716358981552,42.94719600953435,57.155874768906045,23.21189316850436,1,-2.8644916767994744,36.80847327720116,0.31922874339507246,0,xstock_reversion
aaplx,2026-08-07T22:50:00Z,15,afterhours,1,63.05617900959959,5.9003042406935435,-57.155874768906045,1.4072716358981552,42.94719600953435,57.155874768906045,16.853649303500973,1,-3.340322931695283,43.642548397100356,1.9155253386937687,0,xstock_reversion
aaplx,2026-08-07T22:50:00Z,30,afterhours,1,63.05617900959959,5.9003042406935435,-57.155874768906045,1.4072716358981552,42.94719600953435,57.155874768906045,0.3926775492057999,1,-4.311344324392508,61.85989664250435,3.8314176713960535,0,xstock_reversion
aaplx,2026-08-07T22:50:00Z,60,afterhours,1,63.05617900959959,5.9003042406935435,-57.155874768906045,1.4072716358981552,42.94719600953435,57.155874768906045,15.447949540092765,1,0.8871637362073415,40.82076149260594,5.907382004197714,0,xstock_reversion
aaplx,2026-08-07T23:00:00Z,5,afterhours,1,50.72752043259854,4.497021244205257,-46.23049918839328,-34.701090210296215,47.315330508180026,46.23049918839328,16.853649303500973,1,-2.256268678602069,31.633118563494378,1.5962965952986963,0,xstock_reversion
aaplx,2026-08-07T23:00:00Z,15,afterhours,1,50.72752043259854,4.497021244205257,-46.23049918839328,-34.701090210296215,47.315330508180026,46.23049918839328,0.9029570333041192,1,-1.5202657939017428,48.65372201559914,0.9577473789068591,0,xstock_reversion
aaplx,2026-08-07T23:00:00Z,30,afterhours,1,50.72752043259854,4.497021244205257,-46.23049918839328,-34.701090210296215,47.315330508180026,46.23049918839328,0.7727768383958278,1,-4.474076081599776,49.93179843159723,-1.5960418196936388,0,xstock_reversion
aaplx,2026-08-07T23:35:00Z,5,afterhours,1,50.10255688419285,0.48577067859767453,-49.616786205595176,-51.74776865129793,23.573313251537176,49.616786205595176,1.566360897404806,1,-0.26588713350150783,48.31631244169188,3.225595286098226,0,xstock_reversion
aaplx,2026-08-07T23:35:00Z,15,afterhours,1,50.10255688419285,0.48577067859767453,-49.616786205595176,-51.74776865129793,23.573313251537176,49.616786205595176,15.447949540092765,1,3.460203164102893,30.708633501399518,3.065887869997397,0,xstock_reversion
aaplx,2026-08-10T10:35:00Z,5,premarket,0,4.5333106037048765,137.7016182794044,-133.16830767569954,-140.30663672339296,57.06808298502886,133.16830767569954,40.42604591619536,1,108.21279724370747,-15.470535484203296,13.595755039998991,1,p1a_catchup
aaplx,2026-08-10T10:35:00Z,15,premarket,0,4.5333106037048765,137.7016182794044,-133.16830767569954,-140.30663672339296,57.06808298502886,133.16830767569954,14.40516193649266,1,145.42627351779913,2.147196094393067,-8.407165987005527,1,p1a_catchup
aaplx,2026-08-10T10:35:00Z,30,premarket,0,4.5333106037048765,137.7016182794044,-133.16830767569954,-140.30663672339296,57.06808298502886,133.16830767569954,5.608448560199264,1,130.47230021379974,-2.9124410982994675,2.5882429210977165,1,p1a_catchup
aaplx,2026-08-10T10:35:00Z,60,premarket,0,4.5333106037048765,137.7016182794044,-133.16830767569954,-140.30663672339296,57.06808298502886,133.16830767569954,0.5924816360014518,1,119.86900516700594,13.891784144695052,-16.807269866800922,1,p1a_catchup
aaplx,2026-08-10T13:25:00Z,5,premarket,0,4.657957315998829,74.23515949839476,-78.8931168143936,-83.4281043910945,34.66297410431852,78.8931168143936,30.700172839805973,1,62.25263587329444,-14.059691898706816,-0.32609936249983207,1,p1a_catchup
aaplx,2026-08-10T13:25:00Z,15,premarket,0,4.657957315998829,74.23515949839476,-78.8931168143936,-83.4281043910945,34.66297410431852,78.8931168143936,7.160975430799965,1,96.82619321119468,-25.09405182760105,25.632039371705773,1,p1a_catchup
aaplx,2026-08-10T13:25:00Z,30,premarket,0,4.657957315998829,74.23515949839476,-78.8931168143936,-83.4281043910945,34.66297410431852,78.8931168143936,4.779219633199716,1,74.56153893799389,9.110797509599422,-13.03568703419522,1,p1a_catchup
aaplx,2026-08-10T13:25:00Z,60,premarket,0,4.657957315998829,74.23515949839476,-78.8931168143936,-83.4281043910945,34.66297410431852,78.8931168143936,8.204247990599711,1,67.93786144219993,19.159503362793373,-7.823451192798814,1,p1a_catchup
aaplx,2026-08-11T13:55:00Z,5,regular,1,61.478011304902935,4.9194997993051715,56.558511505597764,56.695347351798375,39.069016515713855,56.558511505597764,44.09066167649911,1,3.127186285496464,9.34066354360219,7.180156966404283,0,xstock_reversion
aaplx,2026-08-11T13:55:00Z,15,regular,1,61.478011304902935,4.9194997993051715,56.558511505597764,56.695347351798375,39.069016515713855,56.558511505597764,5.419788136098447,1,2.312548612195542,59.66575102950067,2.285154665901956,0,xstock_reversion
aaplx,2026-08-11T13:55:00Z,30,regular,1,61.478011304902935,4.9194997993051715,56.558511505597764,56.695347351798375,39.069016515713855,56.558511505597764,14.240314668096943,1,-4.17189152220665,74.97071769590136,-3.2654127771980512,0,xstock_reversion
aaplx,2026-08-11T13:55:00Z,60,regular,1,61.478011304902935,4.9194997993051715,56.558511505597764,56.695347351798375,39.069016515713855,56.558511505597764,6.449451410697193,1,7.91822464419667,55.08973827209829,9.789845449699186,0,xstock_reversion
aaplx,2026-08-11T17:10:00Z,5,regular,1,55.45906837450154,1.473217431398055,-53.985850943103486,-63.73591535620449,39.16023677423213,53.985850943103486,16.084537625893347,1,-4.07531188580279,74.14570045479962,-4.084133199500073,0,xstock_reversion
aaplx,2026-08-11T17:10:00Z,15,regular,1,55.45906837450154,1.473217431398055,-53.985850943103486,-63.73591535620449,39.16023677423213,53.985850943103486,1.6481142780921942,1,-9.932875705196409,62.2706123702077,-6.207223447001198,0,xstock_reversion
aaplx,2026-08-11T17:10:00Z,30,regular,1,55.45906837450154,1.473217431398055,-53.985850943103486,-63.73591535620449,39.16023677423213,53.985850943103486,0.7990562117043964,1,-14.553658726299545,69.33856588110743,-13.22654318769878,0,xstock_reversion
aaplx,2026-08-11T17:10:00Z,60,regular,1,55.45906837450154,1.473217431398055,-53.985850943103486,-63.73591535620449,39.16023677423213,53.985850943103486,9.897210643003973,1,21.78894920829677,22.299691091802742,34.04481486540156,1,xstock_reversion
aaplx,2026-08-11T18:20:00Z,5,regular,1,30.956875998997546,20.481666183105318,-51.438542182102864,-117.88669138409702,33.6808192522402,51.438542182102864,10.753622981196642,1,16.55199090699888,45.640174256300625,22.394950737796293,1,xstock_reversion
aaplx,2026-08-11T18:20:00Z,15,regular,1,30.956875998997546,20.481666183105318,-51.438542182102864,-117.88669138409702,33.6808192522402,51.438542182102864,15.112813464597252,1,35.86214056780612,0.4635881496994898,25.362750136395107,1,p1a_catchup
aaplx,2026-08-11T18:20:00Z,30,regular,1,30.956875998997546,20.481666183105318,-51.438542182102864,-117.88669138409702,33.6808192522402,51.438542182102864,19.006847629103873,1,37.74669460010038,-5.3150000471013925,-13.97141839889926,0,p1a_catchup
aaplx,2026-08-11T18:20:00Z,60,regular,1,30.956875998997546,20.481666183105318,-51.438542182102864,-117.88669138409702,33.6808192522402,51.438542182102864,32.461801631100684,1,-2.71274676939548,21.68948732039766,-30.255519596202873,0,xstock_reversion
aaplx,2026-08-11T19:40:00Z,5,regular,1,56.81141400789791,7.220917732997378,-49.59049627490053,-74.55567422820053,37.324155277957956,49.59049627490053,4.277752532999557,1,-5.7522391264974715,51.064982868398445,4.92538058519898,0,xstock_reversion
aaplx,2026-08-11T19:40:00Z,15,regular,1,56.81141400789791,7.220917732997378,-49.59049627490053,-74.55567422820053,37.324155277957956,49.59049627490053,9.726876364597459,1,-17.094100996999373,76.41147363649736,-9.18755806849525,0,xstock_reversion
aaplx,2026-08-11T19:40:00Z,30,regular,1,56.81141400789791,7.220917732997378,-49.59049627490053,-74.55567422820053,37.324155277957956,49.59049627490053,1.8105087230946282,1,-14.680206818900032,66.08121181689519,-8.53158378250285,0,xstock_reversion
aaplx,2026-08-11T19:40:00Z,60,regular,1,56.81141400789791,7.220917732997378,-49.59049627490053,-74.55567422820053,37.324155277957956,49.59049627490053,5.280415497894708,1,-20.031076546693782,64.3411573236996,-14.105994104998132,0,xstock_reversion
aaplx,2026-08-11T20:20:00Z,5,afterhours,1,84.60072320030321,4.669555657494939,79.93116754280827,90.1082067538006,36.23404296357054,79.93116754280827,3.195587018405277,1,-4.147455938294797,87.27421049950834,2.2948186374982527,0,xstock_reversion
aaplx,2026-08-11T20:20:00Z,15,afterhours,1,84.60072320030321,4.669555657494939,79.93116754280827,90.1082067538006,36.23404296357054,79.93116754280827,0.03272903960294116,1,-3.324453721393894,83.2883503038051,0.6917793501948211,0,xstock_reversion
aaplx,2026-08-11T20:20:00Z,30,afterhours,1,84.60072320030321,4.669555657494939,79.93116754280827,90.1082067538006,36.23404296357054,79.93116754280827,8.804912114896979,1,-5.246557986895439,76.37281341480673,-0.9836549345987322,0,xstock_reversion
aaplx,2026-08-11T20:20:00Z,60,afterhours,1,84.60072320030321,4.669555657494939,79.93116754280827,90.1082067538006,36.23404296357054,79.93116754280827,3.1620444555979788,1,-4.850430550797924,87.94364254920417,-3.279226132004709,0,xstock_reversion
aaplx,2026-08-11T22:25:00Z,5,afterhours,1,52.2584878961041,4.80128482980291,-47.45720306630119,-61.264027246901165,21.622761707311092,47.45720306630119,0.6188711062016239,1,-4.03191318880225,52.107987361305064,-0.11803805019638958,0,xstock_reversion
aaplx,2026-08-11T22:25:00Z,15,afterhours,1,52.2584878961041,4.80128482980291,-47.45720306630119,-61.264027246901165,21.622761707311092,47.45720306630119,42.47007888159793,1,-1.3481663934022947,6.335290578105557,-0.48853732430131913,0,xstock_reversion
aaplx,2026-08-11T22:25:00Z,30,afterhours,1,52.2584878961041,4.80128482980291,-47.45720306630119,-61.264027246901165,21.622761707311092,47.45720306630119,1.6569775301977785,1,-6.162154308597678,51.96237984470109,-2.4719504240966472,0,xstock_reversion
aaplx,2026-08-11T22:25:00Z,60,afterhours,1,52.2584878961041,4.80128482980291,-47.45720306630119,-61.264027246901165,21.622761707311092,47.45720306630119,0.15207462739752486,1,-5.810512883703822,53.41979057740254,-0.5049307802984515,0,xstock_reversion
aaplx,2026-08-11T23:00:00Z,5,afterhours,1,62.083890902799865,5.757617448605146,-56.32627345419472,-59.135377066494854,37.684987066943826,56.32627345419472,2.031361126002551,1,-4.59315853870379,58.88807086689596,2.950481113801473,0,xstock_reversion
aaplx,2026-08-11T23:00:00Z,15,afterhours,1,62.083890902799865,5.757617448605146,-56.32627345419472,-59.135377066494854,37.684987066943826,56.32627345419472,0.2569543940023067,1,-4.212423101108698,60.28174216130111,1.2358178040017265,0,xstock_reversion
aaplx,2026-08-11T23:00:00Z,30,afterhours,1,62.083890902799865,5.757617448605146,-56.32627345419472,-59.135377066494854,37.684987066943826,56.32627345419472,0.3732578137061182,1,-3.2540357133026276,59.953566981203466,1.9668906799985564,0,xstock_reversion
aaplx,2026-08-12T09:55:00Z,5,premarket,1,45.16624167250072,0.16725315919785544,44.99898851330286,43.27645043500361,12.947933031127414,44.99898851330286,17.052896905402903,1,-1.124331610293794,63.17621702899956,-0.32811090149742483,0,xstock_reversion
aaplx,2026-08-12T09:55:00Z,15,premarket,1,45.16624167250072,0.16725315919785544,44.99898851330286,43.27645043500361,12.947933031127414,44.99898851330286,5.445192338902061,1,-0.19869366400193655,39.75248983840274,6.887843229499424,0,xstock_reversion
aaplx,2026-08-12T09:55:00Z,30,premarket,1,45.16624167250072,0.16725315919785544,44.99898851330286,43.27645043500361,12.947933031127414,44.99898851330286,0.8234295709996786,1,8.19500460940148,35.980554332901704,6.23206252240216,0,xstock_reversion
aaplx,2026-08-12T09:55:00Z,60,premarket,1,45.16624167250072,0.16725315919785544,44.99898851330286,43.27645043500361,12.947933031127414,44.99898851330286,2.7202425495964633,1,-4.089169443899365,51.80840050679869,-4.952338358004127,0,xstock_reversion
aaplx,2026-08-12T10:15:00Z,5,premarket,1,114.55983929139713,0.14704627280259785,114.70688556419972,144.70235593579517,59.38596586282437,114.70688556419972,2.288036187598763,1,-0.020568853997815495,117.0154906057963,-4.916823830898309,0,xstock_reversion
aaplx,2026-08-12T10:15:00Z,15,premarket,1,114.55983929139713,0.14704627280259785,114.70688556419972,144.70235593579517,59.38596586282437,114.70688556419972,11.108762230005453,1,-5.909402977692935,131.7250507718981,-3.9332656444024394,0,xstock_reversion
aaplx,2026-08-12T10:15:00Z,30,premarket,1,114.55983929139713,0.14704627280259785,114.70688556419972,144.70235593579517,59.38596586282437,114.70688556419972,35.17463064070192,1,-8.034517037298627,87.56677196079643,-23.622833256400355,0,xstock_reversion
aaplx,2026-08-12T10:15:00Z,60,premarket,1,114.55983929139713,0.14704627280259785,114.70688556419972,144.70235593579517,59.38596586282437,114.70688556419972,4.649926117492598,1,-8.80673820240041,128.16354988409273,-13.477864405295747,0,xstock_reversion
aaplx,2026-08-12T11:45:00Z,5,premarket,1,41.92545297049932,6.133211613805756,-48.05866458430508,-17.12955938169891,29.169042262331864,48.05866458430508,6.119688205501461,1,5.071987963400915,36.8669884154027,-2.597193240099216,0,xstock_reversion
aaplx,2026-08-12T11:45:00Z,15,premarket,1,41.92545297049932,6.133211613805756,-48.05866458430508,-17.12955938169891,29.169042262331864,48.05866458430508,0.7226887425026973,1,0.31937851660224226,47.01659732520014,-5.909195536499823,0,xstock_reversion
aaplx,2026-08-12T11:45:00Z,30,premarket,1,41.92545297049932,6.133211613805756,-48.05866458430508,-17.12955938169891,29.169042262331864,48.05866458430508,27.78637558130015,1,-2.607003978196687,78.45204414380191,-0.0,0,xstock_reversion
aaplx,2026-08-12T11:45:00Z,60,premarket,1,41.92545297049932,6.133211613805756,-48.05866458430508,-17.12955938169891,29.169042262331864,48.05866458430508,2.8070933730006686,1,23.869831777600936,21.381739433703473,19.064529325500956,1,p1a_catchup
aaplx,2026-08-12T13:30:00Z,5,regular,0,7.7205653071033,48.82312621339757,-56.54369152050087,-39.05507978430478,31.098064269899353,56.54369152050087,12.202943862007487,1,41.7058353353017,27.04080004720666,-16.815870227002705,1,p1a_catchup
aaplx,2026-08-12T13:30:00Z,15,regular,0,7.7205653071033,48.82312621339757,-56.54369152050087,-39.05507978430478,31.098064269899353,56.54369152050087,6.127961075597099,1,36.67543479509483,25.99621780100314,1.818467149403702,1,p1a_catchup
aaplx,2026-08-12T13:30:00Z,30,regular,0,7.7205653071033,48.82312621339757,-56.54369152050087,-39.05507978430478,31.098064269899353,56.54369152050087,10.075340727198068,1,41.11191788210178,5.356432911201026,-18.4629639339029,1,p1a_catchup
aaplx,2026-08-12T13:30:00Z,60,regular,0,7.7205653071033,48.82312621339757,-56.54369152050087,-39.05507978430478,31.098064269899353,56.54369152050087,7.4429104179962735,1,71.92248193820028,-22.82170083569568,11.721879154000803,1,p1a_catchup
aaplx,2026-08-13T08:15:00Z,5,premarket,1,70.44469882279358,3.0274440740996056,-67.41725474869398,-62.22029760559522,35.77120855287935,67.41725474869398,0.19643944930258783,1,-2.3387380591000095,69.95243225709658,0.3296033223953998,0,xstock_reversion
aaplx,2026-08-13T08:15:00Z,15,premarket,1,70.44469882279358,3.0274440740996056,-67.41725474869398,-62.22029760559522,35.77120855287935,67.41725474869398,2.9499291300982833,1,-2.684148070306591,67.15147368890229,1.3184784776942848,0,xstock_reversion
aaplx,2026-08-13T08:15:00Z,30,premarket,1,70.44469882279358,3.0274440740996056,-67.41725474869398,-62.22029760559522,35.77120855287935,67.41725474869398,3.617576531702582,1,0.7518015296970049,70.28302975069955,-0.0,0,xstock_reversion
aaplx,2026-08-13T08:15:00Z,60,premarket,1,70.44469882279358,3.0274440740996056,-67.41725474869398,-62.22029760559522,35.77120855287935,67.41725474869398,11.576770555397076,1,-3.444785473103451,82.4388107771945,7.253783825591498,0,xstock_reversion
aaplx,2026-08-13T15:45:00Z,5,regular,1,75.47054895449712,8.690359288197058,-66.78018966630006,-89.832579145801,31.980013666581783,66.78018966630006,0.5038517642041995,1,-7.8899995302972314,75.17404096080149,1.7801689230001472,0,xstock_reversion
aaplx,2026-08-13T15:45:00Z,15,regular,1,75.47054895449712,8.690359288197058,-66.78018966630006,-89.832579145801,31.980013666581783,66.78018966630006,17.508320315098302,1,11.939501409603537,37.33236794159822,22.572255621398085,0,xstock_reversion
aaplx,2026-08-13T15:45:00Z,30,regular,1,75.47054895449712,8.690359288197058,-66.78018966630006,-89.832579145801,31.980013666581783,66.78018966630006,3.6729885173070187,1,-9.961627223997738,80.41480540760482,-7.940967073505334,0,xstock_reversion
aaplx,2026-08-13T15:45:00Z,60,regular,1,75.47054895449712,8.690359288197058,-66.78018966630006,-89.832579145801,31.980013666581783,66.78018966630006,13.33528545349516,1,-6.539948352903835,86.65542347269906,-11.89262517470091,0,xstock_reversion
aaplx,2026-08-13T20:00:00Z,5,afterhours,1,57.20134115420272,2.740397475999856,-59.94173863020258,-43.89708163540007,29.15576888414943,59.94173863020258,4.948744773196623,1,2.7068089760007297,52.28618488100523,3.86896667349923,0,xstock_reversion
aaplx,2026-08-13T20:00:00Z,15,afterhours,1,57.20134115420272,2.740397475999856,-59.94173863020258,-43.89708163540007,29.15576888414943,59.94173863020258,2.0245359905057825,1,4.813570297397263,53.103632342299534,4.918436036502882,0,xstock_reversion
aaplx,2026-08-13T20:00:00Z,30,afterhours,1,57.20134115420272,2.740397475999856,-59.94173863020258,-43.89708163540007,29.15576888414943,59.94173863020258,4.432027084995127,1,13.889589843802952,41.6201217014045,16.404203153701502,0,xstock_reversion
aaplx,2026-08-13T20:00:00Z,60,afterhours,1,57.20134115420272,2.740397475999856,-59.94173863020258,-43.89708163540007,29.15576888414943,59.94173863020258,0.7924529699998573,1,12.441236927198673,46.70804873300405,8.198737853701843,0,xstock_reversion
aaplx,2026-08-13T23:40:00Z,5,afterhours,1,146.52852366470626,10.622332584899752,135.9061910798065,147.51020517049795,62.337959922175855,135.9061910798065,7.590457545498808,1,-9.462657654299989,152.9593062796053,-3.234370164095779,0,xstock_reversion
aaplx,2026-08-13T23:40:00Z,15,afterhours,1,146.52852366470626,10.622332584899752,135.9061910798065,147.51020517049795,62.337959922175855,135.9061910798065,3.137456144202133,1,-14.615082482896113,147.38381741850048,-12.799266610095117,0,xstock_reversion
aaplx,2026-08-14T08:45:00Z,5,premarket,1,87.4164875415051,1.2009533405965556,88.61744088210166,67.85908409770336,41.475476775446815,88.61744088210166,18.26796126190189,1,1.9898950694940964,68.35958455070568,0.47750290850245847,0,xstock_reversion
aaplx,2026-08-14T08:45:00Z,15,premarket,1,87.4164875415051,1.2009533405965556,88.61744088210166,67.85908409770336,41.475476775446815,88.61744088210166,1.7298518089958748,1,1.4346045816981956,85.45298449140759,0.6541077971977671,0,xstock_reversion
aaplx,2026-08-14T08:45:00Z,30,premarket,1,87.4164875415051,1.2009533405965556,88.61744088210166,67.85908409770336,41.475476775446815,88.61744088210166,1.999661391201002,1,1.828746309495699,88.78835596380696,-2.7313623533942177,0,xstock_reversion
aaplx,2026-08-14T08:45:00Z,60,premarket,1,87.4164875415051,1.2009533405965556,88.61744088210166,67.85908409770336,41.475476775446815,88.61744088210166,1.2333246678952747,1,-4.77282426199821,92.1569404762046,-3.2711809253971325,0,xstock_reversion
aaplx,2026-08-14T12:20:00Z,5,premarket,1,47.54735682349853,0.09849718350274372,47.645854007001276,46.09003257650457,21.423768190680455,47.645854007001276,12.704360144297766,1,-0.666125078598867,61.01633922989791,3.9272156545955283,0,xstock_reversion
aaplx,2026-08-14T12:20:00Z,15,premarket,1,47.54735682349853,0.09849718350274372,47.645854007001276,46.09003257650457,21.423768190680455,47.645854007001276,8.149719285395207,1,-1.3530839282971385,40.84921864990321,-0.3273375997014938,0,xstock_reversion
aaplx,2026-08-14T12:20:00Z,30,premarket,1,47.54735682349853,0.09849718350274372,47.645854007001276,46.09003257650457,21.423768190680455,47.645854007001276,108.78137352809958,0,-8.047266188802027,164.47449372390287,-2.619000866106447,0,persistent_or_wider
aaplx,2026-08-14T12:20:00Z,60,premarket,1,47.54735682349853,0.09849718350274372,47.645854007001276,46.09003257650457,21.423768190680455,47.645854007001276,0.8090116573011841,1,-11.681014318902783,58.517856668602874,-9.824792013501948,0,xstock_reversion
aaplx,2026-08-14T12:40:00Z,5,premarket,1,178.20472004290266,11.324383189705856,166.8803368531968,189.5065281904973,77.87933766711659,166.8803368531968,10.374455511295011,1,-8.099342690099931,164.60522403200173,-0.48456845910038737,0,xstock_reversion
aaplx,2026-08-14T12:40:00Z,15,premarket,1,178.20472004290266,11.324383189705856,166.8803368531968,189.5065281904973,77.87933766711659,166.8803368531968,24.257005760297545,1,-14.470940101203311,205.60828271469768,2.1671742588047493,0,xstock_reversion
aaplx,2026-08-14T12:40:00Z,30,premarket,1,178.20472004290266,11.324383189705856,166.8803368531968,189.5065281904973,77.87933766711659,166.8803368531968,60.366218232603686,1,-18.388926045407317,124.90304466600044,-7.657617754697199,0,xstock_reversion
aaplx,2026-08-14T12:40:00Z,60,premarket,1,178.20472004290266,11.324383189705856,166.8803368531968,189.5065281904973,77.87933766711659,166.8803368531968,24.942427521796873,1,36.50046666879625,155.32229770619745,26.03392418180306,0,xstock_reversion
aaplx,2026-08-14T12:50:00Z,5,premarket,1,114.3081360342979,5.526762506198324,-108.78137352809958,-123.62527507399967,120.31160104656401,108.78137352809958,24.257005760297545,1,-2.8320322020025657,87.3563999698046,-2.619000866106447,0,xstock_reversion
aaplx,2026-08-14T12:50:00Z,15,premarket,1,114.3081360342979,5.526762506198324,-108.78137352809958,-123.62527507399967,120.31160104656401,108.78137352809958,17.73058815070172,1,1.2848590068958998,89.76592637050196,11.138412289994903,0,xstock_reversion
aaplx,2026-08-14T12:50:00Z,30,premarket,1,114.3081360342979,5.526762506198324,-108.78137352809958,-123.62527507399967,120.31160104656401,108.78137352809958,0.8090116573011841,1,3.6337481301007557,105.9566370553,7.205791147395502,0,xstock_reversion
aaplx,2026-08-14T12:50:00Z,60,premarket,1,114.3081360342979,5.526762506198324,-108.78137352809958,-123.62527507399967,120.31160104656401,108.78137352809958,26.5352452804013,1,-40.18011502590291,122.42624327360119,-22.893034166804327,0,xstock_reversion
aaplx,2026-08-14T13:00:00Z,5,premarket,1,105.2936146957073,16.097970128399197,89.19564456730811,81.74265988320606,136.79293328187126,89.19564456730811,17.73058815070172,1,-13.409959447194808,120.33619216520464,-1.6387800956962906,0,xstock_reversion
aaplx,2026-08-14T13:00:00Z,15,premarket,1,105.2936146957073,16.097970128399197,89.19564456730811,81.74265988320606,136.79293328187126,89.19564456730811,1.3670662422970992,1,-13.74678163109877,104.30949244070398,-0.3277345349950167,0,xstock_reversion
aaplx,2026-08-14T13:00:00Z,30,premarket,1,105.2936146957073,16.097970128399197,89.19564456730811,81.74265988320606,136.79293328187126,89.19564456730811,16.827673446595526,1,7.792159068307214,64.57581205240537,72.8178371464061,1,xstock_reversion
aaplx,2026-08-14T13:00:00Z,60,premarket,1,105.2936146957073,16.097970128399197,89.19564456730811,81.74265988320606,136.79293328187126,89.19564456730811,0.990763243402526,1,15.48918878750527,74.69721902320536,28.145063742099907,0,xstock_reversion
aaplx,2026-08-14T13:10:00Z,5,premarket,1,60.95929313159942,0.593074898995738,60.366218232603686,80.70523804869723,129.83032898796353,60.366218232603686,1.3670662422970992,1,-0.535727448598422,62.26901192349921,-2.621575581898128,0,xstock_reversion
aaplx,2026-08-14T13:10:00Z,15,premarket,1,60.95929313159942,0.593074898995738,60.366218232603686,80.70523804869723,129.83032898796353,60.366218232603686,17.888363799798412,1,-0.0006395885954191272,42.47849402140069,24.21704884819853,0,xstock_reversion
aaplx,2026-08-14T13:10:00Z,30,premarket,1,60.95929313159942,0.593074898995738,60.366218232603686,80.70523804869723,129.83032898796353,60.366218232603686,24.942427521796873,1,54.88939271420357,30.419253040196992,33.69154193650026,1,p1a_catchup
aaplx,2026-08-14T13:10:00Z,60,premarket,1,60.95929313159942,0.593074898995738,60.366218232603686,80.70523804869723,129.83032898796353,60.366218232603686,6.409547465899834,1,22.84030930740144,43.93545639110208,17.347330123698157,0,xstock_reversion
aaplx,2026-08-14T16:05:00Z,5,regular,1,155.69454979050158,30.207532112696,125.48701767780557,144.20521374080232,46.316541859793205,125.48701767780557,4.714147065705276,1,-27.932485544894803,158.13365028840565,-1.965280058700003,0,xstock_reversion
aaplx,2026-08-14T16:05:00Z,15,regular,1,155.69454979050158,30.207532112696,125.48701767780557,144.20521374080232,46.316541859793205,125.48701767780557,2.012092024799017,1,-37.427985788598406,160.90291144160494,-6.5491588112998045,0,xstock_reversion
aaplx,2026-08-14T16:05:00Z,30,regular,1,155.69454979050158,30.207532112696,125.48701767780557,144.20521374080232,46.316541859793205,125.48701767780557,22.01180831989724,1,-26.938093259492035,130.41330261740035,1.9648939020999734,0,xstock_reversion
aaplx,2026-08-14T16:05:00Z,60,regular,1,155.69454979050158,30.207532112696,125.48701767780557,144.20521374080232,46.316541859793205,125.48701767780557,0.2138140725982396,1,-30.04270614029636,155.74353789070017,-1.1463664290989328,0,xstock_reversion
aaplx,2026-08-14T17:35:00Z,5,regular,1,76.65452248399873,4.2005635583031165,72.45395892569562,85.4977478705976,35.749008961649025,72.45395892569562,0.4216489307928839,1,-3.8441802729050067,76.7197881293935,-1.47009446689772,0,xstock_reversion
aaplx,2026-08-14T17:35:00Z,15,regular,1,76.65452248399873,4.2005635583031165,72.45395892569562,85.4977478705976,35.749008961649025,72.45395892569562,0.9380172757023075,1,14.074394813601288,59.317581387796636,18.31712017580145,0,xstock_reversion
aaplx,2026-08-14T17:35:00Z,30,regular,1,76.65452248399873,4.2005635583031165,72.45395892569562,85.4977478705976,35.749008961649025,72.45395892569562,41.736641662399876,1,2.223288485998509,111.96731210209698,14.231385054301882,0,xstock_reversion
aaplx,2026-08-14T17:35:00Z,60,regular,1,76.65452248399873,4.2005635583031165,72.45395892569562,85.4977478705976,35.749008961649025,72.45395892569562,5.67914619930221,1,16.02102438489794,62.112080740099884,14.06792092249809,0,xstock_reversion
aaplx,2026-08-17T11:00:00Z,5,premarket,1,46.28317285759742,2.0406477537004974,48.32382061129792,47.42337998940194,19.975957585207837,48.32382061129792,4.451904606703749,1,1.8286187395943898,42.04329726499978,4.399866445394807,0,xstock_reversion
aaplx,2026-08-17T11:00:00Z,15,premarket,1,46.28317285759742,2.0406477537004974,48.32382061129792,47.42337998940194,19.975957585207837,48.32382061129792,2.2396132725077678,1,7.218282899401629,43.34515098440406,-0.3259930564070146,0,xstock_reversion
aaplx,2026-08-17T11:00:00Z,30,premarket,1,46.28317285759742,2.0406477537004974,48.32382061129792,47.42337998940194,19.975957585207837,48.32382061129792,9.75626149429587,1,8.735347065300658,29.83221205170139,19.865507322798237,0,xstock_reversion
aaplx,2026-08-17T11:00:00Z,60,premarket,1,46.28317285759742,2.0406477537004974,48.32382061129792,47.42337998940194,19.975957585207837,48.32382061129792,5.5297298154943775,1,17.0296882382015,25.76440255760204,23.768834959101426,1,xstock_reversion
aaplx,2026-08-17T19:15:00Z,5,regular,1,80.15141200419684,12.065570835497752,-68.08584116869909,-77.97691459609624,33.064764033884934,68.08584116869909,2.921803084499075,1,-11.334636887205818,82.34228114040398,-1.4713455481007998,0,xstock_reversion
aaplx,2026-08-17T19:15:00Z,15,regular,1,80.15141200419684,12.065570835497752,-68.08584116869909,-77.97691459609624,33.064764033884934,68.08584116869909,0.17337652909787948,1,-21.8606562276058,90.11987392540277,-8.171403811507716,0,xstock_reversion
aaplx,2026-08-17T19:15:00Z,30,regular,1,80.15141200419684,12.065570835497752,-68.08584116869909,-77.97691459609624,33.064764033884934,68.08584116869909,0.574782089000081,1,-6.14329780960432,74.80392106730349,2.452723762091935,0,xstock_reversion
aaplx,2026-08-17T19:15:00Z,60,regular,1,80.15141200419684,12.065570835497752,-68.08584116869909,-77.97691459609624,33.064764033884934,68.08584116869909,0.6549346425988034,1,8.881667234295065,59.85910857700283,21.93234589509707,0,xstock_reversion
aaplx,2026-08-18T10:25:00Z,5,premarket,1,140.83861868500412,10.40689980320586,-130.43171888179828,-138.56152364580154,42.703671299262524,130.43171888179828,37.39775102610032,1,-10.183609813703143,178.01307972160174,3.569748046201582,0,xstock_reversion
aaplx,2026-08-18T10:25:00Z,15,premarket,1,140.83861868500412,10.40689980320586,-130.43171888179828,-138.56152364580154,42.703671299262524,130.43171888179828,3.1736716247010577,1,-2.366697037103904,135.97208754360324,4.543536897099187,0,xstock_reversion
aaplx,2026-08-18T10:25:00Z,30,premarket,1,140.83861868500412,10.40689980320586,-130.43171888179828,-138.56152364580154,42.703671299262524,130.43171888179828,4.404751678297458,1,1.2559222447983132,124.7710449587025,16.07391096290378,0,xstock_reversion
aaplx,2026-08-18T10:25:00Z,60,premarket,1,140.83861868500412,10.40689980320586,-130.43171888179828,-138.56152364580154,42.703671299262524,130.43171888179828,2.8910742971000047,1,11.154252853797786,122.1685403251005,21.762794226001247,0,xstock_reversion
aaplx,2026-08-19T08:00:00Z,5,premarket,0,3.0046028633989863,57.83199212450185,-54.827389261102866,-67.7378399899009,25.47430279540242,54.827389261102866,2.3132738196984803,1,53.32238288420221,3.818280196599133,-9.417266766202914,1,p1a_catchup
aaplx,2026-08-19T08:00:00Z,15,premarket,0,3.0046028633989863,57.83199212450185,-54.827389261102866,-67.7378399899009,25.47430279540242,54.827389261102866,25.466620547200947,1,38.84740560460287,41.44660420370094,-29.19710103330253,1,xstock_reversion
aaplx,2026-08-19T08:00:00Z,30,premarket,0,3.0046028633989863,57.83199212450185,-54.827389261102866,-67.7378399899009,25.47430279540242,54.827389261102866,5.043551448906669,1,35.29340934970371,24.577531360305827,-31.7882780900014,0,p1a_catchup
aaplx,2026-08-19T08:00:00Z,60,premarket,0,3.0046028633989863,57.83199212450185,-54.827389261102866,-67.7378399899009,25.47430279540242,54.827389261102866,0.2833908028954113,1,27.861878326103096,26.68212013210436,-32.43596745840627,0,p1a_catchup
aaplx,2026-08-19T18:35:00Z,5,regular,1,113.06310466149938,8.752551913895346,104.31055274760404,107.50619951149787,52.551372622753,104.31055274760404,3.040750524103686,1,-8.379962104996252,115.73126537670397,0.3176115610958874,0,xstock_reversion
aaplx,2026-08-19T18:35:00Z,15,regular,1,113.06310466149938,8.752551913895346,104.31055274760404,107.50619951149787,52.551372622753,104.31055274760404,3.2278728976997684,1,0.7308557717067288,106.80756987359707,5.874181554101909,0,xstock_reversion
aaplx,2026-08-19T18:35:00Z,30,regular,1,113.06310466149938,8.752551913895346,104.31055274760404,107.50619951149787,52.551372622753,104.31055274760404,16.646556273096635,1,4.475912139305649,83.18808433520175,30.286475909395705,0,xstock_reversion
aaplx,2026-08-19T18:35:00Z,60,regular,1,113.06310466149938,8.752551913895346,104.31055274760404,107.50619951149787,52.551372622753,104.31055274760404,21.531374333205733,1,42.11544321260696,83.7264838682028,25.21869422239753,0,xstock_reversion
aaplx,2026-08-20T16:45:00Z,5,regular,1,41.15026243830755,5.158738436596977,-46.30900087490453,-41.608569495306114,21.002888016841393,46.30900087490453,22.029655161395212,1,8.402170915404739,15.877174798104576,-2.365800006298713,0,xstock_reversion
aaplx,2026-08-20T16:45:00Z,15,regular,1,41.15026243830755,5.158738436596977,-46.30900087490453,-41.608569495306114,21.002888016841393,46.30900087490453,0.4226340000013096,1,-1.6722899187993079,48.403924793705144,-7.883824378298598,0,xstock_reversion
aaplx,2026-08-20T16:45:00Z,30,regular,1,41.15026243830755,5.158738436596977,-46.30900087490453,-41.608569495306114,21.002888016841393,46.30900087490453,0.8506501676031064,1,-4.584700747898296,50.043051455199716,-2.2648706359973403,0,xstock_reversion
aaplx,2026-08-20T16:45:00Z,60,regular,1,41.15026243830755,5.158738436596977,-46.30900087490453,-41.608569495306114,21.002888016841393,46.30900087490453,36.2391321881983,1,10.875240894101523,71.6728921690013,19.57874753060196,1,xstock_reversion
aaplx,2026-08-21T11:30:00Z,5,premarket,1,78.34573241570553,7.303034323102864,-71.04269809260266,-76.74765831620078,40.96460721677992,71.04269809260266,14.324144725197385,1,-6.450318531001642,91.81716134880169,-13.147137581794865,0,xstock_reversion
aaplx,2026-08-21T11:30:00Z,15,premarket,1,78.34573241570553,7.303034323102864,-71.04269809260266,-76.74765831620078,40.96460721677992,71.04269809260266,0.5387859127026218,1,-23.236670323001363,93.7405825029014,-10.583199358595863,0,xstock_reversion
aaplx,2026-08-21T11:30:00Z,30,premarket,1,78.34573241570553,7.303034323102864,-71.04269809260266,-76.74765831620078,40.96460721677992,71.04269809260266,2.4288255168958273,1,-18.827729307302477,92.29925291680097,-13.147137581794865,0,xstock_reversion
aaplx,2026-08-21T11:30:00Z,60,premarket,1,78.34573241570553,7.303034323102864,-71.04269809260266,-76.74765831620078,40.96460721677992,71.04269809260266,5.217539537296645,1,-25.01127071989906,90.83642927520508,-11.544753230401383,0,xstock_reversion
aaplx,2026-08-21T13:30:00Z,5,regular,0,40.2007295800999,116.68892928190289,-76.48819970180298,-71.63914755950351,38.65971049582294,76.48819970180298,3.2973131266000877,1,105.23286394650277,-32.04197737129988,-3.2452781487979365,1,p1a_catchup
aaplx,2026-08-21T13:30:00Z,15,regular,0,40.2007295800999,116.68892928190289,-76.48819970180298,-71.63914755950351,38.65971049582294,76.48819970180298,22.760939317603146,1,119.35689080010192,-65.62963041590208,21.45830135730442,1,p1a_catchup
aaplx,2026-08-21T13:30:00Z,30,regular,0,40.2007295800999,116.68892928190289,-76.48819970180298,-71.63914755950351,38.65971049582294,76.48819970180298,12.712644024297504,1,142.01139472010738,-78.2358390426019,6.168931509398234,1,p1a_catchup
aaplx,2026-08-21T13:30:00Z,60,regular,0,40.2007295800999,116.68892928190289,-76.48819970180298,-71.63914755950351,38.65971049582294,76.48819970180298,11.858313271000398,1,123.7598123202055,-35.413299347402116,-0.17851767039722688,1,p1a_catchup
aaplx,2026-08-21T21:10:00Z,5,afterhours,1,146.5343018791998,8.926535245494804,137.607766633705,148.57862544830346,60.158431549285446,137.607766633705,1.5044102398054093,1,-7.526972657894149,146.63914953140454,1.63153983310238,0,xstock_reversion
aaplx,2026-08-21T21:10:00Z,15,afterhours,1,146.5343018791998,8.926535245494804,137.607766633705,148.57862544830346,60.158431549285446,137.607766633705,2.193441233302451,1,-12.193868793399787,147.60819419380232,0.05492745289714662,0,xstock_reversion
aaplx,2026-08-21T21:10:00Z,30,afterhours,1,146.5343018791998,8.926535245494804,137.607766633705,148.57862544830346,60.158431549285446,137.607766633705,0.1784419499006873,1,-9.049080437195656,146.47840512099998,-0.9144248588999204,0,xstock_reversion
aaplx,2026-08-21T21:10:00Z,60,afterhours,1,146.5343018791998,8.926535245494804,137.607766633705,148.57862544830346,60.158431549285446,137.607766633705,26.492982451600255,1,-7.311021790492589,171.41177087579786,3.7472990003983853,0,xstock_reversion
aaplx,2026-08-24T16:05:00Z,5,regular,1,43.70969700999261,3.5070491664068726,-47.21674617639948,-56.62571167309949,22.976316449801974,47.21674617639948,0.7164323649977433,1,3.271860721101305,43.228453090300434,0.6421988891958108,0,xstock_reversion
aaplx,2026-08-24T16:05:00Z,15,regular,1,43.70969700999261,3.5070491664068726,-47.21674617639948,-56.62571167309949,22.976316449801974,47.21674617639948,1.8089704493995384,1,-4.176656274994528,49.58443200199447,-8.348042923405075,0,xstock_reversion
aaplx,2026-08-24T16:05:00Z,30,regular,1,43.70969700999261,3.5070491664068726,-47.21674617639948,-56.62571167309949,22.976316449801974,47.21674617639948,2.472862726898839,1,-18.55352858989967,68.24313749319799,-25.01364226320746,0,xstock_reversion
aaplx,2026-08-24T16:05:00Z,60,regular,1,43.70969700999261,3.5070491664068726,-47.21674617639948,-56.62571167309949,22.976316449801974,47.21674617639948,14.456215985001464,1,-36.51369917559322,98.18666133699416,-34.61763826340558,0,xstock_reversion
aaplx,2026-08-25T09:50:00Z,5,premarket,1,44.96501520110385,0.4446261039969812,-45.409641305100834,-50.13164309460194,20.891381619234163,45.409641305100834,33.836712161603444,1,2.3176007086966877,9.255328434800703,-3.549016798300997,0,xstock_reversion
aaplx,2026-08-25T09:50:00Z,15,premarket,1,44.96501520110385,0.4446261039969812,-45.409641305100834,-50.13164309460194,20.891381619234163,45.409641305100834,16.315742868000527,1,-1.340574077302037,30.434472514402344,14.531835344300248,0,xstock_reversion
aaplx,2026-08-25T09:50:00Z,30,premarket,1,44.96501520110385,0.4446261039969812,-45.409641305100834,-50.13164309460194,20.891381619234163,45.409641305100834,10.290483142201268,1,-2.4898699907982547,58.189994438100356,-10.320916897494925,0,xstock_reversion
aaplx,2026-08-25T09:50:00Z,60,premarket,1,44.96501520110385,0.4446261039969812,-45.409641305100834,-50.13164309460194,20.891381619234163,45.409641305100834,12.097657943597184,1,-15.542704125897089,48.85468748740074,-3.8715922406939995,0,xstock_reversion
aaplx,2026-08-25T11:00:00Z,5,premarket,1,64.94060841890636,17.378723671699348,-47.56188474720702,-69.05057225930378,20.340230987657936,47.56188474720702,4.42548345519711,1,-13.100733293196498,56.237134585206405,10.962792095599028,0,xstock_reversion
aaplx,2026-08-25T11:00:00Z,15,premarket,1,64.94060841890636,17.378723671699348,-47.56188474720702,-69.05057225930378,20.340230987657936,47.56188474720702,7.033916265699602,1,-10.025766513797052,64.62156752670367,3.5454706983983897,0,xstock_reversion
aaplx,2026-08-25T11:00:00Z,30,premarket,1,64.94060841890636,17.378723671699348,-47.56188474720702,-69.05057225930378,20.340230987657936,47.56188474720702,37.11115192100323,1,-13.729783711298182,24.180516537501973,5.795885084003416,0,xstock_reversion
aaplx,2026-08-25T11:00:00Z,60,premarket,1,64.94060841890636,17.378723671699348,-47.56188474720702,-69.05057225930378,20.340230987657936,47.56188474720702,3.0560554989023103,1,-13.671511642199263,58.17734089050397,3.5454706983983897,0,xstock_reversion
aaplx,2026-08-26T10:25:00Z,5,premarket,1,153.88051502330137,8.130298778397105,145.75021624490427,152.42327064109773,57.98619113054511,145.75021624490427,30.616668484597653,1,-4.462095339494709,119.59564309980131,-0.32310699690007993,0,xstock_reversion
aaplx,2026-08-26T10:25:00Z,15,premarket,1,153.88051502330137,8.130298778397105,145.75021624490427,152.42327064109773,57.98619113054511,145.75021624490427,12.673556891895643,1,-9.36935825239793,167.7931313891978,-1.6156393927957424,0,xstock_reversion
aaplx,2026-08-26T10:25:00Z,30,premarket,1,153.88051502330137,8.130298778397105,145.75021624490427,152.42327064109773,57.98619113054511,145.75021624490427,25.675036215302427,1,-11.379785559597622,131.45496558919945,-4.847701476498045,0,xstock_reversion
aaplx,2026-08-26T10:25:00Z,60,premarket,1,153.88051502330137,8.130298778397105,145.75021624490427,152.42327064109773,57.98619113054511,145.75021624490427,0.08525102220602321,1,-1.905414318592591,147.74088158570288,9.39784435479929,0,xstock_reversion
aaplx,2026-08-26T12:05:00Z,5,premarket,1,116.50081001020496,12.848006407004675,-103.65280360320028,-92.5564178939009,38.3772600723884,103.65280360320028,8.868727295299195,1,-9.358486096404661,104.14256240430575,-3.8669760728993197,0,xstock_reversion
aaplx,2026-08-26T12:05:00Z,15,premarket,1,116.50081001020496,12.848006407004675,-103.65280360320028,-92.5564178939009,38.3772600723884,103.65280360320028,6.116188980698212,1,-14.583317212997216,112.11993183549929,-5.155635868492325,0,xstock_reversion
aaplx,2026-08-26T12:05:00Z,30,premarket,1,116.50081001020496,12.848006407004675,-103.65280360320028,-92.5564178939009,38.3772600723884,103.65280360320028,30.844558987901394,1,-16.775050253503565,151.27241284460524,-0.9701070074008555,0,xstock_reversion
aaplx,2026-08-26T12:05:00Z,60,premarket,1,116.50081001020496,12.848006407004675,-103.65280360320028,-92.5564178939009,38.3772600723884,103.65280360320028,10.648438179607922,1,-11.059564935704813,104.06393035929717,15.786320921504782,0,xstock_reversion
aaplx,2026-08-26T15:40:00Z,5,regular,1,91.76158671079904,12.783874758897085,104.54546146969612,117.04522178959564,52.34201557787459,104.54546146969612,24.297778414998916,1,7.321838706797479,121.52140117789756,-0.3190454160950651,0,xstock_reversion
aaplx,2026-08-26T15:40:00Z,15,regular,1,91.76158671079904,12.783874758897085,104.54546146969612,117.04522178959564,52.34201557787459,104.54546146969612,8.619828351905667,1,4.325244350500412,108.84004547110138,-15.964753223203232,0,xstock_reversion
aaplx,2026-08-26T15:40:00Z,30,regular,1,91.76158671079904,12.783874758897085,104.54546146969612,117.04522178959564,52.34201557787459,104.54546146969612,4.678445617294358,1,12.70038583609967,87.1666300163021,-0.9571667870034162,0,xstock_reversion
aaplx,2026-08-26T15:40:00Z,60,regular,1,91.76158671079904,12.783874758897085,104.54546146969612,117.04522178959564,52.34201557787459,104.54546146969612,5.490104088199388,1,-7.281714642699555,117.31728020059506,-22.677557349499722,0,xstock_reversion
aaplx,2026-08-26T19:10:00Z,5,regular,1,56.942834394293484,7.574958104097362,-49.36787629019612,-81.40179912699885,30.446956031627465,49.36787629019612,2.8244933873988742,1,-7.2854988874038185,59.477868564998815,0.6347997207978295,0,xstock_reversion
aaplx,2026-08-26T19:10:00Z,15,regular,1,56.942834394293484,7.574958104097362,-49.36787629019612,-81.40179912699885,30.446956031627465,49.36787629019612,20.095158716202377,1,-2.3415151945016532,31.6142327684954,7.156525967797478,0,xstock_reversion
aaplx,2026-08-26T19:10:00Z,30,regular,1,56.942834394293484,7.574958104097362,-49.36787629019612,-81.40179912699885,30.446956031627465,49.36787629019612,37.44066293379866,1,-5.618685736301643,17.545899092699102,-5.394171253003677,0,xstock_reversion
aaplx,2026-08-26T19:10:00Z,60,regular,1,56.942834394293484,7.574958104097362,-49.36787629019612,-81.40179912699885,30.446956031627465,49.36787629019612,22.95978989299563,1,39.08009802720436,-12.672011630003865,42.24481713859696,1,p1a_catchup
aaplx,2026-08-26T20:00:00Z,5,afterhours,1,54.093588136598925,0.7777735841951738,-53.31581455240375,-102.78558263090432,40.22868778301735,53.31581455240375,26.095583819403245,1,-2.9219334970953525,82.33333186890235,-8.419226949003544,0,xstock_reversion
aaplx,2026-08-26T20:00:00Z,15,afterhours,1,54.093588136598925,0.7777735841951738,-53.31581455240375,-102.78558263090432,40.22868778301735,53.31581455240375,25.616583068597265,1,-7.5394240615001,35.238655545306585,-2.99856772790541,0,xstock_reversion
aaplx,2026-08-26T20:00:00Z,30,afterhours,1,54.093588136598925,0.7777735841951738,-53.31581455240375,-102.78558263090432,40.22868778301735,53.31581455240375,15.533829351195294,1,-5.6922645524970505,43.47424975370551,-2.0416757125030216,0,xstock_reversion
aaplx,2026-08-26T20:00:00Z,60,afterhours,1,54.093588136598925,0.7777735841951738,-53.31581455240375,-102.78558263090432,40.22868778301735,53.31581455240375,82.96043743329484,0,13.271988132803614,-42.916611013694705,49.44630960149965,1,persistent_or_wider
aaplx,2026-08-26T20:55:00Z,5,afterhours,1,60.89984355259759,6.880725626094986,-54.0191179265026,-53.3794474065985,26.467563189123403,54.0191179265026,82.96043743329484,0,1.5331241415061925,-30.474443648298433,43.81039765210204,1,persistent_or_wider
aaplx,2026-08-26T20:55:00Z,15,afterhours,1,60.89984355259759,6.880725626094986,-54.0191179265026,-53.3794474065985,26.467563189123403,54.0191179265026,5.444363349402792,1,36.437005617306895,23.0264756585985,45.09298334659739,1,p1a_catchup
aaplx,2026-08-26T20:55:00Z,30,afterhours,1,60.89984355259759,6.880725626094986,-54.0191179265026,-53.3794474065985,26.467563189123403,54.0191179265026,13.930056461699536,1,23.92478070490256,16.164280759900507,21.071833194099554,0,p1a_catchup
aaplx,2026-08-26T20:55:00Z,60,afterhours,1,60.89984355259759,6.880725626094986,-54.0191179265026,-53.3794474065985,26.467563189123403,54.0191179265026,20.283745872200498,1,51.84607104640193,22.45679275230117,72.55409524580259,1,p1a_catchup
aaplx,2026-08-26T21:00:00Z,5,afterhours,1,47.56388954879398,35.39654788450086,-82.96043743329484,-84.84897054509943,26.426164416682767,82.96043743329484,16.15869877870324,1,27.917670140800155,71.20146607119793,1.526295574594272,0,xstock_reversion
aaplx,2026-08-26T21:00:00Z,15,afterhours,1,47.56388954879398,35.39654788450086,-82.96043743329484,-84.84897054509943,26.426164416682767,82.96043743329484,22.411255931498175,1,34.420508001895556,70.95118536289746,-13.137027474501295,0,xstock_reversion
aaplx,2026-08-26T21:00:00Z,30,afterhours,1,47.56388954879398,35.39654788450086,-82.96043743329484,-84.84897054509943,26.426164416682767,82.96043743329484,24.817500582496876,1,16.491155686697567,41.6517811641004,-3.5262626790011353,0,xstock_reversion
aaplx,2026-08-26T21:00:00Z,60,afterhours,1,47.56388954879398,35.39654788450086,-82.96043743329484,-84.84897054509943,26.426164416682767,82.96043743329484,13.432615508905954,1,62.94039594579637,6.58742597859252,24.20767317239836,1,p1a_catchup
aaplx,2026-08-26T23:25:00Z,5,afterhours,1,46.71624102340566,1.348103362408537,-45.36813766099712,-10.903313661199121,40.87058645106741,45.36813766099712,47.59042154069526,0,3.032829225899647,-5.255113105597786,-1.9253602087943023,0,persistent_or_wider
aaplx,2026-08-26T23:25:00Z,15,afterhours,1,46.71624102340566,1.348103362408537,-45.36813766099712,-10.903313661199121,40.87058645106741,45.36813766099712,52.126314434497445,0,-1.324839389704735,-5.433337383795589,-4.43419005169865,0,persistent_or_wider
aaplx,2026-08-26T23:25:00Z,30,afterhours,1,46.71624102340566,1.348103362408537,-45.36813766099712,-10.903313661199121,40.87058645106741,45.36813766099712,3.853046146904404,1,-3.510938261301888,52.73212206920341,-6.09570271849158,0,xstock_reversion
aaplx,2026-08-26T23:30:00Z,5,afterhours,1,53.89671433779775,6.306292797102486,-47.59042154069526,-60.63640505080237,32.37602629850368,47.59042154069526,8.30067294849357,1,-5.948671321007737,61.83976581019657,-3.2081101297976033,0,xstock_reversion
aaplx,2026-08-26T23:30:00Z,15,afterhours,1,53.89671433779775,6.306292797102486,-47.59042154069526,-60.63640505080237,32.37602629850368,47.59042154069526,4.153300894893519,1,-8.412904673607002,60.15662710919578,-0.6417043670037259,0,xstock_reversion
aaplx,2026-08-26T23:40:00Z,5,afterhours,1,56.5837684588999,4.457454024402452,-52.126314434497445,-5.433337383795589,47.26364956088209,52.126314434497445,4.153300894893519,1,-4.05523605800262,60.334851387393584,1.8671254759006217,0,xstock_reversion
aaplx,2026-08-26T23:40:00Z,15,afterhours,1,56.5837684588999,4.457454024402452,-52.126314434497445,-5.433337383795589,47.26364956088209,52.126314434497445,3.853046146904404,1,-2.186098871597153,58.165459452999,-1.6615126667929303,0,xstock_reversion
aaplx,2026-08-27T08:05:00Z,5,premarket,1,85.65191855489651,7.770091676695401,-77.88182687820111,-85.17582781909283,47.82118946385231,77.88182687820111,2.910059913796559,1,-5.858514495091782,80.83028145949633,6.758605409897811,0,xstock_reversion
aaplx,2026-08-27T08:05:00Z,15,premarket,1,85.65191855489651,7.770091676695401,-77.88182687820111,-85.17582781909283,47.82118946385231,77.88182687820111,1.5531085881015372,1,-4.128257146893688,83.56319261319634,4.82710913820128,0,xstock_reversion
aaplx,2026-08-27T08:05:00Z,30,premarket,1,85.65191855489651,7.770091676695401,-77.88182687820111,-85.17582781909283,47.82118946385231,77.88182687820111,30.506106173300296,1,-2.1574047562999965,110.5453378078014,5.792810640601331,0,xstock_reversion
aaplx,2026-08-27T08:05:00Z,60,premarket,1,85.65191855489651,7.770091676695401,-77.88182687820111,-85.17582781909283,47.82118946385231,77.88182687820111,36.333895511004854,1,18.894967801106333,95.32075458809963,25.12645074159714,0,xstock_reversion
aaplx,2026-08-27T11:20:00Z,5,premarket,1,50.02276751100432,1.0235107420974998,51.04627825310182,59.52478492580404,32.980937436464615,51.04627825310182,6.54703362309661,1,1.1690782902995522,43.330166339705656,-3.2206119441013925,0,xstock_reversion
aaplx,2026-08-27T11:20:00Z,15,premarket,1,50.02276751100432,1.0235107420974998,51.04627825310182,59.52478492580404,32.980937436464615,51.04627825310182,8.595077994604239,1,-0.32281397229994013,42.77401423079752,-2.2543194465995953,0,xstock_reversion
aaplx,2026-08-27T11:20:00Z,30,premarket,1,50.02276751100432,1.0235107420974998,51.04627825310182,59.52478492580404,32.980937436464615,51.04627825310182,40.38844686680143,1,-6.097250532599574,16.75508191889996,-0.9660746782991225,0,xstock_reversion
aaplx,2026-08-27T11:20:00Z,60,premarket,1,50.02276751100432,1.0235107420974998,51.04627825310182,59.52478492580404,32.980937436464615,51.04627825310182,1.3299083121953714,1,-3.1203054500039684,55.49649201530116,-7.408958735997118,0,xstock_reversion
aaplx,2026-08-27T12:45:00Z,5,premarket,1,41.01759229500068,4.360017369204883,45.377609664205565,51.572128076502466,24.475477003972113,45.377609664205565,39.646609338195304,1,5.666644859605441,0.0643554664048196,4.512490003998337,0,p1a_catchup
aaplx,2026-08-27T12:45:00Z,15,premarket,1,41.01759229500068,4.360017369204883,45.377609664205565,51.572128076502466,24.475477003972113,45.377609664205565,37.31469110459962,1,11.865273541902255,-3.8023549822963076,10.67841544089454,0,p1a_catchup
aaplx,2026-08-27T12:45:00Z,30,premarket,1,41.01759229500068,4.360017369204883,45.377609664205565,51.572128076502466,24.475477003972113,45.377609664205565,3.869291660301144,1,4.0386057897023875,45.20829553480432,-3.224454289103562,0,xstock_reversion
aaplx,2026-08-27T12:45:00Z,60,premarket,1,41.01759229500068,4.360017369204883,45.377609664205565,51.572128076502466,24.475477003972113,45.377609664205565,22.554801306498007,1,28.278531655603345,-5.455723297895787,44.391619204393606,1,p1a_catchup
aaplx,2026-08-27T14:35:00Z,5,regular,0,2.8752375900964466,43.29954640620137,46.17478399629782,94.46203874159842,24.930824568806848,46.17478399629782,23.213710178797697,1,34.90984778790285,34.47864638719267,-2.875904731496348,1,p1a_catchup
aaplx,2026-08-27T14:35:00Z,15,regular,0,2.8752375900964466,43.29954640620137,46.17478399629782,94.46203874159842,24.930824568806848,46.17478399629782,35.846558553496166,1,51.10104633000212,30.920296219791865,17.238081265302796,1,p1a_catchup
aaplx,2026-08-27T14:35:00Z,30,regular,0,2.8752375900964466,43.29954640620137,46.17478399629782,94.46203874159842,24.930824568806848,46.17478399629782,8.755205733503857,1,84.21547301360022,-46.795894750806255,50.03595810809891,1,p1a_catchup
aaplx,2026-08-27T14:35:00Z,60,regular,0,2.8752375900964466,43.29954640620137,46.17478399629782,94.46203874159842,24.930824568806848,46.17478399629782,6.311230940303503,1,92.23708928570495,-39.75107434910363,43.990769104098604,1,p1a_catchup
aaplx,2026-08-27T22:10:00Z,15,afterhours,1,47.74957130930346,2.327477544898926,-45.422093764404536,-10.309955399403492,33.46306095657376,45.422093764404536,39.54979575000017,1,-3.334769164897722,9.207067179302086,-7.952286701398137,0,xstock_reversion
aaplx,2026-08-27T22:10:00Z,30,afterhours,1,47.74957130930346,2.327477544898926,-45.422093764404536,-10.309955399403492,33.46306095657376,45.422093764404536,0.11709367099932422,1,-8.415459123201074,53.954646558604935,-6.99834613110184,0,xstock_reversion
aaplx,2026-08-27T22:10:00Z,60,afterhours,1,47.74957130930346,2.327477544898926,-45.422093764404536,-10.309955399403492,33.46306095657376,45.422093764404536,41.384747005697164,1,-12.679369089898529,16.7167158486059,-8.057214608694352,0,xstock_reversion
aaplx,2026-08-27T22:45:00Z,5,afterhours,1,80.67523061019877,7.491478258003781,-73.18375235219499,-32.55326678949899,42.441868059348614,73.18375235219499,8.085176892995705,1,-5.501816409401172,70.60039186860045,-1.2717792207972423,0,xstock_reversion
aaplx,2026-08-27T22:45:00Z,15,afterhours,1,80.67523061019877,7.491478258003781,-73.18375235219499,-32.55326678949899,42.441868059348614,73.18375235219499,1.7094047602927986,1,-9.999102352100664,81.47344994400285,1.5104479301975005,0,xstock_reversion
aaplx,2026-08-27T22:45:00Z,30,afterhours,1,80.67523061019877,7.491478258003781,-73.18375235219499,-32.55326678949899,42.441868059348614,73.18375235219499,2.4686402247020567,1,-8.205161509104997,83.85755408600204,-3.4970037391968134,0,xstock_reversion
aaplx,2026-08-27T22:45:00Z,60,afterhours,1,80.67523061019877,7.491478258003781,-73.18375235219499,-32.55326678949899,42.441868059348614,73.18375235219499,34.81964347799682,1,-9.894713120903731,48.2588219951019,-5.721733205401591,0,xstock_reversion
aaplx,2026-08-28T12:25:00Z,5,premarket,1,40.597362197702935,4.746054450297521,-45.343416648000456,-48.18651206980107,20.19081148119194,45.343416648000456,2.738817939604843,1,3.8082525737959116,38.7963461345997,-0.0,0,xstock_reversion
aaplx,2026-08-28T12:25:00Z,15,premarket,1,40.597362197702935,4.746054450297521,-45.343416648000456,-48.18651206980107,20.19081148119194,45.343416648000456,1.9996130005051072,1,2.11142049959534,41.23238314790001,-3.162055362295746,0,xstock_reversion
aaplx,2026-08-28T12:25:00Z,30,premarket,1,40.597362197702935,4.746054450297521,-45.343416648000456,-48.18651206980107,20.19081148119194,45.343416648000456,41.802503918404454,1,9.721929751398406,-6.181017021802404,3.795786722298189,0,p1a_catchup
aaplx,2026-08-28T12:25:00Z,60,premarket,1,40.597362197702935,4.746054450297521,-45.343416648000456,-48.18651206980107,20.19081148119194,45.343416648000456,24.18237389959721,1,8.705689592796162,60.820100954801504,-22.42897119439924,0,xstock_reversion
aaplx,2026-08-28T15:05:00Z,5,regular,1,63.25680203500106,6.818858928596683,-70.07566096359774,-5.908682920399144,46.668278719478,70.07566096359774,25.039529897705748,1,10.407978630695425,34.62815243519657,-9.198556942999758,0,xstock_reversion
aaplx,2026-08-28T15:05:00Z,15,regular,1,63.25680203500106,6.818858928596683,-70.07566096359774,-5.908682920399144,46.668278719478,70.07566096359774,6.476790027205581,1,-12.181721919501953,88.73417291030528,-29.12570492630273,0,xstock_reversion
aaplx,2026-08-28T15:05:00Z,30,regular,1,63.25680203500106,6.818858928596683,-70.07566096359774,-5.908682920399144,46.668278719478,70.07566096359774,15.29941544090363,1,-40.14150102120695,94.91774654390106,-29.747788907901196,0,xstock_reversion
aaplx,2026-08-28T15:05:00Z,60,regular,1,63.25680203500106,6.818858928596683,-70.07566096359774,-5.908682920399144,46.668278719478,70.07566096359774,27.85953904960614,1,-23.865071951805206,66.0811938657968,-23.217088551401588,0,xstock_reversion
aaplx,2026-08-28T22:45:00Z,5,afterhours,1,58.22791964909868,6.595930130597338,-51.63198951850134,-16.084009123202847,41.85598501964153,51.63198951850134,2.263911047597489,1,-5.267437676899078,54.63551614780293,2.937197122694357,0,xstock_reversion
aaplx,2026-08-28T22:45:00Z,15,afterhours,1,58.22791964909868,6.595930130597338,-51.63198951850134,-16.084009123202847,41.85598501964153,51.63198951850134,0.2549299647025549,1,-5.389614620696648,57.276534103900545,0.624863311298185,0,xstock_reversion
aaplx,2026-08-28T22:45:00Z,30,afterhours,1,58.22791964909868,6.595930130597338,-51.63198951850134,-16.084009123202847,41.85598501964153,51.63198951850134,1.6620806613953931,1,-4.310235923403738,57.60430610330047,0.9373096096965128,0,xstock_reversion
aaplx,2026-08-28T22:45:00Z,60,afterhours,1,58.22791964909868,6.595930130597338,-51.63198951850134,-16.084009123202847,41.85598501964153,51.63198951850134,1.7518559385987231,1,-7.0989577814017935,56.97909136130441,0.3561673023977363,0,xstock_reversion
aaplx,2026-08-31T10:50:00Z,5,premarket,1,126.7645520096039,7.615684001596179,119.14886800800772,125.98014938820512,51.266851377356716,119.14886800800772,2.3995423900036172,1,-5.994346084197133,127.54275648220847,-4.069303422697956,0,xstock_reversion
aaplx,2026-08-31T10:50:00Z,15,premarket,1,126.7645520096039,7.615684001596179,119.14886800800772,125.98014938820512,51.266851377356716,119.14886800800772,0.6865521388998985,1,-10.335585279799275,128.7979011489071,-3.1300864158989583,0,xstock_reversion
aaplx,2026-08-31T10:50:00Z,30,premarket,1,126.7645520096039,7.615684001596179,119.14886800800772,125.98014938820512,51.266851377356716,119.14886800800772,0.5080368935050927,1,-21.66569914389349,141.3226040454063,-15.346793497101885,0,xstock_reversion
aaplx,2026-08-31T10:50:00Z,60,premarket,1,126.7645520096039,7.615684001596179,119.14886800800772,125.98014938820512,51.266851377356716,119.14886800800772,1.4853991324947913,1,-29.147137581793103,146.81060645730605,-23.49956432269984,0,xstock_reversion
aaplx,2026-08-31T14:40:00Z,5,regular,1,61.83776396050611,10.312964279206582,-51.52479968129953,-84.0378933856023,49.643313974520325,51.52479968129953,5.912450159293314,1,-10.272589227007245,67.70983906760009,-3.0156576345952146,0,xstock_reversion
aaplx,2026-08-31T14:40:00Z,15,regular,1,61.83776396050611,10.312964279206582,-51.52479968129953,-84.0378933856023,49.643313974520325,51.52479968129953,10.745561584402097,1,-13.083924526400281,75.3542857921019,-12.849903807499174,0,xstock_reversion
aaplx,2026-08-31T14:40:00Z,30,regular,1,61.83776396050611,10.312964279206582,-51.52479968129953,-84.0378933856023,49.643313974520325,51.52479968129953,9.805478345601415,1,-26.610938585100996,87.94121661200194,-11.11850908229961,0,xstock_reversion
aaplx,2026-08-31T14:40:00Z,60,regular,1,61.83776396050611,10.312964279206582,-51.52479968129953,-84.0378933856023,49.643313974520325,51.52479968129953,40.28625551560694,1,-9.859615738800898,101.67067093570736,1.7780769509023742,0,xstock_reversion
aaplx,2026-08-31T17:10:00Z,5,regular,1,81.22053516410155,23.273750371402002,-57.946784792699546,-71.8098198040984,35.1160475009658,57.946784792699546,73.0753356590963,0,-33.40406299390253,164.42618344569837,-1.3882998189007623,0,persistent_or_wider
aaplx,2026-08-31T17:10:00Z,15,regular,1,81.22053516410155,23.273750371402002,-57.946784792699546,-71.8098198040984,35.1160475009658,57.946784792699546,37.33882787459564,1,-20.532368892398623,41.14032581050253,4.822336493202073,0,xstock_reversion
aaplx,2026-08-31T17:10:00Z,30,regular,1,81.22053516410155,23.273750371402002,-57.946784792699546,-71.8098198040984,35.1160475009658,57.946784792699546,12.056440435896931,1,-21.18004600180079,67.0703903586034,-4.412597687597497,0,xstock_reversion
aaplx,2026-08-31T17:10:00Z,60,regular,1,81.22053516410155,23.273750371402002,-57.946784792699546,-71.8098198040984,35.1160475009658,57.946784792699546,5.880136441298589,1,-70.73861293820372,122.80526128960467,-42.0600747414035,0,xstock_reversion
aaplx,2026-08-31T17:15:00Z,5,regular,1,81.81734846269606,8.742012803599764,73.0753356590963,105.0738055121947,80.68292015508118,73.0753356590963,1.4132356655949252,1,-7.608330935298113,79.27043092879948,2.3876795848032373,0,xstock_reversion
aaplx,2026-08-31T17:15:00Z,15,regular,1,81.81734846269606,8.742012803599764,73.0753356590963,105.0738055121947,80.68292015508118,73.0753356590963,4.092911396593735,1,-14.039972792696531,83.0223970551991,-21.674351481602017,0,xstock_reversion
aaplx,2026-08-31T17:15:00Z,30,regular,1,81.81734846269606,8.742012803599764,73.0753356590963,105.0738055121947,80.68292015508118,73.0753356590963,2.51443769280435,1,-5.951208079304493,76.51210604559644,10.978608728899886,0,xstock_reversion
aaplx,2026-08-31T17:15:00Z,60,regular,1,81.81734846269606,8.742012803599764,73.0753356590963,105.0738055121947,80.68292015508118,73.0753356590963,0.17238585720669164,1,32.451652737002235,40.796068779300754,43.08463723409872,0,xstock_reversion
aaplx,2026-09-01T13:00:00Z,5,premarket,1,51.17171387779784,8.530555469796752,-59.702269347594594,-77.67506760849585,28.68730859943487,59.702269347594594,0.39025053460761683,1,6.580286535893265,52.73173227709371,-5.5093224468993895,0,xstock_reversion
aaplx,2026-09-01T13:00:00Z,15,premarket,1,51.17171387779784,8.530555469796752,-59.702269347594594,-77.67506760849585,28.68730859943487,59.702269347594594,22.677875323600105,1,3.842976831398559,33.18141719259593,6.822110035997753,0,xstock_reversion
aaplx,2026-09-01T13:00:00Z,30,premarket,1,51.17171387779784,8.530555469796752,-59.702269347594594,-77.67506760849585,28.68730859943487,59.702269347594594,48.1704987816034,1,1.8847950125966406,9.646975553394554,29.94497236810112,1,xstock_reversion
aaplx,2026-09-01T13:00:00Z,60,premarket,1,51.17171387779784,8.530555469796752,-59.702269347594594,-77.67506760849585,28.68730859943487,59.702269347594594,35.57990034259717,1,-183.00253860520144,207.12490761019887,-173.15390231299688,0,xstock_reversion
aaplx,2026-09-01T13:30:00Z,5,regular,0,11.579765956302168,36.59073282530123,-48.1704987816034,-23.534441639201376,27.203495505178893,48.1704987816034,60.59672646820502,0,22.453154386203877,86.31407086360454,-89.18694329950405,0,persistent_or_wider
aaplx,2026-09-01T13:30:00Z,15,regular,0,11.579765956302168,36.59073282530123,-48.1704987816034,-23.534441639201376,27.203495505178893,48.1704987816034,45.84158432759722,1,-87.33240270140108,181.3444858106017,-167.61135144619743,0,xstock_reversion
aaplx,2026-09-01T13:30:00Z,30,regular,0,11.579765956302168,36.59073282530123,-48.1704987816034,-23.534441639201376,27.203495505178893,48.1704987816034,35.57990034259717,1,-184.88733361779808,197.47793205680432,-203.09887468109798,0,xstock_reversion
aaplx,2026-09-01T13:30:00Z,60,regular,0,11.579765956302168,36.59073282530123,-48.1704987816034,-23.534441639201376,27.203495505178893,48.1704987816034,23.245153531501472,1,-270.75496373649696,295.6803089865989,-321.2570039949014,0,xstock_reversion
aaplx,2026-09-01T13:35:00Z,5,regular,0,14.452638392201678,75.0493648604067,60.59672646820502,56.356137466204714,40.18378404611964,60.59672646820502,4.842195420398099,1,66.5637652699047,-1.124843381301588,30.910955627794223,1,p1a_catchup
aaplx,2026-09-01T13:35:00Z,15,regular,0,14.452638392201678,75.0493648604067,60.59672646820502,56.356137466204714,40.18378404611964,60.59672646820502,2.3425561629952796,1,148.61589998290015,-85.67661735169985,111.8919020065956,1,p1a_catchup
aaplx,2026-09-01T13:35:00Z,30,regular,0,14.452638392201678,75.0493648604067,60.59672646820502,56.356137466204714,40.18378404611964,60.59672646820502,30.731657134897006,1,196.09512611640235,-166.2300567830943,150.82207083369605,1,p1a_catchup
aaplx,2026-09-01T13:35:00Z,60,regular,0,14.452638392201678,75.0493648604067,60.59672646820502,56.356137466204714,40.18378404611964,60.59672646820502,6.329899979800047,1,304.61703821980103,-237.69041177179594,203.6236015464965,1,p1a_catchup
aaplx,2026-09-01T13:45:00Z,5,regular,0,2.1533684081020965,43.68821591949512,45.84158432759722,181.3444858106017,50.31718485587785,45.84158432759722,2.3425561629952796,1,38.83034289529519,9.353797595297308,33.46749385990222,1,p1a_catchup
aaplx,2026-09-01T13:45:00Z,15,regular,0,2.1533684081020965,43.68821591949512,45.84158432759722,181.3444858106017,50.31718485587785,45.84158432759722,35.57990034259717,1,97.554930916397,-16.13344624620261,35.487523234900564,1,p1a_catchup
aaplx,2026-09-01T13:45:00Z,30,regular,0,2.1533684081020965,43.68821591949512,45.84158432759722,181.3444858106017,50.31718485587785,45.84158432759722,4.974303743807695,1,127.49179746089467,-86.62451687710515,90.34130665770412,1,p1a_catchup
aaplx,2026-09-01T13:45:00Z,60,regular,0,2.1533684081020965,43.68821591949512,45.84158432759722,181.3444858106017,50.31718485587785,45.84158432759722,9.950818031203568,1,171.10980932749874,-135.21904303110512,139.97069939390093,1,p1a_catchup
aaplx,2026-09-01T15:50:00Z,5,regular,1,43.35110991739555,13.520003631004585,56.87111354840013,112.39026235479344,32.00757664012605,56.87111354840013,0.7537638194055063,1,12.011726426006675,45.61315094179896,-15.920645087099672,0,xstock_reversion
aaplx,2026-09-01T15:50:00Z,15,regular,1,43.35110991739555,13.520003631004585,56.87111354840013,112.39026235479344,32.00757664012605,56.87111354840013,25.19636498069744,1,-2.806132041692777,34.48088060939547,-15.001457035896948,0,xstock_reversion
aaplx,2026-09-01T15:50:00Z,30,regular,1,43.35110991739555,13.520003631004585,56.87111354840013,112.39026235479344,32.00757664012605,56.87111354840013,0.649142369297806,1,-28.890758606694433,85.11272978579676,2.4470818670963013,0,xstock_reversion
aaplx,2026-09-01T15:50:00Z,60,regular,1,43.35110991739555,13.520003631004585,56.87111354840013,112.39026235479344,32.00757664012605,56.87111354840013,23.28129097340259,1,-12.494194889098864,46.084017464096405,-43.84291050910427,0,xstock_reversion
aaplx,2026-09-01T19:35:00Z,5,regular,1,141.6937462798984,19.822959706896626,121.87078657300177,132.9388981441948,60.41156356128608,121.87078657300177,3.5636261677041148,1,-18.410456099893224,143.8448688405991,-1.0756571122971792,0,xstock_reversion
aaplx,2026-09-01T19:35:00Z,15,regular,1,141.6937462798984,19.822959706896626,121.87078657300177,132.9388981441948,60.41156356128608,121.87078657300177,26.80117908119506,1,-14.032815980300484,162.7047816344973,-14.761966021898942,0,xstock_reversion
aaplx,2026-09-01T19:35:00Z,30,regular,1,141.6937462798984,19.822959706896626,121.87078657300177,132.9388981441948,60.41156356128608,121.87078657300177,0.230018554798761,1,-30.19733519709966,151.83810321530268,-9.838888999400552,0,xstock_reversion
aaplx,2026-09-01T19:35:00Z,60,regular,1,141.6937462798984,19.822959706896626,121.87078657300177,132.9388981441948,60.41156356128608,121.87078657300177,40.53455722229593,1,-35.95369351139688,117.28992286210271,-15.069738823996204,0,xstock_reversion
aaplx,2026-09-02T11:10:00Z,5,premarket,1,143.3472087579002,8.376626657398134,-134.97058210050204,-117.47606703329971,65.95956219192568,134.97058210050204,7.013050198798609,1,-6.029662413995496,133.98719431569896,9.514310546601124,0,xstock_reversion
aaplx,2026-09-02T11:10:00Z,15,premarket,1,143.3472087579002,8.376626657398134,-134.97058210050204,-117.47606703329971,65.95956219192568,134.97058210050204,15.251836621796855,1,4.917653213700746,145.30476550859817,5.216404174799294,0,xstock_reversion
aaplx,2026-09-02T11:10:00Z,30,premarket,1,143.3472087579002,8.376626657398134,-134.97058210050204,-117.47606703329971,65.95956219192568,134.97058210050204,9.413512230000975,1,-8.010955722594915,152.39505005309795,-10.633034414899711,0,xstock_reversion
aaplx,2026-09-02T11:10:00Z,60,premarket,1,143.3472087579002,8.376626657398134,-134.97058210050204,-117.47606703329971,65.95956219192568,134.97058210050204,3.616528790502116,1,-24.529334570795314,163.1164454617995,-19.920020071300115,0,xstock_reversion
aaplx,2026-09-02T11:35:00Z,5,premarket,1,52.121890173699725,3.957538077798972,-48.16435209590075,-36.77513016669742,90.7347385700101,48.16435209590075,9.413512230000975,1,-3.5918671429957527,61.16973146889748,-10.633034414899711,0,xstock_reversion
aaplx,2026-09-02T11:35:00Z,15,premarket,1,52.121890173699725,3.957538077798972,-48.16435209590075,-36.77513016669742,90.7347385700101,48.16435209590075,3.9010171284026285,1,-11.235186115499118,55.49852108299724,-4.600450925300592,0,xstock_reversion
aaplx,2026-09-02T11:35:00Z,30,premarket,1,52.121890173699725,3.957538077798972,-48.16435209590075,-36.77513016669742,90.7347385700101,48.16435209590075,3.297594853401975,1,-15.835397338097579,67.2973442874003,-17.164229065294023,0,xstock_reversion
aaplx,2026-09-02T11:35:00Z,60,premarket,1,52.121890173699725,3.957538077798972,-48.16435209590075,-36.77513016669742,90.7347385700101,48.16435209590075,4.431647723404097,1,-29.870820455597524,73.60352482809418,-21.756792255498425,0,xstock_reversion
aaplx,2026-09-02T13:40:00Z,5,regular,1,65.30753404809353,19.511258709892232,-45.7962753382013,-107.7606789975949,23.676379281872798,45.7962753382013,20.15113628860199,1,-20.969012229192785,86.91642385599607,27.846386042895688,0,xstock_reversion
aaplx,2026-09-02T13:40:00Z,15,regular,1,65.30753404809353,19.511258709892232,-45.7962753382013,-107.7606789975949,23.676379281872798,45.7962753382013,7.992342136100561,1,-6.202601220897108,59.99121869519897,8.299648509897395,0,xstock_reversion
aaplx,2026-09-02T13:40:00Z,30,regular,1,65.30753404809353,19.511258709892232,-45.7962753382013,-107.7606789975949,23.676379281872798,45.7962753382013,4.363781750207352,1,20.25295324949994,21.179540338494007,44.96188899909548,1,xstock_reversion
aaplx,2026-09-02T13:40:00Z,60,regular,1,65.30753404809353,19.511258709892232,-45.7962753382013,-107.7606789975949,23.676379281872798,45.7962753382013,5.035733554299426,1,8.256530111800942,42.57547878069978,22.301697250499686,0,xstock_reversion
aaplx,2026-09-02T19:05:00Z,5,regular,1,158.94941298889796,10.345932477893172,148.60348051100482,168.77057182879796,77.44456455634331,148.60348051100482,4.331735854599117,1,-8.549206346595284,152.82095100300097,1.6896951676947936,0,xstock_reversion
aaplx,2026-09-02T19:05:00Z,15,regular,1,158.94941298889796,10.345932477893172,148.60348051100482,168.77057182879796,77.44456455634331,148.60348051100482,2.840661539398326,1,-7.136386122397198,158.5805281728003,0.15362044999633895,0,xstock_reversion
aaplx,2026-09-02T19:05:00Z,30,regular,1,158.94941298889796,10.345932477893172,148.60348051100482,168.77057182879796,77.44456455634331,148.60348051100482,19.775612491201855,1,-1.467867916895571,169.84696091910223,-11.220671804501592,0,xstock_reversion
aaplx,2026-09-02T19:05:00Z,60,regular,1,158.94941298889796,10.345932477893172,148.60348051100482,168.77057182879796,77.44456455634331,148.60348051100482,0.4253029185008472,1,-25.908670540992773,174.93745397049844,-14.91241157870249,0,xstock_reversion
aaplx,2026-09-03T13:30:00Z,5,regular,1,39.903250660104916,17.94262262929891,57.845873289403826,86.38928691570236,26.715477285702512,57.845873289403826,19.94190102149851,1,19.50646904170128,18.397503226204037,26.68590452279851,1,p1a_catchup
aaplx,2026-09-03T13:30:00Z,15,regular,1,39.903250660104916,17.94262262929891,57.845873289403826,86.38928691570236,26.715477285702512,57.845873289403826,3.701969611702438,1,45.87354170110025,8.270361976601137,30.97354393680085,1,p1a_catchup
aaplx,2026-09-03T13:30:00Z,30,regular,1,39.903250660104916,17.94262262929891,57.845873289403826,86.38928691570236,26.715477285702512,57.845873289403826,34.220019566406634,1,46.16030100610402,45.90559184970644,14.118660458999344,1,p1a_catchup
aaplx,2026-09-03T13:30:00Z,60,regular,1,39.903250660104916,17.94262262929891,57.845873289403826,86.38928691570236,26.715477285702512,57.845873289403826,0.9288812966001814,1,142.49817197089953,-83.72341738489553,117.25325174170464,1,p1a_catchup
aaplx,2026-09-03T18:15:00Z,5,regular,1,57.543383341300824,5.556457582196472,-51.98692575910435,-87.83006357299783,58.07168026839811,51.98692575910435,5.2560855962013875,1,-4.090172404600523,50.82101256750349,8.16916077339691,0,xstock_reversion
aaplx,2026-09-03T18:15:00Z,15,regular,1,57.543383341300824,5.556457582196472,-51.98692575910435,-87.83006357299783,58.07168026839811,51.98692575910435,5.454802720796792,1,-3.102565019199588,60.54429349910073,-0.6906484672963842,0,xstock_reversion
aaplx,2026-09-03T18:15:00Z,30,regular,1,57.543383341300824,5.556457582196472,-51.98692575910435,-87.83006357299783,58.07168026839811,51.98692575910435,4.892749773892646,1,3.6918350411063727,43.40234094410533,13.07019036310031,0,xstock_reversion
aaplx,2026-09-03T18:15:00Z,60,regular,1,57.543383341300824,5.556457582196472,-51.98692575910435,-87.83006357299783,58.07168026839811,51.98692575910435,3.6284829490007553,1,-10.56147075729541,66.17687946540052,-9.548721346703815,0,xstock_reversion
aaplx,2026-09-04T15:15:00Z,5,regular,1,46.74156827309872,5.145447272498771,-51.88701554559749,-36.60552023680097,37.15175652751817,51.88701554559749,6.3123609892024035,1,3.5403427119984343,54.65903382280146,-10.65931066220216,0,xstock_reversion
aaplx,2026-09-04T15:15:00Z,15,regular,1,46.74156827309872,5.145447272498771,-51.88701554559749,-36.60552023680097,37.15175652751817,51.88701554559749,3.2076751700049755,1,-15.364916870499457,70.45960758610192,-26.00129904959836,0,xstock_reversion
aaplx,2026-09-04T15:15:00Z,30,regular,1,46.74156827309872,5.145447272498771,-51.88701554559749,-36.60552023680097,37.15175652751817,51.88701554559749,2.480748628599372,1,-42.28050875999756,96.64827293419442,-51.15500763990255,0,xstock_reversion
aaplx,2026-09-04T15:15:00Z,60,regular,1,46.74156827309872,5.145447272498771,-51.88701554559749,-36.60552023680097,37.15175652751817,51.88701554559749,7.1030345683986695,1,-65.5691798615976,124.55922997559377,-77.17944164830293,0,xstock_reversion
aaplx,2026-09-08T11:05:00Z,5,premarket,1,88.72179882430054,10.053180153200003,-78.66861867110053,-78.21467018650274,40.735570331117856,78.66861867110053,8.706692625102264,1,-7.2195448590051114,77.18147090500338,1.4905526447961392,0,xstock_reversion
aaplx,2026-09-08T11:05:00Z,15,premarket,1,88.72179882430054,10.053180153200003,-78.66861867110053,-78.21467018650274,40.735570331117856,78.66861867110053,34.76862100230349,1,-12.424545037301726,125.86178471070575,2.745927218796851,0,xstock_reversion
aaplx,2026-09-08T11:05:00Z,30,premarket,1,88.72179882430054,10.053180153200003,-78.66861867110053,-78.21467018650274,40.735570331117856,78.66861867110053,0.04419330059235449,1,2.0042249399931933,76.7085870316997,12.79460132550092,0,xstock_reversion
aaplx,2026-09-08T11:05:00Z,60,premarket,1,88.72179882430054,10.053180153200003,-78.66861867110053,-78.21467018650274,40.735570331117856,78.66861867110053,6.369505033205769,1,-5.925691794406163,78.22480543230093,12.480427367300706,0,xstock_reversion
aaplx,2026-09-08T11:30:00Z,5,premarket,1,80.58205683269648,4.534508521700786,-85.11656535439727,-127.64339850389383,68.63533563406557,85.11656535439727,0.04419330059235449,1,3.483128460395335,81.67763019459429,-0.31418382899772723,0,xstock_reversion
aaplx,2026-09-08T11:30:00Z,15,premarket,1,80.58205683269648,4.534508521700786,-85.11656535439727,-127.64339850389383,68.63533563406557,85.11656535439727,22.511171017107756,1,4.381768136303421,103.2459682352016,5.182315315996888,0,xstock_reversion
aaplx,2026-09-08T11:30:00Z,30,premarket,1,80.58205683269648,4.534508521700786,-85.11656535439727,-127.64339850389383,68.63533563406557,85.11656535439727,22.595178139006578,1,0.623003922894938,61.89838329249575,-10.990564922304102,0,xstock_reversion
aaplx,2026-09-08T11:30:00Z,60,premarket,1,80.58205683269648,4.534508521700786,-85.11656535439727,-127.64339850389383,68.63533563406557,85.11656535439727,5.289617164399019,1,7.628419768002104,82.77776275079418,7.543374760494714,0,xstock_reversion
aaplx,2026-09-08T12:15:00Z,5,premarket,1,96.54489481380146,2.2729410080035706,94.27195380579789,113.3432580578031,47.88483036762765,94.27195380579789,1.1086807740046112,1,-1.8119647022007968,97.1925992820033,-0.628515760201509,0,xstock_reversion
aaplx,2026-09-08T12:15:00Z,15,premarket,1,96.54489481380146,2.2729410080035706,94.27195380579789,113.3432580578031,47.88483036762765,94.27195380579789,5.289617164399019,1,-3.481541958105794,92.46387859950467,-5.65806446429562,0,xstock_reversion
aaplx,2026-09-08T12:15:00Z,30,premarket,1,96.54489481380146,2.2729410080035706,94.27195380579789,113.3432580578031,47.88483036762765,94.27195380579789,50.133681845805356,1,-1.9843651224071834,46.12263708239972,-3.1429739077992735,0,xstock_reversion
aaplx,2026-09-08T12:15:00Z,60,premarket,1,96.54489481380146,2.2729410080035706,94.27195380579789,113.3432580578031,47.88483036762765,94.27195380579789,4.518728872602296,1,-10.989477701901507,109.7801603803017,-2.8286320609982596,0,xstock_reversion
aaplx,2026-09-08T12:40:00Z,5,premarket,1,50.610784211801985,3.4571075036016197,47.153676708200365,8.180019626697899,70.81696373105336,47.153676708200365,50.133681845805356,0,0.2699326355948273,-3.249937773199818,0.29549034580078626,0,persistent_or_wider
aaplx,2026-09-08T12:40:00Z,15,premarket,1,50.610784211801985,3.4571075036016197,47.153676708200365,8.180019626697899,70.81696373105336,47.153676708200365,3.324839139997593,1,-11.86659676069901,62.34511260889697,-10.398015941301963,0,xstock_reversion
aaplx,2026-09-08T12:40:00Z,30,premarket,1,50.610784211801985,3.4571075036016197,47.153676708200365,8.180019626697899,70.81696373105336,47.153676708200365,6.87306712960023,1,-21.928570461202668,62.2091800398028,-0.9651197250981625,0,xstock_reversion
aaplx,2026-09-08T12:40:00Z,60,premarket,1,50.610784211801985,3.4571075036016197,47.153676708200365,8.180019626697899,70.81696373105336,47.153676708200365,15.585919204506027,1,-29.938722967397524,92.67831888010392,-18.636665873197344,0,xstock_reversion
aaplx,2026-09-08T12:45:00Z,5,premarket,1,53.565231639201016,3.4315497933956607,50.133681845805356,46.34124151710495,53.674377214993285,50.133681845805356,36.53416978130153,1,-0.5045317801943838,14.10404384469821,-11.952317970500559,0,xstock_reversion
aaplx,2026-09-08T12:45:00Z,15,premarket,1,53.565231639201016,3.4315497933956607,50.133681845805356,46.34124151710495,53.674377214993285,50.133681845805356,34.254723766702355,1,-11.664901796395455,27.543859875498455,-24.234043364499414,0,xstock_reversion
aaplx,2026-09-08T12:45:00Z,30,premarket,1,53.565231639201016,3.4315497933956607,50.133681845805356,46.34124151710495,53.674377214993285,50.133681845805356,4.518728872602296,1,-9.005112579494323,63.657523297901975,0.31434184680101396,0,xstock_reversion
aaplx,2026-09-08T12:45:00Z,60,premarket,1,53.565231639201016,3.4315497933956607,50.133681845805356,46.34124151710495,53.674377214993285,50.133681845805356,43.49336949649896,1,-30.606634246597153,124.23368558890147,-59.904962069303735,0,xstock_reversion
aaplx,2026-09-08T14:55:00Z,5,regular,1,105.60700209950369,23.478677555006655,82.12832454449703,140.6798458215963,40.390820123082854,82.12832454449703,14.754540145993644,1,-18.55861316999885,85.93239756850224,14.24416069060186,0,xstock_reversion
aaplx,2026-09-08T14:55:00Z,15,regular,1,105.60700209950369,23.478677555006655,82.12832454449703,140.6798458215963,40.390820123082854,82.12832454449703,1.5599369806018615,1,-28.177954675099315,111.86621620019821,7.130941659205803,0,xstock_reversion
aaplx,2026-09-08T14:55:00Z,30,regular,1,105.60700209950369,23.478677555006655,82.12832454449703,140.6798458215963,40.390820123082854,82.12832454449703,4.11596685879978,1,-12.08620400380056,90.09856168949781,8.55399030620596,0,xstock_reversion
aaplx,2026-09-08T14:55:00Z,60,regular,1,105.60700209950369,23.478677555006655,82.12832454449703,140.6798458215963,40.390820123082854,82.12832454449703,9.87896240560282,1,-17.389420889699636,109.39670783979949,3.3319911802998092,0,xstock_reversion
aaplx,2026-09-08T15:50:00Z,5,regular,1,119.89592314749942,18.76036506580192,101.1355580816975,129.32036388749958,56.903922712168956,101.1355580816975,9.87896240560282,1,-18.536947900997802,129.55146838829813,-2.5338483202030915,0,xstock_reversion
aaplx,2026-09-08T15:50:00Z,15,regular,1,119.89592314749942,18.76036506580192,101.1355580816975,129.32036388749958,56.903922712168956,101.1355580816975,1.3277608664008511,1,-22.7315946388007,125.19491358689905,-13.60996586029728,0,xstock_reversion
aaplx,2026-09-08T15:50:00Z,30,regular,1,119.89592314749942,18.76036506580192,101.1355580816975,129.32036388749958,56.903922712168956,101.1355580816975,34.90364870300411,1,-33.50921769570192,99.74112707439531,-11.70978850470128,0,xstock_reversion
aaplx,2026-09-08T15:50:00Z,60,regular,1,119.89592314749942,18.76036506580192,101.1355580816975,129.32036388749958,56.903922712168956,101.1355580816975,29.856602008795363,1,-15.48420053509858,86.76315660800071,-2.530684563595287,0,xstock_reversion
aaplx,2026-09-08T17:10:00Z,5,regular,1,148.6031837310975,21.439980625093114,-127.16320310600437,-137.95578493300377,60.55662804114886,127.16320310600437,2.687394859899328,1,-18.79283437309809,143.26864261920315,3.6377727741943033,0,xstock_reversion
aaplx,2026-09-08T17:10:00Z,15,regular,1,148.6031837310975,21.439980625093114,-127.16320310600437,-137.95578493300377,60.55662804114886,127.16320310600437,12.887547812594491,1,-16.270099843094243,130.5457551365041,-2.6879382884992253,0,xstock_reversion
aaplx,2026-09-08T17:10:00Z,30,regular,1,148.6031837310975,21.439980625093114,-127.16320310600437,-137.95578493300377,60.55662804114886,127.16320310600437,14.997806865100216,1,-20.887325893292896,163.04833586439747,-2.3717477519991093,0,xstock_reversion
aaplx,2026-09-08T17:10:00Z,60,regular,1,148.6031837310975,21.439980625093114,-127.16320310600437,-137.95578493300377,60.55662804114886,127.16320310600437,1.836355917497201,1,-17.91755100209791,146.91711002559947,-4.426807553601364,0,xstock_reversion
aaplx,2026-09-08T18:30:00Z,5,regular,1,78.89103453599944,1.321140439998203,-80.21217497599764,-110.03901368259683,50.50606372307644,80.21217497599764,8.446020622692174,1,2.6316446232055313,69.13450973009994,1.1080420118059209,0,xstock_reversion
aaplx,2026-09-08T18:30:00Z,15,regular,1,78.89103453599944,1.321140439998203,-80.21217497599764,-110.03901368259683,50.50606372307644,80.21217497599764,7.704032471096411,1,14.91014102730226,57.59800147759897,22.50147525850288,0,xstock_reversion
aaplx,2026-09-08T18:30:00Z,30,regular,1,78.89103453599944,1.321140439998203,-80.21217497599764,-110.03901368259683,50.50606372307644,80.21217497599764,18.37387980430094,1,15.147960026302698,46.690335145394,11.08594890470549,0,xstock_reversion
aaplx,2026-09-08T18:30:00Z,60,regular,1,78.89103453599944,1.321140439998203,-80.21217497599764,-110.03901368259683,50.50606372307644,80.21217497599764,7.085785796494548,1,2.7100466231999576,84.58791414929223,-5.063771985298615,0,xstock_reversion
aaplx,2026-09-08T20:55:00Z,5,afterhours,1,82.5100349339003,7.660594301395207,-74.8494406325051,-80.93039705729943,41.899191614332885,74.8494406325051,28.417779559406497,1,-3.868983804400372,50.30064487749897,-3.161055819003167,0,xstock_reversion
aaplx,2026-09-08T20:55:00Z,15,afterhours,1,82.5100349339003,7.660594301395207,-74.8494406325051,-80.93039705729943,41.899191614332885,74.8494406325051,12.828366246697698,1,-9.307461947898332,71.32853633370573,-0.31615055100076006,0,xstock_reversion
aaplx,2026-09-08T20:55:00Z,30,afterhours,1,82.5100349339003,7.660594301395207,-74.8494406325051,-80.93039705729943,41.899191614332885,74.8494406325051,11.189699725999702,1,-7.538268952096416,71.19800985860181,-3.161055819003167,0,xstock_reversion
aaplx,2026-09-08T20:55:00Z,60,afterhours,1,82.5100349339003,7.660594301395207,-74.8494406325051,-80.93039705729943,41.899191614332885,74.8494406325051,16.744202903300476,1,-12.867975069399407,104.46161860520498,-0.3730565887050119,0,xstock_reversion
aaplx,2026-09-08T21:20:00Z,5,afterhours,1,50.65685771770134,5.328636397603503,-45.32822132009784,-82.46680922059824,60.047694922900625,45.32822132009784,11.189699725999702,1,-3.4391576827008663,37.577679276799,-1.3939024533993205,0,xstock_reversion
aaplx,2026-09-08T21:20:00Z,15,afterhours,1,50.65685771770134,5.328636397603503,-45.32822132009784,-82.46680922059824,60.047694922900625,45.32822132009784,32.273480237092755,1,-4.87455573869866,17.929296821703744,-2.6580450504010145,0,xstock_reversion
aaplx,2026-09-08T21:20:00Z,30,afterhours,1,50.65685771770134,5.328636397603503,-45.32822132009784,-82.46680922059824,60.047694922900625,45.32822132009784,18.130284118402784,1,-5.560551843402095,32.75848904509715,-2.342024382597785,0,xstock_reversion
aaplx,2026-09-08T21:20:00Z,60,afterhours,1,50.65685771770134,5.328636397603503,-45.32822132009784,-82.46680922059824,60.047694922900625,45.32822132009784,24.33799167929962,1,-3.363159239802016,24.353388880600235,4.929208727899592,0,xstock_reversion
aaplx,2026-09-08T22:00:00Z,5,afterhours,1,63.57172699919644,7.7726493537966235,-55.79907764539982,-81.0260931690987,49.311910491542626,55.79907764539982,22.758292647697687,1,-4.455315421694195,37.49610041939633,3.8214803374980733,0,xstock_reversion
aaplx,2026-09-08T22:00:00Z,15,afterhours,1,63.57172699919644,7.7726493537966235,-55.79907764539982,-81.0260931690987,49.311910491542626,55.79907764539982,16.553352969408408,1,-4.191241692401704,43.436966368393115,1.8963337604027686,0,xstock_reversion
aaplx,2026-09-08T22:00:00Z,30,afterhours,1,63.57172699919644,7.7726493537966235,-55.79907764539982,-81.0260931690987,49.311910491542626,55.79907764539982,17.331913296301238,1,-0.6444889441947765,39.11165329329336,5.497196931596449,0,xstock_reversion
aaplx,2026-09-08T22:00:00Z,60,afterhours,1,63.57172699919644,7.7726493537966235,-55.79907764539982,-81.0260931690987,49.311910491542626,55.79907764539982,1.3124234713934868,1,-7.032749606494804,61.519403780501136,0.31603065499652416,0,xstock_reversion
aaplx,2026-09-09T08:45:00Z,5,premarket,1,50.64807065189747,0.48163206420426263,50.16643858769321,50.01232215329665,27.67784980172486,50.16643858769321,45.17814014199928,1,2.267834871396701,2.720463574297227,-3.478205913296506,0,xstock_reversion
aaplx,2026-09-09T08:45:00Z,15,premarket,1,50.64807065189747,0.48163206420426263,50.16643858769321,50.01232215329665,27.67784980172486,50.16643858769321,8.739569264299973,1,-7.713332277301532,49.140201600694766,-0.9484816396998497,0,xstock_reversion
aaplx,2026-09-09T08:45:00Z,30,premarket,1,50.64807065189747,0.48163206420426263,50.16643858769321,50.01232215329665,27.67784980172486,50.16643858769321,4.526171283805169,1,-1.6267379876033772,47.267005291491415,-7.273992635594695,0,xstock_reversion
aaplx,2026-09-09T08:45:00Z,60,premarket,1,50.64807065189747,0.48163206420426263,50.16643858769321,50.01232215329665,27.67784980172486,50.16643858769321,3.3115996691979177,1,-14.06992140020158,60.92476031869687,-10.754729954198794,0,xstock_reversion
aaplx,2026-09-09T08:50:00Z,5,premarket,1,51.40581299089675,6.22767284889747,45.17814014199928,28.440572159000865,27.797968141944807,45.17814014199928,19.748383052204943,1,-3.6340971614023942,29.06385425119673,-6.32711188460533,0,xstock_reversion
aaplx,2026-09-09T08:50:00Z,15,premarket,1,51.40581299089675,6.22767284889747,45.17814014199928,28.440572159000865,27.797968141944807,45.17814014199928,4.5121793176949865,1,-4.887734382794662,45.553695207098954,0.0,0,xstock_reversion
aaplx,2026-09-09T08:50:00Z,30,premarket,1,51.40581299089675,6.22767284889747,45.17814014199928,28.440572159000865,27.797968141944807,45.17814014199928,51.820509249695945,0,-11.631825806501794,108.63047519819702,-6.0106611955035305,0,persistent_or_wider
aaplx,2026-09-09T08:50:00Z,60,premarket,1,51.40581299089675,6.22767284889747,45.17814014199928,28.440572159000865,27.797968141944807,45.17814014199928,1.6528925106928938,1,-14.256095661702162,61.087128314394334,-10.441882385903156,0,xstock_reversion
aaplx,2026-09-09T09:20:00Z,5,premarket,1,51.21400101179674,0.6065082378992059,-51.820509249695945,-63.076779991098064,25.669580882233888,51.820509249695945,2.4098517083004367,1,0.32550970900047105,53.90485124899591,-3.7966273750011936,0,xstock_reversion
aaplx,2026-09-09T09:20:00Z,15,premarket,1,51.21400101179674,0.6065082378992059,-51.820509249695945,-63.076779991098064,25.669580882233888,51.820509249695945,42.644633906796514,1,2.821245663895411,91.64389749259705,6.330917244801171,0,xstock_reversion
aaplx,2026-09-09T09:20:00Z,30,premarket,1,51.21400101179674,0.6065082378992059,-51.820509249695945,-63.076779991098064,25.669580882233888,51.820509249695945,1.6528925106928938,1,2.6242698552003674,47.543346883802684,4.431221190399626,0,xstock_reversion
aaplx,2026-09-09T09:20:00Z,60,premarket,1,51.21400101179674,0.6065082378992059,-51.820509249695945,-63.076779991098064,25.669580882233888,51.820509249695945,0.01359935700051551,1,-4.525312813106197,56.35942141980266,-9.805007664898113,0,xstock_reversion
aaplx,2026-09-09T10:10:00Z,5,premarket,1,47.51714666800133,0.5397934043926966,48.05694007239403,57.328280997097636,21.26710045484123,48.05694007239403,14.782795417600525,1,1.2781488337942903,31.995995820999212,7.276063654400033,0,xstock_reversion
aaplx,2026-09-09T10:10:00Z,15,premarket,1,47.51714666800133,0.5397934043926966,48.05694007239403,57.328280997097636,21.26710045484123,48.05694007239403,5.789398851501204,1,10.234895734395622,32.0326454864972,3.7968676299016124,0,xstock_reversion
aaplx,2026-09-09T10:10:00Z,30,premarket,1,47.51714666800133,0.5397934043926966,48.05694007239403,57.328280997097636,21.26710045484123,48.05694007239403,46.67305552559675,1,-5.015677516704287,6.399562063501563,-10.44882545789605,0,xstock_reversion
aaplx,2026-09-09T10:10:00Z,60,premarket,1,47.51714666800133,0.5397934043926966,48.05694007239403,57.328280997097636,21.26710045484123,48.05694007239403,85.41412095199874,0,-21.68609030100299,-15.67109057860172,-26.380536492798257,0,persistent_or_wider
aaplx,2026-09-09T10:40:00Z,5,premarket,1,51.56641006239582,4.893354536799066,46.67305552559675,25.63308342299564,22.15419088852887,46.67305552559675,41.45621211259609,1,-1.340820678095156,6.557664091095816,-11.411184197500646,0,xstock_reversion
aaplx,2026-09-09T10:40:00Z,15,premarket,1,51.56641006239582,4.893354536799066,46.67305552559675,25.63308342299564,22.15419088852887,46.67305552559675,34.88283486730026,1,-14.046172252601963,95.60206264549898,-7.606009113603207,0,xstock_reversion
aaplx,2026-09-09T10:40:00Z,30,premarket,1,51.56641006239582,4.893354536799066,46.67305552559675,25.63308342299564,22.15419088852887,46.67305552559675,85.41412095199874,0,-16.670412784298705,-22.070652642103283,-15.931711034902207,0,persistent_or_wider
aaplx,2026-09-09T10:40:00Z,60,premarket,1,51.56641006239582,4.893354536799066,46.67305552559675,25.63308342299564,22.15419088852887,46.67305552559675,16.37882989990125,1,-16.964319640297987,47.25854526599349,-12.169221173898848,0,xstock_reversion
aaplx,2026-09-09T10:50:00Z,5,premarket,1,63.71630748340351,3.4896591941002697,60.22664828930324,14.928360048500622,15.75180147358521,60.22664828930324,34.88283486730026,1,-4.719425169898983,99.82890832650249,0.31704262640097625,0,xstock_reversion
aaplx,2026-09-09T10:50:00Z,15,premarket,1,63.71630748340351,3.4896591941002697,60.22664828930324,14.928360048500622,15.75180147358521,60.22664828930324,3.6407100616031585,1,-9.04565643729427,72.91301478820067,-9.830136740198725,0,xstock_reversion
aaplx,2026-09-09T10:50:00Z,30,premarket,1,63.71630748340351,3.4896591941002697,60.22664828930324,14.928360048500622,15.75180147358521,60.22664828930324,48.507076364598944,1,-2.645207090195001,14.364779014899298,3.765816951002421,0,xstock_reversion
aaplx,2026-09-09T10:50:00Z,60,premarket,1,63.71630748340351,3.4896591941002697,60.22664828930324,14.928360048500622,15.75180147358521,60.22664828930324,26.526822435695152,1,4.068745667105134,29.631080186502956,-2.8538360505958593,0,xstock_reversion
aaplx,2026-09-09T11:10:00Z,5,premarket,1,89.56877373940131,4.1546527874025685,85.41412095199874,117.67271528760226,72.96885481767593,85.41412095199874,9.590990358603335,1,-2.6336683890004764,78.45679898239588,7.374543885703133,0,xstock_reversion
aaplx,2026-09-09T11:10:00Z,15,premarket,1,89.56877373940131,4.1546527874025685,85.41412095199874,117.67271528760226,72.96885481767593,85.41412095199874,1.0561012003051928,1,7.005801082797802,77.35221866889574,13.384342319904263,0,xstock_reversion
aaplx,2026-09-09T11:10:00Z,30,premarket,1,89.56877373940131,4.1546527874025685,85.41412095199874,117.67271528760226,72.96885481767593,85.41412095199874,16.37882989990125,1,-0.2939068559992819,69.32919790809677,3.7624898610033597,0,xstock_reversion
aaplx,2026-09-09T11:10:00Z,60,premarket,1,89.56877373940131,4.1546527874025685,85.41412095199874,117.67271528760226,72.96885481767593,85.41412095199874,8.564412386498077,1,-4.059112214198635,80.9088207796993,-4.998750416493891,0,xstock_reversion
aaplx,2026-09-09T11:20:00Z,5,premarket,1,45.58571151750179,2.921364847097152,48.507076364598944,58.54823577330137,83.43155427353837,48.507076364598944,1.0561012003051928,1,2.307342471397078,45.143632692896674,1.6098660740038184,0,xstock_reversion
aaplx,2026-09-09T11:20:00Z,15,premarket,1,45.58571151750179,2.921364847097152,48.507076364598944,58.54823577330137,83.43155427353837,48.507076364598944,18.925941648904043,1,-0.7776908855028353,30.358825601197736,-10.426035081501084,0,xstock_reversion
aaplx,2026-09-09T11:20:00Z,30,premarket,1,45.58571151750179,2.921364847097152,48.507076364598944,58.54823577330137,83.43155427353837,48.507076364598944,26.526822435695152,1,6.7139527573001345,15.266301171603658,-6.61965300159828,0,xstock_reversion
aaplx,2026-09-09T11:20:00Z,60,premarket,1,45.58571151750179,2.921364847097152,48.507076364598944,58.54823577330137,83.43155427353837,48.507076364598944,52.48294719399915,0,-15.420790051203781,11.444919221803573,-16.455771383796503,0,persistent_or_wider
aaplx,2026-09-09T11:45:00Z,5,premarket,1,135.65999740180246,2.7945106260940378,138.4545080278965,96.81461463769914,63.75335829980666,138.4545080278965,26.526822435695152,1,3.6971302550981022,108.23055533710324,-9.509621282797198,0,xstock_reversion
aaplx,2026-09-09T11:45:00Z,15,premarket,1,135.65999740180246,2.7945106260940378,138.4545080278965,96.81461463769914,63.75335829980666,138.4545080278965,111.6551427902035,1,-2.655214891102986,29.454580128795982,-10.77825433239532,0,xstock_reversion
aaplx,2026-09-09T11:45:00Z,30,premarket,1,135.65999740180246,2.7945106260940378,138.4545080278965,96.81461463769914,63.75335829980666,138.4545080278965,2.4883581000967325,1,-15.835712811504976,156.7785789394982,-26.001711295196017,0,xstock_reversion
aaplx,2026-09-09T11:45:00Z,60,premarket,1,135.65999740180246,2.7945106260940378,138.4545080278965,96.81461463769914,63.75335829980666,138.4545080278965,44.725435867105645,1,-7.66649688550558,101.39556904629643,-19.663194943593254,0,xstock_reversion
aaplx,2026-09-09T11:55:00Z,5,premarket,1,57.37626874250168,9.936606169498319,47.43966257300336,37.53331212910105,78.72663438883664,47.43966257300336,111.6551427902035,0,-1.1185063774998838,-63.096973839700254,3.489570976800138,0,persistent_or_wider
aaplx,2026-09-09T11:55:00Z,15,premarket,1,57.37626874250168,9.936606169498319,47.43966257300336,37.53331212910105,78.72663438883664,47.43966257300336,8.564412386498077,1,-10.237684814198289,49.11293500070357,-5.395369634397795,0,xstock_reversion
aaplx,2026-09-09T11:55:00Z,30,premarket,1,57.37626874250168,9.936606169498319,47.43966257300336,37.53331212910105,78.72663438883664,47.43966257300336,55.38607938579965,0,-12.216690644901718,4.270273832105431,-0.951912551698797,0,persistent_or_wider
aaplx,2026-09-09T11:55:00Z,60,premarket,1,57.37626874250168,9.936606169498319,47.43966257300336,37.53331212910105,78.72663438883664,47.43966257300336,40.67425990569973,1,-8.426514831203491,15.191917498507124,-0.31729411579917155,0,xstock_reversion
aaplx,2026-09-09T12:00:00Z,5,premarket,1,116.9836716054018,5.328528815198297,111.6551427902035,-29.454580128795982,81.06192216352319,111.6551427902035,76.56263805130514,1,0.3746130888959698,34.717891650002386,-7.297764986802235,0,xstock_reversion
aaplx,2026-09-09T12:00:00Z,15,premarket,1,116.9836716054018,5.328528815198297,111.6551427902035,-29.454580128795982,81.06192216352319,111.6551427902035,2.4883581000967325,1,-13.18049792040199,127.32399881070222,-15.223456962800697,0,xstock_reversion
aaplx,2026-09-09T12:00:00Z,30,premarket,1,116.9836716054018,5.328528815198297,111.6551427902035,-29.454580128795982,81.06192216352319,111.6551427902035,6.896860433798224,1,-10.479934625600151,129.0319378496019,-1.7604949733041053,0,xstock_reversion
aaplx,2026-09-09T12:00:00Z,60,premarket,1,116.9836716054018,5.328528815198297,111.6551427902035,-29.454580128795982,81.06192216352319,111.6551427902035,4.269200018400809,1,-8.463443006903049,115.84938577870574,-2.0967689059059325,0,xstock_reversion
aaplx,2026-09-09T12:05:00Z,5,premarket,1,89.56354494220164,13.000906890896502,76.56263805130514,44.05808355830487,81.8912767498898,76.56263805130514,8.564412386498077,1,-9.493791525594375,77.49201719040144,-1.587175624395698,0,xstock_reversion
aaplx,2026-09-09T12:05:00Z,15,premarket,1,89.56354494220164,13.000906890896502,76.56263805130514,44.05808355830487,81.8912767498898,76.56263805130514,52.48294719399915,1,-16.157010751198797,40.23670160850479,-1.2697203457978645,0,xstock_reversion
aaplx,2026-09-09T12:05:00Z,30,premarket,1,89.56354494220164,13.000906890896502,76.56263805130514,44.05808355830487,81.8912767498898,76.56263805130514,54.30913606129906,1,-5.076678958797487,27.330180948803573,5.280306989696726,0,xstock_reversion
aaplx,2026-09-09T12:05:00Z,60,premarket,1,89.56354494220164,13.000906890896502,76.56263805130514,44.05808355830487,81.8912767498898,76.56263805130514,47.78869048940315,1,-5.2495207317004855,34.02346829360248,2.0629517739045866,0,xstock_reversion
aaplx,2026-09-09T12:20:00Z,5,premarket,1,50.59656367949472,1.8863835145044305,52.48294719399915,-40.23670160850479,53.676736948805335,52.48294719399915,55.38607938579965,0,4.684213394900993,-7.587345586701488,4.126001804101165,0,persistent_or_wider
aaplx,2026-09-09T12:20:00Z,15,premarket,1,50.59656367949472,1.8863835145044305,52.48294719399915,-40.23670160850479,53.676736948805335,52.48294719399915,54.30913606129906,0,11.08033179240131,-12.906520659701215,6.55002733549459,0,persistent_or_wider
aaplx,2026-09-09T12:20:00Z,30,premarket,1,50.59656367949472,1.8863835145044305,52.48294719399915,-40.23670160850479,53.676736948805335,52.48294719399915,26.15589675019514,1,2.1700178927996916,76.4688260513946,5.395198404398727,0,xstock_reversion
aaplx,2026-09-09T12:20:00Z,60,premarket,1,50.59656367949472,1.8863835145044305,52.48294719399915,-40.23670160850479,53.676736948805335,52.48294719399915,9.947579561799813,1,11.169537768802584,31.365829863396755,11.691204454802318,0,xstock_reversion
aaplx,2026-09-09T12:25:00Z,5,premarket,1,54.057907462095045,1.328171923704602,55.38607938579965,44.84266116859814,53.32371291784858,55.38607938579965,6.896860433798224,1,0.6182496418016825,61.66469017779619,2.68098855519483,0,xstock_reversion
aaplx,2026-09-09T12:25:00Z,15,premarket,1,54.057907462095045,1.328171923704602,55.38607938579965,44.84266116859814,53.32371291784858,55.38607938579965,1.3637323087944964,1,4.284085654200354,52.46572604039379,1.9037344981942539,0,xstock_reversion
aaplx,2026-09-09T12:25:00Z,30,premarket,1,54.057907462095045,1.328171923704602,55.38607938579965,44.84266116859814,53.32371291784858,55.38607938579965,40.67425990569973,1,3.7901758136982266,10.921643666401692,0.6346184358996254,0,xstock_reversion
aaplx,2026-09-09T12:25:00Z,60,premarket,1,54.057907462095045,1.328171923704602,55.38607938579965,44.84266116859814,53.32371291784858,55.38607938579965,19.31094840739611,1,9.464026130405756,26.61110484799778,9.51505035470035,0,xstock_reversion
aaplx,2026-09-09T12:35:00Z,5,premarket,1,56.953057003701346,2.643920942402289,54.30913606129906,12.906520659701215,58.64887605917335,54.30913606129906,1.3637323087944964,1,-2.112032743299963,57.784901113393516,-0.5202910331991717,0,xstock_reversion
aaplx,2026-09-09T12:35:00Z,15,premarket,1,56.953057003701346,2.643920942402289,54.30913606129906,12.906520659701215,58.64887605917335,54.30913606129906,26.15589675019514,1,-8.910313899601618,89.37534671109582,-1.1548289310958637,0,xstock_reversion
aaplx,2026-09-09T12:35:00Z,30,premarket,1,56.953057003701346,2.643920942402289,54.30913606129906,12.906520659701215,58.64887605917335,54.30913606129906,47.78869048940315,1,-0.17284177290299851,6.693287344798904,-3.2173552157921392,0,xstock_reversion
aaplx,2026-09-09T12:35:00Z,60,premarket,1,56.953057003701346,2.643920942402289,54.30913606129906,12.906520659701215,58.64887605917335,54.30913606129906,17.561362215001708,1,10.04781183319814,26.69996201309921,23.24586132420592,0,xstock_reversion
aaplx,2026-09-09T13:05:00Z,5,premarket,1,53.47712487469458,5.68843438529143,47.78869048940315,82.68205936629691,64.68592286595447,47.78869048940315,3.1053176359030488,1,-4.191412500995639,48.87478535449574,4.283232795696534,0,xstock_reversion
aaplx,2026-09-09T13:05:00Z,15,premarket,1,53.47712487469458,5.68843438529143,47.78869048940315,82.68205936629691,64.68592286595447,47.78869048940315,9.947579561799813,1,0.26204774930427277,37.579063178299066,8.358532335099866,0,xstock_reversion
aaplx,2026-09-09T13:05:00Z,30,premarket,1,53.47712487469458,5.68843438529143,47.78869048940315,82.68205936629691,64.68592286595447,47.78869048940315,17.561362215001708,1,10.220653606101138,20.006674668300306,26.463216539998058,0,xstock_reversion
aaplx,2026-09-09T13:05:00Z,60,premarket,1,53.47712487469458,5.68843438529143,47.78869048940315,82.68205936629691,64.68592286595447,47.78869048940315,14.66285574889703,1,68.59484743020339,-35.469012689697266,87.73107171199612,1,p1a_catchup
aaplx,2026-09-09T14:10:00Z,5,regular,0,11.992592215008813,64.11957119230038,-52.12697897729157,-58.61256376649138,56.12977473030542,52.12697897729157,15.958162111093799,1,54.84741231309265,13.237728775292723,27.44822417389159,1,p1a_catchup
aaplx,2026-09-09T14:10:00Z,15,regular,0,11.992592215008813,64.11957119230038,-52.12697897729157,-58.61256376649138,56.12977473030542,52.12697897729157,35.9834471279985,1,88.42413293539408,-0.31370683010401024,24.909379277495702,1,p1a_catchup
aaplx,2026-09-09T14:10:00Z,30,regular,0,11.992592215008813,64.11957119230038,-52.12697897729157,-58.61256376649138,56.12977473030542,52.12697897729157,10.960170317302342,1,138.00381780439963,-74.91666850980572,72.99940969469176,1,p1a_catchup
aaplx,2026-09-09T14:10:00Z,60,regular,0,11.992592215008813,64.11957119230038,-52.12697897729157,-58.61256376649138,56.12977473030542,52.12697897729157,0.3985557315022703,1,160.2557252434966,-107.73019053470279,105.2951513887912,1,p1a_catchup
aaplx,2026-09-09T17:15:00Z,5,regular,1,127.71906472949901,57.81733362669961,69.9017311027994,74.51268741379913,45.87397628503983,69.9017311027994,22.04589471119789,1,-55.69138455140177,147.63901036539906,44.84599738470152,0,xstock_reversion
aaplx,2026-09-09T17:15:00Z,15,regular,1,127.71906472949901,57.81733362669961,69.9017311027994,74.51268741379913,45.87397628503983,69.9017311027994,9.600171000396784,1,-44.40589005059614,104.70745015299876,-5.459304234900486,0,xstock_reversion
aaplx,2026-09-09T17:15:00Z,30,regular,1,127.71906472949901,57.81733362669961,69.9017311027994,74.51268741379913,45.87397628503983,69.9017311027994,11.875585080600715,1,-25.238866607395494,83.26501262959418,33.97330276370347,0,xstock_reversion
aaplx,2026-09-09T17:15:00Z,60,regular,1,127.71906472949901,57.81733362669961,69.9017311027994,74.51268741379913,45.87397628503983,69.9017311027994,15.326370224197916,1,-95.38863182579682,149.96399270439832,-15.743733873501142,0,xstock_reversion
aaplx,2026-09-09T17:40:00Z,5,regular,1,30.141277129098754,26.56626097699899,56.70753810609774,13.142039967100061,98.15012689748716,56.70753810609774,11.875585080600715,1,25.88815917880183,18.9437938466952,0.7167339462021971,0,p1a_catchup
aaplx,2026-09-09T17:40:00Z,15,regular,1,30.141277129098754,26.56626097699899,56.70753810609774,13.142039967100061,98.15012689748716,56.70753810609774,46.79863966150499,1,47.57278290929534,-37.66388446470259,23.56767750190336,1,p1a_catchup
aaplx,2026-09-09T17:40:00Z,30,regular,1,30.141277129098754,26.56626097699899,56.70753810609774,13.142039967100061,98.15012689748716,56.70753810609774,28.027625651194654,1,4.35827527139665,80.37688848589575,-79.27212794649918,0,xstock_reversion
aaplx,2026-09-09T17:40:00Z,60,regular,1,30.141277129098754,26.56626097699899,56.70753810609774,13.142039967100061,98.15012689748716,56.70753810609774,34.62783937810521,1,38.34766425409697,-16.267965526104433,51.152459647001436,1,p1a_catchup
aaplx,2026-09-09T17:55:00Z,5,regular,1,44.23748409189798,2.56115556960701,46.79863966150499,37.66388446470259,51.31500097243613,46.79863966150499,12.869470437104624,1,4.5020968970010955,29.427072327399273,-12.777309240199486,0,xstock_reversion
aaplx,2026-09-09T17:55:00Z,15,regular,1,44.23748409189798,2.56115556960701,46.79863966150499,37.66388446470259,51.31500097243613,46.79863966150499,28.027625651194654,1,-43.21450763789869,118.04077295059834,-102.83980544840254,0,xstock_reversion
aaplx,2026-09-09T17:55:00Z,30,regular,1,44.23748409189798,2.56115556960701,46.79863966150499,37.66388446470259,51.31500097243613,46.79863966150499,22.247104190800115,1,-12.971367956300384,82.01711180860549,-35.97787646030248,0,xstock_reversion
aaplx,2026-09-09T17:55:00Z,60,regular,1,44.23748409189798,2.56115556960701,46.79863966150499,37.66388446470259,51.31500097243613,46.79863966150499,49.39169874850435,0,154.34180601160642,-58.15146760159706,108.42666846139437,1,persistent_or_wider
aaplx,2026-09-09T18:45:00Z,5,regular,0,9.19289549319302,73.53281510529719,64.33991961210417,151.27248213570255,37.72367428775285,64.33991961210417,16.93353568819944,1,68.92876515309787,-21.522381229193144,58.56624315950576,1,p1a_catchup
aaplx,2026-09-09T18:45:00Z,15,regular,0,9.19289549319302,73.53281510529719,64.33991961210417,151.27248213570255,37.72367428775285,64.33991961210417,0.12583085969630758,1,78.24999012759903,-13.784239655798558,-16.434896240395958,1,p1a_catchup
aaplx,2026-09-09T18:45:00Z,30,regular,0,9.19289549319302,73.53281510529719,64.33991961210417,151.27248213570255,37.72367428775285,64.33991961210417,12.721903258903211,1,50.45105200349731,1.1669643497036475,-25.295656313799597,1,p1a_catchup
aaplx,2026-09-09T18:45:00Z,60,regular,0,9.19289549319302,73.53281510529719,64.33991961210417,151.27248213570255,37.72367428775285,64.33991961210417,0.4369204601939458,1,43.180382038503495,20.722617113406727,-29.887351759194658,1,p1a_catchup
aaplx,2026-09-09T18:55:00Z,5,regular,0,6.037716767899326,43.35398198060503,-49.39169874850435,79.54738654019522,42.53060408206326,49.39169874850435,0.12583085969630758,1,38.95259809410412,10.313269794703928,16.750687376196893,1,p1a_catchup
aaplx,2026-09-09T18:55:00Z,15,regular,0,6.037716767899326,43.35398198060503,-49.39169874850435,79.54738654019522,42.53060408206326,49.39169874850435,29.04962411279577,1,67.21018565530201,11.23113720599811,25.769746682700045,1,p1a_catchup
aaplx,2026-09-09T18:55:00Z,30,regular,0,6.037716767899326,43.35398198060503,-49.39169874850435,79.54738654019522,42.53060408206326,49.39169874850435,6.7713132406055365,1,79.03155984990029,-36.41117434200147,34.79694767579922,1,p1a_catchup
aaplx,2026-09-09T18:55:00Z,60,regular,0,6.037716767899326,43.35398198060503,-49.39169874850435,79.54738654019522,42.53060408206326,49.39169874850435,28.846931523602848,1,87.09860023500049,-66.55383301009898,39.55138127460067,1,p1a_catchup
aaplx,2026-09-09T21:55:00Z,5,afterhours,1,58.12430258360202,11.244600056903309,-46.87970252669871,7.765312723702067,34.14294814360717,46.87970252669871,50.23242041230169,0,-4.936217911399865,1.58350002579688,7.558472136501848,0,persistent_or_wider
aaplx,2026-09-09T21:55:00Z,15,afterhours,1,58.12430258360202,11.244600056903309,-46.87970252669871,7.765312723702067,34.14294814360717,46.87970252669871,44.70242277110792,1,3.676461380095475,-1.4991816245046863,11.027573516306788,0,p1a_catchup
aaplx,2026-09-09T21:55:00Z,30,afterhours,1,58.12430258360202,11.244600056903309,-46.87970252669871,7.765312723702067,34.14294814360717,46.87970252669871,35.905968794391896,1,-2.960464841796906,13.934198574103718,-4.41644499740157,0,xstock_reversion
aaplx,2026-09-09T21:55:00Z,60,afterhours,1,58.12430258360202,11.244600056903309,-46.87970252669871,7.765312723702067,34.14294814360717,46.87970252669871,32.72235198529927,1,-11.02726692320033,25.184617464599768,-6.935653979098788,0,xstock_reversion
aaplx,2026-09-09T22:00:00Z,5,afterhours,1,48.98233042130329,1.2500899909984042,-50.23242041230169,-46.77414997190432,31.8553276074105,50.23242041230169,10.48914452570493,1,0.12109646720048772,60.600468470806135,4.415428841397784,0,xstock_reversion
aaplx,2026-09-09T22:00:00Z,15,afterhours,1,48.98233042130329,1.2500899909984042,-50.23242041230169,-46.77414997190432,31.8553276074105,50.23242041230169,35.104105751901926,1,8.44783931619908,6.680475344200687,4.415428841397784,0,p1a_catchup
aaplx,2026-09-09T22:00:00Z,30,afterhours,1,48.98233042130329,1.2500899909984042,-50.23242041230169,-46.77414997190432,31.8553276074105,50.23242041230169,25.05459095460516,1,-6.362209085901682,31.540038543598214,-14.179259697701951,0,xstock_reversion
aaplx,2026-09-09T22:00:00Z,60,afterhours,1,48.98233042130329,1.2500899909984042,-50.23242041230169,-46.77414997190432,31.8553276074105,50.23242041230169,9.875918958499597,1,-12.87857874229914,72.98691811310043,-6.619489910599796,0,xstock_reversion
aaplx,2026-09-09T22:50:00Z,5,afterhours,1,68.52502433119412,12.219409840401596,-56.30561449079252,-31.306134004598363,19.96143862852147,56.30561449079252,32.72235198529927,1,-7.27069587740381,30.853958382897062,-2.2042731498039814,0,xstock_reversion
aaplx,2026-09-09T22:50:00Z,15,afterhours,1,68.52502433119412,12.219409840401596,-56.30561449079252,-31.306134004598363,19.96143862852147,56.30561449079252,2.1984628371019,1,-7.645038264705306,61.75218991839593,6.445562472494615,0,xstock_reversion
aaplx,2026-09-09T22:50:00Z,30,afterhours,1,68.52502433119412,12.219409840401596,-56.30561449079252,-31.306134004598363,19.96143862852147,56.30561449079252,6.793978805896828,1,-6.372698232306462,69.47229152899581,-2.2042731498039814,0,xstock_reversion
aaplx,2026-09-09T22:50:00Z,60,afterhours,1,68.52502433119412,12.219409840401596,-56.30561449079252,-31.306134004598363,19.96143862852147,56.30561449079252,44.33174830479558,1,-20.58817328990159,32.56203947589853,-13.847366492703017,0,xstock_reversion
aaplx,2026-09-10T09:55:00Z,5,premarket,1,76.19643791829667,6.699959532499022,-69.49647838579764,-93.4115581104944,52.40058636156338,69.49647838579764,15.267263353599958,1,-6.041801785494627,90.80554352489223,-3.4495194535022478,0,xstock_reversion
aaplx,2026-09-10T09:55:00Z,15,premarket,1,76.19643791829667,6.699959532499022,-69.49647838579764,-93.4115581104944,52.40058636156338,69.49647838579764,27.11238595609622,1,-5.150698735798542,47.53479116549997,0.5332137263014403,0,xstock_reversion
aaplx,2026-09-10T09:55:00Z,30,premarket,1,76.19643791829667,6.699959532499022,-69.49647838579764,-93.4115581104944,52.40058636156338,69.49647838579764,2.485935290605923,1,-12.726897582995278,84.70931125939885,-8.997613261403359,0,xstock_reversion
aaplx,2026-09-10T09:55:00Z,60,premarket,1,76.19643791829667,6.699959532499022,-69.49647838579764,-93.4115581104944,52.40058636156338,69.49647838579764,43.01132062740187,1,-21.703375837196504,48.188533595592276,-6.145587912298467,0,xstock_reversion
aaplx,2026-09-10T13:30:00Z,5,regular,0,15.335650044105975,73.74914230740437,58.413492263298394,85.67935751579547,48.85201052384772,58.413492263298394,38.22488850810046,1,72.6925893052055,-52.50398555000757,40.618709181998724,1,p1a_catchup
aaplx,2026-09-10T13:30:00Z,15,regular,0,15.335650044105975,73.74914230740437,58.413492263298394,85.67935751579547,48.85201052384772,58.413492263298394,19.556223390297944,1,88.4317520741007,-10.462036420504361,23.138519742493813,1,p1a_catchup
aaplx,2026-09-10T13:30:00Z,30,regular,0,15.335650044105975,73.74914230740437,58.413492263298394,85.67935751579547,48.85201052384772,58.413492263298394,21.404759797905015,1,56.72408877390289,23.094163287300518,-8.770281837602312,1,p1a_catchup
aaplx,2026-09-10T13:30:00Z,60,regular,0,15.335650044105975,73.74914230740437,58.413492263298394,85.67935751579547,48.85201052384772,58.413492263298394,35.91272535209633,1,68.38341573100593,-45.88264881980386,-10.02380737980424,1,p1a_catchup
aaplx,2026-09-10T13:40:00Z,5,regular,1,37.553566954802164,11.141593558301466,-48.69516051310363,89.59308289769652,58.57129670628627,48.69516051310363,19.556223390297944,1,13.35140811700164,15.787529005804046,-6.246095417097308,0,xstock_reversion
aaplx,2026-09-10T13:40:00Z,15,regular,1,37.553566954802164,11.141593558301466,-48.69516051310363,89.59308289769652,58.57129670628627,48.69516051310363,28.905619044099495,1,29.11716419119692,48.483615366006205,31.649707340202227,1,xstock_reversion
aaplx,2026-09-10T13:40:00Z,30,regular,1,37.553566954802164,11.141593558301466,-48.69516051310363,89.59308289769652,58.57129670628627,48.69516051310363,19.553203135105335,1,45.908349356702516,22.34001429150645,18.77112301889916,1,p1a_catchup
aaplx,2026-09-10T13:40:00Z,60,regular,1,37.553566954802164,11.141593558301466,-48.69516051310363,89.59308289769652,58.57129670628627,48.69516051310363,13.809949226901708,1,18.840782866602623,16.0444284195993,-3.5156662354030033,0,p1a_catchup
aaplx,2026-09-10T15:45:00Z,5,regular,0,11.582768644702313,69.29330172460446,-57.71053307990215,-69.12985460589383,57.80602642171818,57.71053307990215,0.7231132489060599,1,62.10035109840639,-3.6667047695981836,6.407101162295703,1,p1a_catchup
aaplx,2026-09-10T15:45:00Z,15,regular,0,11.582768644702313,69.29330172460446,-57.71053307990215,-69.12985460589383,57.80602642171818,57.71053307990215,2.1614596372998562,1,83.42625913750013,-23.55426642029812,13.756880608903899,1,p1a_catchup
aaplx,2026-09-10T15:45:00Z,30,regular,0,11.582768644702313,69.29330172460446,-57.71053307990215,-69.12985460589383,57.80602642171818,57.71053307990215,8.46419771879603,1,66.14498904670363,0.02974175199454976,-9.371973864196192,1,p1a_catchup
aaplx,2026-09-10T15:45:00Z,60,regular,0,11.582768644702313,69.29330172460446,-57.71053307990215,-69.12985460589383,57.80602642171818,57.71053307990215,39.264065249904334,1,-56.06583867900028,74.5123065089981,-105.36064272139711,0,xstock_reversion
aaplx,2026-09-10T17:55:00Z,5,regular,1,75.77885495699377,10.699572155994375,-65.0792828009994,-55.39813124530113,37.17430641915752,65.0792828009994,23.921299290599052,1,-5.51459711119584,46.67258062159618,30.35277777700074,0,xstock_reversion
aaplx,2026-09-10T17:55:00Z,15,regular,1,75.77885495699377,10.699572155994375,-65.0792828009994,-55.39813124530113,37.17430641915752,65.0792828009994,9.658010831898878,1,33.03193882739919,22.38933314170133,41.93266095620096,0,p1a_catchup
aaplx,2026-09-10T17:55:00Z,30,regular,1,75.77885495699377,10.699572155994375,-65.0792828009994,-55.39813124530113,37.17430641915752,65.0792828009994,27.253597388492423,1,21.35402869880565,16.47165671370132,27.42133494609611,0,p1a_catchup
aaplx,2026-09-10T17:55:00Z,60,regular,1,75.77885495699377,10.699572155994375,-65.0792828009994,-55.39813124530113,37.17430641915752,65.0792828009994,0.16657408449916034,1,-19.488410395398503,84.73426728089706,-11.070452251500384,0,xstock_reversion
aaplx,2026-09-10T20:05:00Z,5,afterhours,1,56.32362737209462,6.921210371295672,-49.40241700079895,-27.17451213139377,26.721308930533205,49.40241700079895,0.2834690794006889,1,-5.709921319496658,54.82886924089492,-1.1639696278997747,0,xstock_reversion
aaplx,2026-09-10T20:05:00Z,15,afterhours,1,56.32362737209462,6.921210371295672,-49.40241700079895,-27.17451213139377,26.721308930533205,49.40241700079895,10.565157792497004,1,-7.452364032598524,67.41993882589448,-3.249586824205508,0,xstock_reversion
aaplx,2026-09-10T20:05:00Z,30,afterhours,1,56.32362737209462,6.921210371295672,-49.40241700079895,-27.17451213139377,26.721308930533205,49.40241700079895,4.785632687500652,1,-0.9803079939008086,45.597092307199105,10.727148373694817,0,xstock_reversion
aaplx,2026-09-10T20:05:00Z,60,afterhours,1,56.32362737209462,6.921210371295672,-49.40241700079895,-27.17451213139377,26.721308930533205,49.40241700079895,6.937966363702586,1,9.863872088402559,32.600578548693804,16.248451541400755,0,xstock_reversion
aaplx,2026-09-11T13:30:00Z,5,regular,0,42.178607905301035,128.42370462940346,86.24509672410241,126.49087581490193,46.14079185228012,86.24509672410241,43.82513310070557,1,122.69329106690208,-80.27332744350524,64.2548374964047,1,p1a_catchup
aaplx,2026-09-11T13:30:00Z,15,regular,0,42.178607905301035,128.42370462940346,86.24509672410241,126.49087581490193,46.14079185228012,86.24509672410241,67.03296200309516,1,158.7781998335025,-5.500141106304923,-8.205667071399247,1,p1a_catchup
aaplx,2026-09-11T13:30:00Z,30,regular,0,42.178607905301035,128.42370462940346,86.24509672410241,126.49087581490193,46.14079185228012,86.24509672410241,5.708657136000994,1,142.5273755847023,-61.99093599660088,23.61809009180149,1,p1a_catchup
aaplx,2026-09-11T13:30:00Z,60,regular,0,42.178607905301035,128.42370462940346,86.24509672410241,126.49087581490193,46.14079185228012,86.24509672410241,22.30448250980288,1,193.5791026710998,-129.63848845680025,52.36581427499942,1,p1a_catchup
aaplx,2026-09-11T13:40:00Z,5,regular,1,49.99761033819716,6.29848332500238,-56.29609366319954,142.33463452160146,56.61343727005084,56.29609366319954,67.03296200309516,0,17.12661738090482,-27.86348572080044,49.38829633140074,1,persistent_or_wider
aaplx,2026-09-11T13:40:00Z,15,regular,1,49.99761033819716,6.29848332500238,-56.29609366319954,142.33463452160146,56.61343727005084,56.29609366319954,24.69187192770228,1,48.63346216110287,32.35450342979895,26.43358602639978,1,p1a_catchup
aaplx,2026-09-11T13:40:00Z,30,regular,1,49.99761033819716,6.29848332500238,-56.29609366319954,142.33463452160146,56.61343727005084,56.29609366319954,32.0167726998033,1,36.76349169880133,-12.484170735405087,49.6204311106041,1,p1a_catchup
aaplx,2026-09-11T13:40:00Z,60,regular,1,49.99761033819716,6.29848332500238,-56.29609366319954,142.33463452160146,56.61343727005084,56.29609366319954,3.150905097992762,1,-17.184755079400205,76.63175384059251,-40.416191532095525,0,xstock_reversion
aaplx,2026-09-11T13:45:00Z,5,regular,0,28.472799727596865,38.5601622754983,-67.03296200309516,5.500141106304923,60.91758115163611,67.03296200309516,11.854874030499118,1,36.65491437939927,18.523173593196773,-2.932875307397609,1,p1a_catchup
aaplx,2026-09-11T13:45:00Z,15,regular,0,28.472799727596865,38.5601622754983,-67.03296200309516,5.500141106304923,60.91758115163611,67.03296200309516,5.708657136000994,1,16.2508242488002,56.49079489029596,-31.82375716320074,0,xstock_reversion
aaplx,2026-09-11T13:45:00Z,30,regular,0,28.472799727596865,38.5601622754983,-67.03296200309516,5.500141106304923,60.91758115163611,67.03296200309516,20.525028250908406,1,33.325838040703104,54.232152213300466,-14.228312399202636,0,xstock_reversion
aaplx,2026-09-11T13:45:00Z,60,regular,0,28.472799727596865,38.5601622754983,-67.03296200309516,5.500141106304923,60.91758115163611,67.03296200309516,5.4380986376934,1,-50.44741684690379,122.91847748769236,-89.505708377704,0,xstock_reversion
aaplx,2026-09-11T22:35:00Z,5,afterhours,1,109.53424529309252,7.2425977659928975,-102.29164752709963,-86.53382512649799,49.53440708606551,102.29164752709963,4.057339967493689,1,-6.354409311599696,112.70339680619301,-0.9020250469049529,0,xstock_reversion
aaplx,2026-09-11T22:35:00Z,15,afterhours,1,109.53424529309252,7.2425977659928975,-102.29164752709963,-86.53382512649799,49.53440708606551,102.29164752709963,13.556617875805088,1,-9.052663285595841,124.90092868850056,-0.3006840563024582,0,xstock_reversion
aaplx,2026-09-11T22:35:00Z,30,afterhours,1,109.53424529309252,7.2425977659928975,-102.29164752709963,-86.53382512649799,49.53440708606551,102.29164752709963,13.067023624602214,1,-5.262294770798093,94.4869186732955,1.2028266439934043,0,xstock_reversion
aaplx,2026-09-11T22:35:00Z,60,afterhours,1,109.53424529309252,7.2425977659928975,-102.29164752709963,-86.53382512649799,49.53440708606551,102.29164752709963,19.849378257594807,1,-3.541968816094254,85.98423808559907,0.9051135764970297,0,xstock_reversion
aaplx,2026-09-14T11:25:00Z,5,premarket,1,36.95924945479767,12.119805689598806,-49.07905514439648,-36.60655957720138,18.351984594853853,49.07905514439648,11.885873060100138,1,10.010628001992927,27.18255408230341,-11.687320588906758,0,xstock_reversion
aaplx,2026-09-14T11:25:00Z,15,premarket,1,36.95924945479767,12.119805689598806,-49.07905514439648,-36.60655957720138,18.351984594853853,49.07905514439648,9.174408345495877,1,1.7593497705004069,38.14529702840019,-10.189709276202663,0,xstock_reversion
aaplx,2026-09-14T11:25:00Z,30,premarket,1,36.95924945479767,12.119805689598806,-49.07905514439648,-36.60655957720138,18.351984594853853,49.07905514439648,25.70590764260139,1,13.07611013309895,10.297037368696138,7.499062968596704,0,p1a_catchup
aaplx,2026-09-14T11:25:00Z,60,premarket,1,36.95924945479767,12.119805689598806,-49.07905514439648,-36.60655957720138,18.351984594853853,49.07905514439648,11.214189704098487,1,34.09210653539496,3.7727589049030286,31.533925072197988,1,p1a_catchup
aaplx,2026-09-14T13:30:00Z,5,regular,0,37.77692243160047,43.4242583227995,-81.20118075439997,-46.299550342698836,41.61817575089834,81.20118075439997,33.01348283789807,1,44.59981197739715,3.5878859391047513,25.47744480029479,1,p1a_catchup
aaplx,2026-09-14T13:30:00Z,15,regular,0,37.77692243160047,43.4242583227995,-81.20118075439997,-46.299550342698836,41.61817575089834,81.20118075439997,8.726760327402161,1,50.71275134819864,39.215189733603495,0.7994148046996941,1,p1a_catchup
aaplx,2026-09-14T13:30:00Z,30,regular,0,37.77692243160047,43.4242583227995,-81.20118075439997,-46.299550342698836,41.61817575089834,81.20118075439997,8.829048619105606,1,6.597996953701113,83.43223241980446,-41.93364875780148,0,xstock_reversion
aaplx,2026-09-14T13:30:00Z,60,regular,0,37.77692243160047,43.4242583227995,-81.20118075439997,-46.299550342698836,41.61817575089834,81.20118075439997,1.0954415327013578,1,30.755854390394077,49.349884831304536,-14.663628861502076,0,xstock_reversion
aaplx,2026-09-14T22:15:00Z,5,afterhours,1,56.652846921299016,9.317569400399961,47.335277520899055,46.73085355409334,23.077889561143742,47.335277520899055,0.6542905232009844,1,-7.7768232112962465,55.766391255396286,1.8043484847041213,0,xstock_reversion
aaplx,2026-09-14T22:15:00Z,15,afterhours,1,56.652846921299016,9.317569400399961,47.335277520899055,46.73085355409334,23.077889561143742,47.335277520899055,25.54854928789929,1,-6.431452363999668,28.21818059699943,0.30074735720475587,0,xstock_reversion
aaplx,2026-09-14T22:15:00Z,30,afterhours,1,56.652846921299016,9.317569400399961,47.335277520899055,46.73085355409334,23.077889561143742,47.335277520899055,11.039549680997851,1,-8.100383073896822,44.396110913798026,-3.910538952194287,0,xstock_reversion
aaplx,2026-09-14T22:15:00Z,60,afterhours,1,56.652846921299016,9.317569400399961,47.335277520899055,46.73085355409334,23.077889561143742,47.335277520899055,8.302585972099763,1,-10.339329248694185,65.977192741693,-9.026629167196987,0,xstock_reversion
aaplx,2026-09-15T13:15:00Z,5,premarket,1,61.485486861201366,1.9733410962974318,59.512145764903934,66.26171741610065,35.65040324682827,59.512145764903934,3.7506419411048597,1,-1.2979116478994968,57.05941547169857,4.576111721297238,0,xstock_reversion
aaplx,2026-09-15T13:15:00Z,15,premarket,1,61.485486861201366,1.9733410962974318,59.512145764903934,66.26171741610065,35.65040324682827,59.512145764903934,10.979679542000298,1,-32.179132429792645,102.67095773669688,-38.03823308500043,0,xstock_reversion
aaplx,2026-09-15T13:15:00Z,30,premarket,1,61.485486861201366,1.9733410962974318,59.512145764903934,66.26171741610065,35.65040324682827,59.512145764903934,1.9693098033002343,1,-33.26096885129637,90.80380481290007,-29.258734163395417,0,xstock_reversion
aaplx,2026-09-15T13:15:00Z,60,premarket,1,61.485486861201366,1.9733410962974318,59.512145764903934,66.26171741610065,35.65040324682827,59.512145764903934,5.016937625494933,1,-53.33526324069915,117.86434663109802,-55.31698603870261,0,xstock_reversion
aaplx,2026-09-15T14:45:00Z,5,regular,1,113.74192220819701,13.87543935699398,99.86648285120303,131.80964375179906,58.024606948400475,99.86648285120303,18.5515213811005,1,-9.285344283300745,90.60030575340328,2.2751575644974764,0,xstock_reversion
aaplx,2026-09-15T14:45:00Z,15,regular,1,113.74192220819701,13.87543935699398,99.86648285120303,131.80964375179906,58.024606948400475,99.86648285120303,56.99314005029876,1,-0.031028023697032836,42.9043708246013,-1.2105947994989208,0,xstock_reversion
aaplx,2026-09-15T14:45:00Z,30,regular,1,113.74192220819701,13.87543935699398,99.86648285120303,131.80964375179906,58.024606948400475,99.86648285120303,4.524328334394312,1,-18.227189558199797,122.61800074379714,17.581089705798192,0,xstock_reversion
aaplx,2026-09-15T14:45:00Z,60,regular,1,113.74192220819701,13.87543935699398,99.86648285120303,131.80964375179906,58.024606948400475,99.86648285120303,8.180587518902271,1,-7.203294549098516,115.25036491920382,-3.337834383403404,0,xstock_reversion
aaplx,2026-09-15T15:00:00Z,5,regular,1,72.04814618309463,15.055006132795867,56.99314005029876,-42.9043708246013,82.63420807446211,56.99314005029876,14.755766414396021,1,-16.044124740099974,87.79303120479476,-8.502564258305867,0,xstock_reversion
aaplx,2026-09-15T15:00:00Z,15,regular,1,72.04814618309463,15.055006132795867,56.99314005029876,-42.9043708246013,82.63420807446211,56.99314005029876,4.524328334394312,1,-18.196161534502764,79.71362991919584,18.791684505297113,0,xstock_reversion
aaplx,2026-09-15T15:00:00Z,30,regular,1,72.04814618309463,15.055006132795867,56.99314005029876,-42.9043708246013,82.63420807446211,56.99314005029876,21.877715950200383,1,-8.114085338197796,86.98494133869694,-0.9163872501005699,0,xstock_reversion
aaplx,2026-09-15T15:00:00Z,60,regular,1,72.04814618309463,15.055006132795867,56.99314005029876,-42.9043708246013,82.63420807446211,56.99314005029876,12.955278515507374,1,-12.505538967504393,56.54340050229578,5.15387232079334,0,xstock_reversion
aaplx,2026-09-15T21:50:00Z,5,afterhours,1,59.87284250900338,4.093173224104518,55.77966928489886,60.02286021900005,26.770022140399174,55.77966928489886,36.484708687698486,1,-6.572634724104631,98.83701269670198,0.0,0,xstock_reversion
aaplx,2026-09-15T21:50:00Z,15,afterhours,1,59.87284250900338,4.093173224104518,55.77966928489886,60.02286021900005,26.770022140399174,55.77966928489886,29.260763955800684,1,-1.651193669207629,86.69162690990717,6.33035425900097,0,xstock_reversion
aaplx,2026-09-15T21:50:00Z,30,afterhours,1,59.87284250900338,4.093173224104518,55.77966928489886,60.02286021900005,26.770022140399174,55.77966928489886,0.18984211370032256,1,-1.035334857206749,57.00484625580593,6.33035425900097,0,xstock_reversion
aaplx,2026-09-15T21:50:00Z,60,afterhours,1,59.87284250900338,4.093173224104518,55.77966928489886,60.02286021900005,26.770022140399174,55.77966928489886,1.1960395259968948,1,1.4945123790965908,53.08911737980537,5.124881410800697,0,xstock_reversion
aaplx,2026-09-16T10:55:00Z,5,premarket,1,46.98744199149729,7.678734582903246,54.66617657440054,60.409819100000206,29.922051649242793,54.66617657440054,3.26062255640025,1,6.09309422149984,45.31245979650045,-0.3858866772077363,0,xstock_reversion
aaplx,2026-09-16T10:55:00Z,15,premarket,1,46.98744199149729,7.678734582903246,54.66617657440054,60.409819100000206,29.922051649242793,54.66617657440054,17.46983690170012,1,6.630518375301264,30.565821297399154,-1.808972508499096,0,xstock_reversion
aaplx,2026-09-16T10:55:00Z,30,premarket,1,46.98744199149729,7.678734582903246,54.66617657440054,60.409819100000206,29.922051649242793,54.66617657440054,5.33133008990383,1,6.622473099895387,42.71237338460132,5.4249549250950935,0,xstock_reversion
aaplx,2026-09-16T10:55:00Z,60,premarket,1,46.98744199149729,7.678734582903246,54.66617657440054,60.409819100000206,29.922051649242793,54.66617657440054,1.2627890440963796,1,4.720681814900374,51.208283803596544,-4.824654075399337,0,xstock_reversion
aaplx,2026-09-16T13:00:00Z,5,premarket,0,3.9078204284948015,53.59226368989667,49.68444326140187,56.34737568020576,26.467882368958257,49.68444326140187,6.92261415870199,1,41.6009845061005,1.1608445965993752,-4.456037216398201,1,p1a_catchup
aaplx,2026-09-16T13:00:00Z,15,premarket,0,3.9078204284948015,53.59226368989667,49.68444326140187,56.34737568020576,26.467882368958257,49.68444326140187,3.323440828904012,1,34.242042708401144,18.765841381904735,-21.924235051997698,1,p1a_catchup
aaplx,2026-09-16T13:00:00Z,30,premarket,0,3.9078204284948015,53.59226368989667,49.68444326140187,56.34737568020576,26.467882368958257,49.68444326140187,25.072848712897056,1,28.965964953302503,-4.354370404797692,26.814286051601854,1,p1a_catchup
aaplx,2026-09-16T13:00:00Z,60,premarket,0,3.9078204284948015,53.59226368989667,49.68444326140187,56.34737568020576,26.467882368958257,49.68444326140187,17.49515342860164,1,72.28795705690239,-5.108360366898879,5.398596496002384,1,p1a_catchup
aaplx,2026-09-16T21:10:00Z,5,afterhours,1,59.85955977480195,3.64933127819711,-56.21022849660484,-28.10715753540194,32.00231891807207,56.21022849660484,60.14419184699804,0,2.220876231504576,-6.154839581897775,-0.03308276149915912,0,persistent_or_wider
aaplx,2026-09-16T21:10:00Z,15,afterhours,1,59.85955977480195,3.64933127819711,-56.21022849660484,-28.10715753540194,32.00231891807207,56.21022849660484,3.0341488811025386,1,-2.778441914701446,55.95452153020375,-1.5367291067036604,0,xstock_reversion
aaplx,2026-09-16T21:10:00Z,30,afterhours,1,59.85955977480195,3.64933127819711,-56.21022849660484,-28.10715753540194,32.00231891807207,56.21022849660484,79.51960945669967,0,-1.0458902970977846,-22.263490662997043,-6.046312046699143,0,persistent_or_wider
aaplx,2026-09-16T21:10:00Z,60,afterhours,1,59.85955977480195,3.64933127819711,-56.21022849660484,-28.10715753540194,32.00231891807207,56.21022849660484,5.4044884644000035,1,5.581743595799438,45.2239964364054,5.9837645920968185,0,xstock_reversion
aaplx,2026-09-16T21:15:00Z,5,afterhours,1,66.04748211819889,5.903290271200845,-60.14419184699804,-65.5224307404989,31.704714063260955,60.14419184699804,2.177669583103281,1,-5.080867195204064,67.40272862530539,0.6015218504984432,0,xstock_reversion
aaplx,2026-09-16T21:15:00Z,15,afterhours,1,66.04748211819889,5.903290271200845,-60.14419184699804,-65.5224307404989,31.704714063260955,60.14419184699804,25.726273511601505,1,-4.750810766704916,39.16872910210145,-2.6131923661054657,0,xstock_reversion
aaplx,2026-09-16T21:15:00Z,30,afterhours,1,66.04748211819889,5.903290271200845,-60.14419184699804,-65.5224307404989,31.704714063260955,60.14419184699804,1.421045503606777,1,-10.557151049299662,72.12238839990448,-4.708665685404512,0,xstock_reversion
aaplx,2026-09-16T21:15:00Z,60,afterhours,1,66.04748211819889,5.903290271200845,-60.14419184699804,-65.5224307404989,31.704714063260955,60.14419184699804,13.56495992449247,1,-0.5124145636070665,74.22156633509758,2.707133312798149,0,xstock_reversion
aaplx,2026-09-16T21:40:00Z,5,afterhours,1,88.16936248449814,8.649753027798468,-79.51960945669967,-78.21801219320079,50.086198967898184,79.51960945669967,1.421045503606777,1,-7.290384520697302,88.23103948100375,1.3045635997954719,0,xstock_reversion
aaplx,2026-09-16T21:40:00Z,15,afterhours,1,88.16936248449814,8.649753027798468,-79.51960945669967,-78.21801219320079,50.086198967898184,79.51960945669967,4.31210800759807,1,-6.908752446097566,82.11625389519916,3.0061626559962917,0,xstock_reversion
aaplx,2026-09-16T21:40:00Z,30,afterhours,1,88.16936248449814,8.649753027798468,-79.51960945669967,-78.21801219320079,50.086198967898184,79.51960945669967,5.4044884644000035,1,6.627633892897222,67.48748709940244,12.030076638795961,0,xstock_reversion
aaplx,2026-09-16T21:40:00Z,60,afterhours,1,88.16936248449814,8.649753027798468,-79.51960945669967,-78.21801219320079,50.086198967898184,79.51960945669967,21.67270169549873,1,-5.715193902897653,63.56210166409859,1.2023566204000247,0,xstock_reversion
aaplx,2026-09-16T22:20:00Z,5,afterhours,1,103.98689420769713,7.379812274894704,-96.60708193280243,-114.32555848579717,49.75196888512612,96.60708193280243,6.072393518303798,1,-6.64380120239727,109.3232766535035,-1.6907945903010813,0,xstock_reversion
aaplx,2026-09-16T22:20:00Z,15,afterhours,1,103.98689420769713,7.379812274894704,-96.60708193280243,-114.32555848579717,49.75196888512612,96.60708193280243,1.7373388691055425,1,-11.511944420394826,109.8563652223028,-10.224642276499551,0,xstock_reversion
aaplx,2026-09-16T22:20:00Z,30,afterhours,1,103.98689420769713,7.379812274894704,-96.60708193280243,-114.32555848579717,49.75196888512612,96.60708193280243,0.05846883709637041,1,-12.32749068119432,108.87610377690038,-4.211412991299568,0,xstock_reversion
aaplx,2026-09-16T22:20:00Z,60,afterhours,1,103.98689420769713,7.379812274894704,-96.60708193280243,-114.32555848579717,49.75196888512612,96.60708193280243,2.3824111484938015,1,-19.74917126089437,113.973842045203,-12.328418562699284,0,xstock_reversion
aaplx,2026-09-17T13:20:00Z,5,premarket,1,94.10080949240118,3.646746815499924,-90.45406267690126,-95.8994976048988,38.45961087893259,90.45406267690126,3.588915267505044,1,-2.5937141923026985,89.45886160169891,-27.516916327803287,0,xstock_reversion
aaplx,2026-09-17T13:20:00Z,15,premarket,1,94.10080949240118,3.646746815499924,-90.45406267690126,-95.8994976048988,38.45961087893259,90.45406267690126,11.322383741898534,1,32.34946602759692,46.78221290740581,29.695419035098425,0,xstock_reversion
aaplx,2026-09-17T13:20:00Z,30,premarket,1,94.10080949240118,3.646746815499924,-90.45406267690126,-95.8994976048988,38.45961087893259,90.45406267690126,5.336556356496658,1,80.38602586739607,15.404593166001845,98.5733769303998,1,p1a_catchup
aaplx,2026-09-17T13:20:00Z,60,premarket,1,94.10080949240118,3.646746815499924,-90.45406267690126,-95.8994976048988,38.45961087893259,90.45406267690126,19.616343332202746,1,14.070022482499667,56.76769686219885,12.437346604698973,0,xstock_reversion
aaplx,2026-09-17T16:10:00Z,5,regular,1,132.6358149604978,23.86924875490415,-108.76656620559366,-96.26984958019946,61.048913465564105,108.76656620559366,3.427317690301024,1,-22.02062293170215,134.21450682759684,-1.6378431131958138,0,xstock_reversion
aaplx,2026-09-17T16:10:00Z,15,regular,1,132.6358149604978,23.86924875490415,-108.76656620559366,-96.26984958019946,61.048913465564105,108.76656620559366,21.121644488699687,1,-29.099360038600253,116.74428175549423,-9.227976304897467,0,xstock_reversion
aaplx,2026-09-17T16:10:00Z,30,regular,1,132.6358149604978,23.86924875490415,-108.76656620559366,-96.26984958019946,61.048913465564105,108.76656620559366,22.75319779450058,1,-27.07804292320759,158.59780692330185,-2.382228586101931,0,xstock_reversion
aaplx,2026-09-17T16:10:00Z,60,regular,1,132.6358149604978,23.86924875490415,-108.76656620559366,-96.26984958019946,61.048913465564105,108.76656620559366,4.767228902000653,1,-21.794343279806228,125.79368058339924,7.230560290096832,0,xstock_reversion
aaplx,2026-09-17T21:50:00Z,5,afterhours,1,62.39665570849873,3.2463458994946848,-59.15030980900404,-56.53566026399659,19.289233370214994,59.15030980900404,2.356294294800776,1,-2.895117443797446,64.40172154760226,0.37091300240099656,0,xstock_reversion
aaplx,2026-09-17T21:50:00Z,15,afterhours,1,62.39665570849873,3.2463458994946848,-59.15030980900404,-56.53566026399659,19.289233370214994,59.15030980900404,11.939626630601552,1,4.423899409706777,42.78678376869571,15.813096982100205,0,xstock_reversion
aaplx,2026-09-17T21:50:00Z,30,afterhours,1,62.39665570849873,3.2463458994946848,-59.15030980900404,-56.53566026399659,19.289233370214994,59.15030980900404,1.9047856171994226,1,13.484671229306855,43.760852962497765,18.149318502196365,0,xstock_reversion
aaplx,2026-09-17T21:50:00Z,60,afterhours,1,62.39665570849873,3.2463458994946848,-59.15030980900404,-56.53566026399659,19.289233370214994,59.15030980900404,1.7553377315060459,1,18.58744922460076,38.807522852897236,25.327845559095508,0,xstock_reversion
aaplx,2026-09-17T22:10:00Z,5,afterhours,1,163.1982258637965,16.28718077659741,146.9110450871991,143.299485228896,77.09363159495861,146.9110450871991,7.422857321595089,1,-12.846963797796818,152.3351515634008,0.8917292121957132,0,xstock_reversion
aaplx,2026-09-17T22:10:00Z,15,afterhours,1,163.1982258637965,16.28718077659741,146.9110450871991,143.299485228896,77.09363159495861,146.9110450871991,2.5859683218953933,1,-16.52510032900345,166.02211373809794,-3.270354268005704,0,xstock_reversion
aaplx,2026-09-17T22:10:00Z,30,afterhours,1,163.1982258637965,16.28718077659741,146.9110450871991,143.299485228896,77.09363159495861,146.9110450871991,1.0240999219046643,1,-20.01882643569708,167.95397144480086,-6.244331985003626,0,xstock_reversion
aaplx,2026-09-17T22:10:00Z,60,afterhours,1,163.1982258637965,16.28718077659741,146.9110450871991,143.299485228896,77.09363159495861,146.9110450871991,14.945150465504042,1,-20.523484802499325,182.37968035520248,-4.757232569705394,0,xstock_reversion
aaplx,2026-09-18T10:30:00Z,5,premarket,0,7.768691805001282,68.78939875339718,76.55809055839846,79.25527475640237,33.70276386882785,76.55809055839846,11.110648789305344,1,52.230121519798445,35.43861782790536,-23.081713558896766,1,p1a_catchup
aaplx,2026-09-18T10:30:00Z,15,premarket,0,7.768691805001282,68.78939875339718,76.55809055839846,79.25527475640237,33.70276386882785,76.55809055839846,7.326198550696716,1,46.748251092196824,37.136038016898354,-29.898043377496464,1,p1a_catchup
aaplx,2026-09-18T10:30:00Z,30,premarket,0,7.768691805001282,68.78939875339718,76.55809055839846,79.25527475640237,33.70276386882785,76.55809055839846,8.689638252397103,1,30.820788033896207,54.42694077689936,-46.92655637329679,0,xstock_reversion
aaplx,2026-09-18T10:30:00Z,60,premarket,0,7.768691805001282,68.78939875339718,76.55809055839846,79.25527475640237,33.70276386882785,76.55809055839846,7.973639757201667,1,37.83674432010109,46.69498599549904,-39.092628118702066,0,xstock_reversion
aaplx,2026-09-18T11:55:00Z,5,premarket,1,99.20990302529908,1.4862399001014381,-97.72366312519765,-100.92416569489338,43.32240992703648,97.72366312519765,6.092677125000279,1,-1.4982504371019445,105.31459068729987,-24.8162571408006,0,xstock_reversion
aaplx,2026-09-18T11:55:00Z,15,premarket,1,99.20990302529908,1.4862399001014381,-97.72366312519765,-100.92416569489338,43.32240992703648,97.72366312519765,13.134306476603186,1,-8.324783373803157,92.91414002239762,4.221660682404149,0,xstock_reversion
aaplx,2026-09-18T11:55:00Z,30,premarket,1,99.20990302529908,1.4862399001014381,-97.72366312519765,-100.92416569489338,43.32240992703648,97.72366312519765,3.363078604898817,1,7.877292597902041,93.20944913219442,7.231015524897799,0,xstock_reversion
aaplx,2026-09-18T11:55:00Z,60,premarket,1,99.20990302529908,1.4862399001014381,-97.72366312519765,-100.92416569489338,43.32240992703648,97.72366312519765,3.373752043200895,1,-2.864641283197855,97.2145523651946,1.8480551644994847,0,xstock_reversion
aaplx,2026-09-18T23:15:00Z,5,afterhours,1,91.54498025639946,7.519282574799391,84.02569768160006,93.7832904408964,36.215935652445644,84.02569768160006,2.38430545230095,1,-6.021953419299564,87.66334564859868,2.226617761902361,0,xstock_reversion
aaplx,2026-09-18T23:15:00Z,15,afterhours,1,91.54498025639946,7.519282574799391,84.02569768160006,93.7832904408964,36.215935652445644,84.02569768160006,0.9341953269004222,1,-5.237566102396229,90.19745911089672,-1.79120518740028,0,xstock_reversion
aaplx,2026-09-18T23:15:00Z,30,afterhours,1,91.54498025639946,7.519282574799391,84.02569768160006,93.7832904408964,36.215935652445644,84.02569768160006,1.420107211300703,1,-10.281420132898234,92.8870106031976,-0.05671657879346981,0,xstock_reversion
