asset,timestamp_utc,horizon_min,session_state,current_p1a_better,current_raw_error_bps,current_p1a_error_bps,signed_disagreement_bps,xret_3_bps,xvol_6_bps,gap_initial_bps,gap_future_bps,gap_shrunk,p1a_catchup_bps,xstock_reversion_bps,underlying_follow_xstock_direction_bps,current_xstock_closer_to_future_underlying,resolution_class
qqqx,2026-06-23T18:20:00Z,5,regular,1,40.12729178640484,3.0313159560968472,43.15860774250169,44.73632149680107,20.49539136975745,43.15860774250169,0.450703659806706,1,2.999655656994449,39.70824842570053,-3.631234240497605,0,xstock_reversion
qqqx,2026-06-23T18:20:00Z,15,regular,1,40.12729178640484,3.0313159560968472,43.15860774250169,44.73632149680107,20.49539136975745,43.15860774250169,5.939844644800019,1,-6.9601282615039395,56.058580648805645,-15.371933881196398,0,xstock_reversion
qqqx,2026-06-23T18:20:00Z,30,regular,1,40.12729178640484,3.0313159560968472,43.15860774250169,44.73632149680107,20.49539136975745,43.15860774250169,19.180315833793316,1,-37.80446900230494,100.14339257859994,-46.88831695769835,0,xstock_reversion
qqqx,2026-06-23T18:20:00Z,60,regular,1,40.12729178640484,3.0313159560968472,43.15860774250169,44.73632149680107,20.49539136975745,43.15860774250169,22.10997113500035,1,-35.849070150204554,56.89770675770589,-19.988125605099327,0,xstock_reversion
qqqx,2026-06-24T20:00:00Z,5,afterhours,0,11.11286676239942,75.9661138868939,64.85324712449447,102.04720128260014,27.778124812435205,64.85324712449447,47.50519293089894,1,72.43035841809409,-55.08230422449856,42.091241114299294,1,p1a_catchup
qqqx,2026-06-24T20:00:00Z,15,afterhours,0,11.11286676239942,75.9661138868939,64.85324712449447,102.04720128260014,27.778124812435205,64.85324712449447,5.040690824804628,1,122.33289380159995,-52.43895585230085,45.2896169228989,1,p1a_catchup
qqqx,2026-06-24T20:00:00Z,30,afterhours,0,11.11286676239942,75.9661138868939,64.85324712449447,102.04720128260014,27.778124812435205,64.85324712449447,22.116991555103382,1,164.16449876039962,-77.19426008080177,74.44635238670116,1,p1a_catchup
qqqx,2026-06-24T20:00:00Z,60,afterhours,0,11.11286676239942,75.9661138868939,64.85324712449447,102.04720128260014,27.778124812435205,64.85324712449447,34.4646769959045,1,193.5685447617974,-94.25062064139844,96.18666396630005,1,p1a_catchup
qqqx,2026-06-24T20:05:00Z,5,afterhours,0,1.8781963477998431,45.6269965830991,47.50519293089894,134.53427677339926,31.291185695641,47.50519293089894,6.994347158597591,1,43.49975408760365,-2.9889083153022966,4.5886549789031505,1,p1a_catchup
qqqx,2026-06-24T20:05:00Z,15,afterhours,0,1.8781963477998431,45.6269965830991,47.50519293089894,134.53427677339926,31.291185695641,47.50519293089894,25.554287668505538,1,48.87560705419958,-26.92470179180617,40.11414994000262,1,p1a_catchup
qqqx,2026-06-24T20:05:00Z,30,afterhours,0,1.8781963477998431,45.6269965830991,47.50519293089894,134.53427677339926,31.291185695641,47.50519293089894,8.367730849396793,1,78.6232695932032,-39.485807511701054,54.09542285200075,1,p1a_catchup
qqqx,2026-06-24T20:05:00Z,60,afterhours,0,1.8781963477998431,45.6269965830991,47.50519293089894,134.53427677339926,31.291185695641,47.50519293089894,0.8702944944971591,1,100.72088101310328,-54.0859825767015,55.89357352810076,1,p1a_catchup
qqqx,2026-06-25T13:40:00Z,5,regular,0,8.934988024993373,77.23637101760161,-68.30138299260824,-122.1542275588039,28.3821974656555,68.30138299260824,35.13731389020336,1,76.42974465960073,-43.26567555719585,43.91738295979941,1,p1a_catchup
qqqx,2026-06-25T13:40:00Z,15,regular,0,8.934988024993373,77.23637101760161,-68.30138299260824,-122.1542275588039,28.3821974656555,68.30138299260824,24.339768572199105,1,192.9822516140067,-149.0206371935976,151.72792147450485,1,p1a_catchup
qqqx,2026-06-25T13:40:00Z,30,regular,0,8.934988024993373,77.23637101760161,-68.30138299260824,-122.1542275588039,28.3821974656555,68.30138299260824,14.040024618093838,1,129.93620960190634,-75.67485122739193,72.69397728250304,1,p1a_catchup
qqqx,2026-06-25T13:40:00Z,60,regular,0,8.934988024993373,77.23637101760161,-68.30138299260824,-122.1542275588039,28.3821974656555,68.30138299260824,33.7368322144016,1,99.14079970430478,-64.57624892609815,53.31330974580162,1,p1a_catchup
qqqx,2026-06-25T13:50:00Z,5,regular,0,8.649220115595213,73.05847990429548,-64.40925978870027,-187.45323339239837,31.161496385538474,64.40925978870027,24.339768572199105,1,72.2954625662009,-32.22597134969973,35.21902354000517,1,p1a_catchup
qqqx,2026-06-25T13:50:00Z,15,regular,0,8.649220115595213,73.05847990429548,-64.40925978870027,-187.45323339239837,31.161496385538474,64.40925978870027,38.32029674259552,1,50.813782817495934,51.91577371379985,-64.24780995599733,0,xstock_reversion
qqqx,2026-06-25T13:50:00Z,30,regular,0,8.649220115595213,73.05847990429548,-64.40925978870027,-187.45323339239837,31.161496385538474,64.40925978870027,22.497578915201544,1,8.536093840998404,33.37558703250032,-50.84264630859536,0,xstock_reversion
qqqx,2026-06-25T13:50:00Z,60,regular,0,8.649220115595213,73.05847990429548,-64.40925978870027,-187.45323339239837,31.161496385538474,64.40925978870027,27.954114371704364,1,-11.498621667200837,103.86199582760547,-118.46251352499948,0,xstock_reversion
qqqx,2026-06-25T14:00:00Z,5,regular,0,8.842537752595803,57.69023058140199,48.84769282880619,-68.17358846899602,40.847867750292124,48.84769282880619,38.32029674259552,1,57.08776798230453,-46.560371896093855,41.400650270100314,1,p1a_catchup
qqqx,2026-06-25T14:00:00Z,15,regular,0,8.842537752595803,57.69023058140199,48.84769282880619,-68.17358846899602,40.847867750292124,48.84769282880619,15.798726717601852,1,78.86686750500083,-45.81790139379649,41.89164920750166,1,p1a_catchup
qqqx,2026-06-25T14:00:00Z,30,regular,0,8.842537752595803,57.69023058140199,48.84769282880619,-68.17358846899602,40.847867750292124,48.84769282880619,12.241780224098164,1,91.93931663910249,-55.33340403439446,61.79187439699696,1,p1a_catchup
qqqx,2026-06-25T14:00:00Z,60,regular,0,8.842537752595803,57.69023058140199,48.84769282880619,-68.17358846899602,40.847867750292124,48.84769282880619,24.613792683796376,1,108.18747516830207,-83.95357502329226,80.95392542400326,1,p1a_catchup
qqqx,2026-06-25T14:05:00Z,5,regular,0,3.682816126602262,42.00311286919778,38.32029674259552,51.91577371379985,52.58910819235459,38.32029674259552,14.040024618093838,1,41.56436226339544,10.795959097293917,-20.432889304000668,1,p1a_catchup
qqqx,2026-06-25T14:05:00Z,15,regular,0,3.682816126602262,42.00311286919778,38.32029674259552,51.91577371379985,52.58910819235459,38.32029674259552,22.497578915201544,1,42.27768897649753,18.54018668129953,-13.405163647401963,1,p1a_catchup
qqqx,2026-06-25T14:05:00Z,30,regular,0,3.682816126602262,42.00311286919778,38.32029674259552,51.91577371379985,52.58910819235459,38.32029674259552,8.404750246899795,1,62.10668014599463,-32.19113365029891,30.46497013880156,1,p1a_catchup
qqqx,2026-06-25T14:05:00Z,60,regular,0,3.682816126602262,42.00311286919778,38.32029674259552,51.91577371379985,52.58910819235459,38.32029674259552,29.454761013401054,1,81.2381972840992,-13.46313952810263,13.527318051300696,1,p1a_catchup
qqqx,2026-06-25T15:10:00Z,5,regular,0,0.12382639070551704,40.134541775493915,-40.25836816619943,-43.28339613929977,29.70937953342992,40.25836816619943,10.323146028801133,1,39.715317720494525,10.86619647450604,-20.374762024495396,0,p1a_catchup
qqqx,2026-06-25T15:10:00Z,15,regular,0,0.12382639070551704,40.134541775493915,-40.25836816619943,-43.28339613929977,29.70937953342992,40.25836816619943,9.235038645902804,1,2.3861652522949583,28.63716426800167,-27.811740989500677,0,xstock_reversion
qqqx,2026-06-25T15:10:00Z,30,regular,0,0.12382639070551704,40.134541775493915,-40.25836816619943,-43.28339613929977,29.70937953342992,40.25836816619943,7.32703701539883,1,2.57508071059398,45.01032447100428,-55.75616451509724,0,xstock_reversion
qqqx,2026-06-25T15:10:00Z,60,regular,0,0.12382639070551704,40.134541775493915,-40.25836816619943,-43.28339613929977,29.70937953342992,40.25836816619943,14.57448615459711,1,-46.821895118203116,101.65474943899966,-99.51166449929438,0,xstock_reversion
qqqx,2026-06-26T08:00:00Z,5,premarket,0,10.820346427804495,67.14109855700201,-77.9614449848065,-4.538609874602528,16.897645314687992,77.9614449848065,12.69163120520389,1,67.10748273349942,-1.8376689538968094,34.13694756860153,1,p1a_catchup
qqqx,2026-06-26T08:00:00Z,15,premarket,0,10.820346427804495,67.14109855700201,-77.9614449848065,-4.538609874602528,16.897645314687992,77.9614449848065,1.3032498607934428,1,75.55771824089952,3.7069766047004293,6.47987739080591,1,p1a_catchup
qqqx,2026-06-26T08:00:00Z,30,premarket,0,10.820346427804495,67.14109855700201,-77.9614449848065,-4.538609874602528,16.897645314687992,77.9614449848065,14.728987589398557,1,61.42803123830198,1.804426157105965,8.03003558050186,1,p1a_catchup
qqqx,2026-06-26T08:00:00Z,60,premarket,0,10.820346427804495,67.14109855700201,-77.9614449848065,-4.538609874602528,16.897645314687992,77.9614449848065,6.40706743269881,1,97.27284971050132,-25.718472158393624,35.40875374710595,1,p1a_catchup
qqqx,2026-06-26T13:30:00Z,5,regular,0,5.0304121683986125,44.59110081399764,-49.621512982396254,-8.07470976250002,30.378054617260762,49.621512982396254,6.463726535299585,1,44.12525462849537,11.95998488920047,-3.1243787001056234,1,p1a_catchup
qqqx,2026-06-26T13:30:00Z,15,regular,0,5.0304121683986125,44.59110081399764,-49.621512982396254,-8.07470976250002,30.378054617260762,49.621512982396254,25.88332964120532,1,6.961376657592666,16.776806683598267,-11.924197594304076,1,xstock_reversion
qqqx,2026-06-26T13:30:00Z,30,regular,0,5.0304121683986125,44.59110081399764,-49.621512982396254,-8.07470976250002,30.378054617260762,49.621512982396254,24.690015251698227,1,-27.031474520304855,101.34300275439934,-103.28421695790624,0,xstock_reversion
qqqx,2026-06-26T13:30:00Z,60,regular,0,5.0304121683986125,44.59110081399764,-49.621512982396254,-8.07470976250002,30.378054617260762,49.621512982396254,20.793484847096977,1,-77.28190315810402,106.10993129340329,-119.02801329529922,0,xstock_reversion
qqqx,2026-06-26T15:05:00Z,5,regular,1,80.57303799879456,4.665593876493901,-75.90744412230066,-69.41036027419578,32.04814377137379,75.90744412230066,25.089769373698445,1,-4.6167971746946534,55.43447192329687,27.183564700097307,0,xstock_reversion
qqqx,2026-06-26T15:05:00Z,15,regular,1,80.57303799879456,4.665593876493901,-75.90744412230066,-69.41036027419578,32.04814377137379,75.90744412230066,10.87542423210408,1,3.5531719953052487,83.22969635909949,-10.51360507870136,0,xstock_reversion
qqqx,2026-06-26T15:05:00Z,30,regular,1,80.57303799879456,4.665593876493901,-75.90744412230066,-69.41036027419578,32.04814377137379,75.90744412230066,15.850619516903919,1,-23.24091943020079,83.29774403559753,-46.86534783330032,0,xstock_reversion
qqqx,2026-06-26T15:05:00Z,60,regular,1,80.57303799879456,4.665593876493901,-75.90744412230066,-69.41036027419578,32.04814377137379,75.90744412230066,15.259964186107311,1,-32.78447667780071,93.43195661399406,-7.729890088405966,0,xstock_reversion
qqqx,2026-06-26T20:05:00Z,5,afterhours,1,39.34945608300211,0.8695320935991901,40.2189881766013,-2.2920369076029345,27.724502167913656,40.2189881766013,16.746416356001603,1,0.8290017393974836,22.643570081202213,15.008002363900985,0,xstock_reversion
qqqx,2026-06-26T20:05:00Z,15,afterhours,1,39.34945608300211,0.8695320935991901,40.2189881766013,-2.2920369076029345,27.724502167913656,40.2189881766013,5.306099199300363,1,17.85571460160007,17.057174375700868,23.35176588510457,1,p1a_catchup
qqqx,2026-06-26T20:05:00Z,30,afterhours,1,39.34945608300211,0.8695320935991901,40.2189881766013,-2.2920369076029345,27.724502167913656,40.2189881766013,5.891549028804732,1,4.777915773601649,41.332621431804384,-2.975958528601552,0,xstock_reversion
qqqx,2026-06-26T20:05:00Z,60,afterhours,1,39.34945608300211,0.8695320935991901,40.2189881766013,-2.2920369076029345,27.724502167913656,40.2189881766013,0.09197463260335326,1,-6.592534796903138,46.719548340901085,-6.9580424642978755,0,xstock_reversion
qqqx,2026-06-29T08:00:00Z,5,premarket,0,1.0510974249999805,116.70610590440056,117.75720332940054,-2.44884291280556,5.192971879622904,117.75720332940054,11.70100823690845,1,116.68640136529795,-10.630206272805864,10.911839027905046,1,p1a_catchup
qqqx,2026-06-29T08:00:00Z,15,premarket,0,1.0510974249999805,116.70610590440056,117.75720332940054,-2.44884291280556,5.192971879622904,117.75720332940054,4.610269811600176,1,124.7544667155065,-2.38699357450578,18.179789087202636,1,p1a_catchup
qqqx,2026-06-29T08:00:00Z,30,premarket,0,1.0510974249999805,116.70610590440056,117.75720332940054,-2.44884291280556,5.192971879622904,117.75720332940054,4.83223121829468,1,128.58729105440503,-15.66231894329917,17.760627828797837,1,p1a_catchup
qqqx,2026-06-29T08:00:00Z,60,premarket,0,1.0510974249999805,116.70610590440056,117.75720332940054,-2.44884291280556,5.192971879622904,117.75720332940054,1.0531791493040288,1,118.59963998410272,0.21074249460184546,0.0,1,p1a_catchup
qqqx,2026-06-29T13:30:00Z,5,regular,0,4.688539389796631,38.96934396080631,43.657883350602944,21.02422869209697,19.025328101448867,43.657883350602944,19.422762201903865,1,38.56219266870298,24.518452883803832,-17.593838318505917,0,p1a_catchup
qqqx,2026-06-29T13:30:00Z,15,regular,0,4.688539389796631,38.96934396080631,43.657883350602944,21.02422869209697,19.025328101448867,43.657883350602944,6.019021839103189,1,45.82567501560497,3.851230174101161,1.2555190540997074,1,p1a_catchup
qqqx,2026-06-29T13:30:00Z,30,regular,0,4.688539389796631,38.96934396080631,43.657883350602944,21.02422869209697,19.025328101448867,43.657883350602944,19.087663953705203,1,-8.081889197795178,70.82743650210332,-71.96693153920464,0,xstock_reversion
qqqx,2026-06-29T13:30:00Z,60,regular,0,4.688539389796631,38.96934396080631,43.657883350602944,21.02422869209697,19.025328101448867,43.657883350602944,31.10261594770236,1,-30.852437096600127,43.40770449950071,-40.40014162130845,0,xstock_reversion
qqqx,2026-06-29T13:55:00Z,5,regular,0,0.6992914285053331,47.56155258410111,-48.26084401260644,-34.94350585230066,30.94955843430724,48.26084401260644,19.087663953705203,1,47.06483172919995,-17.891651670298714,24.41897752570199,1,p1a_catchup
qqqx,2026-06-29T13:55:00Z,15,regular,0,0.6992914285053331,47.56155258410111,-48.26084401260644,-34.94350585230066,30.94955843430724,48.26084401260644,47.7036575319012,1,86.58905466620404,-86.0318681854988,97.0491314462052,1,p1a_catchup
qqqx,2026-06-29T13:55:00Z,30,regular,0,0.6992914285053331,47.56155258410111,-48.26084401260644,-34.94350585230066,30.94955843430724,48.26084401260644,51.517739792599215,0,119.5203607690054,-19.74177696379975,21.74948211470351,1,persistent_or_wider
qqqx,2026-06-29T13:55:00Z,60,regular,0,0.6992914285053331,47.56155258410111,-48.26084401260644,-34.94350585230066,30.94955843430724,48.26084401260644,13.428795837695517,1,26.215549517498715,35.47409033280324,-35.54281548970195,0,xstock_reversion
qqqx,2026-06-29T14:10:00Z,5,regular,0,10.317971832201067,58.02162936410227,-47.7036575319012,-86.0318681854988,32.91228773054679,47.7036575319012,17.91908076850035,1,57.415558493296714,8.207179807104836,-18.38365786780649,1,p1a_catchup
qqqx,2026-06-29T14:10:00Z,15,regular,0,10.317971832201067,58.02162936410227,-47.7036575319012,-86.0318681854988,32.91228773054679,47.7036575319012,51.517739792599215,0,32.93130610280137,66.29009122169904,-75.29964933150168,0,persistent_or_wider
qqqx,2026-06-29T14:10:00Z,30,regular,0,10.317971832201067,58.02162936410227,-47.7036575319012,-86.0318681854988,32.91228773054679,47.7036575319012,8.310398537494379,1,-31.607048027098017,71.00030702150484,-85.83017830530615,0,xstock_reversion
qqqx,2026-06-29T14:10:00Z,60,regular,0,10.317971832201067,58.02162936410227,-47.7036575319012,-86.0318681854988,32.91228773054679,47.7036575319012,25.813589707599505,1,-74.52330398390217,96.41337180820386,-134.82655260720122,0,xstock_reversion
qqqx,2026-06-29T14:25:00Z,5,regular,0,1.3084137223984271,50.20932607020079,51.517739792599215,66.29009122169904,40.17822014116477,51.517739792599215,31.10261594770236,1,49.684981141000506,-29.269857296103652,28.89729450689771,1,p1a_catchup
qqqx,2026-06-29T14:25:00Z,15,regular,0,1.3084137223984271,50.20932607020079,51.517739792599215,66.29009122169904,40.17822014116477,51.517739792599215,8.310398537494379,1,64.53835412989939,-4.710215799805795,10.530528973804465,1,p1a_catchup
qqqx,2026-06-29T14:25:00Z,30,regular,0,1.3084137223984271,50.20932607020079,51.517739792599215,66.29009122169904,40.17822014116477,51.517739792599215,13.428795837695517,1,93.30481125150669,-55.215867296602994,57.29229760440546,1,p1a_catchup
qqqx,2026-06-29T14:25:00Z,60,regular,0,1.3084137223984271,50.20932607020079,51.517739792599215,66.29009122169904,40.17822014116477,51.517739792599215,29.891058744997423,1,95.68276006790555,-74.05607902030376,75.29460508640007,1,p1a_catchup
qqqx,2026-06-29T22:50:00Z,5,afterhours,1,43.3320144454008,0.5768629326041719,-42.75515151279663,-38.14680362600242,13.77183498231054,42.75515151279663,1.6316366639035351,1,-0.5499670997011208,41.673481948594215,2.0711344900004036,0,xstock_reversion
qqqx,2026-06-29T22:50:00Z,15,afterhours,1,43.3320144454008,0.5768629326041719,-42.75515151279663,-38.14680362600242,13.77183498231054,42.75515151279663,0.5500756415965924,1,-2.461543472298544,44.66661934349858,-6.0809598733957415,0,xstock_reversion
qqqx,2026-06-29T22:50:00Z,30,afterhours,1,43.3320144454008,0.5768629326041719,-42.75515151279663,-38.14680362600242,13.77183498231054,42.75515151279663,2.9658175736013703,1,-6.445832701205134,46.235166640400394,-3.1653246553009495,0,xstock_reversion
qqqx,2026-06-29T22:50:00Z,60,afterhours,1,43.3320144454008,0.5768629326041719,-42.75515151279663,-38.14680362600242,13.77183498231054,42.75515151279663,0.6189328250005843,1,-5.895734867902291,48.03195355569834,-5.804632812695942,0,xstock_reversion
qqqx,2026-06-30T13:30:00Z,5,regular,0,5.320467353193692,45.659456268296594,40.3389889151029,45.81433093240328,16.723924706636637,40.3389889151029,6.6490423123966025,1,45.182448823100074,1.8055824043994306,3.367662908102531,1,p1a_catchup
qqqx,2026-06-30T13:30:00Z,15,regular,0,5.320467353193692,45.659456268296594,40.3389889151029,45.81433093240328,16.723924706636637,40.3389889151029,4.435935763797971,1,58.27016781480232,-13.495243135901447,11.472893973207832,1,p1a_catchup
qqqx,2026-06-30T13:30:00Z,30,regular,0,5.320467353193692,45.659456268296594,40.3389889151029,45.81433093240328,16.723924706636637,40.3389889151029,4.0355425587002,1,106.8884411738047,-62.51390970000159,71.16638995750435,1,p1a_catchup
qqqx,2026-06-30T13:30:00Z,60,regular,0,5.320467353193692,45.659456268296594,40.3389889151029,45.81433093240328,16.723924706636637,40.3389889151029,3.9782466628057733,1,122.40638763519662,-86.0456453828995,86.98695192260075,1,p1a_catchup
qqqx,2026-06-30T15:15:00Z,5,regular,1,33.52308423870021,6.631088745701064,-40.15417298440127,-12.446477930403432,20.958937578502404,40.15417298440127,4.094878469498298,1,6.561817683197191,37.68723377070238,-4.095730940498754,0,xstock_reversion
qqqx,2026-06-30T15:15:00Z,15,regular,1,33.52308423870021,6.631088745701064,-40.15417298440127,-12.446477930403432,20.958937578502404,40.15417298440127,1.0976620394043124,1,-2.9330591656950844,44.18489418950067,-16.23653849939899,0,xstock_reversion
qqqx,2026-06-30T15:15:00Z,30,regular,1,33.52308423870021,6.631088745701064,-40.15417298440127,-12.446477930403432,20.958937578502404,40.15417298440127,5.3509276134011685,1,-4.6636424811019594,50.1687430789044,-16.372868363196957,0,xstock_reversion
qqqx,2026-06-30T15:15:00Z,60,regular,1,33.52308423870021,6.631088745701064,-40.15417298440127,-12.446477930403432,20.958937578502404,40.15417298440127,4.364925531392672,1,-28.39001157740384,72.90911009319778,-39.505650823299376,0,xstock_reversion
qqqx,2026-07-01T08:00:00Z,5,premarket,0,18.88929953890006,62.54570722479258,-81.43500676369264,-26.847307597499537,9.197094407126151,81.43500676369264,4.265420569407041,1,62.51437914219338,14.655207052092223,-4.782368183100516,1,p1a_catchup
qqqx,2026-07-01T08:00:00Z,15,premarket,0,18.88929953890006,62.54570722479258,-81.43500676369264,-26.847307597499537,9.197094407126151,81.43500676369264,1.8435015743012428,1,55.50948019169333,24.08202499769807,-4.23592756059854,1,p1a_catchup
qqqx,2026-07-01T08:00:00Z,30,premarket,0,18.88929953890006,62.54570722479258,-81.43500676369264,-26.847307597499537,9.197094407126151,81.43500676369264,3.5982731496986275,1,66.34851176859691,18.68476814479436,0.1366727031015813,1,p1a_catchup
qqqx,2026-07-01T08:00:00Z,60,premarket,0,18.88929953890006,62.54570722479258,-81.43500676369264,-26.847307597499537,9.197094407126151,81.43500676369264,7.668578576298657,1,50.709030113393894,23.05739807400009,-3.1429567281993087,1,p1a_catchup
qqqx,2026-07-01T13:30:00Z,5,regular,0,0.48199821529593123,41.57173397329572,-41.08973575799979,-55.33641144910284,18.91666974227664,41.08973575799979,3.5584072761007945,1,41.13743775800316,3.5107052760974256,0.550804863701515,1,p1a_catchup
qqqx,2026-07-01T13:30:00Z,15,regular,0,0.48199821529593123,41.57173397329572,-41.08973575799979,-55.33641144910284,18.91666974227664,41.08973575799979,17.349968286506368,1,32.724446872300916,25.71525717220524,-30.110358568800066,0,p1a_catchup
qqqx,2026-07-01T13:30:00Z,30,regular,0,0.48199821529593123,41.57173397329572,-41.08973575799979,-55.33641144910284,18.91666974227664,41.08973575799979,5.045519411996935,1,-12.374515613897685,48.41873195990054,-49.037549417594306,0,xstock_reversion
qqqx,2026-07-01T13:30:00Z,60,regular,0,0.48199821529593123,41.57173397329572,-41.08973575799979,-55.33641144910284,18.91666974227664,41.08973575799979,16.26858825490629,1,-14.069656733104452,38.89080423619795,-39.1669629614011,0,xstock_reversion
qqqx,2026-07-02T08:00:00Z,5,premarket,1,26.169037877705748,15.335889316201445,-41.50492719390719,-10.047115900704284,6.9424876529157284,41.50492719390719,37.06495548709832,1,15.32824260130461,-10.888270894495733,33.79832286690032,1,p1a_catchup
qqqx,2026-07-02T08:00:00Z,15,premarket,1,26.169037877705748,15.335889316201445,-41.50492719390719,-10.047115900704284,6.9424876529157284,41.50492719390719,15.047092785600569,1,60.851254949207956,-4.299234969700194,29.914019564900585,1,p1a_catchup
qqqx,2026-07-02T08:00:00Z,30,premarket,1,26.169037877705748,15.335889316201445,-41.50492719390719,-10.047115900704284,6.9424876529157284,41.50492719390719,16.554261442101037,1,33.36476479760542,24.694423838402813,-2.2122976183958087,0,p1a_catchup
qqqx,2026-07-02T08:00:00Z,60,premarket,1,26.169037877705748,15.335889316201445,-41.50492719390719,-10.047115900704284,6.9424876529157284,41.50492719390719,13.998587761498982,1,-2.11975137229814,29.62609080470635,-3.173111947294416,0,xstock_reversion
qqqx,2026-07-06T08:00:00Z,5,premarket,0,0.622322307206602,76.95254347710012,76.33022116989352,-3.2606303047000296,4.804830108081758,76.33022116989352,3.26676351420474,1,76.94783728659615,-3.8843796309073753,1.1114041103965633,1,p1a_catchup
qqqx,2026-07-06T08:00:00Z,15,premarket,0,0.622322307206602,76.95254347710012,76.33022116989352,-3.2606303047000296,4.804830108081758,76.33022116989352,3.68928820580372,1,63.21389664170063,16.80561273399661,-17.080645012104156,1,p1a_catchup
qqqx,2026-07-06T08:00:00Z,30,premarket,0,0.622322307206602,76.95254347710012,76.33022116989352,-3.2606303047000296,4.804830108081758,76.33022116989352,4.692711139400174,1,65.7936637530998,5.8438462773935385,-16.385684172899317,1,p1a_catchup
qqqx,2026-07-06T08:00:00Z,60,premarket,0,0.622322307206602,76.95254347710012,76.33022116989352,-3.2606303047000296,4.804830108081758,76.33022116989352,4.619847027997892,1,78.59034505069751,2.359723147193904,-2.9129921110016,1,p1a_catchup
qqqx,2026-07-06T13:35:00Z,5,regular,1,36.35154207270119,9.935469044606293,-46.287011117307486,-16.715403474405477,22.120330126701557,46.287011117307486,2.512327254002855,1,9.831688535602012,38.96764983570833,-6.92952699060001,0,xstock_reversion
qqqx,2026-07-06T13:35:00Z,15,regular,1,36.35154207270119,9.935469044606293,-46.287011117307486,-16.715403474405477,22.120330126701557,46.287011117307486,0.6016018400956114,1,-8.776507973298209,55.665120930701306,-25.13129474929876,0,xstock_reversion
qqqx,2026-07-06T13:35:00Z,30,regular,1,36.35154207270119,9.935469044606293,-46.287011117307486,-16.715403474405477,22.120330126701557,46.287011117307486,18.62465618730269,1,-1.299531761596029,66.2111990662062,-33.21802362449944,0,xstock_reversion
qqqx,2026-07-06T13:35:00Z,60,regular,1,36.35154207270119,9.935469044606293,-46.287011117307486,-16.715403474405477,22.120330126701557,46.287011117307486,6.094281031803206,1,-39.73501759399589,79.92774767950017,-43.85213526280296,0,xstock_reversion
qqqx,2026-07-07T08:00:00Z,5,premarket,0,10.835445444898895,75.35986954049889,-64.5244240956,-10.89256168750552,4.112520118427063,64.5244240956,11.425898673396162,1,75.3221070699972,0.6282156989989574,-10.624913623598076,1,p1a_catchup
qqqx,2026-07-07T08:00:00Z,15,premarket,0,10.835445444898895,75.35986954049889,-64.5244240956,-10.89256168750552,4.112520118427063,64.5244240956,1.5518034777972645,1,52.25339313169819,13.822834441699072,-24.02974136810343,1,p1a_catchup
qqqx,2026-07-07T08:00:00Z,30,premarket,0,10.835445444898895,75.35986954049889,-64.5244240956,-10.89256168750552,4.112520118427063,64.5244240956,4.794436852799677,1,53.16555380329824,6.564433439502082,-17.8880924215008,1,p1a_catchup
qqqx,2026-07-07T08:00:00Z,60,premarket,0,10.835445444898895,75.35986954049889,-64.5244240956,-10.89256168750552,4.112520118427063,64.5244240956,2.8127073257966373,1,62.657846209992485,4.679285211404149,-13.977805524199027,1,p1a_catchup
qqqx,2026-07-07T18:45:00Z,5,regular,1,53.572851938898935,7.288649032197725,46.28420290670121,34.59757732099611,22.251346350795725,46.28420290670121,14.507170015001236,1,-7.212558469298358,68.0039313910008,-10.55735910729716,0,xstock_reversion
qqqx,2026-07-07T18:45:00Z,15,regular,1,53.572851938898935,7.288649032197725,46.28420290670121,34.59757732099611,22.251346350795725,46.28420290670121,8.075592445395685,1,-27.88446253069843,82.24425788279532,-26.06167523110159,0,xstock_reversion
qqqx,2026-07-07T18:45:00Z,30,regular,1,53.572851938898935,7.288649032197725,46.28420290670121,34.59757732099611,22.251346350795725,46.28420290670121,7.916709224904395,1,-47.038616476395845,101.23952860800145,-48.93916360259709,0,xstock_reversion
qqqx,2026-07-07T18:45:00Z,60,regular,1,53.572851938898935,7.288649032197725,46.28420290670121,34.59757732099611,22.251346350795725,46.28420290670121,4.842714567896422,1,-55.04203572929356,96.48352406809835,-38.48245905490266,0,xstock_reversion
qqqx,2026-07-08T08:15:00Z,5,premarket,0,6.369380680002479,47.551543878903146,-41.18216319890067,-23.59827069769338,19.438776166807216,41.18216319890067,47.79076028690099,0,46.23044193020398,-52.8390390182043,46.11474405590066,1,persistent_or_wider
qqqx,2026-07-08T08:15:00Z,15,premarket,0,6.369380680002479,47.551543878903146,-41.18216319890067,-23.59827069769338,19.438776166807216,41.18216319890067,1.0722336342006145,1,109.68198503090498,-67.4275881978037,60.204364899698604,1,p1a_catchup
qqqx,2026-07-08T08:15:00Z,30,premarket,0,6.369380680002479,47.551543878903146,-41.18216319890067,-23.59827069769338,19.438776166807216,41.18216319890067,6.636198960903172,1,131.06839902320644,-83.2500368634026,76.31075606090221,1,p1a_catchup
qqqx,2026-07-08T08:15:00Z,60,premarket,0,6.369380680002479,47.551543878903146,-41.18216319890067,-23.59827069769338,19.438776166807216,41.18216319890067,10.720198168803208,1,166.15692845040718,-114.25456708270332,110.31904798680436,1,p1a_catchup
qqqx,2026-07-08T08:20:00Z,5,premarket,0,0.3549142823011664,47.435846004599824,-47.79076028690099,-84.76089649140484,26.863069550544324,47.79076028690099,18.5404063310024,1,46.1179303310999,-16.86757637520131,16.51104907099743,1,p1a_catchup
qqqx,2026-07-08T08:20:00Z,15,premarket,0,0.3549142823011664,47.435846004599824,-47.79076028690099,-84.76089649140484,26.863069550544324,47.79076028690099,25.624920126796624,1,61.5790046952025,-39.41316453509813,50.90157920220051,1,p1a_catchup
qqqx,2026-07-08T08:20:00Z,30,premarket,0,0.3549142823011664,47.435846004599824,-47.79076028690099,-84.76089649140484,26.863069550544324,47.79076028690099,8.257139796601365,1,77.83206065759884,-21.78416057409649,23.351189560498753,1,p1a_catchup
qqqx,2026-07-08T08:20:00Z,60,premarket,0,0.3549142823011664,47.435846004599824,-47.79076028690099,-84.76089649140484,26.863069550544324,47.79076028690099,0.5888417160981874,1,111.87037275290024,-63.49077074990106,64.77686125839988,1,p1a_catchup
qqqx,2026-07-09T08:00:00Z,5,premarket,0,11.62144692550271,66.74079009729716,78.36223702279987,12.248140202499869,7.4689793247062015,78.36223702279987,12.090794467800592,1,66.7073680470942,-0.43592549209492404,12.544429828196257,1,p1a_catchup
qqqx,2026-07-09T08:00:00Z,15,premarket,0,11.62144692550271,66.74079009729716,78.36223702279987,12.248140202499869,7.4689793247062015,78.36223702279987,0.2696821496961377,1,71.28215407999683,6.810400793106908,6.4135635119999534,1,p1a_catchup
qqqx,2026-07-09T08:00:00Z,30,premarket,0,11.62144692550271,66.74079009729716,78.36223702279987,12.248140202499869,7.4689793247062015,78.36223702279987,16.222739874001135,1,69.45256896119467,25.132407935606338,-6.836366946600947,1,p1a_catchup
qqqx,2026-07-09T08:00:00Z,60,premarket,0,11.62144692550271,66.74079009729716,78.36223702279987,12.248140202499869,7.4689793247062015,78.36223702279987,4.219398848803735,1,55.60726570849717,26.974370163106443,-14.236069900004367,1,p1a_catchup
qqqx,2026-07-09T14:15:00Z,5,regular,0,0.34843703270226456,38.09440293399469,-38.44283996669695,-74.89571724570432,21.480302729256707,38.44283996669695,5.210971071401005,1,37.69650106399958,5.957309974098379,-7.249812101299824,1,p1a_catchup
qqqx,2026-07-09T14:15:00Z,15,regular,0,0.34843703270226456,38.09440293399469,-38.44283996669695,-74.89571724570432,21.480302729256707,38.44283996669695,9.217460385499976,1,14.034232479698261,15.191147101498714,-16.306084683099797,1,xstock_reversion
qqqx,2026-07-09T14:15:00Z,30,regular,0,0.34843703270226456,38.09440293399469,-38.44283996669695,-74.89571724570432,21.480302729256707,38.44283996669695,14.163093637504787,1,15.157538782197832,37.448394822003905,-35.362783451198254,0,xstock_reversion
qqqx,2026-07-09T14:15:00Z,60,regular,0,0.34843703270226456,38.09440293399469,-38.44283996669695,-74.89571724570432,21.480302729256707,38.44283996669695,7.0851924882031625,1,-16.71515142800395,48.07279890649774,-49.80602680300095,0,xstock_reversion
qqqx,2026-07-10T08:00:00Z,5,premarket,0,5.723479799897291,55.388217866703116,-49.664738066805825,-3.5920702767988644,3.379829175222219,49.664738066805825,22.99813372549586,1,55.36044900080306,17.30242279149863,-6.048534457701038,1,p1a_catchup
qqqx,2026-07-10T08:00:00Z,15,premarket,0,5.723479799897291,55.388217866703116,-49.664738066805825,-3.5920702767988644,3.379829175222219,49.664738066805825,0.15127269859860348,1,45.088264451704774,4.4252009165024475,-11.190387166601923,1,p1a_catchup
qqqx,2026-07-10T08:00:00Z,30,premarket,0,5.723479799897291,55.388217866703116,-49.664738066805825,-3.5920702767988644,3.379829175222219,49.664738066805825,0.5432028731977567,1,52.271785492905565,-3.150250299297497,-2.718816976798877,1,p1a_catchup
qqqx,2026-07-10T08:00:00Z,60,premarket,0,5.723479799897291,55.388217866703116,-49.664738066805825,-3.5920702767988644,3.379829175222219,49.664738066805825,4.405302982997128,1,50.63464252040184,-5.3752074365931435,-1.8775229269962779,1,p1a_catchup
qqqx,2026-07-13T08:00:00Z,5,premarket,0,1.076286580294905,130.14414368179848,-131.2204302620934,7.017250079801585,12.477873591130646,131.2204302620934,9.79663282040022,1,130.12224200939391,-8.698444567700747,-3.3476538839050107,1,p1a_catchup
qqqx,2026-07-13T08:00:00Z,15,premarket,0,1.076286580294905,130.14414368179848,-131.2204302620934,7.017250079801585,12.477873591130646,131.2204302620934,7.548264547105887,1,118.6672001164002,20.101494692799093,-15.82174041570461,1,p1a_catchup
qqqx,2026-07-13T08:00:00Z,30,premarket,0,1.076286580294905,130.14414368179848,-131.2204302620934,7.017250079801585,12.477873591130646,131.2204302620934,2.268888254599588,1,111.49602882759346,17.45551317990035,-16.727073875006937,1,p1a_catchup
qqqx,2026-07-13T08:00:00Z,60,premarket,0,1.076286580294905,130.14414368179848,-131.2204302620934,7.017250079801585,12.477873591130646,131.2204302620934,4.502577501694915,1,106.54652756469929,20.171325195699197,-17.84121793500404,1,p1a_catchup
qqqx,2026-07-13T14:15:00Z,5,regular,1,42.2201928571031,20.994896339896485,-63.215089196999585,-43.12975431120414,31.44941853730574,63.215089196999585,23.690386544199526,1,20.775547062692468,66.12992867850664,-26.40643671540488,0,xstock_reversion
qqqx,2026-07-13T14:15:00Z,15,regular,1,42.2201928571031,20.994896339896485,-63.215089196999585,-43.12975431120414,31.44941853730574,63.215089196999585,0.2692642546975321,1,-16.724354187003243,80.20870763870036,-37.98091558720351,0,xstock_reversion
qqqx,2026-07-13T14:15:00Z,30,regular,1,42.2201928571031,20.994896339896485,-63.215089196999585,-43.12975431120414,31.44941853730574,63.215089196999585,16.714534255006797,1,4.304195480200335,75.62542797180605,-34.35661601310258,0,xstock_reversion
qqqx,2026-07-13T14:15:00Z,60,regular,1,42.2201928571031,20.994896339896485,-63.215089196999585,-43.12975431120414,31.44941853730574,63.215089196999585,1.2400775111043316,1,-10.880916885902536,75.33608359400645,-37.42341652790415,0,xstock_reversion
qqqx,2026-07-14T08:00:00Z,5,premarket,0,0.1103078959019399,57.84947634380089,57.73916844789895,0.518664923294665,6.73072077641898,57.73916844789895,5.919203929298789,1,57.820491000697416,5.83788137650032,-7.55910838520002,1,p1a_catchup
qqqx,2026-07-14T08:00:00Z,15,premarket,0,0.1103078959019399,57.84947634380089,57.73916844789895,0.518664923294665,6.73072077641898,57.73916844789895,9.030750734000392,1,57.645275163400456,-8.9368574495019,7.6932226506976065,1,p1a_catchup
qqqx,2026-07-14T08:00:00Z,30,premarket,0,0.1103078959019399,57.84947634380089,57.73916844789895,0.518664923294665,6.73072077641898,57.73916844789895,1.5700212636016175,1,70.10289613219811,-13.933748947900781,13.144832757898683,1,p1a_catchup
qqqx,2026-07-14T08:00:00Z,60,premarket,0,0.1103078959019399,57.84947634380089,57.73916844789895,0.518664923294665,6.73072077641898,57.73916844789895,4.079250443895788,1,56.429113400904285,-2.769195396901125,5.735509253597115,1,p1a_catchup
qqqx,2026-07-14T08:45:00Z,5,premarket,1,30.93016688770156,9.475394612801225,-40.405561500502785,-44.19390122579969,17.47349729646931,40.405561500502785,2.017737058901403,1,9.21213309410085,33.21116546530334,-2.23851363629457,0,xstock_reversion
qqqx,2026-07-14T08:45:00Z,15,premarket,1,30.93016688770156,9.475394612801225,-40.405561500502785,-44.19390122579969,17.47349729646931,40.405561500502785,4.079250443895788,1,11.455464269598536,33.029347674800036,-5.175802539696406,0,xstock_reversion
qqqx,2026-07-14T08:45:00Z,30,premarket,1,30.93016688770156,9.475394612801225,-40.405561500502785,-44.19390122579969,17.47349729646931,40.405561500502785,6.797433250200768,1,-4.337801954799048,37.945930205101064,-6.8538660583961075,0,xstock_reversion
qqqx,2026-07-14T08:45:00Z,60,premarket,1,30.93016688770156,9.475394612801225,-40.405561500502785,-44.19390122579969,17.47349729646931,40.405561500502785,7.162112408298782,1,4.34500103859925,43.22267287020232,-12.541804448797933,0,xstock_reversion
qqqx,2026-07-14T12:30:00Z,5,premarket,0,1.1902397590013436,70.25129869000502,69.06105893100367,93.97116465890143,30.28480627562206,69.06105893100367,24.659537365394613,1,68.29944834519708,25.421147951201206,-21.20773976110435,1,p1a_catchup
qqqx,2026-07-14T12:30:00Z,15,premarket,0,1.1902397590013436,70.25129869000502,69.06105893100367,93.97116465890143,30.28480627562206,69.06105893100367,8.936775405397057,1,45.41530931350124,32.58252502289949,-30.647858186005905,1,p1a_catchup
qqqx,2026-07-14T12:30:00Z,30,premarket,0,1.1902397590013436,70.25129869000502,69.06105893100367,93.97116465890143,30.28480627562206,69.06105893100367,0.445159242197235,1,28.77821007190029,39.83768961690615,-41.48721444460435,0,xstock_reversion
qqqx,2026-07-14T12:30:00Z,60,premarket,0,1.1902397590013436,70.25129869000502,69.06105893100367,93.97116465890143,30.28480627562206,69.06105893100367,42.3148122199013,1,43.41689518960301,67.95897596130196,-67.38242298960806,0,xstock_reversion
qqqx,2026-07-14T13:25:00Z,5,premarket,1,52.44609533299638,7.682892048697099,-44.76320328429928,-39.38750884500131,19.802847472246686,44.76320328429928,42.3148122199013,1,-7.469323968800623,9.917715033198604,40.76158756910253,1,xstock_reversion
qqqx,2026-07-14T13:25:00Z,15,premarket,1,52.44609533299638,7.682892048697099,-44.76320328429928,-39.38750884500131,19.802847472246686,44.76320328429928,9.662798991394439,1,6.899215781404067,28.201188511500774,19.73401421450305,0,xstock_reversion
qqqx,2026-07-14T13:25:00Z,30,premarket,1,52.44609533299638,7.682892048697099,-44.76320328429928,-39.38750884500131,19.802847472246686,44.76320328429928,11.288046652593309,1,11.605063290698325,44.44618664619426,12.363946090099276,0,xstock_reversion
qqqx,2026-07-14T13:25:00Z,60,premarket,1,52.44609533299638,7.682892048697099,-44.76320328429928,-39.38750884500131,19.802847472246686,44.76320328429928,4.778169253700781,1,44.82102683439848,4.720345703601581,43.13170183359638,1,p1a_catchup
qqqx,2026-07-14T13:30:00Z,5,regular,0,1.7667927306952436,40.548019489206055,-42.3148122199013,-27.24542441999489,20.975888979133735,42.3148122199013,29.816490997003342,1,40.12434912180396,32.00695409510068,-26.451358872607855,0,p1a_catchup
qqqx,2026-07-14T13:30:00Z,15,regular,0,1.7667927306952436,40.548019489206055,-42.3148122199013,-27.24542441999489,20.975888979133735,42.3148122199013,2.9367550035974688,1,19.466627854498597,25.78493936900017,-24.226571956305065,0,xstock_reversion
qqqx,2026-07-14T13:30:00Z,30,regular,0,1.7667927306952436,40.548019489206055,-42.3148122199013,-27.24542441999489,20.975888979133735,42.3148122199013,26.025281177100013,1,12.22276584270432,4.066765200096967,0.1394029371937222,1,p1a_catchup
qqqx,2026-07-14T13:30:00Z,60,regular,0,1.7667927306952436,40.548019489206055,-42.3148122199013,-27.24542441999489,20.975888979133735,42.3148122199013,6.030410337292125,1,43.0160088976983,5.3292136594951245,-26.993575663505354,0,p1a_catchup
qqqx,2026-07-16T08:00:00Z,5,premarket,0,2.2264061121024525,50.430394731701966,-52.65680084380442,-16.927476719699186,5.806441257635801,52.65680084380442,4.004278988603005,1,50.405135548903246,-1.7526136937018322,2.3820032760024645,1,p1a_catchup
qqqx,2026-07-16T08:00:00Z,15,premarket,0,2.2264061121024525,50.430394731701966,-52.65680084380442,-16.927476719699186,5.806441257635801,52.65680084380442,7.683927831596549,1,65.62563998650184,-5.2849113111008705,7.0075123397028705,1,p1a_catchup
qqqx,2026-07-16T08:00:00Z,30,premarket,0,2.2264061121024525,50.430394731701966,-52.65680084380442,-16.927476719699186,5.806441257635801,52.65680084380442,7.701297155700004,1,53.508722088704275,6.849375910800148,-5.462452777100779,1,p1a_catchup
qqqx,2026-07-16T08:00:00Z,60,premarket,0,2.2264061121024525,50.430394731701966,-52.65680084380442,-16.927476719699186,5.806441257635801,52.65680084380442,7.938070872199887,1,31.350749179299697,29.24412253670461,-26.72358091139415,0,p1a_catchup
qqqx,2026-07-17T08:00:00Z,5,premarket,0,1.806409995603886,122.24506576009375,-124.05147575569764,1.9377199487013996,5.78677081337324,124.05147575569764,3.5388830186988685,1,122.18383065089711,-1.671237913898338,3.7452104958024535,1,p1a_catchup
qqqx,2026-07-17T08:00:00Z,15,premarket,0,1.806409995603886,122.24506576009375,-124.05147575569764,1.9377199487013996,5.78677081337324,124.05147575569764,5.587246614995323,1,137.62016832179924,-19.155939181096926,46.916250480402155,1,p1a_catchup
qqqx,2026-07-17T08:00:00Z,30,premarket,0,1.806409995603886,122.24506576009375,-124.05147575569764,1.9377199487013996,5.78677081337324,124.05147575569764,11.505280147199315,1,160.62211042539687,-48.075914816898546,49.376399693601414,1,p1a_catchup
qqqx,2026-07-17T08:00:00Z,60,premarket,0,1.806409995603886,122.24506576009375,-124.05147575569764,1.9377199487013996,5.78677081337324,124.05147575569764,1.1207318005990174,1,155.0276635943959,-29.85545603809925,30.00103215169858,1,p1a_catchup
qqqx,2026-07-20T08:00:00Z,5,premarket,0,10.37656099060591,79.69845461550662,69.32189362490071,19.46004953730096,12.823980703479004,69.32189362490071,27.235898127395686,1,79.685044827702,16.872746924594395,-7.725985447404327,1,p1a_catchup
qqqx,2026-07-20T08:00:00Z,15,premarket,0,10.37656099060591,79.69845461550662,69.32189362490071,19.46004953730096,12.823980703479004,69.32189362490071,15.508652851403681,1,81.99222196010325,2.8383245162011406,-0.2860411900051929,1,p1a_catchup
qqqx,2026-07-20T08:00:00Z,30,premarket,0,10.37656099060591,79.69845461550662,69.32189362490071,19.46004953730096,12.823980703479004,69.32189362490071,18.413087116098126,1,75.01210734280228,12.722873398196555,-12.307165467699832,1,p1a_catchup
qqqx,2026-07-20T12:15:00Z,60,premarket,1,96.60985925419752,3.140891969399817,-93.4689672847977,-96.1910183715009,40.6145342783268,93.4689672847977,4.731077977702114,1,-7.145792779903459,95.88368208699904,-8.691997497898285,0,xstock_reversion
qqqx,2026-07-21T08:00:00Z,5,premarket,0,0.8207503595958343,121.64451148970024,120.8237611301044,11.111446600606811,3.8049434246015608,120.8237611301044,1.8501448920993369,1,121.58357559719946,-2.6099593591943915,2.2713077151959027,1,p1a_catchup
qqqx,2026-07-21T08:00:00Z,15,premarket,0,0.8207503595958343,121.64451148970024,120.8237611301044,11.111446600606811,3.8049434246015608,120.8237611301044,2.145193245999266,1,128.94960475080097,-5.980650374697305,5.322565318204298,1,p1a_catchup
qqqx,2026-07-21T08:00:00Z,30,premarket,0,0.8207503595958343,121.64451148970024,120.8237611301044,11.111446600606811,3.8049434246015608,120.8237611301044,7.7472512029963525,1,134.7681203345008,-6.1971080014000535,11.067755652600653,1,p1a_catchup
qqqx,2026-07-21T08:00:00Z,60,premarket,0,0.8207503595958343,121.64451148970024,120.8237611301044,11.111446600606811,3.8049434246015608,120.8237611301044,0.06598713520489241,1,134.67211724820237,-13.78236898289309,12.344016493699428,1,p1a_catchup
qqqx,2026-07-21T16:45:00Z,5,regular,1,113.97106007899893,1.7915963252956857,-112.17946375370325,-109.3309824180011,45.514873824467095,112.17946375370325,7.320907600902871,1,-1.7729025872981197,121.27327394190424,-7.752976473902606,0,xstock_reversion
qqqx,2026-07-21T16:45:00Z,15,regular,1,113.97106007899893,1.7915963252956857,-112.17946375370325,-109.3309824180011,45.514873824467095,112.17946375370325,5.582735148994544,1,-4.243721288599289,122.00592019129708,-7.893884059697598,0,xstock_reversion
qqqx,2026-07-21T16:45:00Z,30,regular,1,113.97106007899893,1.7915963252956857,-112.17946375370325,-109.3309824180011,45.514873824467095,112.17946375370325,0.8771380548022734,1,-5.080138224995423,116.3824639238964,-2.1150443180051326,0,xstock_reversion
qqqx,2026-07-21T16:45:00Z,60,regular,1,113.97106007899893,1.7915963252956857,-112.17946375370325,-109.3309824180011,45.514873824467095,112.17946375370325,4.485033737102739,1,-7.448009999695415,124.1125074905014,-10.929960204704159,0,xstock_reversion
qqqx,2026-07-22T08:00:00Z,5,premarket,0,5.668178122402168,74.33394791870107,-68.6657697962989,13.703545119803096,17.483959884356704,68.6657697962989,5.719694243193629,1,74.29670489109697,0.08875914839556742,-5.614484094600414,1,p1a_catchup
qqqx,2026-07-22T08:00:00Z,15,premarket,0,5.668178122402168,74.33394791870107,-68.6657697962989,13.703545119803096,17.483959884356704,68.6657697962989,1.359564080996023,1,78.60796117079794,-8.582627293503009,2.673317745500725,1,p1a_catchup
qqqx,2026-07-22T08:00:00Z,30,premarket,0,5.668178122402168,74.33394791870107,-68.6657697962989,13.703545119803096,17.483959884356704,68.6657697962989,1.943743170906842,1,66.75553914700316,3.853973820202583,-11.651866327104798,1,p1a_catchup
qqqx,2026-07-22T08:00:00Z,60,premarket,0,5.668178122402168,74.33394791870107,-68.6657697962989,13.703545119803096,17.483959884356704,68.6657697962989,7.473529866102169,1,63.97944877470252,12.159850887698553,-16.33720343759748,1,p1a_catchup
qqqx,2026-07-23T08:00:00Z,5,premarket,0,0.4966263175010255,48.18101961720167,-48.677645934702696,16.91044811209963,7.204858389364765,48.677645934702696,0.799190746700873,1,48.15688261910367,1.3199540622998995,-12.539897669396893,1,p1a_catchup
qqqx,2026-07-23T08:00:00Z,15,premarket,0,0.4966263175010255,48.18101961720167,-48.677645934702696,16.91044811209963,7.204858389364765,48.677645934702696,5.429366886104958,1,34.543336291603666,19.56367652920399,-16.81078593669838,1,p1a_catchup
qqqx,2026-07-23T08:00:00Z,30,premarket,0,0.4966263175010255,48.18101961720167,-48.677645934702696,16.91044811209963,7.204858389364765,48.677645934702696,0.3391173764999422,1,29.76385338450349,18.574675173699262,-20.2261837214035,1,p1a_catchup
qqqx,2026-07-23T08:00:00Z,60,premarket,0,0.4966263175010255,48.18101961720167,-48.677645934702696,16.91044811209963,7.204858389364765,48.677645934702696,3.7982135691994046,1,10.219735114702644,42.25612438919946,-41.97196572249595,0,xstock_reversion
qqqx,2026-07-24T13:50:00Z,5,regular,0,0.29160832940355874,55.499680551100994,-55.79128888050455,-63.987735929798006,29.410308729322765,55.79128888050455,3.3791116107018127,1,54.9200065447053,-2.507829274902562,6.8567596475066495,1,p1a_catchup
qqqx,2026-07-24T13:50:00Z,15,regular,0,0.29160832940355874,55.499680551100994,-55.79128888050455,-63.987735929798006,29.410308729322765,55.79128888050455,33.8766674861013,1,57.706494291007715,31.961462075598135,-30.143093193695236,0,p1a_catchup
qqqx,2026-07-24T13:50:00Z,30,regular,0,0.29160832940355874,55.499680551100994,-55.79128888050455,-63.987735929798006,29.410308729322765,55.79128888050455,19.03835795039832,1,58.3843226875036,16.445324143399276,-17.339739294301992,1,p1a_catchup
qqqx,2026-07-24T13:50:00Z,60,regular,0,0.29160832940355874,55.499680551100994,-55.79128888050455,-63.987735929798006,29.410308729322765,55.79128888050455,7.372426536003118,1,63.498772874304166,-0.3350574577964949,-2.041530571696981,1,p1a_catchup
qqqx,2026-07-24T15:10:00Z,5,regular,0,0.5380258112985814,46.15252225249833,46.69054806379691,16.36269976960314,24.812905227631024,46.69054806379691,10.577852541100441,1,45.67044095499462,11.597959649902734,-9.94205388919589,1,p1a_catchup
qqqx,2026-07-24T15:10:00Z,15,regular,0,0.5380258112985814,46.15252225249833,46.69054806379691,16.36269976960314,24.812905227631024,46.69054806379691,0.12680049069402344,1,48.27452051030079,-1.710772937197902,1.9582174482035697,1,p1a_catchup
qqqx,2026-07-24T15:10:00Z,30,regular,0,0.5380258112985814,46.15252225249833,46.69054806379691,16.36269976960314,24.812905227631024,46.69054806379691,16.46294011109717,1,68.9965706281992,-5.843082453305115,3.8435459722041543,1,p1a_catchup
qqqx,2026-07-24T15:10:00Z,60,regular,0,0.5380258112985814,46.15252225249833,46.69054806379691,16.36269976960314,24.812905227631024,46.69054806379691,9.430564644903328,1,84.25820086539915,-28.13708815669891,27.88654525759604,1,p1a_catchup
qqqx,2026-07-24T20:25:00Z,5,afterhours,0,2.088501698898071,41.49624261939877,-39.4077409205007,6.966637309995249,6.21176154630698,39.4077409205007,6.922785470893089,1,39.5615792410009,-7.076623791393288,4.966621484898681,1,p1a_catchup
qqqx,2026-07-24T20:25:00Z,15,afterhours,0,2.088501698898071,41.49624261939877,-39.4077409205007,6.966637309995249,6.21176154630698,39.4077409205007,3.249714503601453,1,46.16926283619982,-3.5118074120976672,0.14604189949807278,1,p1a_catchup
qqqx,2026-07-24T20:25:00Z,30,afterhours,0,2.088501698898071,41.49624261939877,-39.4077409205007,6.966637309995249,6.21176154630698,39.4077409205007,2.2585569907018765,1,39.4996571063988,-2.3504731765999765,-1.022233581204901,1,p1a_catchup
qqqx,2026-07-24T20:25:00Z,60,afterhours,0,2.088501698898071,41.49624261939877,-39.4077409205007,6.966637309995249,6.21176154630698,39.4077409205007,4.201366001099771,1,44.966700963300354,-1.3575940416998833,-3.066387308701124,1,p1a_catchup
qqqx,2026-07-27T08:00:00Z,5,premarket,0,1.8026549208993714,142.56413672280033,144.36679164369968,-7.807403700601512,7.812397878369679,144.36679164369968,3.2882418969926164,1,142.54014799260693,-1.4615982458998644,2.7377719031029812,1,p1a_catchup
qqqx,2026-07-27T08:00:00Z,15,premarket,0,1.8026549208993714,142.56413672280033,144.36679164369968,-7.807403700601512,7.812397878369679,144.36679164369968,2.80040807929538,1,146.4202819419036,-4.853898377499277,7.059044152901706,1,p1a_catchup
qqqx,2026-07-27T08:00:00Z,30,premarket,0,1.8026549208993714,142.56413672280033,144.36679164369968,-7.807403700601512,7.812397878369679,144.36679164369968,1.2825027530016797,1,155.3696131973048,-9.720318800603422,11.522397933401152,1,p1a_catchup
qqqx,2026-07-27T08:00:00Z,60,premarket,0,1.8026549208993714,142.56413672280033,144.36679164369968,-7.807403700601512,7.812397878369679,144.36679164369968,2.446147214705263,1,161.66370297650445,-14.850764118099491,16.847020118904155,1,p1a_catchup
qqqx,2026-07-27T14:45:00Z,5,regular,0,3.655448441097775,37.06639907949949,40.721847520597265,7.529256268998807,31.060014748101324,40.721847520597265,18.57600625419842,1,36.67929662380054,-14.533455357401692,14.276990716401983,1,p1a_catchup
qqqx,2026-07-27T14:45:00Z,15,regular,0,3.655448441097775,37.06639907949949,40.721847520597265,7.529256268998807,31.060014748101324,40.721847520597265,1.033246337796001,1,74.165889570601,-32.41079571220773,34.99386032950191,1,p1a_catchup
qqqx,2026-07-27T14:45:00Z,30,regular,0,3.655448441097775,37.06639907949949,40.721847520597265,7.529256268998807,31.060014748101324,40.721847520597265,0.527616455698876,1,58.93877917560353,-17.689315199307387,14.865295223005504,1,p1a_catchup
qqqx,2026-07-27T14:45:00Z,60,regular,0,3.655448441097775,37.06639907949949,40.721847520597265,7.529256268998807,31.060014748101324,40.721847520597265,12.991752104607457,1,28.427959646704082,25.28563997850064,-18.575856734797114,0,p1a_catchup
qqqx,2026-07-28T08:00:00Z,5,premarket,0,0.22074082040468568,80.15794060029613,-80.37868142070081,5.254640701792823,7.179843606967569,80.37868142070081,1.4266356801950764,1,80.11778419459326,1.6875329063026356,10.807850808101094,1,p1a_catchup
qqqx,2026-07-28T08:00:00Z,15,premarket,0,0.22074082040468568,80.15794060029613,-80.37868142070081,5.254640701792823,7.179843606967569,80.37868142070081,28.855270164500624,1,94.27035478370094,14.9635968015005,-10.648368256500618,1,p1a_catchup
qqqx,2026-07-28T08:00:00Z,30,premarket,0,0.22074082040468568,80.15794060029613,-80.37868142070081,5.254640701792823,7.179843606967569,80.37868142070081,1.1023249432007276,1,53.61095967759688,27.87004668630466,-28.960686927996804,1,p1a_catchup
qqqx,2026-07-28T08:00:00Z,60,premarket,0,0.22074082040468568,80.15794060029613,-80.37868142070081,5.254640701792823,7.179843606967569,80.37868142070081,1.3625075139955811,1,57.65069034299408,24.090498591702314,-24.976182171299044,1,p1a_catchup
qqqx,2026-07-29T08:00:00Z,5,premarket,0,12.078340563501655,80.21522529430669,-68.13688473080504,9.401619172999531,9.510651660204756,68.13688473080504,8.443651682892295,1,80.1750497204079,-20.481816672495157,-7.559307571698426,1,p1a_catchup
qqqx,2026-07-29T08:00:00Z,15,premarket,0,12.078340563501655,80.21522529430669,-68.13688473080504,9.401619172999531,9.510651660204756,68.13688473080504,2.8128366709978536,1,82.17361084450481,-11.223889442701918,1.3345888373983428,1,p1a_catchup
qqqx,2026-07-29T08:00:00Z,30,premarket,0,12.078340563501655,80.21522529430669,-68.13688473080504,9.401619172999531,9.510651660204756,68.13688473080504,1.6644959949996263,1,94.48681149770266,-28.01442276189725,-9.485276302898527,1,p1a_catchup
qqqx,2026-07-29T08:00:00Z,60,premarket,0,12.078340563501655,80.21522529430669,-68.13688473080504,9.401619172999531,9.510651660204756,68.13688473080504,14.372533761903838,1,69.97369107990536,12.53572741280351,-23.992191835100485,1,p1a_catchup
qqqx,2026-07-29T13:45:00Z,5,regular,1,36.82722737940125,23.531493527499947,-60.3587209069012,-79.49861722280183,31.78004463663315,60.3587209069012,24.693461023801433,1,23.28577637349838,12.379483509601386,34.40809271559431,1,p1a_catchup
qqqx,2026-07-29T13:45:00Z,15,regular,1,36.82722737940125,23.531493527499947,-60.3587209069012,-79.49861722280183,31.78004463663315,60.3587209069012,16.554662345704685,1,64.71682949229951,12.196553760306372,22.35550627469607,1,p1a_catchup
qqqx,2026-07-29T13:45:00Z,30,regular,1,36.82722737940125,23.531493527499947,-60.3587209069012,-79.49861722280183,31.78004463663315,60.3587209069012,10.545138030195744,1,95.4545747209945,-24.55071578389756,66.69420680029958,1,p1a_catchup
qqqx,2026-07-29T13:45:00Z,60,regular,1,36.82722737940125,23.531493527499947,-60.3587209069012,-79.49861722280183,31.78004463663315,60.3587209069012,10.200441640000335,1,135.55185837439865,-64.99269582749712,102.08241001850027,1,p1a_catchup
qqqx,2026-07-29T19:20:00Z,5,regular,0,2.124615879708358,40.04192795300732,-37.91731207329896,-73.47749623469291,14.747475169754209,37.91731207329896,3.0536328435015747,1,39.62369021610179,1.3472547006987412,-0.29816924090653174,1,p1a_catchup
qqqx,2026-07-29T19:20:00Z,15,regular,0,2.124615879708358,40.04192795300732,-37.91731207329896,-73.47749623469291,14.747475169754209,37.91731207329896,30.032033928204527,1,75.50949512650007,-67.62421698140564,73.02033013599996,1,p1a_catchup
qqqx,2026-07-29T19:20:00Z,30,regular,0,2.124615879708358,40.04192795300732,-37.91731207329896,-73.47749623469291,14.747475169754209,37.91731207329896,25.832397449203626,1,114.97624161440179,-102.89132699030645,100.46571041309349,1,p1a_catchup
qqqx,2026-07-29T19:20:00Z,60,regular,0,2.124615879708358,40.04192795300732,-37.91731207329896,-73.47749623469291,14.747475169754209,37.91731207329896,6.7905609340002115,1,196.7551884210028,-165.62843728170407,162.62720516139416,1,p1a_catchup
qqqx,2026-07-29T19:30:00Z,5,regular,0,3.142335511201466,36.14432961029479,-39.286665121496256,-77.25208464409938,17.67849316961554,39.286665121496256,30.032033928204527,1,35.76688790129623,-26.5122567080045,37.17532125350864,1,p1a_catchup
qqqx,2026-07-29T19:30:00Z,15,regular,0,3.142335511201466,36.14432961029479,-39.286665121496256,-77.25208464409938,17.67849316961554,39.286665121496256,10.219861931899388,1,85.80672129499867,-36.30019424160302,38.97763723440306,1,p1a_catchup
qqqx,2026-07-29T19:30:00Z,30,regular,0,3.142335511201466,36.14432961029479,-39.286665121496256,-77.25208464409938,17.67849316961554,39.286665121496256,11.151798241400002,1,138.31175927800032,-110.17689239790407,133.30016260110432,1,p1a_catchup
qqqx,2026-07-29T19:30:00Z,60,regular,0,3.142335511201466,36.14432961029479,-39.286665121496256,-77.25208464409938,17.67849316961554,39.286665121496256,10.386685027494735,1,172.74244697129683,-123.06909682230582,123.60054679410482,1,p1a_catchup
qqqx,2026-07-29T19:55:00Z,5,regular,0,1.9725843047968539,38.212407914199886,-40.18499221899674,-59.043351539793676,17.679968791512675,40.18499221899674,11.151798241400002,1,37.81329341300044,-8.780099435403699,30.73361843219935,1,p1a_catchup
qqqx,2026-07-29T19:55:00Z,15,regular,0,1.9725843047968539,38.212407914199886,-40.18499221899674,-59.043351539793676,17.679968791512675,40.18499221899674,17.410965342596896,1,66.42124354820034,-8.825285986606701,11.192450802397502,1,p1a_catchup
qqqx,2026-07-29T19:55:00Z,30,regular,0,1.9725843047968539,38.212407914199886,-40.18499221899674,-59.043351539793676,17.679968791512675,40.18499221899674,7.778495738799407,1,62.15234028119632,-29.745843800998983,34.525087671894994,1,p1a_catchup
qqqx,2026-07-29T19:55:00Z,60,regular,0,1.9725843047968539,38.212407914199886,-40.18499221899674,-59.043351539793676,17.679968791512675,40.18499221899674,7.195506837804899,1,49.65026637959724,-16.6607809984054,24.51871914850301,1,p1a_catchup
qqqx,2026-07-29T22:00:00Z,5,afterhours,0,0.9811052423991384,58.8412835260943,57.86017828369516,48.84599041689697,32.02387773473109,57.86017828369516,31.856177310896072,1,56.09796139260048,-30.09396041980139,30.16639039330471,1,p1a_catchup
qqqx,2026-07-29T22:00:00Z,15,afterhours,0,0.9811052423991384,58.8412835260943,57.86017828369516,48.84599041689697,32.02387773473109,57.86017828369516,14.506428056302312,1,88.64897656709836,-45.29522633970551,44.613997764404445,1,p1a_catchup
qqqx,2026-07-29T22:00:00Z,30,afterhours,0,0.9811052423991384,58.8412835260943,57.86017828369516,48.84599041689697,32.02387773473109,57.86017828369516,2.0513212225026223,1,88.23539890610022,-28.32389939990243,26.852538462103226,1,p1a_catchup
qqqx,2026-07-29T22:00:00Z,60,afterhours,0,0.9811052423991384,58.8412835260943,57.86017828369516,48.84599041689697,32.02387773473109,57.86017828369516,11.180281606204545,1,92.59187563219307,-45.91197895470245,46.11775716580446,1,p1a_catchup
qqqx,2026-07-30T08:00:00Z,5,premarket,0,5.840804353702822,53.13198960419818,-58.972793957901004,-23.636069978998364,21.342331755354465,58.972793957901004,31.044123938306356,1,53.10534322590321,36.91157467030415,-26.22774407529782,0,p1a_catchup
qqqx,2026-07-30T08:00:00Z,15,premarket,0,5.840804353702822,53.13198960419818,-58.972793957901004,-23.636069978998364,21.342331755354465,58.972793957901004,3.7844274523024524,1,29.559184918399595,33.19803649180386,-28.78653994999425,0,xstock_reversion
qqqx,2026-07-30T08:00:00Z,30,premarket,0,5.840804353702822,53.13198960419818,-58.972793957901004,-23.636069978998364,21.342331755354465,58.972793957901004,0.8820108549922878,1,2.8275902881969017,57.02721452469639,-49.984295814793356,0,xstock_reversion
qqqx,2026-07-30T08:00:00Z,60,premarket,0,5.840804353702822,53.13198960419818,-58.972793957901004,-23.636069978998364,21.342331755354465,58.972793957901004,6.760753362806682,1,12.256230506704213,53.47731681400347,-48.031772171794884,0,xstock_reversion
qqqx,2026-07-31T08:00:00Z,5,premarket,0,0.6519498144985647,42.83866666580316,43.490616480301725,-5.71238979509836,7.196266028138459,43.490616480301725,3.3197242235960545,1,42.817203480103316,3.993137223794463,-2.74902158269974,1,p1a_catchup
qqqx,2026-07-31T08:00:00Z,15,premarket,0,0.6519498144985647,42.83866666580316,43.490616480301725,-5.71238979509836,7.196266028138459,43.490616480301725,3.146681092900394,1,54.43101805380657,-7.793720480604449,17.50510361969937,1,p1a_catchup
qqqx,2026-07-31T08:00:00Z,30,premarket,0,0.6519498144985647,42.83866666580316,43.490616480301725,-5.71238979509836,7.196266028138459,43.490616480301725,2.924046462497998,1,62.96367951549975,-16.549016572700026,19.799554113504314,1,p1a_catchup
qqqx,2026-07-31T08:00:00Z,60,premarket,0,0.6519498144985647,42.83866666580316,43.490616480301725,-5.71238979509836,7.196266028138459,43.490616480301725,3.2643847307944895,1,64.85946696920486,-24.633235219697625,26.00593822809749,1,p1a_catchup
qqqx,2026-07-31T13:30:00Z,5,regular,0,4.7071443300961135,38.177670817098885,42.884815147195,71.56643063139789,18.098909991999868,42.884815147195,42.936681947001176,0,37.778728476398626,48.04276861779755,-42.69873630939891,0,persistent_or_wider
qqqx,2026-07-31T13:30:00Z,15,regular,0,4.7071443300961135,38.177670817098885,42.884815147195,71.56643063139789,18.098909991999868,42.884815147195,29.34055029160554,1,-55.07091768810035,127.29628312690089,-113.34887821729644,0,xstock_reversion
qqqx,2026-07-31T13:30:00Z,30,regular,0,4.7071443300961135,38.177670817098885,42.884815147195,71.56643063139789,18.098909991999868,42.884815147195,34.93943108859199,1,-76.57182612950564,154.39607236529264,-155.80435286410398,0,xstock_reversion
qqqx,2026-07-31T13:30:00Z,60,regular,0,4.7071443300961135,38.177670817098885,42.884815147195,71.56643063139789,18.098909991999868,42.884815147195,7.96623514709438,1,-114.47761132420631,165.3286616184957,-157.6320854208024,0,xstock_reversion
qqqx,2026-07-31T13:35:00Z,5,regular,0,0.636887978302525,42.29979396869865,-42.936681947001176,5.927116237502972,30.745531992731433,42.936681947001176,26.630628036805604,1,41.858050799197244,-25.55199688900167,51.08799314229806,1,p1a_catchup
qqqx,2026-07-31T13:35:00Z,15,regular,0,0.636887978302525,42.29979396869865,-42.936681947001176,5.927116237502972,30.745531992731433,42.936681947001176,14.953413750706801,1,112.7400315080962,-84.75676331180182,80.70061359660485,1,p1a_catchup
qqqx,2026-07-31T13:35:00Z,30,regular,0,0.636887978302525,42.29979396869865,-42.936681947001176,5.927116237502972,30.745531992731433,42.936681947001176,34.91920861029563,1,154.97669213350383,-146.9592187967983,145.3226110468009,1,p1a_catchup
qqqx,2026-07-31T13:35:00Z,60,regular,0,0.636887978302525,42.29979396869865,-42.936681947001176,5.927116237502972,30.745531992731433,42.936681947001176,14.188511295394335,1,157.18112433019905,-100.05593108780353,103.02253992399812,1,p1a_catchup
qqqx,2026-08-03T08:00:00Z,5,premarket,0,5.767731075394522,93.92617588039442,88.1584448049999,-21.744883252594605,12.28301781927773,88.1584448049999,3.0400915402051254,1,93.91035424589411,-8.792000981099335,1.5914467008038002,1,p1a_catchup
qqqx,2026-08-03T08:00:00Z,15,premarket,0,5.767731075394522,93.92617588039442,88.1584448049999,-21.744883252594605,12.28301781927773,88.1584448049999,16.111989582903163,1,103.67042387049885,0.6000105174042147,-6.078763592993752,1,p1a_catchup
qqqx,2026-08-03T08:00:00Z,30,premarket,0,5.767731075394522,93.92617588039442,88.1584448049999,-21.744883252594605,12.28301781927773,88.1584448049999,3.6903658058040634,1,77.48517091569873,14.363639695105235,-17.667593259496073,1,p1a_catchup
qqqx,2026-08-03T08:00:00Z,60,premarket,0,5.767731075394522,93.92617588039442,88.1584448049999,-21.744883252594605,12.28301781927773,88.1584448049999,3.2664932841974803,1,114.15092132449622,-22.72598323529884,13.591477056502654,1,p1a_catchup
qqqx,2026-08-03T13:35:00Z,5,regular,0,2.7813033734958026,43.04325217799665,45.82455555149245,14.59977641030008,23.705778714662028,45.82455555149245,4.409893162202749,1,42.593662671395194,7.640786042300007,-3.8391192228992566,1,p1a_catchup
qqqx,2026-08-03T13:35:00Z,15,regular,0,2.7813033734958026,43.04325217799665,45.82455555149245,14.59977641030008,23.705778714662028,45.82455555149245,16.27412502520187,1,33.32394011539286,-3.773509589102275,7.890917529502772,1,p1a_catchup
qqqx,2026-08-03T13:35:00Z,30,regular,0,2.7813033734958026,43.04325217799665,45.82455555149245,14.59977641030008,23.705778714662028,45.82455555149245,7.093700549498649,1,61.164499745398615,-22.433644743404813,23.4373411876998,1,p1a_catchup
qqqx,2026-08-03T13:35:00Z,60,regular,0,2.7813033734958026,43.04325217799665,45.82455555149245,14.59977641030008,23.705778714662028,45.82455555149245,11.368664800199824,1,106.47450062299946,-72.01860987170683,74.24624726040108,1,p1a_catchup
qqqx,2026-08-04T08:00:00Z,5,premarket,0,0.21864514820002512,48.25465237400017,48.03600722580015,1.3405109666031478,8.906933774413082,48.03600722580015,3.506000608801685,1,48.2304826457991,-3.7004760288006366,4.536819200495756,1,p1a_catchup
qqqx,2026-08-04T08:00:00Z,15,premarket,0,0.21864514820002512,48.25465237400017,48.03600722580015,1.3405109666031478,8.906933774413082,48.03600722580015,3.0603391715988693,1,48.1014461080953,-3.125778053894024,2.6160110659922964,1,p1a_catchup
qqqx,2026-08-04T08:00:00Z,30,premarket,0,0.21864514820002512,48.25465237400017,48.03600722580015,1.3405109666031478,8.906933774413082,48.03600722580015,11.492123849103919,1,48.32551126940032,11.202619805503744,-11.351061124003081,1,p1a_catchup
qqqx,2026-08-04T08:00:00Z,60,premarket,0,0.21864514820002512,48.25465237400017,48.03600722580015,1.3405109666031478,8.906933774413082,48.03600722580015,7.442279839198207,1,33.73626692759757,21.742020137400786,-20.86749900180429,1,p1a_catchup
qqqx,2026-08-04T19:25:00Z,5,regular,1,30.902623324005063,7.318346434601608,-38.22096975860667,-39.88123017580669,18.356354960997205,38.22096975860667,2.141019989894133,1,7.241902208701134,33.12008753979967,-3.873365032101006,0,xstock_reversion
qqqx,2026-08-04T19:25:00Z,15,regular,1,30.902623324005063,7.318346434601608,-38.22096975860667,-39.88123017580669,18.356354960997205,38.22096975860667,8.29786931789478,1,-0.0365594488993537,46.555398525400804,-16.49349063259642,0,xstock_reversion
qqqx,2026-08-04T19:25:00Z,30,regular,1,30.902623324005063,7.318346434601608,-38.22096975860667,-39.88123017580669,18.356354960997205,38.22096975860667,7.462632230401667,1,16.734702656302503,14.023634871902502,8.486338389399606,0,p1a_catchup
qqqx,2026-08-04T19:25:00Z,60,regular,1,30.902623324005063,7.318346434601608,-38.22096975860667,-39.88123017580669,18.356354960997205,38.22096975860667,1.3390548658964718,1,42.675898886201935,-3.1158742616987922,35.88399490239702,1,p1a_catchup
qqqx,2026-08-04T20:15:00Z,5,afterhours,0,4.461616765301102,45.351190969098454,-49.812807734399556,-39.97195337279713,23.757107982050748,49.812807734399556,6.229666549097956,1,43.23679203829478,12.805682245202732,-5.682251433096752,1,p1a_catchup
qqqx,2026-08-04T20:15:00Z,15,afterhours,0,4.461616765301102,45.351190969098454,-49.812807734399556,-39.97195337279713,23.757107982050748,49.812807734399556,5.498742484002506,1,40.337183110095154,3.976882140301896,-0.13862992050306389,1,p1a_catchup
qqqx,2026-08-04T20:15:00Z,30,afterhours,0,4.461616765301102,45.351190969098454,-49.812807734399556,-39.97195337279713,23.757107982050748,49.812807734399556,5.7580112002941775,1,38.50132733459688,17.069491600096853,-13.022819479502346,1,p1a_catchup
qqqx,2026-08-04T20:15:00Z,60,afterhours,0,4.461616765301102,45.351190969098454,-49.812807734399556,-39.97195337279713,23.757107982050748,49.812807734399556,2.7836117820001505,1,37.34707963269912,15.249339883700586,-9.249332507801356,1,p1a_catchup
qqqx,2026-08-07T14:15:00Z,5,regular,0,4.327980361402695,44.57605550670429,40.2480751453016,23.54018255919854,18.365918083962875,40.2480751453016,1.2114984401012663,1,44.1104708724005,-5.073894167200166,-5.555632860003712,1,p1a_catchup
qqqx,2026-08-07T14:15:00Z,15,regular,0,4.327980361402695,44.57605550670429,40.2480751453016,23.54018255919854,18.365918083962875,40.2480751453016,1.2116577121012995,1,59.621265544800295,-18.161532687397397,4.164700063000737,1,p1a_catchup
qqqx,2026-08-07T14:15:00Z,30,regular,0,4.327980361402695,44.57605550670429,40.2480751453016,23.54018255919854,18.365918083962875,40.2480751453016,5.521379521393754,1,30.410834453400426,15.358620213294927,-3.0566050577007786,1,p1a_catchup
qqqx,2026-08-07T14:15:00Z,60,regular,0,4.327980361402695,44.57605550670429,40.2480751453016,23.54018255919854,18.365918083962875,40.2480751453016,12.644878487897415,1,58.7125674422051,-5.819613809006086,13.598270397601198,1,p1a_catchup
qqqx,2026-08-10T08:00:00Z,5,premarket,0,0.9227141033019137,46.406126458595764,45.48341235529385,11.677049557894392,5.67050784732234,45.48341235529385,5.6167688513042435,1,46.398257507700436,4.701923698897659,-5.5064564590967535,1,p1a_catchup
qqqx,2026-08-10T08:00:00Z,15,premarket,0,0.9227141033019137,46.406126458595764,45.48341235529385,11.677049557894392,5.67050784732234,45.48341235529385,8.622199662999819,1,40.50227376669824,13.603338251595432,-4.4049225721032315,1,p1a_catchup
qqqx,2026-08-10T08:00:00Z,30,premarket,0,0.9227141033019137,46.406126458595764,45.48341235529385,11.677049557894392,5.67050784732234,45.48341235529385,15.422312727402243,1,37.19224215159578,-7.13114252370417,-7.5721595973998745,1,p1a_catchup
qqqx,2026-08-10T08:00:00Z,60,premarket,0,0.9227141033019137,46.406126458595764,45.48341235529385,11.677049557894392,5.67050784732234,45.48341235529385,1.0642592507981163,1,43.14006142499771,1.2790916794980234,-1.1010487499962807,1,p1a_catchup
qqqx,2026-08-11T13:50:00Z,5,regular,1,43.96092459570511,0.20623440319944564,-43.75469019250566,-53.43463194179776,20.180940106356957,43.75469019250566,22.921648216005508,1,-0.20414019089365354,66.88047859940482,-22.921292793798287,0,xstock_reversion
qqqx,2026-08-11T13:50:00Z,15,regular,1,43.96092459570511,0.20623440319944564,-43.75469019250566,-53.43463194179776,20.180940106356957,43.75469019250566,6.920955955900254,1,-31.908891551992724,82.58453770039864,-38.86572636629282,0,xstock_reversion
qqqx,2026-08-11T13:50:00Z,30,regular,1,43.96092459570511,0.20623440319944564,-43.75469019250566,-53.43463194179776,20.180940106356957,43.75469019250566,8.032939274000839,1,-29.279341096994926,65.00109201549975,-28.747424545896294,0,xstock_reversion
qqqx,2026-08-11T13:50:00Z,60,regular,1,43.96092459570511,0.20623440319944564,-43.75469019250566,-53.43463194179776,20.180940106356957,43.75469019250566,2.669443745997313,1,-39.49159695149973,85.9157308900027,-44.197970293895494,0,xstock_reversion
qqqx,2026-08-11T14:25:00Z,5,regular,1,74.94828331579662,10.115069460194803,-64.83321385560181,-69.45430041000122,24.664147545791007,64.83321385560181,5.416471245593968,1,-10.009405478896838,69.42614808890468,2.216834092898523,0,xstock_reversion
qqqx,2026-08-11T14:25:00Z,15,regular,1,74.94828331579662,10.115069460194803,-64.83321385560181,-69.45430041000122,24.664147545791007,64.83321385560181,2.5268980168036137,1,0.8811262225005834,61.425189616297615,12.337380357099192,0,xstock_reversion
qqqx,2026-08-11T14:25:00Z,30,regular,1,74.94828331579662,10.115069460194803,-64.83321385560181,-69.45430041000122,24.664147545791007,64.83321385560181,6.001209554700182,1,-15.395986529700423,74.22799083060205,0.6927078645979634,0,xstock_reversion
qqqx,2026-08-11T14:25:00Z,60,regular,1,74.94828331579662,10.115069460194803,-64.83321385560181,-69.45430041000122,24.664147545791007,64.83321385560181,47.63401073580198,1,14.293895997701256,2.905307122098577,25.52331079989756,0,p1a_catchup
qqqx,2026-08-11T15:25:00Z,5,regular,1,46.51966539380048,1.1143453420014993,-47.63401073580198,-51.976842176602034,19.25088127677854,47.63401073580198,5.7073939714946675,1,1.1026913265954619,52.238713380701185,9.588061514502755,0,xstock_reversion
qqqx,2026-08-11T15:25:00Z,15,regular,1,46.51966539380048,1.1143453420014993,-47.63401073580198,-51.976842176602034,19.25088127677854,47.63401073580198,5.942148157993543,1,11.939569303596187,41.636589590199335,3.0560649234967485,0,xstock_reversion
qqqx,2026-08-11T15:25:00Z,30,regular,1,46.51966539380048,1.1143453420014993,-47.63401073580198,-51.976842176602034,19.25088127677854,47.63401073580198,1.3967228193045855,1,13.196986406800448,35.83374714830612,12.787516702799095,0,xstock_reversion
qqqx,2026-08-11T15:25:00Z,60,regular,1,46.51966539380048,1.1143453420014993,-47.63401073580198,-51.976842176602034,19.25088127677854,47.63401073580198,8.394273942204933,1,21.254771229504144,34.77351344850277,18.907013737301526,0,xstock_reversion
qqqx,2026-08-11T16:05:00Z,5,regular,1,55.11959672159783,8.996940345298299,-46.12265637629953,-51.57459998740066,18.920843933453135,46.12265637629953,9.459595182503833,1,-8.902993845794072,64.48524540459744,9.456396983296145,0,xstock_reversion
qqqx,2026-08-11T16:05:00Z,15,regular,1,55.11959672159783,8.996940345298299,-46.12265637629953,-51.57459998740066,18.920843933453135,46.12265637629953,0.4224365551053211,1,1.5599151678991063,44.140304653295104,12.378563024899591,0,xstock_reversion
qqqx,2026-08-11T16:05:00Z,30,regular,1,55.11959672159783,8.996940345298299,-46.12265637629953,-51.57459998740066,18.920843933453135,46.12265637629953,47.50144128990108,0,6.399048234602134,-7.777833148203683,6.256908874098244,0,persistent_or_wider
qqqx,2026-08-11T16:05:00Z,60,regular,1,55.11959672159783,8.996940345298299,-46.12265637629953,-51.57459998740066,18.920843933453135,46.12265637629953,2.574019967100938,1,15.841605947901627,32.85507039549884,22.543217361903345,0,xstock_reversion
qqqx,2026-08-11T16:35:00Z,5,regular,1,56.64052099570327,9.139079705802189,-47.50144128990108,-51.91813780149879,37.385681952081434,47.50144128990108,7.59178453209941,1,-9.043604057001886,48.953260814803556,8.279038852103682,0,xstock_reversion
qqqx,2026-08-11T16:35:00Z,15,regular,1,56.64052099570327,9.139079705802189,-47.50144128990108,-51.91813780149879,37.385681952081434,47.50144128990108,44.95206088620307,1,0.5856351029986939,1.9637453006993155,6.95671559790334,0,xstock_reversion
qqqx,2026-08-11T16:35:00Z,30,regular,1,56.64052099570327,9.139079705802189,-47.50144128990108,-51.91813780149879,37.385681952081434,47.50144128990108,2.574019967100938,1,9.442557713299493,40.632903543702525,16.2863084878051,0,xstock_reversion
qqqx,2026-08-11T16:35:00Z,60,regular,1,56.64052099570327,9.139079705802189,-47.50144128990108,-51.91813780149879,37.385681952081434,47.50144128990108,1.9923935156995753,1,6.61762039420033,38.891427380001176,16.704255116097855,0,xstock_reversion
qqqx,2026-08-11T16:50:00Z,5,regular,1,47.720060097100614,2.7679992108975426,-44.95206088620307,1.9637453006993155,36.00646818365238,44.95206088620307,1.3553807904020942,1,-2.739084484497667,46.335764580298644,4.733332493600528,0,xstock_reversion
qqqx,2026-08-11T16:50:00Z,15,regular,1,47.720060097100614,2.7679992108975426,-44.95206088620307,1.9637453006993155,36.00646818365238,44.95206088620307,2.574019967100938,1,8.8569226103008,38.66915824300321,9.329592889901761,0,xstock_reversion
qqqx,2026-08-11T16:50:00Z,30,regular,1,47.720060097100614,2.7679992108975426,-44.95206088620307,1.9637453006993155,36.00646818365238,44.95206088620307,0.1958941225055355,1,10.958565865104575,34.18938914360403,11.140821116599753,0,xstock_reversion
qqqx,2026-08-11T16:50:00Z,60,regular,1,47.720060097100614,2.7679992108975426,-44.95206088620307,1.9637453006993155,36.00646818365238,44.95206088620307,3.0322219391987204,1,0.9740171531014141,47.01026567230038,0.6959378112014747,0,xstock_reversion
qqqx,2026-08-11T17:10:00Z,5,regular,1,45.19350443040082,11.82446720419783,-57.01797163459865,-64.98739216219462,36.856365741920776,57.01797163459865,8.72949769619602,1,11.700940259897763,54.04652907089691,-7.528965959497924,0,xstock_reversion
qqqx,2026-08-11T17:10:00Z,15,regular,1,45.19350443040082,11.82446720419783,-57.01797163459865,-64.98739216219462,36.856365741920776,57.01797163459865,6.891493137795024,1,1.8140946415989845,62.09537013079469,-9.758682515998984,0,xstock_reversion
qqqx,2026-08-11T17:10:00Z,30,regular,1,45.19350443040082,11.82446720419783,-57.01797163459865,-64.98739216219462,36.856365741920776,57.01797163459865,7.649733377297352,1,0.38390647650210497,64.2837985353939,-19.090224499098696,0,xstock_reversion
qqqx,2026-08-11T17:10:00Z,60,regular,1,45.19350443040082,11.82446720419783,-57.01797163459865,-64.98739216219462,36.856365741920776,57.01797163459865,14.223924162495294,1,2.3979865297985015,68.84390926729544,-10.038755510599628,0,xstock_reversion
qqqx,2026-08-11T18:45:00Z,5,regular,1,63.02879385369664,12.536655361197191,-50.49213849249945,-56.777424161902346,31.024246687220817,50.49213849249945,3.8016727018064245,1,-12.405722484398751,66.69953367870463,-3.0364241473002096,0,xstock_reversion
qqqx,2026-08-11T18:45:00Z,15,regular,1,63.02879385369664,12.536655361197191,-50.49213849249945,-56.777424161902346,31.024246687220817,50.49213849249945,3.0227487472966885,1,-11.295791519101428,64.81067875889757,-2.339438609499922,0,xstock_reversion
qqqx,2026-08-11T18:45:00Z,30,regular,1,63.02879385369664,12.536655361197191,-50.49213849249945,-56.777424161902346,31.024246687220817,50.49213849249945,0.24112896340078294,1,-19.458731746304636,69.7097412754033,-6.102583528004857,0,xstock_reversion
qqqx,2026-08-11T18:45:00Z,60,regular,1,63.02879385369664,12.536655361197191,-50.49213849249945,-56.777424161902346,31.024246687220817,50.49213849249945,4.1361303046993925,1,-30.130471407598947,76.486479595399,-13.276509749200471,0,xstock_reversion
qqqx,2026-08-11T22:55:00Z,5,afterhours,1,63.79142673790028,1.0292141666035093,-62.76221257129677,-59.82574458400336,21.511665685792956,62.76221257129677,0.7864496607989935,1,-0.9812289698007959,62.956991880298574,0.556560456503874,0,xstock_reversion
qqqx,2026-08-11T22:55:00Z,15,afterhours,1,63.79142673790028,1.0292141666035093,-62.76221257129677,-59.82574458400336,21.511665685792956,62.76221257129677,2.1089124392048575,1,-0.7390677460072936,61.39236787809921,3.4790111608984375,0,xstock_reversion
qqqx,2026-08-11T22:55:00Z,30,afterhours,1,63.79142673790028,1.0292141666035093,-62.76221257129677,-59.82574458400336,21.511665685792956,62.76221257129677,2.572239033096224,1,0.9651878771954614,64.36926372719753,-0.0,0,xstock_reversion
qqqx,2026-08-11T22:55:00Z,60,afterhours,1,63.79142673790028,1.0292141666035093,-62.76221257129677,-59.82574458400336,21.511665685792956,62.76221257129677,2.2746905951986918,1,-2.163302211801721,67.20020537829718,-3.7559730847025463,0,xstock_reversion
qqqx,2026-08-11T23:30:00Z,5,afterhours,1,57.72262452230059,4.498138904400761,-62.22076342670135,-59.35680499069562,25.836163247952506,62.22076342670135,0.13737401419966488,1,4.288423401801467,58.06971403909955,-0.6945845582961852,0,xstock_reversion
qqqx,2026-08-11T23:30:00Z,15,afterhours,1,57.72262452230059,4.498138904400761,-62.22076342670135,-59.35680499069562,25.836163247952506,62.22076342670135,1.2051888168951308,1,3.0084360159055024,58.00713859390072,-0.41619974699536044,0,xstock_reversion
qqqx,2026-08-12T11:50:00Z,5,premarket,1,86.22428420790307,3.4999064131024937,-82.72437779480057,-80.0512546900034,33.68196551773296,82.72437779480057,3.251092302303249,1,-3.40266991919691,89.37814001630073,-3.9137431429026037,0,xstock_reversion
qqqx,2026-08-12T11:50:00Z,15,premarket,1,86.22428420790307,3.4999064131024937,-82.72437779480057,-80.0512546900034,33.68196551773296,82.72437779480057,4.99967161910142,1,-8.888601598497914,86.61330777419707,-0.31940556819876065,0,xstock_reversion
qqqx,2026-08-12T11:50:00Z,30,premarket,1,86.22428420790307,3.4999064131024937,-82.72437779480057,-80.0512546900034,33.68196551773296,82.72437779480057,4.056744046003757,1,-2.6315409122013023,89.41266275300563,-3.499077812296747,0,xstock_reversion
qqqx,2026-08-12T11:50:00Z,60,premarket,1,86.22428420790307,3.4999064131024937,-82.72437779480057,-80.0512546900034,33.68196551773296,82.72437779480057,18.009155090901174,1,-28.39705562720063,93.11227833110003,-28.072845959501436,0,xstock_reversion
qqqx,2026-08-12T19:40:00Z,5,regular,1,43.82701974359193,1.2640335578062434,-45.091053301398176,-49.767423149793544,28.790316495545156,45.091053301398176,5.5473695839936,1,1.250816497400109,49.38760638799167,-5.664117965107351,0,xstock_reversion
qqqx,2026-08-12T19:40:00Z,15,regular,1,43.82701974359193,1.2640335578062434,-45.091053301398176,-49.767423149793544,28.790316495545156,45.091053301398176,3.0105241734990074,1,-0.5720279516996385,42.65255707959881,-0.1381873960060176,0,xstock_reversion
qqqx,2026-08-12T19:40:00Z,30,regular,1,43.82701974359193,1.2640335578062434,-45.091053301398176,-49.767423149793544,28.790316495545156,45.091053301398176,5.816655180197472,1,-3.1020223922961776,42.37642051349688,1.6583977151984897,0,xstock_reversion
qqqx,2026-08-12T19:40:00Z,60,regular,1,43.82701974359193,1.2640335578062434,-45.091053301398176,-49.767423149793544,28.790316495545156,45.091053301398176,0.5344672115992211,1,11.821970733700837,33.80354977929656,10.231170010897017,0,xstock_reversion
qqqx,2026-08-13T11:50:00Z,5,premarket,1,69.56441875299646,2.4056097204017135,-71.97002847339817,-69.03887959429866,31.054396820625254,71.97002847339817,3.8705581548992285,1,2.33877721000475,65.7606931084942,4.322457011998182,0,xstock_reversion
qqqx,2026-08-13T11:50:00Z,15,premarket,1,69.56441875299646,2.4056097204017135,-71.97002847339817,-69.03887959429866,31.054396820625254,71.97002847339817,1.3330553229007336,1,15.589016942003653,57.714066854295254,11.643556609000072,0,xstock_reversion
qqqx,2026-08-13T11:50:00Z,30,premarket,1,69.56441875299646,2.4056097204017135,-71.97002847339817,-69.03887959429866,31.054396820625254,71.97002847339817,2.8487212463979006,1,23.670808176703417,51.14794154309266,18.83173512999825,0,xstock_reversion
qqqx,2026-08-13T11:50:00Z,60,premarket,1,69.56441875299646,2.4056097204017135,-71.97002847339817,-69.03887959429866,31.054396820625254,71.97002847339817,4.196646922096647,1,11.200608098302922,64.9660672971919,3.9082153848024603,0,xstock_reversion
qqqx,2026-08-13T12:30:00Z,5,premarket,1,74.1255156450027,3.5631656721957228,-77.68868131719842,-64.07496186000117,30.383669761709985,77.68868131719842,1.4905027622980072,1,3.46416704119612,75.7150170383003,-2.252185354700842,0,xstock_reversion
qqqx,2026-08-13T12:30:00Z,15,premarket,1,74.1255156450027,3.5631656721957228,-77.68868131719842,-64.07496186000117,30.383669761709985,77.68868131719842,1.8634909875991923,1,2.427534819400279,77.12463748539733,-3.0396396878984433,0,xstock_reversion
qqqx,2026-08-13T12:30:00Z,30,premarket,1,74.1255156450027,3.5631656721957228,-77.68868131719842,-64.07496186000117,30.383669761709985,77.68868131719842,6.005934425399317,1,-6.856846781504444,90.55146252410218,-19.74116258019798,0,xstock_reversion
qqqx,2026-08-13T12:30:00Z,60,premarket,1,74.1255156450027,3.5631656721957228,-77.68868131719842,-64.07496186000117,30.383669761709985,77.68868131719842,7.0847405828011745,1,-17.924445121000332,102.69786702099992,-31.870228337496087,0,xstock_reversion
qqqx,2026-08-13T13:45:00Z,5,regular,0,2.0054621238063675,40.649275019593034,42.6547371433994,68.74069138840255,20.048974361248856,42.6547371433994,12.023603990201082,1,40.22467023999887,14.453670893601611,3.694960526505753,1,p1a_catchup
qqqx,2026-08-13T13:45:00Z,15,regular,0,2.0054621238063675,40.649275019593034,42.6547371433994,68.74069138840255,20.048974361248856,42.6547371433994,3.657766651805616,1,53.95222649839937,-7.6397227031943515,13.679575531906352,1,p1a_catchup
qqqx,2026-08-13T13:45:00Z,30,regular,0,2.0054621238063675,40.649275019593034,42.6547371433994,68.74069138840255,20.048974361248856,42.6547371433994,1.0170674771003974,1,63.392877263899194,-19.721072643399395,20.373707198499957,1,p1a_catchup
qqqx,2026-08-13T13:45:00Z,60,regular,0,2.0054621238063675,40.649275019593034,42.6547371433994,68.74069138840255,20.048974361248856,42.6547371433994,6.482773512308526,1,73.84189407820152,-24.704383422493592,27.201230574904756,1,p1a_catchup
qqqx,2026-08-13T15:15:00Z,5,regular,1,66.45966099010359,3.0033205141055674,-63.45634047599802,-57.61310441489975,26.469613467478123,63.45634047599802,14.305083292995846,1,-2.9719140843020853,52.12317126730426,-1.5009790504993958,0,xstock_reversion
qqqx,2026-08-13T15:15:00Z,15,regular,1,66.45966099010359,3.0033205141055674,-63.45634047599802,-57.61310441489975,26.469613467478123,63.45634047599802,12.743363550296039,1,9.006849478199186,41.706127447502794,26.64573024619976,0,xstock_reversion
qqqx,2026-08-13T15:15:00Z,30,regular,1,66.45966099010359,3.0033205141055674,-63.45634047599802,-57.61310441489975,26.469613467478123,63.45634047599802,7.046888017701036,1,19.687906491299145,36.72154596699784,28.424639232298432,0,xstock_reversion
qqqx,2026-08-13T15:15:00Z,60,regular,1,66.45966099010359,3.0033205141055674,-63.45634047599802,-57.61310441489975,26.469613467478123,63.45634047599802,1.656904946303328,1,25.743824113000358,39.36942130930099,26.91938795510218,0,xstock_reversion
qqqx,2026-08-13T15:35:00Z,5,regular,1,50.60241669849752,2.1046516197031906,-48.49776507879433,-60.65426682400066,42.105460746881036,48.49776507879433,21.972534493199802,1,-2.0827263484068936,72.55302592040103,-1.7152759591976263,0,xstock_reversion
qqqx,2026-08-13T15:35:00Z,15,regular,1,50.60241669849752,2.1046516197031906,-48.49776507879433,-60.65426682400066,42.105460746881036,48.49776507879433,5.124583874698274,1,1.8717768279952196,41.50140437610084,10.607321414299875,0,xstock_reversion
qqqx,2026-08-13T15:35:00Z,30,regular,1,50.60241669849752,2.1046516197031906,-48.49776507879433,-60.65426682400066,42.105460746881036,48.49776507879433,15.042029931802148,1,-1.2352045805030798,64.77499959109956,-4.034670870103341,0,xstock_reversion
qqqx,2026-08-13T15:35:00Z,60,regular,1,50.60241669849752,2.1046516197031906,-48.49776507879433,-60.65426682400066,42.105460746881036,48.49776507879433,24.130894337597297,1,-13.773866999304829,38.14073774050186,-7.862683768005141,0,xstock_reversion
qqqx,2026-08-13T17:10:00Z,5,regular,1,39.157591160199345,0.24054223310088219,-39.39813339330023,-27.85218140549439,16.989194114095366,39.39813339330023,0.5329684918020661,1,0.23802842660458623,39.69307345849771,-5.525295419799292,0,xstock_reversion
qqqx,2026-08-13T17:10:00Z,15,regular,1,39.157591160199345,0.24054223310088219,-39.39813339330023,-27.85218140549439,16.989194114095366,39.39813339330023,13.238361377299057,1,-4.13684872669684,30.29662074269801,-3.525627418099475,0,xstock_reversion
qqqx,2026-08-13T17:10:00Z,30,regular,1,39.157591160199345,0.24054223310088219,-39.39813339330023,-27.85218140549439,16.989194114095366,39.39813339330023,2.275881556599302,1,0.7556552075005385,36.36659662920039,3.548712946397359,0,xstock_reversion
qqqx,2026-08-13T17:10:00Z,60,regular,1,39.157591160199345,0.24054223310088219,-39.39813339330023,-27.85218140549439,16.989194114095366,39.39813339330023,0.8099984238008062,1,9.487497149400781,30.720634667700253,7.644947198999219,0,xstock_reversion
qqqx,2026-08-13T22:25:00Z,5,afterhours,1,86.16407306320184,0.5594269205033697,-85.60464614269847,-85.9598179247012,31.489701509578182,85.60464614269847,2.621143813001936,1,-0.5333463990009335,88.75913635470134,-3.0220241332923337,0,xstock_reversion
qqqx,2026-08-13T22:25:00Z,15,afterhours,1,86.16407306320184,0.5594269205033697,-85.60464614269847,-85.9598179247012,31.489701509578182,85.60464614269847,1.0564690879988348,1,-1.9957157589001184,88.65683098959742,-2.990620535099353,0,xstock_reversion
qqqx,2026-08-13T22:25:00Z,30,afterhours,1,86.16407306320184,0.5594269205033697,-85.60464614269847,-85.9598179247012,31.489701509578182,85.60464614269847,0.11380883949918541,1,-2.449007498697142,87.93984480189643,-1.734395734791505,0,xstock_reversion
qqqx,2026-08-13T22:25:00Z,60,afterhours,1,86.16407306320184,0.5594269205033697,-85.60464614269847,-85.9598179247012,31.489701509578182,85.60464614269847,1.6579878348998989,1,0.21036249529871043,87.05227148229966,-0.5326417186957144,0,xstock_reversion
qqqx,2026-08-13T23:40:00Z,5,afterhours,1,85.30288654919893,0.3406101173020204,-85.64349666650095,-86.32766433800398,34.140399958028226,85.64349666650095,0.9715776612040372,1,0.3247304982956223,84.34718850700129,0.9561078223008224,0,xstock_reversion
qqqx,2026-08-13T23:40:00Z,15,afterhours,1,85.30288654919893,0.3406101173020204,-85.64349666650095,-86.32766433800398,34.140399958028226,85.64349666650095,1.2785754237931712,1,0.25286125219459166,86.66921083809953,-1.6388293333058357,0,xstock_reversion
qqqx,2026-08-14T10:05:00Z,5,premarket,1,65.81103083090234,0.4827581782063106,-65.32827265269603,-46.83604966720267,27.254480117388407,65.32827265269603,12.99721182330238,1,-0.46933293180728697,52.80039376120094,1.447898361703892,0,xstock_reversion
qqqx,2026-08-14T10:05:00Z,15,premarket,1,65.81103083090234,0.4827581782063106,-65.32827265269603,-46.83604966720267,27.254480117388407,65.32827265269603,0.7061160869969996,1,2.472666794295364,63.561721945397665,2.863278473403952,0,xstock_reversion
qqqx,2026-08-14T10:05:00Z,30,premarket,1,65.81103083090234,0.4827581782063106,-65.32827265269603,-46.83604966720267,27.254480117388407,65.32827265269603,1.2217825245031122,1,2.726730109996467,61.37976001819645,4.090648833905419,0,xstock_reversion
qqqx,2026-08-14T10:05:00Z,60,premarket,1,65.81103083090234,0.4827581782063106,-65.32827265269603,-46.83604966720267,27.254480117388407,65.32827265269603,1.804726333496376,1,-2.5152912419024176,69.64829022809482,-3.939076576093825,0,xstock_reversion
qqqx,2026-08-14T22:55:00Z,5,afterhours,1,67.68469304570424,1.36984346400304,-66.3148495817012,-43.539771305898256,31.152161990789914,66.3148495817012,1.0977177091042734,1,-1.3059770308032626,66.52310890340019,-0.0,0,xstock_reversion
qqqx,2026-08-14T22:55:00Z,15,afterhours,1,67.68469304570424,1.36984346400304,-66.3148495817012,-43.539771305898256,31.152161990789914,66.3148495817012,0.32771490370286926,1,-0.4959279161020902,67.13849240150616,-0.2735678721954571,0,xstock_reversion
qqqx,2026-08-14T22:55:00Z,30,afterhours,1,67.68469304570424,1.36984346400304,-66.3148495817012,-43.539771305898256,31.152161990789914,66.3148495817012,8.303606201902625,1,-1.3637787851994432,59.375022164998015,0.9575464930033917,0,xstock_reversion
qqqx,2026-08-14T22:55:00Z,60,afterhours,1,67.68469304570424,1.36984346400304,-66.3148495817012,-43.539771305898256,31.152161990789914,66.3148495817012,5.795906118599703,1,2.1524792861971065,58.36646417690439,3.009740637800462,0,xstock_reversion
qqqx,2026-08-17T08:00:00Z,5,premarket,0,0.06729026390317472,59.95201463470323,59.88472437080006,27.19260670719592,19.08880099124935,59.88472437080006,7.3227049746993345,1,59.94185164710508,7.26557769839431,0.8173756384000086,1,p1a_catchup
qqqx,2026-08-17T08:00:00Z,15,premarket,0,0.06729026390317472,59.95201463470323,59.88472437080006,27.19260670719592,19.08880099124935,59.88472437080006,1.5761419049997727,1,57.329139948407715,0.9794425173925703,-0.2720200207040335,1,p1a_catchup
qqqx,2026-08-17T08:00:00Z,30,premarket,0,0.06729026390317472,59.95201463470323,59.88472437080006,27.19260670719592,19.08880099124935,59.88472437080006,0.443648228092286,1,59.82870809640772,-0.38763195369995174,-1.3601741043967053,1,p1a_catchup
qqqx,2026-08-17T08:00:00Z,60,premarket,0,0.06729026390317472,59.95201463470323,59.88472437080006,27.19260670719592,19.08880099124935,59.88472437080006,1.571047060497932,1,54.4486796282051,7.007091803092891,-7.755471737800335,1,p1a_catchup
qqqx,2026-08-17T13:00:00Z,5,premarket,1,67.57137353270437,2.054146883505581,-65.51722664919879,-61.597304027003474,30.06259613787133,65.51722664919879,3.8361644357021163,1,-1.9970792057044662,71.35047029060537,-3.7799904134949713,0,xstock_reversion
qqqx,2026-08-17T13:00:00Z,15,premarket,1,67.57137353270437,2.054146883505581,-65.51722664919879,-61.597304027003474,30.06259613787133,65.51722664919879,1.5093639651020396,1,-5.234251764107967,69.24211444820472,-1.3975347726979948,0,xstock_reversion
qqqx,2026-08-17T13:00:00Z,30,premarket,1,67.57137353270437,2.054146883505581,-65.51722664919879,-61.597304027003474,30.06259613787133,65.51722664919879,21.684729226301158,1,-5.552143014702082,49.384640437599714,3.653073796403561,0,xstock_reversion
qqqx,2026-08-17T13:00:00Z,60,premarket,1,67.57137353270437,2.054146883505581,-65.51722664919879,-61.597304027003474,30.06259613787133,65.51722664919879,10.271373647299242,1,-10.727400105805529,65.97325310770508,0.10373107009797877,0,xstock_reversion
qqqx,2026-08-17T13:55:00Z,5,regular,1,70.71290616169179,4.359190071907548,-75.07209623359934,-57.93423147969712,23.069306704742043,75.07209623359934,10.271373647299242,1,4.313686047101584,60.48703653919851,8.731480267591962,0,xstock_reversion
qqqx,2026-08-17T13:55:00Z,15,regular,1,70.71290616169179,4.359190071907548,-75.07209623359934,-57.93423147969712,23.069306704742043,75.07209623359934,3.5599746664960463,1,15.926440779301387,62.705630120794,2.6595654153993564,0,xstock_reversion
qqqx,2026-08-17T13:55:00Z,30,regular,1,70.71290616169179,4.359190071907548,-75.07209623359934,-57.93423147969712,23.069306704742043,75.07209623359934,1.7031105766029953,1,22.36538185430348,54.409824955898856,11.734688262396986,0,xstock_reversion
qqqx,2026-08-17T13:55:00Z,60,regular,1,70.71290616169179,4.359190071907548,-75.07209623359934,-57.93423147969712,23.069306704742043,75.07209623359934,7.2481790506007115,1,11.97788086160223,70.34239442259782,-3.544987288801593,0,xstock_reversion
qqqx,2026-08-17T14:35:00Z,5,regular,1,72.05923354700161,2.7122406634028096,-74.77147421040442,-66.05431102300052,22.111586458405593,74.77147421040442,21.89014768410047,1,2.683969033405731,50.19735749289822,-2.6321318741029387,0,xstock_reversion
qqqx,2026-08-17T14:35:00Z,15,regular,1,72.05923354700161,2.7122406634028096,-74.77147421040442,-66.05431102300052,22.111586458405593,74.77147421040442,6.584963425897428,1,-4.072355689297424,72.25886647380442,-4.781829303901475,0,xstock_reversion
qqqx,2026-08-17T14:35:00Z,30,regular,1,72.05923354700161,2.7122406634028096,-74.77147421040442,-66.05431102300052,22.111586458405593,74.77147421040442,13.897018880602019,1,-21.4782872683017,82.3527425981041,-20.736559446596914,0,xstock_reversion
qqqx,2026-08-17T14:35:00Z,60,regular,1,72.05923354700161,2.7122406634028096,-74.77147421040442,-66.05431102300052,22.111586458405593,74.77147421040442,0.32176144570073006,1,-13.477356891895553,88.5705925480007,-9.42087101569733,0,xstock_reversion
qqqx,2026-08-17T15:30:00Z,5,regular,1,69.77165599370672,8.313359087299688,-78.0850150810064,-72.88679854290159,31.14205065700907,78.0850150810064,0.32176144570073006,1,8.226526908705623,70.18024961800151,6.681894361006968,0,xstock_reversion
qqqx,2026-08-17T15:30:00Z,15,regular,1,69.77165599370672,8.313359087299688,-78.0850150810064,-72.88679854290159,31.14205065700907,78.0850150810064,10.098283549506704,1,13.239878499300417,54.74685303219928,8.454027147903886,0,xstock_reversion
qqqx,2026-08-17T15:30:00Z,30,regular,1,69.77165599370672,8.313359087299688,-78.0850150810064,-72.88679854290159,31.14205065700907,78.0850150810064,23.554705263899578,1,9.26564009370523,45.264669723401596,8.45539149739949,0,xstock_reversion
qqqx,2026-08-17T15:30:00Z,60,regular,1,69.77165599370672,8.313359087299688,-78.0850150810064,-72.88679854290159,31.14205065700907,78.0850150810064,62.76280611769991,1,20.20697033580099,-4.884761372494495,15.14293994130611,0,p1a_catchup
qqqx,2026-08-17T16:05:00Z,5,regular,1,65.85400118609641,3.1484460003028403,-69.00244718639925,-70.40169595529555,27.47688359343481,69.00244718639925,0.6604984643043821,1,3.1155628497003818,65.22638587239449,1.2119878717964383,0,xstock_reversion
qqqx,2026-08-17T16:05:00Z,15,regular,1,65.85400118609641,3.1484460003028403,-69.00244718639925,-70.40169595529555,27.47688359343481,69.00244718639925,3.1780550298954324,1,1.6080084195024824,64.21638373700134,2.9346828535015135,0,xstock_reversion
qqqx,2026-08-17T16:05:00Z,30,regular,1,65.85400118609641,3.1484460003028403,-69.00244718639925,-70.40169595529555,27.47688359343481,69.00244718639925,1.044231698292819,1,6.731800841404123,61.22641464670231,1.9791101575972192,0,xstock_reversion
qqqx,2026-08-17T16:05:00Z,60,regular,1,65.85400118609641,3.1484460003028403,-69.00244718639925,-70.40169595529555,27.47688359343481,69.00244718639925,4.651353855606999,1,14.245184690997448,50.105908639794805,15.701699408001701,0,xstock_reversion
qqqx,2026-08-17T16:30:00Z,5,regular,1,59.5134774248951,3.2493286928048093,-62.76280611769991,-64.31819633209379,46.10922537272094,62.76280611769991,1.044231698292819,1,3.215392845206111,58.50318157420098,-1.638180531102762,0,xstock_reversion
qqqx,2026-08-17T16:30:00Z,15,regular,1,59.5134774248951,3.2493286928048093,-62.76280611769991,-64.31819633209379,46.10922537272094,62.76280611769991,0.770487483805482,1,7.570059944406182,55.96323365709921,2.4577740884001997,0,xstock_reversion
qqqx,2026-08-17T16:30:00Z,30,regular,1,59.5134774248951,3.2493286928048093,-62.76280611769991,-64.31819633209379,46.10922537272094,62.76280611769991,2.5758261403030502,1,7.666034954203482,52.52094502319338,7.511763090795043,0,xstock_reversion
qqqx,2026-08-17T16:30:00Z,60,regular,1,59.5134774248951,3.2493286928048093,-62.76280611769991,-64.31819633209379,46.10922537272094,62.76280611769991,1.0669791261008754,1,36.36891847140333,27.460866772397452,34.052944840796684,1,p1a_catchup
qqqx,2026-08-17T18:15:00Z,5,regular,1,61.554263279903765,0.7774949969974188,-62.33175827690118,-60.28043067839661,25.20611240942239,62.33175827690118,2.922817529196209,1,0.7693665869989985,64.4852092190984,-2.807594218392495,0,xstock_reversion
qqqx,2026-08-17T18:15:00Z,15,regular,1,61.554263279903765,0.7774949969974188,-62.33175827690118,-60.28043067839661,25.20611240942239,62.33175827690118,0.34591835410324734,1,-1.0134433212982685,62.999283244096205,-0.9587793376919507,0,xstock_reversion
qqqx,2026-08-17T18:15:00Z,30,regular,1,61.554263279903765,0.7774949969974188,-62.33175827690118,-60.28043067839661,25.20611240942239,62.33175827690118,0.27909179229901326,1,-5.623702137595998,67.67636862219817,-8.21512724879625,0,xstock_reversion
qqqx,2026-08-17T18:15:00Z,60,regular,1,61.554263279903765,0.7774949969974188,-62.33175827690118,-60.28043067839661,25.20611240942239,62.33175827690118,4.1665498519005695,1,4.827284579400626,61.67102354940113,1.9863353890059443,0,xstock_reversion
qqqx,2026-08-18T08:00:00Z,5,premarket,0,2.4590293513959693,109.48619728709197,-107.027167935696,-20.368911686503566,33.16020158821431,107.027167935696,1.9726397691055553,1,109.43135220639277,-4.3768240398023295,0.1385051143021343,1,p1a_catchup
qqqx,2026-08-18T08:00:00Z,15,premarket,0,2.4590293513959693,109.48619728709197,-107.027167935696,-20.368911686503566,33.16020158821431,107.027167935696,3.296526388796295,1,108.14342603529425,2.1802682891980396,-1.8003919362996612,1,p1a_catchup
qqqx,2026-08-18T08:00:00Z,30,premarket,0,2.4590293513959693,109.48619728709197,-107.027167935696,-20.368911686503566,33.16020158821431,107.027167935696,5.483544259901052,1,113.19983257389588,-0.6891203782988242,-4.431151063899463,1,p1a_catchup
qqqx,2026-08-18T08:00:00Z,60,premarket,0,2.4590293513959693,109.48619728709197,-107.027167935696,-20.368911686503566,33.16020158821431,107.027167935696,3.073895937397708,1,109.69212502449643,0.40893884859727336,-3.185088274593184,1,p1a_catchup
qqqx,2026-08-18T09:30:00Z,5,premarket,1,44.16728439280426,1.4657588144917355,-45.633043207296,-48.25053382189637,22.89992854657361,45.633043207296,2.0369558331001514,1,1.4250368776913547,42.17105049650449,1.6583697376049145,0,xstock_reversion
qqqx,2026-08-18T09:30:00Z,15,premarket,1,44.16728439280426,1.4657588144917355,-45.633043207296,-48.25053382189637,22.89992854657361,45.633043207296,2.9868644622954577,1,8.792238507400185,33.853940237600355,10.68161269050627,0,xstock_reversion
qqqx,2026-08-18T09:30:00Z,30,premarket,1,44.16728439280426,1.4657588144917355,-45.633043207296,-48.25053382189637,22.89992854657361,45.633043207296,0.558544809994288,1,0.9760530628977193,44.09844533440399,-0.0,0,xstock_reversion
qqqx,2026-08-18T09:30:00Z,60,premarket,1,44.16728439280426,1.4657588144917355,-45.633043207296,-48.25053382189637,22.89992854657361,45.633043207296,5.765894532405724,1,3.9734666891977355,47.42547105050399,-2.0795064712952893,0,xstock_reversion
qqqx,2026-08-18T10:10:00Z,5,premarket,1,54.88426086779796,4.953689968001385,-59.83795083579935,-57.36550030329468,25.199136886731583,59.83795083579935,2.321496478296936,1,4.816061390302551,52.70039296719986,2.0806891317981524,0,xstock_reversion
qqqx,2026-08-18T10:10:00Z,15,premarket,1,54.88426086779796,4.953689968001385,-59.83795083579935,-57.36550030329468,25.199136886731583,59.83795083579935,5.899738333203786,1,9.119365978804694,56.61832319019844,-1.2482057058971208,0,xstock_reversion
qqqx,2026-08-18T10:10:00Z,30,premarket,1,54.88426086779796,4.953689968001385,-59.83795083579935,-57.36550030329468,25.199136886731583,59.83795083579935,3.006525871498411,1,0.6199984376031864,56.21142652669775,-1.6642396542998483,0,xstock_reversion
qqqx,2026-08-18T10:10:00Z,60,premarket,1,54.88426086779796,4.953689968001385,-59.83795083579935,-57.36550030329468,25.199136886731583,59.83795083579935,3.8497647203961094,1,-7.273020577001077,70.96073613319653,-16.491477368596463,0,xstock_reversion
qqqx,2026-08-18T11:50:00Z,5,premarket,1,62.93000127909565,5.658883135097881,-68.58888441419353,-54.61077055529451,29.218575211838242,68.58888441419353,0.2728704443999419,1,5.501659324496089,63.36009553409738,0.8313934158987735,0,xstock_reversion
qqqx,2026-08-18T11:50:00Z,15,premarket,1,62.93000127909565,5.658883135097881,-68.58888441419353,-54.61077055529451,29.218575211838242,68.58888441419353,10.910508029500221,1,-4.282213481801023,61.96058986649433,0.13856076929386063,0,xstock_reversion
qqqx,2026-08-18T11:50:00Z,30,premarket,1,62.93000127909565,5.658883135097881,-68.58888441419353,-54.61077055529451,29.218575211838242,68.58888441419353,0.6637692861044542,1,11.737579810091603,56.18753531799747,7.485030289595684,0,xstock_reversion
qqqx,2026-08-18T11:50:00Z,60,premarket,1,62.93000127909565,5.658883135097881,-68.58888441419353,-54.61077055529451,29.218575211838242,68.58888441419353,2.686186254203804,1,19.96976555969532,51.305305108702015,14.004342247595503,0,xstock_reversion
qqqx,2026-08-18T12:15:00Z,5,premarket,1,58.572089582700215,0.7124653804968517,-59.28455496319707,-72.33758754799702,48.40469323384971,59.28455496319707,0.6637692861044542,1,0.6926712428967363,57.92811443419588,1.3865394770018469,0,xstock_reversion
qqqx,2026-08-18T12:15:00Z,15,premarket,1,58.572089582700215,0.7124653804968517,-59.28455496319707,-72.33758754799702,48.40469323384971,59.28455496319707,2.224942845101552,1,6.1430926568029065,50.91651946129261,8.738410026802867,0,xstock_reversion
qqqx,2026-08-18T12:15:00Z,30,premarket,1,58.572089582700215,0.7124653804968517,-59.28455496319707,-72.33758754799702,48.40469323384971,59.28455496319707,9.261651777396906,1,14.796190330397252,53.75001641019672,8.044606386903297,0,xstock_reversion
qqqx,2026-08-18T12:15:00Z,60,premarket,1,58.572089582700215,0.7124653804968517,-59.28455496319707,-72.33758754799702,48.40469323384971,59.28455496319707,0.14851785429925712,1,12.513339088799924,46.9197337286964,10.820109811602308,0,xstock_reversion
qqqx,2026-08-18T13:05:00Z,5,premarket,1,51.62205196939773,3.1274242622014725,-54.7494762315992,-58.303997067303825,23.64418344379184,54.7494762315992,0.03114331839526585,1,3.040533518001709,51.67779939520223,-0.41643242350453136,0,xstock_reversion
qqqx,2026-08-18T13:05:00Z,15,premarket,1,51.62205196939773,3.1274242622014725,-54.7494762315992,-58.303997067303825,23.64418344379184,54.7494762315992,1.9431579052930914,1,1.766634540603107,51.039683785703005,1.3882333364989563,0,xstock_reversion
qqqx,2026-08-18T13:05:00Z,30,premarket,1,51.62205196939773,3.1274242622014725,-54.7494762315992,-58.303997067303825,23.64418344379184,54.7494762315992,2.741752362700467,1,7.409559355000539,44.5981645138982,-12.762712421201527,0,xstock_reversion
qqqx,2026-08-18T13:05:00Z,60,premarket,1,51.62205196939773,3.1274242622014725,-54.7494762315992,-58.303997067303825,23.64418344379184,54.7494762315992,13.746986741800526,1,11.762877327399224,29.239612162399453,26.271656881000638,1,xstock_reversion
qqqx,2026-08-18T13:45:00Z,5,regular,1,53.61929171470159,10.448593145895302,-64.06788486059689,-52.7866187387982,31.51789493407297,64.06788486059689,6.560905208603529,1,10.339476858796104,47.16750279319726,7.230859396702982,0,xstock_reversion
qqqx,2026-08-18T13:45:00Z,15,regular,1,53.61929171470159,10.448593145895302,-64.06788486059689,-52.7866187387982,31.51789493407297,64.06788486059689,5.943359072295706,1,14.306728233393073,55.704515699499524,-5.21131910280026,0,xstock_reversion
qqqx,2026-08-18T13:45:00Z,30,regular,1,53.61929171470159,10.448593145895302,-64.06788486059689,-52.7866187387982,31.51789493407297,64.06788486059689,14.369717486202305,1,34.40269911609839,44.034903230700806,13.074988300800783,0,xstock_reversion
qqqx,2026-08-18T13:45:00Z,60,regular,1,53.61929171470159,10.448593145895302,-64.06788486059689,-52.7866187387982,31.51789493407297,64.06788486059689,5.110533376999626,1,25.569701821295254,33.38764966230201,18.22621879310482,0,xstock_reversion
qqqx,2026-08-18T21:00:00Z,5,afterhours,1,57.08475887120201,1.1024286046978915,-58.187187475899904,-55.73884048519773,23.780572341419894,58.187187475899904,1.7417845297007517,1,1.0510294139010057,58.87794259169965,-3.395724278894008,0,xstock_reversion
qqqx,2026-08-18T21:00:00Z,15,afterhours,1,57.08475887120201,1.1024286046978915,-58.187187475899904,-55.73884048519773,23.780572341419894,58.187187475899904,0.1528502961978262,1,-0.4248178809973524,58.45915506069943,-0.7461820066989588,0,xstock_reversion
qqqx,2026-08-18T21:00:00Z,30,afterhours,1,57.08475887120201,1.1024286046978915,-58.187187475899904,-55.73884048519773,23.780572341419894,58.187187475899904,1.2445813570050035,1,-0.8895899715000155,57.832196090394916,-0.46724197879655094,0,xstock_reversion
qqqx,2026-08-18T21:00:00Z,60,afterhours,1,57.08475887120201,1.1024286046978915,-58.187187475899904,-55.73884048519773,23.780572341419894,58.187187475899904,3.571570382101541,1,-0.11649695290216755,61.87525481090361,-5.852198893299132,0,xstock_reversion
qqqx,2026-08-19T11:45:00Z,5,premarket,1,41.78047476679936,1.0457331479951648,40.73474161880419,40.72565294849895,18.03600068896077,40.73474161880419,6.342095477105403,1,-1.0166729092997429,35.40931905099853,1.6757202145001315,0,xstock_reversion
qqqx,2026-08-19T11:45:00Z,15,premarket,1,41.78047476679936,1.0457331479951648,40.73474161880419,40.72565294849895,18.03600068896077,40.73474161880419,3.682185300997176,1,5.650254003803923,31.402302314003094,4.328369738297866,0,xstock_reversion
qqqx,2026-08-19T11:45:00Z,30,premarket,1,41.78047476679936,1.0457331479951648,40.73474161880419,40.72565294849895,18.03600068896077,40.73474161880419,62.39232400820249,0,11.584280618501808,91.54278500850488,18.278097190798093,0,persistent_or_wider
qqqx,2026-08-19T11:45:00Z,60,premarket,1,41.78047476679936,1.0457331479951648,40.73474161880419,40.72565294849895,18.03600068896077,40.73474161880419,35.17592024300242,1,54.33244411260141,21.57821774920521,69.03009889580147,1,p1a_catchup
qqqx,2026-08-19T12:15:00Z,5,premarket,1,68.04040743250361,5.64808342430112,-62.39232400820249,-60.140482694501785,27.12627258600438,62.39232400820249,62.6064853949071,0,-5.4910995394052975,5.276938152700694,1.533517823197883,0,persistent_or_wider
qqqx,2026-08-19T12:15:00Z,15,premarket,1,68.04040743250361,5.64808342430112,-62.39232400820249,-60.140482694501785,27.12627258600438,62.39232400820249,15.514362651902758,1,-6.013127061796908,83.91981372190216,-15.878988752904277,0,xstock_reversion
qqqx,2026-08-19T12:15:00Z,30,premarket,1,68.04040743250361,5.64808342430112,-62.39232400820249,-60.140482694501785,27.12627258600438,62.39232400820249,35.17592024300242,1,-42.7481634940996,69.96456725929967,-50.75200170500338,0,xstock_reversion
qqqx,2026-08-19T12:15:00Z,60,premarket,1,68.04040743250361,5.64808342430112,-62.39232400820249,-60.140482694501785,27.12627258600438,62.39232400820249,1.3618502358081486,1,-57.90104481210534,118.93151858449968,-50.61330641160211,0,xstock_reversion
qqqx,2026-08-19T12:20:00Z,5,premarket,1,61.229951456605036,1.3765339383020603,-62.6064853949071,-57.17564428610267,26.1488637119161,62.6064853949071,2.680588152594865,1,1.338286429701796,63.948787117800165,-1.9517091457998959,0,xstock_reversion
qqqx,2026-08-19T12:20:00Z,15,premarket,1,61.229951456605036,1.3765339383020603,-62.6064853949071,-57.17564428610267,26.1488637119161,62.6064853949071,17.18864337879822,1,-15.60495761229852,95.40008638600384,-32.432536102193765,0,xstock_reversion
qqqx,2026-08-19T12:20:00Z,30,premarket,1,61.229951456605036,1.3765339383020603,-62.6064853949071,-57.17564428610267,26.1488637119161,62.6064853949071,6.959080698596409,1,-50.52969421559972,120.09526030910322,-59.63361871149431,0,xstock_reversion
qqqx,2026-08-19T12:20:00Z,60,premarket,1,61.229951456605036,1.3765339383020603,-62.6064853949071,-57.17564428610267,26.1488637119161,62.6064853949071,8.259156524399458,1,-50.81585360809271,121.68149552739926,-60.18797316589719,0,xstock_reversion
qqqx,2026-08-19T13:45:00Z,5,regular,0,4.1408127156028485,47.51914464350193,-43.37833192789908,-68.50834209850554,19.113610663097266,43.37833192789908,33.83958576180568,1,47.02290525809616,-37.484159092002756,-0.0,1,p1a_catchup
qqqx,2026-08-19T13:45:00Z,15,regular,0,4.1408127156028485,47.51914464350193,-43.37833192789908,-68.50834209850554,19.113610663097266,43.37833192789908,17.70383065220038,1,38.52538069219591,-12.850879416497207,-0.5595422946047535,1,p1a_catchup
qqqx,2026-08-19T13:45:00Z,30,regular,0,4.1408127156028485,47.51914464350193,-43.37833192789908,-68.50834209850554,19.113610663097266,43.37833192789908,15.664427204900022,1,76.83858897920004,-17.795829846400935,16.660720264694007,1,p1a_catchup
qqqx,2026-08-19T13:45:00Z,60,regular,0,4.1408127156028485,47.51914464350193,-43.37833192789908,-68.50834209850554,19.113610663097266,43.37833192789908,3.1689756317021534,1,15.807101332301343,30.740206227299893,-20.682241612801633,1,xstock_reversion
qqqx,2026-08-19T18:05:00Z,5,regular,1,60.517106922706176,20.80121507339605,-81.31832199610223,-77.67682250260144,35.172196609065956,81.31832199610223,6.991226625503444,1,20.58393237030387,67.7256162513018,-6.216581708997637,0,xstock_reversion
qqqx,2026-08-19T18:05:00Z,15,regular,1,60.517106922706176,20.80121507339605,-81.31832199610223,-77.67682250260144,35.172196609065956,81.31832199610223,7.887435329996251,1,17.764335918002416,55.66655074810356,-3.8421639539976127,0,xstock_reversion
qqqx,2026-08-19T18:05:00Z,30,regular,1,60.517106922706176,20.80121507339605,-81.31832199610223,-77.67682250260144,35.172196609065956,81.31832199610223,7.434964568604485,1,-1.0867260871005868,74.97008351459833,-13.755112331796937,0,xstock_reversion
qqqx,2026-08-19T18:05:00Z,60,regular,1,60.517106922706176,20.80121507339605,-81.31832199610223,-77.67682250260144,35.172196609065956,81.31832199610223,16.135885643899783,1,7.7638160550996815,57.41862029710276,-18.35919609589176,0,xstock_reversion
qqqx,2026-08-19T19:25:00Z,5,regular,1,59.25119145909541,2.925339704207275,-62.176531163302684,-41.349906673096015,31.32172043151502,62.176531163302684,14.427019265701446,1,2.894822807002484,44.854689090598754,-8.776635891400986,0,xstock_reversion
qqqx,2026-08-19T19:25:00Z,15,regular,1,59.25119145909541,2.925339704207275,-62.176531163302684,-41.349906673096015,31.32172043151502,62.176531163302684,2.0509388204992263,1,8.709407132707625,51.41618521009583,8.658700877699488,0,xstock_reversion
qqqx,2026-08-19T19:25:00Z,30,regular,1,59.25119145909541,2.925339704207275,-62.176531163302684,-41.349906673096015,31.32172043151502,62.176531163302684,1.4342524060051431,1,18.426241481606098,45.18454208770173,11.17189516089745,0,xstock_reversion
qqqx,2026-08-19T19:25:00Z,60,regular,1,59.25119145909541,2.925339704207275,-62.176531163302684,-41.349906673096015,31.32172043151502,62.176531163302684,1.7175185413975669,1,15.213944789804756,48.680104914895495,10.334093551795931,0,xstock_reversion
qqqx,2026-08-19T21:05:00Z,5,afterhours,1,68.53623468949799,4.152034993198939,-64.38419969629905,-66.14919142849729,30.081610865665564,64.38419969629905,0.22736318790350651,1,-3.9584559984984224,68.57001888270098,0.0013946027976885489,0,xstock_reversion
qqqx,2026-08-19T21:05:00Z,15,afterhours,1,68.53623468949799,4.152034993198939,-64.38419969629905,-66.14919142849729,30.081610865665564,64.38419969629905,5.951015274598959,1,-4.150219275498301,62.58340369719839,1.2566159766969065,0,xstock_reversion
qqqx,2026-08-19T21:05:00Z,30,afterhours,1,68.53623468949799,4.152034993198939,-64.38419969629905,-66.14919142849729,30.081610865665564,64.38419969629905,1.2307702907055074,1,-4.515909329203538,67.66933873479708,0.1408558638971158,0,xstock_reversion
qqqx,2026-08-19T21:05:00Z,60,afterhours,1,68.53623468949799,4.152034993198939,-64.38419969629905,-66.14919142849729,30.081610865665564,64.38419969629905,15.338160287408087,1,-17.987707676603293,67.03374708549426,-13.656382696600744,0,xstock_reversion
qqqx,2026-08-19T22:30:00Z,5,afterhours,1,46.90163699099692,0.5628912141020237,-47.464528205098944,-45.82606756040164,22.34931165687125,47.464528205098944,0.39812580840070666,1,0.5366474758972117,47.32600653760244,-6.4121771217084955,0,xstock_reversion
qqqx,2026-08-19T22:30:00Z,15,afterhours,1,46.90163699099692,0.5628912141020237,-47.464528205098944,-45.82606756040164,22.34931165687125,47.464528205098944,0.49730709910100757,1,-4.33532188280239,52.29715718700234,-6.229943267106464,0,xstock_reversion
qqqx,2026-08-19T22:30:00Z,30,afterhours,1,46.90163699099692,0.5628912141020237,-47.464528205098944,-45.82606756040164,22.34931165687125,47.464528205098944,14.731085515400366,1,-10.32621592130134,43.05965861099992,-9.011777905003626,0,xstock_reversion
qqqx,2026-08-19T22:30:00Z,60,afterhours,1,46.90163699099692,0.5628912141020237,-47.464528205098944,-45.82606756040164,22.34931165687125,47.464528205098944,16.22896907679916,1,-11.443268201905,42.67882733020478,-12.766027551105452,0,xstock_reversion
qqqx,2026-08-20T09:05:00Z,5,premarket,1,65.21134083069313,10.161407389199795,-55.04993344149334,-46.980074514300085,25.12977360213565,55.04993344149334,6.813654168995598,1,-9.87908141220295,58.11536068470069,7.677007739994579,0,xstock_reversion
qqqx,2026-08-20T09:05:00Z,15,premarket,1,65.21134083069313,10.161407389199795,-55.04993344149334,-46.980074514300085,25.12977360213565,55.04993344149334,2.586184674795433,1,-5.20484602430038,57.668594790998284,4.3263159303919,0,xstock_reversion
qqqx,2026-08-20T09:05:00Z,30,premarket,1,65.21134083069313,10.161407389199795,-55.04993344149334,-46.980074514300085,25.12977360213565,55.04993344149334,1.4725417228955706,1,-1.1519114035074551,57.67438656789636,7.118481132994958,0,xstock_reversion
qqqx,2026-08-20T09:05:00Z,60,premarket,1,65.21134083069313,10.161407389199795,-55.04993344149334,-46.980074514300085,25.12977360213565,55.04993344149334,2.791468971699018,1,-7.510023943906319,65.35142635709867,-0.6976176361028763,0,xstock_reversion
qqqx,2026-08-20T11:45:00Z,5,premarket,1,37.990798714906404,14.258280413894653,-52.24907912880106,-53.35539023920255,44.386427800315765,52.24907912880106,50.344832437092535,1,13.862184124500132,-11.95793743279161,2.806111729700689,0,p1a_catchup
qqqx,2026-08-20T11:45:00Z,15,premarket,1,37.990798714906404,14.258280413894653,-52.24907912880106,-53.35539023920255,44.386427800315765,52.24907912880106,14.95970261600199,1,21.565054804693062,15.724321708106004,21.978879639403814,1,p1a_catchup
qqqx,2026-08-20T11:45:00Z,30,premarket,1,37.990798714906404,14.258280413894653,-52.24907912880106,-53.35539023920255,44.386427800315765,52.24907912880106,2.2110341140013645,1,50.84102551949243,-0.8029805046927407,37.526660529705325,1,p1a_catchup
qqqx,2026-08-20T11:45:00Z,60,premarket,1,37.990798714906404,14.258280413894653,-52.24907912880106,-53.35539023920255,44.386427800315765,52.24907912880106,13.564343247400856,1,45.95781716109748,19.855605215104433,24.15833302710446,1,p1a_catchup
qqqx,2026-08-20T11:50:00Z,5,premarket,1,47.142624417997325,3.2022080190952096,-50.344832437092535,-65.88606320169887,44.356423339175706,50.344832437092535,48.54432295189781,1,3.1132863173954917,-1.3127768322007682,4.631806557497953,0,p1a_catchup
qqqx,2026-08-20T11:50:00Z,15,premarket,1,47.142624417997325,3.2022080190952096,-50.344832437092535,-65.88606320169887,44.356423339175706,50.344832437092535,2.8561045500996585,1,21.9673363310946,25.521391555898276,25.571868034903744,1,xstock_reversion
qqqx,2026-08-20T11:50:00Z,30,premarket,1,47.142624417997325,3.2022080190952096,-50.344832437092535,-65.88606320169887,44.356423339175706,50.344832437092535,10.037205397397386,1,37.89652186819481,22.48551596629511,27.682359294702863,1,p1a_catchup
qqqx,2026-08-20T11:50:00Z,60,premarket,1,47.142624417997325,3.2022080190952096,-50.344832437092535,-65.88606320169887,44.356423339175706,50.344832437092535,15.086341969396955,1,24.76393575469693,40.66723865179256,9.982107446502297,0,xstock_reversion
qqqx,2026-08-20T11:55:00Z,5,premarket,1,43.82359469270014,4.720728259197671,-48.54432295189781,-107.68284031529518,44.38628896226401,48.54432295189781,14.95970261600199,1,4.589584362797439,28.995035973098382,14.540961352205173,0,xstock_reversion
qqqx,2026-08-20T11:55:00Z,15,premarket,1,43.82359469270014,4.720728259197671,-48.54432295189781,-107.68284031529518,44.38628896226401,48.54432295189781,7.450448400803111,1,25.47168190900173,15.622192642092969,29.384700337606873,1,p1a_catchup
qqqx,2026-08-20T11:55:00Z,30,premarket,1,43.82359469270014,4.720728259197671,-48.54432295189781,-107.68284031529518,44.38628896226401,48.54432295189781,4.160945940698824,1,27.966101609600003,16.417275401598985,27.835982602404385,1,p1a_catchup
qqqx,2026-08-20T11:55:00Z,60,premarket,1,43.82359469270014,4.720728259197671,-48.54432295189781,-107.68284031529518,44.38628896226401,48.54432295189781,0.43646810070185893,1,10.392751883703255,37.7151029674927,4.633952914900874,0,xstock_reversion
qqqx,2026-08-20T14:20:00Z,5,regular,1,67.40335734190417,27.330434043904006,-40.07292329800016,-53.63881039360585,22.337688949613845,40.07292329800016,14.615793962295953,1,-27.0449350689006,52.50206440460481,15.295350530104557,0,xstock_reversion
qqqx,2026-08-20T14:20:00Z,15,regular,1,67.40335734190417,27.330434043904006,-40.07292329800016,-53.63881039360585,22.337688949613845,40.07292329800016,26.747873191608207,1,-7.310855752198364,74.13165224180673,-5.885981602702373,0,xstock_reversion
qqqx,2026-08-20T14:20:00Z,30,regular,1,67.40335734190417,27.330434043904006,-40.07292329800016,-53.63881039360585,22.337688949613845,40.07292329800016,2.661691516996356,1,-20.963874811705807,63.698489626702326,12.065943238601662,0,xstock_reversion
qqqx,2026-08-20T14:20:00Z,60,regular,1,67.40335734190417,27.330434043904006,-40.07292329800016,-53.63881039360585,22.337688949613845,40.07292329800016,2.2726701129016647,1,-13.336828008005952,51.13708119310445,25.13040344860329,0,xstock_reversion
qqqx,2026-08-20T16:20:00Z,5,regular,1,71.40574459540083,8.545532267696387,-62.860212327704446,-63.938518864201654,25.70525175605766,62.860212327704446,0.6901171768003422,1,-8.456274125601126,70.62636927650523,2.317668014999441,0,xstock_reversion
qqqx,2026-08-20T16:20:00Z,15,regular,1,71.40574459540083,8.545532267696387,-62.860212327704446,-63.938518864201654,25.70525175605766,62.860212327704446,2.3673570083992956,1,-9.007997227001852,74.23556656310559,-3.8615867388003267,0,xstock_reversion
qqqx,2026-08-20T16:20:00Z,30,regular,1,71.40574459540083,8.545532267696387,-62.860212327704446,-63.938518864201654,25.70525175605766,62.860212327704446,2.011330978701764,1,-15.94497405440265,76.79385540340533,-7.581341839406619,0,xstock_reversion
qqqx,2026-08-20T16:20:00Z,60,regular,1,71.40574459540083,8.545532267696387,-62.860212327704446,-63.938518864201654,25.70525175605766,62.860212327704446,4.261764786397393,1,5.608336462499253,61.513640651602586,12.015558429894213,0,xstock_reversion
qqqx,2026-08-20T20:05:00Z,5,afterhours,1,41.089271484695544,9.702476916704228,-50.79174840139977,-38.26253268480073,23.894014502624437,50.79174840139977,2.44308597239673,1,9.250124183202146,39.098538245800896,1.845297757991915,0,xstock_reversion
qqqx,2026-08-20T20:05:00Z,15,afterhours,1,41.089271484695544,9.702476916704228,-50.79174840139977,-38.26253268480073,23.894014502624437,50.79174840139977,3.4236660513009554,1,13.407067929502858,40.80834652319787,-0.4222170618017884,0,xstock_reversion
qqqx,2026-08-20T20:05:00Z,30,afterhours,1,41.089271484695544,9.702476916704228,-50.79174840139977,-38.26253268480073,23.894014502624437,50.79174840139977,2.677688797394495,1,6.463427173697411,47.006010025096856,-5.346766037508388,0,xstock_reversion
qqqx,2026-08-20T20:05:00Z,60,afterhours,1,41.089271484695544,9.702476916704228,-50.79174840139977,-38.26253268480073,23.894014502624437,50.79174840139977,0.34736042519689647,1,2.320210494000108,48.12417748220277,-7.175266742303066,0,xstock_reversion
qqqx,2026-08-21T08:00:00Z,5,premarket,0,0.2090756742934019,59.75589165529982,59.54681598100642,7.905945769506317,12.21794982548409,59.54681598100642,13.476315811402628,1,59.725944000303954,13.297187792105092,-12.316306665400845,1,p1a_catchup
qqqx,2026-08-21T08:00:00Z,15,premarket,0,0.2090756742934019,59.75589165529982,59.54681598100642,7.905945769506317,12.21794982548409,59.54681598100642,2.3230907521032407,1,44.99799509019908,12.225730138704094,-11.616109909793337,1,p1a_catchup
qqqx,2026-08-21T08:00:00Z,30,premarket,0,0.2090756742934019,59.75589165529982,59.54681598100642,7.905945769506317,12.21794982548409,59.54681598100642,4.052764847104484,1,46.55492236190106,8.93912877200087,-10.495897068194537,1,p1a_catchup
qqqx,2026-08-21T08:00:00Z,60,premarket,0,0.2090756742934019,59.75589165529982,59.54681598100642,7.905945769506317,12.21794982548409,59.54681598100642,21.73814326610568,1,59.13440828380523,22.15055096330687,-9.235807600198598,1,p1a_catchup
qqqx,2026-08-21T18:25:00Z,5,regular,1,61.19405959990054,7.067127365898429,-68.26118696579897,-66.55291001369967,28.207773640516667,68.26118696579897,2.4733355699968484,1,6.993319123100861,58.79453227270126,2.0348521119029073,0,xstock_reversion
qqqx,2026-08-21T18:25:00Z,15,regular,1,61.19405959990054,7.067127365898429,-68.26118696579897,-66.55291001369967,28.207773640516667,68.26118696579897,2.231574443500861,1,7.713011117900237,62.779750291399594,-1.3315514789979943,0,xstock_reversion
qqqx,2026-08-21T18:25:00Z,30,regular,1,61.19405959990054,7.067127365898429,-68.26118696579897,-66.55291001369967,28.207773640516667,68.26118696579897,2.2695395715022215,1,-2.718372284302717,68.71001967859947,-12.761006345298753,0,xstock_reversion
qqqx,2026-08-21T18:25:00Z,60,regular,1,61.19405959990054,7.067127365898429,-68.26118696579897,-66.55291001369967,28.207773640516667,68.26118696579897,55.560354110397725,1,-5.579767415300196,18.28060027070144,-10.728749517099345,0,xstock_reversion
qqqx,2026-08-21T19:25:00Z,5,regular,1,53.642208846298445,1.9181452640992802,-55.560354110397725,-52.00213575609958,25.85129064762149,55.560354110397725,3.4417144951959244,1,1.8981016398011974,57.10396696579245,-3.224789055495947,0,xstock_reversion
qqqx,2026-08-21T19:25:00Z,15,regular,1,53.642208846298445,1.9181452640992802,-55.560354110397725,-52.00213575609958,25.85129064762149,55.560354110397725,0.46655272710083295,1,-3.5232358038950196,58.61703718719191,-5.3250376112945474,0,xstock_reversion
qqqx,2026-08-21T19:25:00Z,30,regular,1,53.642208846298445,1.9181452640992802,-55.560354110397725,-52.00213575609958,25.85129064762149,55.560354110397725,0.5110292178933662,1,1.804624717705039,53.24470017479932,0.1401708682990943,0,xstock_reversion
qqqx,2026-08-21T19:25:00Z,60,regular,1,53.642208846298445,1.9181452640992802,-55.560354110397725,-52.00213575609958,25.85129064762149,55.560354110397725,0.16665336810106623,1,9.796835028001993,45.9301724504968,8.273444819000275,0,xstock_reversion
qqqx,2026-08-21T22:00:00Z,5,afterhours,1,61.31053882749704,1.4495012226944937,-59.86103760480255,-54.79051377590416,24.751502723661194,59.86103760480255,1.7496618623003002,1,-1.3819225339961605,62.99262200109901,-1.4015220552998642,0,xstock_reversion
qqqx,2026-08-21T22:00:00Z,15,afterhours,1,61.31053882749704,1.4495012226944937,-59.86103760480255,-54.79051377590416,24.751502723661194,59.86103760480255,0.17532528899799615,1,-2.0461446901975933,61.731857006002144,-1.2613786886017664,0,xstock_reversion
qqqx,2026-08-21T22:00:00Z,30,afterhours,1,61.31053882749704,1.4495012226944937,-59.86103760480255,-54.79051377590416,24.751502723661194,59.86103760480255,3.0171414505009153,1,-4.808189589295964,67.68636864459943,-6.305302968501181,0,xstock_reversion
qqqx,2026-08-21T22:00:00Z,60,afterhours,1,61.31053882749704,1.4495012226944937,-59.86103760480255,-54.79051377590416,24.751502723661194,59.86103760480255,0.4951588578983035,1,-10.411296665697733,70.76749312839858,-8.966348775203414,0,xstock_reversion
qqqx,2026-08-21T22:45:00Z,5,afterhours,1,64.41373509550097,0.1426978987062455,-64.27103719679472,-63.91137700809679,26.738208037296886,64.27103719679472,2.5854179016970846,1,-0.13604639340414337,66.99250149189595,-2.0881608706968535,0,xstock_reversion
qqqx,2026-08-21T22:45:00Z,15,afterhours,1,64.41373509550097,0.1426978987062455,-64.27103719679472,-63.91137700809679,26.738208037296886,64.27103719679472,0.4951588578983035,1,-2.2263054372029245,66.99250149189595,-2.0881608706968535,0,xstock_reversion
qqqx,2026-08-21T22:45:00Z,30,afterhours,1,64.41373509550097,0.1426978987062455,-64.27103719679472,-63.91137700809679,26.738208037296886,64.27103719679472,13.307970369993427,1,-3.273766517999377,54.23683334480067,-2.7883184064947386,0,xstock_reversion
qqqx,2026-08-21T22:45:00Z,60,afterhours,1,64.41373509550097,0.1426978987062455,-64.27103719679472,-63.91137700809679,26.738208037296886,64.27103719679472,25.466618633096516,1,-2.67495159199882,41.479370155697026,-1.3879543094930114,0,xstock_reversion
qqqx,2026-08-24T08:00:00Z,5,premarket,0,1.3238375561996918,98.7824529207959,-97.45861536459621,-18.657307008398405,9.926745324904237,97.45861536459621,15.267665394000929,1,98.7656870136977,13.960593744899441,-11.872457296799865,1,p1a_catchup
qqqx,2026-08-24T08:00:00Z,15,premarket,0,1.3238375561996918,98.7824529207959,-97.45861536459621,-18.657307008398405,9.926745324904237,97.45861536459621,8.465874977403587,1,80.60398701309701,25.320503328902788,-25.98798106790312,1,p1a_catchup
qqqx,2026-08-24T08:00:00Z,30,premarket,0,1.3238375561996918,98.7824529207959,-97.45861536459621,-18.657307008398405,9.926745324904237,97.45861536459621,0.799784091398692,1,74.8862531253991,21.772578147798427,-22.319861220401194,1,p1a_catchup
qqqx,2026-08-24T08:00:00Z,60,premarket,0,1.3238375561996918,98.7824529207959,-97.45861536459621,-18.657307008398405,9.926745324904237,97.45861536459621,7.88547184919608,1,68.02746526169301,37.31662195209928,-38.67493916880349,1,p1a_catchup
qqqx,2026-08-24T11:00:00Z,5,premarket,1,55.77786989729994,10.591287838792596,-66.36915773609253,-58.114616119997464,29.30457220783346,66.36915773609253,2.137125536298967,1,10.29702279179645,58.20926048059505,-2.9669607942928167,0,xstock_reversion
qqqx,2026-08-24T11:00:00Z,15,premarket,1,55.77786989729994,10.591287838792596,-66.36915773609253,-58.114616119997464,29.30457220783346,66.36915773609253,3.3181407925031436,1,6.253102761197837,63.43419576739784,-8.333510373095265,0,xstock_reversion
qqqx,2026-08-24T11:00:00Z,30,premarket,1,55.77786989729994,10.591287838792596,-66.36915773609253,-58.114616119997464,29.30457220783346,66.36915773609253,16.868671003598124,1,0.8831489833927009,82.35467975629795,-23.14717833550084,0,xstock_reversion
qqqx,2026-08-24T11:00:00Z,60,premarket,1,55.77786989729994,10.591287838792596,-66.36915773609253,-58.114616119997464,29.30457220783346,66.36915773609253,6.454789857999188,1,-19.53979243320525,79.4541603112986,-23.570103710399692,0,xstock_reversion
qqqx,2026-08-24T12:10:00Z,5,premarket,1,58.72125659870164,3.263739957795053,-61.9849965564967,-67.08131383909688,24.979775032881996,61.9849965564967,0.5837864811031324,1,3.1730624203962776,58.22814765499729,0.7051539706992571,0,xstock_reversion
qqqx,2026-08-24T12:10:00Z,15,premarket,1,58.72125659870164,3.263739957795053,-61.9849965564967,-67.08131383909688,24.979775032881996,61.9849965564967,1.481206136304536,1,-0.9653215863014708,64.4315242791027,-5.498495101798895,0,xstock_reversion
qqqx,2026-08-24T12:10:00Z,30,premarket,1,58.72125659870164,3.263739957795053,-61.9849965564967,-67.08131383909688,24.979775032881996,61.9849965564967,3.6810209841053876,1,3.955052098492118,54.34892347389919,3.3851926357009177,0,xstock_reversion
qqqx,2026-08-24T12:10:00Z,60,premarket,1,58.72125659870164,3.263739957795053,-61.9849965564967,-67.08131383909688,24.979775032881996,61.9849965564967,3.0253073402963793,1,6.133229081495273,58.8770748152978,0.4230864155019276,0,xstock_reversion
qqqx,2026-08-24T13:00:00Z,5,premarket,1,55.50380094430096,2.0203637056948054,-53.48343723860616,-60.28438577510009,24.159583896097157,53.48343723860616,3.61077018720124,1,-1.9642274591991082,51.836894510604026,3.385049397595097,0,xstock_reversion
qqqx,2026-08-24T13:00:00Z,15,premarket,1,55.50380094430096,2.0203637056948054,-53.48343723860616,-60.28438577510009,24.159583896097157,53.48343723860616,1.3234814305995712,1,-1.1062404350958843,55.91315910430161,3.9493357165998333,0,xstock_reversion
qqqx,2026-08-24T13:00:00Z,30,premarket,1,55.50380094430096,2.0203637056948054,-53.48343723860616,-60.28438577510009,24.159583896097157,53.48343723860616,40.48490821450201,1,-8.454960395596345,21.45348941970049,34.89270864649896,1,xstock_reversion
qqqx,2026-08-24T13:00:00Z,60,premarket,1,55.50380094430096,2.0203637056948054,-53.48343723860616,-60.28438577510009,24.159583896097157,53.48343723860616,17.548893350900485,1,63.6745815305062,-27.74003764280053,81.98566224529635,1,p1a_catchup
qqqx,2026-08-24T13:30:00Z,5,regular,0,0.842397121898486,41.3273053364005,-40.48490821450201,-34.459669684601124,29.043760721789845,40.48490821450201,11.978056313992624,1,40.89560316690388,-12.388751266394493,11.18576268299698,1,p1a_catchup
qqqx,2026-08-24T13:30:00Z,15,regular,0,0.842397121898486,41.3273053364005,-40.48490821450201,-34.459669684601124,29.043760721789845,40.48490821450201,37.10065796470374,1,86.35584272919772,-82.97159247939945,41.549440433099605,1,p1a_catchup
qqqx,2026-08-24T13:30:00Z,30,regular,0,0.842397121898486,41.3273053364005,-40.48490821450201,-34.459669684601124,29.043760721789845,40.48490821450201,17.548893350900485,1,72.12954192610255,-49.19352706250102,47.09295359879739,1,p1a_catchup
qqqx,2026-08-24T13:30:00Z,60,regular,0,0.842397121898486,41.3273053364005,-40.48490821450201,-34.459669684601124,29.043760721789845,40.48490821450201,20.478244677599733,1,75.95703426240163,-14.993881370299889,12.602574575302228,1,p1a_catchup
qqqx,2026-08-24T13:40:00Z,5,regular,1,45.96057177280066,34.32229960430355,-80.28287137710421,-131.05268994830334,33.083613631382995,80.28287137710421,37.10065796470374,1,33.963907087697365,9.218306324703107,-3.8374894763038014,0,p1a_catchup
qqqx,2026-08-24T13:40:00Z,15,regular,1,45.96057177280066,34.32229960430355,-80.28287137710421,-131.05268994830334,33.083613631382995,80.28287137710421,5.866760770896207,1,24.15939928479993,61.99023286320049,-14.631411842200848,0,xstock_reversion
qqqx,2026-08-24T13:40:00Z,30,regular,1,45.96057177280066,34.32229960430355,-80.28287137710421,-131.05268994830334,33.083613631382995,80.28287137710421,2.2242950611950363,1,35.04171918099708,47.46544725730217,-4.547974098105811,0,xstock_reversion
qqqx,2026-08-24T13:40:00Z,60,regular,1,45.96057177280066,34.32229960430355,-80.28287137710421,-131.05268994830334,33.083613631382995,80.28287137710421,0.982563017100091,1,-0.0018593345973982878,81.2672937288017,-36.60928685070175,0,xstock_reversion
qqqx,2026-08-24T13:50:00Z,5,regular,1,50.14999291010014,6.428997732195185,-43.72099517790495,-73.76053410890648,34.43204562870128,43.72099517790495,5.866760770896207,1,-6.361863485597752,55.94961943439891,-4.401377276099794,0,xstock_reversion
qqqx,2026-08-24T13:50:00Z,15,regular,1,50.14999291010014,6.428997732195185,-43.72099517790495,-73.76053410890648,34.43204562870128,43.72099517790495,2.1407106441007073,1,5.33690171950596,40.5248041024997,10.940842399493889,0,xstock_reversion
qqqx,2026-08-24T13:50:00Z,30,regular,1,50.14999291010014,6.428997732195185,-43.72099517790495,-73.76053410890648,34.43204562870128,43.72099517790495,7.384208599399145,1,4.738840669800126,46.36636310750397,3.2667902655969527,0,xstock_reversion
qqqx,2026-08-24T13:50:00Z,60,regular,1,50.14999291010014,6.428997732195185,-43.72099517790495,-73.76053410890648,34.43204562870128,43.72099517790495,4.2311481700973985,1,-38.973006538993715,78.46285354680127,-29.353187885403642,0,xstock_reversion
qqqx,2026-08-24T16:55:00Z,5,regular,1,70.37339731409631,3.6999251498048835,-74.07332246390119,-74.81441167329628,30.427298724148528,74.07332246390119,4.1847460663024805,1,3.6612911163036443,66.22728528129507,4.163148875395706,0,xstock_reversion
qqqx,2026-08-24T16:55:00Z,15,regular,1,70.37339731409631,3.6999251498048835,-74.07332246390119,-74.81441167329628,30.427298724148528,74.07332246390119,0.09498148550335372,1,-3.17288880119726,77.3411927506018,-8.047324346200924,0,xstock_reversion
qqqx,2026-08-24T16:55:00Z,30,regular,1,70.37339731409631,3.6999251498048835,-74.07332246390119,-74.81441167329628,30.427298724148528,74.07332246390119,0.32421714800001666,1,12.38155122690543,62.01598838499578,11.093329948801411,0,xstock_reversion
qqqx,2026-08-24T16:55:00Z,60,regular,1,70.37339731409631,3.6999251498048835,-74.07332246390119,-74.81441167329628,30.427298724148528,74.07332246390119,0.7368181881961533,1,20.204186664400936,54.60595398769641,15.90190627859478,0,xstock_reversion
qqqx,2026-08-24T17:40:00Z,5,regular,1,60.240103341104856,4.379345670599832,-64.61944901170469,-69.48229748600099,25.044754640125152,64.61944901170469,4.707184378798246,1,4.333592005600906,64.99304138490203,-4.385127415700296,0,xstock_reversion
qqqx,2026-08-24T17:40:00Z,15,regular,1,60.240103341104856,4.379345670599832,-64.61944901170469,-69.48229748600099,25.044754640125152,64.61944901170469,0.7368181881961533,1,3.2840041111992235,62.07226308870162,-1.6976967954018818,0,xstock_reversion
qqqx,2026-08-24T17:40:00Z,30,regular,1,60.240103341104856,4.379345670599832,-64.61944901170469,-69.48229748600099,25.044754640125152,64.61944901170469,2.170396295202437,1,-16.35806136819795,78.8071140847002,-23.100720238895533,0,xstock_reversion
qqqx,2026-08-24T17:40:00Z,60,regular,1,60.240103341104856,4.379345670599832,-64.61944901170469,-69.48229748600099,25.044754640125152,64.61944901170469,0.2495681149028428,1,-18.91320443490052,83.28308533170237,-24.02245435590089,0,xstock_reversion
qqqx,2026-08-24T20:00:00Z,5,afterhours,1,59.59921341069929,3.8725080668999823,-55.72670534379931,-66.34104906309446,23.995617897876592,55.72670534379931,0.3219139455978848,1,-3.6922654456983395,59.740884735095534,-0.4245833776028718,0,xstock_reversion
qqqx,2026-08-24T20:00:00Z,15,afterhours,1,59.59921341069929,3.8725080668999823,-55.72670534379931,-66.34104906309446,23.995617897876592,55.72670534379931,1.1876797954979423,1,-3.0813613966973463,59.9957465359946,-0.5661071643014992,0,xstock_reversion
qqqx,2026-08-24T20:00:00Z,30,afterhours,1,59.59921341069929,3.8725080668999823,-55.72670534379931,-66.34104906309446,23.995617897876592,55.72670534379931,1.4822375263001675,1,4.462082321401439,52.74686054869804,6.6541608656045526,0,xstock_reversion
qqqx,2026-08-24T20:00:00Z,60,afterhours,1,59.59921341069929,3.8725080668999823,-55.72670534379931,-66.34104906309446,23.995617897876592,55.72670534379931,5.190968010602148,1,-10.55219847740041,61.08793581059757,-3.396162369195821,0,xstock_reversion
qqqx,2026-08-24T20:45:00Z,5,afterhours,1,54.62018440960392,1.660011971802433,-56.280196381406355,-52.722636748203655,23.008611174681327,56.280196381406355,0.9072567719048408,1,1.5826172038035935,55.6048359495076,-0.7079796387987614,0,xstock_reversion
qqqx,2026-08-24T20:45:00Z,15,afterhours,1,54.62018440960392,1.660011971802433,-56.280196381406355,-52.722636748203655,23.008611174681327,56.280196381406355,5.190968010602148,1,-9.974483639298981,61.06371201010319,-8.350967569796808,0,xstock_reversion
qqqx,2026-08-24T20:45:00Z,30,afterhours,1,54.62018440960392,1.660011971802433,-56.280196381406355,-52.722636748203655,23.008611174681327,56.280196381406355,3.848093618898929,1,-9.326311486494987,69.45460148680027,-10.614435211904194,0,xstock_reversion
qqqx,2026-08-24T20:45:00Z,60,afterhours,1,54.62018440960392,1.660011971802433,-56.280196381406355,-52.722636748203655,23.008611174681327,56.280196381406355,59.91323580009755,0,-10.592363552595074,6.959324133903877,-12.030256672499462,0,persistent_or_wider
qqqx,2026-08-24T21:45:00Z,5,afterhours,1,59.69111694819951,0.22211885189804548,-59.91323580009755,-58.332950634296665,23.056140834163433,59.91323580009755,20.43769540730267,1,0.2117745897933787,39.263765803001505,-0.42286883130238095,0,xstock_reversion
qqqx,2026-08-24T21:45:00Z,15,afterhours,1,59.69111694819951,0.22211885189804548,-59.91323580009755,-58.332950634296665,23.056140834163433,59.91323580009755,0.6200704635972443,1,0.06981305959996575,59.22335227690034,2.2645617889960334,0,xstock_reversion
qqqx,2026-08-24T21:45:00Z,30,afterhours,1,59.69111694819951,0.22211885189804548,-59.91323580009755,-58.332950634296665,23.056140834163433,59.91323580009755,0.13254333079970593,1,2.2829110818989307,57.497781387398916,0.8500345924034036,0,xstock_reversion
qqqx,2026-08-24T21:45:00Z,60,afterhours,1,59.69111694819951,0.22211885189804548,-59.91323580009755,-58.332950634296665,23.056140834163433,59.91323580009755,0.5336350319051775,1,4.4991329008947645,54.88046786729761,4.386727821099612,0,xstock_reversion
qqqx,2026-08-24T22:25:00Z,5,afterhours,1,71.30439773599839,1.290230509596313,-72.5946282455947,-71.09269053809264,29.259463620498085,72.5946282455947,2.308683766596431,1,1.2300777683016406,69.05586671069663,0.5757861551014543,0,xstock_reversion
qqqx,2026-08-24T22:25:00Z,15,afterhours,1,71.30439773599839,1.290230509596313,-72.5946282455947,-71.09269053809264,29.259463620498085,72.5946282455947,19.870901399103857,1,0.7762346591988489,51.947492187292,1.839236580503112,0,xstock_reversion
qqqx,2026-08-24T22:25:00Z,30,afterhours,1,71.30439773599839,1.290230509596313,-72.5946282455947,-71.09269053809264,29.259463620498085,72.5946282455947,0.10831500520502857,1,2.4547726522961,70.03154058809358,3.1127524056984157,0,xstock_reversion
qqqx,2026-08-24T22:25:00Z,60,afterhours,1,71.30439773599839,1.290230509596313,-72.5946282455947,-71.09269053809264,29.259463620498085,72.5946282455947,16.070811812403107,1,2.515318606297612,54.008497826893986,5.377181071706261,0,xstock_reversion
qqqx,2026-08-25T08:00:00Z,5,premarket,0,1.0566365872932693,44.52736661539447,43.4707300281012,-10.464053854493116,14.300289782515257,43.4707300281012,5.625553180292897,1,44.50506611290095,-6.6598892650926445,2.53724822700363,1,p1a_catchup
qqqx,2026-08-25T08:00:00Z,15,premarket,0,1.0566365872932693,44.52736661539447,43.4707300281012,-10.464053854493116,14.300289782515257,43.4707300281012,18.433623673601574,1,44.047650922598436,-19.01054456809881,6.482799669003114,1,p1a_catchup
qqqx,2026-08-25T08:00:00Z,30,premarket,0,1.0566365872932693,44.52736661539447,43.4707300281012,-10.464053854493116,14.300289782515257,43.4707300281012,1.4634579475014675,1,63.63299974079695,-21.625727660197214,21.968126899407636,1,p1a_catchup
qqqx,2026-08-25T08:00:00Z,60,premarket,0,1.0566365872932693,44.52736661539447,43.4707300281012,-10.464053854493116,14.300289782515257,43.4707300281012,2.956415020305414,1,72.04006854479417,-31.52575353699838,28.99899268860473,1,p1a_catchup
qqqx,2026-08-25T08:35:00Z,5,premarket,1,57.72843775220693,6.956220099398891,-64.68465785160582,-72.76140641730322,29.227760219660563,64.68465785160582,7.7909707640966275,1,6.762944482501254,65.7126841332012,-4.644191677494192,0,xstock_reversion
qqqx,2026-08-25T08:35:00Z,15,premarket,1,57.72843775220693,6.956220099398891,-64.68465785160582,-72.76140641730322,29.227760219660563,64.68465785160582,2.6775768880948903,1,-4.726732038395909,66.73381300190684,-9.708123928993118,0,xstock_reversion
qqqx,2026-08-25T08:35:00Z,30,premarket,1,57.72843775220693,6.956220099398891,-64.68465785160582,-72.76140641730322,29.227760219660563,64.68465785160582,4.890198188700623,1,-7.0691686308954615,76.6440246712019,-18.00180504149651,0,xstock_reversion
qqqx,2026-08-25T08:35:00Z,60,premarket,1,57.72843775220693,6.956220099398891,-64.68465785160582,-72.76140641730322,29.227760219660563,64.68465785160582,3.941333793999746,1,-25.379869385897535,86.12319344350361,-26.85018236299186,0,xstock_reversion
qqqx,2026-08-25T08:55:00Z,5,premarket,1,70.89196547830134,2.8979746458990263,-67.99399083240232,-66.21531124419988,49.44713567921912,67.99399083240232,2.956415020305414,1,-2.8174616355958193,73.76786748830355,-1.4057777489018264,0,xstock_reversion
qqqx,2026-08-25T08:55:00Z,15,premarket,1,70.89196547830134,2.8979746458990263,-67.99399083240232,-66.21531124419988,49.44713567921912,67.99399083240232,3.3423048422953627,1,-8.128403556399988,79.46469923109767,-9.555393903397658,0,xstock_reversion
qqqx,2026-08-25T08:55:00Z,30,premarket,1,70.89196547830134,2.8979746458990263,-67.99399083240232,-66.21531124419988,49.44713567921912,67.99399083240232,12.232644413003868,1,-9.471437771502167,65.23278419090062,-5.340904426400783,0,xstock_reversion
qqqx,2026-08-25T08:55:00Z,60,premarket,1,70.89196547830134,2.8979746458990263,-67.99399083240232,-66.21531124419988,49.44713567921912,67.99399083240232,1.8469568381007662,1,-36.117361188896524,102.26439518319808,-31.72244143599734,0,xstock_reversion
qqqx,2026-08-25T09:30:00Z,5,premarket,1,68.08920345800828,14.70875557660456,-53.380447881403725,-58.43570856180591,17.654946947598745,53.380447881403725,3.941333793999746,1,-14.300091147800842,63.73920523520482,5.894571551108285,0,xstock_reversion
qqqx,2026-08-25T09:30:00Z,15,premarket,1,68.08920345800828,14.70875557660456,-53.380447881403725,-58.43570856180591,17.654946947598745,53.380447881403725,8.238248663001713,1,-14.412817849400739,76.03151439380618,-9.39605855419856,0,xstock_reversion
qqqx,2026-08-25T09:30:00Z,30,premarket,1,68.08920345800828,14.70875557660456,-53.380447881403725,-58.43570856180591,17.654946947598745,53.380447881403725,70.01580693239973,0,-26.38886654110273,9.753507490106728,-5.75087506299532,0,persistent_or_wider
qqqx,2026-08-25T09:30:00Z,60,premarket,1,68.08920345800828,14.70875557660456,-53.380447881403725,-58.43570856180591,17.654946947598745,53.380447881403725,1.0954808259011628,1,-18.15446460089909,70.43943165640165,-2.104362350996425,0,xstock_reversion
qqqx,2026-08-25T10:00:00Z,5,premarket,1,64.08657103089688,5.9292359015028495,-70.01580693239973,-66.27800690369945,45.74952244407359,70.01580693239973,11.713354121898334,1,5.764489710600174,75.96467134369789,-9.390659087404885,0,xstock_reversion
qqqx,2026-08-25T10:00:00Z,15,premarket,1,64.08657103089688,5.9292359015028495,-70.01580693239973,-66.27800690369945,45.74952244407359,70.01580693239973,1.4806518365961807,1,2.2678265509057383,66.26732854489781,-1.6825574912981978,0,xstock_reversion
qqqx,2026-08-25T10:00:00Z,30,premarket,1,64.08657103089688,5.9292359015028495,-70.01580693239973,-66.27800690369945,45.74952244407359,70.01580693239973,1.0954808259011628,1,8.23440194020364,60.685924166294924,3.646512711998895,0,xstock_reversion
qqqx,2026-08-25T10:00:00Z,60,premarket,1,64.08657103089688,5.9292359015028495,-70.01580693239973,-66.27800690369945,45.74952244407359,70.01580693239973,7.367051947300141,1,12.453815065205376,50.19493991989421,14.032332792002222,0,xstock_reversion
qqqx,2026-08-25T11:30:00Z,5,premarket,1,63.21421557959894,2.976829619596444,-60.2373859600025,-57.80897904510418,25.164482074316055,60.2373859600025,0.9245939332025443,1,-2.8941237826973776,64.05610367590242,-4.210230923202829,0,xstock_reversion
qqqx,2026-08-25T11:30:00Z,15,premarket,1,63.21421557959894,2.976829619596444,-60.2373859600025,-57.80897904510418,25.164482074316055,60.2373859600025,5.361602090108164,1,-6.910911285702426,61.78669515559676,-11.36355787569876,0,xstock_reversion
qqqx,2026-08-25T11:30:00Z,30,premarket,1,63.21421557959894,2.976829619596444,-60.2373859600025,-57.80897904510418,25.164482074316055,60.2373859600025,2.4997941661020207,1,-11.1400738479972,73.87725397410172,-10.382031601601227,0,xstock_reversion
qqqx,2026-08-25T11:30:00Z,60,premarket,1,63.21421557959894,2.976829619596444,-60.2373859600025,-57.80897904510418,25.164482074316055,60.2373859600025,12.246747962603166,1,-12.542434920197465,60.5330729175968,2.6673967068990834,0,xstock_reversion
qqqx,2026-08-25T12:25:00Z,5,premarket,1,54.639838274601615,0.8987506120039512,-55.53858888660557,-56.20375507440656,24.495345939245784,55.53858888660557,12.246747962603166,1,0.8737919929036053,42.418048931098795,12.208043388399759,0,xstock_reversion
qqqx,2026-08-25T12:25:00Z,15,premarket,1,54.639838274601615,0.8987506120039512,-55.53858888660557,-56.20375507440656,24.495345939245784,55.53858888660557,2.5814784947009173,1,19.788493771502047,38.33157360980444,16.140241116202603,0,xstock_reversion
qqqx,2026-08-25T12:25:00Z,30,premarket,1,54.639838274601615,0.8987506120039512,-55.53858888660557,-56.20375507440656,24.495345939245784,55.53858888660557,1.5871114202958836,1,14.061738266999413,43.06396203990204,13.471795469994774,0,xstock_reversion
qqqx,2026-08-25T12:25:00Z,60,premarket,1,54.639838274601615,0.8987506120039512,-55.53858888660557,-56.20375507440656,24.495345939245784,55.53858888660557,0.5596327518020416,1,19.43507739680328,35.543878738000245,25.977505463901096,0,xstock_reversion
qqqx,2026-08-25T19:00:00Z,5,regular,1,60.00634424400353,3.391562093195688,-63.39790633719922,-67.67934549150034,26.533220401193876,63.39790633719922,0.387300450803707,1,3.3561369080992165,60.42906987990371,-0.5633485438938379,0,xstock_reversion
qqqx,2026-08-25T19:00:00Z,15,regular,1,60.00634424400353,3.391562093195688,-63.39790633719922,-67.67934549150034,26.533220401193876,63.39790633719922,2.5129074630036996,1,7.288873295197007,53.59612557899851,7.185477192406253,0,xstock_reversion
qqqx,2026-08-25T19:00:00Z,30,regular,1,60.00634424400353,3.391562093195688,-63.39790633719922,-67.67934549150034,26.533220401193876,63.39790633719922,0.6213489763062796,1,10.582864632295852,52.193692728597085,7.044535845102118,0,xstock_reversion
qqqx,2026-08-25T19:00:00Z,60,regular,1,60.00634424400353,3.391562093195688,-63.39790633719922,-67.67934549150034,26.533220401193876,63.39790633719922,11.906478465499859,1,-5.2342356113044275,56.725663483003785,-9.572611801393904,0,xstock_reversion
qqqx,2026-08-25T21:05:00Z,5,afterhours,1,45.26928683979747,0.1547185120021055,-45.42400535179958,-46.57101949970155,26.236973394645428,45.42400535179958,1.2589700948950622,1,0.14750440599620163,46.53547104069844,-1.2659029068995409,0,xstock_reversion
qqqx,2026-08-25T21:05:00Z,15,afterhours,1,45.26928683979747,0.1547185120021055,-45.42400535179958,-46.57101949970155,26.236973394645428,45.42400535179958,0.3480055751925448,1,-0.9743580245036298,46.746368951495754,-1.2659029068995409,0,xstock_reversion
qqqx,2026-08-25T21:05:00Z,30,afterhours,1,45.26928683979747,0.1547185120021055,-45.42400535179958,-46.57101949970155,26.236973394645428,45.42400535179958,2.2651459868061607,1,0.239446448002667,47.44970489060307,-1.8284749866026573,0,xstock_reversion
qqqx,2026-08-25T21:05:00Z,60,afterhours,1,45.26928683979747,0.1547185120021055,-45.42400535179958,-46.57101949970155,26.236973394645428,45.42400535179958,7.419411404301357,1,-6.658495279099341,44.66308922659756,-4.500260247199961,0,xstock_reversion
qqqx,2026-08-25T22:40:00Z,5,afterhours,1,69.00646690639611,0.8892374231983524,-69.89570432959447,-70.19534841170127,29.006360488941624,69.89570432959447,1.4970278786030633,1,0.8477796086925338,67.55089684229887,1.2659029068995409,0,xstock_reversion
qqqx,2026-08-25T22:40:00Z,15,afterhours,1,69.00646690639611,0.8892374231983524,-69.89570432959447,-70.19534841170127,29.006360488941624,69.89570432959447,1.269741375802269,1,2.0181921669948366,69.1472535384019,-0.0,0,xstock_reversion
qqqx,2026-08-25T22:40:00Z,30,afterhours,1,69.00646690639611,0.8892374231983524,-69.89570432959447,-70.19534841170127,29.006360488941624,69.89570432959447,1.0829377774967952,1,3.0412813536973005,65.77148519840037,3.6574901584973674,0,xstock_reversion
qqqx,2026-08-25T22:40:00Z,60,afterhours,1,69.00646690639611,0.8892374231983524,-69.89570432959447,-70.19534841170127,29.006360488941624,69.89570432959447,2.1827958541997816,1,16.372881420192442,51.34002705520224,17.73724017540168,0,xstock_reversion
qqqx,2026-08-25T23:05:00Z,5,afterhours,1,61.828590113899295,2.1140242539985366,-63.94261436789783,-62.954377847299625,50.3359850453465,63.94261436789783,1.0829377774967952,1,2.0154633249980236,60.84421326540301,1.4068852989979064,0,xstock_reversion
qqqx,2026-08-25T23:05:00Z,15,afterhours,1,61.828590113899295,2.1140242539985366,-63.94261436789783,-62.954377847299625,50.3359850453465,63.94261436789783,4.365450327199483,1,3.5176396597957904,56.05952438090256,5.4879723319967155,0,xstock_reversion
qqqx,2026-08-25T23:05:00Z,30,afterhours,1,61.828590113899295,2.1140242539985366,-63.94261436789783,-62.954377847299625,50.3359850453465,63.94261436789783,0.6933055666991095,1,15.357188139892841,47.89212066130588,13.232542719494589,0,xstock_reversion
qqqx,2026-08-26T08:50:00Z,5,premarket,1,71.02602543159975,3.332894619392235,-74.35892005099198,-74.38705158069325,31.29523042988485,74.35892005099198,0.6692930806018182,1,3.2402945150966644,71.78791861649714,1.9731371535058884,0,xstock_reversion
qqqx,2026-08-26T08:50:00Z,15,premarket,1,71.02602543159975,3.332894619392235,-74.35892005099198,-74.38705158069325,31.29523042988485,74.35892005099198,10.586437638506752,1,1.6051758923918413,62.16730652009339,4.087644798307366,0,xstock_reversion
qqqx,2026-08-26T08:50:00Z,30,premarket,1,71.02602543159975,3.332894619392235,-74.35892005099198,-74.38705158069325,31.29523042988485,74.35892005099198,1.576622593599808,1,9.587050075792192,63.195247381599984,9.164288118004293,0,xstock_reversion
qqqx,2026-08-26T08:50:00Z,60,premarket,1,71.02602543159975,3.332894619392235,-74.35892005099198,-74.38705158069325,31.29523042988485,74.35892005099198,0.43372157059629046,1,4.794248101500642,69.13095037889505,-0.9864225982969543,0,xstock_reversion
qqqx,2026-08-26T09:40:00Z,5,premarket,1,76.30350800700292,1.4216068943007087,-74.88190111270221,-70.72707011579915,31.941552891934176,74.88190111270221,1.4719739323965086,1,-1.3821082673981522,74.79203544770385,-1.832444133196276,0,xstock_reversion
qqqx,2026-08-26T09:40:00Z,15,premarket,1,76.30350800700292,1.4216068943007087,-74.88190111270221,-70.72707011579915,31.941552891934176,74.88190111270221,3.2666278169024565,1,-5.581812956698684,83.73034188630335,-6.059880256197303,0,xstock_reversion
qqqx,2026-08-26T09:40:00Z,30,premarket,1,76.30350800700292,1.4216068943007087,-74.88190111270221,-70.72707011579915,31.941552891934176,74.88190111270221,5.052152346696204,1,-0.9046629365982994,70.7344117026043,5.499347972399704,0,xstock_reversion
qqqx,2026-08-26T09:40:00Z,60,premarket,1,76.30350800700292,1.4216068943007087,-74.88190111270221,-70.72707011579915,31.941552891934176,74.88190111270221,23.723027997704094,1,-8.386595437102073,59.54546855210019,-4.510027841293507,0,xstock_reversion
qqqx,2026-08-26T13:10:00Z,5,premarket,1,66.65186948570323,11.147825905197806,-55.504043580505424,-61.27912189130669,23.428072460381863,55.504043580505424,2.132431361605569,1,-10.838098290602005,64.20971050950186,2.682839024599204,0,xstock_reversion
qqqx,2026-08-26T13:10:00Z,15,premarket,1,66.65186948570323,11.147825905197806,-55.504043580505424,-61.27912189130669,23.428072460381863,55.504043580505424,1.5850585239984838,1,-7.6430010197992,64.73210312430311,-0.5647165123967568,0,xstock_reversion
qqqx,2026-08-26T13:10:00Z,30,premarket,1,66.65186948570323,11.147825905197806,-55.504043580505424,-61.27912189130669,23.428072460381863,55.504043580505424,19.64157313300241,1,-34.19441042749938,109.34002714100721,-40.2970688879023,0,xstock_reversion
qqqx,2026-08-26T13:10:00Z,60,premarket,1,66.65186948570323,11.147825905197806,-55.504043580505424,-61.27912189130669,23.428072460381863,55.504043580505424,9.486981935298289,1,-48.16381916620038,94.18088081140752,-26.014417767399323,0,xstock_reversion
qqqx,2026-08-26T14:50:00Z,5,regular,1,63.336786320098426,1.4692167146979074,-61.86756960540052,-54.389858583201445,26.149325630515467,61.86756960540052,1.1423828968037952,1,-1.453874029593294,64.46382653179761,-3.5202591273986172,0,xstock_reversion
qqqx,2026-08-26T14:50:00Z,15,regular,1,63.336786320098426,1.4692167146979074,-61.86756960540052,-54.389858583201445,26.149325630515467,61.86756960540052,3.2679104547028714,1,-7.914283572896252,73.04976363299964,-9.290802774302165,0,xstock_reversion
qqqx,2026-08-26T14:50:00Z,30,regular,1,63.336786320098426,1.4692167146979074,-61.86756960540052,-54.389858583201445,26.149325630515467,61.86756960540052,1.0289752894987458,1,-2.223774465299755,63.06236878120153,0.14083614420457025,0,xstock_reversion
qqqx,2026-08-26T14:50:00Z,60,regular,1,63.336786320098426,1.4692167146979074,-61.86756960540052,-54.389858583201445,26.149325630515467,61.86756960540052,15.254027385500635,1,-16.928799070496936,63.54234129039682,2.6057897979026023,0,xstock_reversion
qqqx,2026-08-26T17:10:00Z,5,regular,1,60.64212140440617,1.0799357565005607,-59.56218564790561,-48.56317940590493,23.667759992532282,59.56218564790561,19.816735143800557,1,-1.0686042930974082,40.81405479720246,-5.210643914095314,0,xstock_reversion
qqqx,2026-08-26T17:10:00Z,15,regular,1,60.64212140440617,1.0799357565005607,-59.56218564790561,-48.56317940590493,23.667759992532282,59.56218564790561,0.8284978141936961,1,-11.180359336293577,69.91404717000549,-9.926048241792884,0,xstock_reversion
qqqx,2026-08-26T17:10:00Z,30,regular,1,60.64212140440617,1.0799357565005607,-59.56218564790561,-48.56317940590493,23.667759992532282,59.56218564790561,1.1142593545976354,1,-15.357589387496873,76.03403439000012,-14.498570278398404,0,xstock_reversion
qqqx,2026-08-26T17:10:00Z,60,regular,1,60.64212140440617,1.0799357565005607,-59.56218564790561,-48.56317940590493,23.667759992532282,59.56218564790561,6.836029777499419,1,-18.63017728149785,71.35633315190404,-10.981431223697768,0,xstock_reversion
qqqx,2026-08-26T19:15:00Z,5,regular,1,76.62212931599299,4.817308067295301,-71.80482124869769,-71.00394737759252,32.451021776047355,71.80482124869769,7.7079347916964025,1,-4.76697213749766,68.86385859449895,2.3856133595945295,0,xstock_reversion
qqqx,2026-08-26T19:15:00Z,15,regular,1,76.62212931599299,4.817308067295301,-71.80482124869769,-71.00394737759252,32.451021776047355,71.80482124869769,3.8225490984000743,1,0.4849923347016727,67.49727981559595,3.789181231397265,0,xstock_reversion
qqqx,2026-08-26T19:15:00Z,30,regular,1,76.62212931599299,4.817308067295301,-71.80482124869769,-71.00394737759252,32.451021776047355,71.80482124869769,7.45950642119908,1,10.271049436596513,68.99327823330026,6.5267053333961655,0,xstock_reversion
qqqx,2026-08-26T19:15:00Z,60,regular,1,76.62212931599299,4.817308067295301,-71.80482124869769,-71.00394737759252,32.451021776047355,71.80482124869769,70.31486073999282,1,-7.591102966895136,9.081063475600004,-8.976031794301065,0,xstock_reversion
qqqx,2026-08-26T20:15:00Z,5,afterhours,1,76.51709763469405,6.20223689470123,-70.31486073999282,-57.318214959396485,28.84092516396129,70.31486073999282,9.044028880706989,1,-5.913066705307557,67.18389856459339,11.642342968594122,0,xstock_reversion
qqqx,2026-08-26T20:15:00Z,15,afterhours,1,76.51709763469405,6.20223689470123,-70.31486073999282,-57.318214959396485,28.84092516396129,70.31486073999282,5.097863150895776,1,5.816864030396829,59.40013355870022,16.696251432000153,0,xstock_reversion
qqqx,2026-08-26T20:15:00Z,30,afterhours,1,76.51709763469405,6.20223689470123,-70.31486073999282,-57.318214959396485,28.84092516396129,70.31486073999282,5.847487945098706,1,8.152091448794252,68.01025723629728,-0.7009132903057491,0,xstock_reversion
qqqx,2026-08-26T20:15:00Z,60,afterhours,1,76.51709763469405,6.20223689470123,-70.31486073999282,-57.318214959396485,28.84092516396129,70.31486073999282,11.586881806495697,1,-53.08330044710097,111.8112793805981,-35.82377433570372,0,xstock_reversion
qqqx,2026-08-26T20:25:00Z,5,afterhours,1,103.54094569350103,0.9503182754055928,-104.49126396890662,-104.63766737910163,62.04575917426677,104.49126396890662,5.097863150895776,1,0.9060147358042059,98.48738608220664,4.632846967300708,0,xstock_reversion
qqqx,2026-08-26T20:25:00Z,15,afterhours,1,103.54094569350103,0.9503182754055928,-104.49126396890662,-104.63766737910163,62.04575917426677,104.49126396890662,1.3232785510997047,1,1.2899637840035894,101.87802163380333,2.386350088894318,0,xstock_reversion
qqqx,2026-08-26T20:25:00Z,30,afterhours,1,103.54094569350103,0.9503182754055928,-104.49126396890662,-104.63766737910163,62.04575917426677,104.49126396890662,109.05336481150663,0,-14.587287737999333,10.02518689539933,-28.451913767204573,0,persistent_or_wider
qqqx,2026-08-26T20:25:00Z,60,afterhours,1,103.54094569350103,0.9503182754055928,-104.49126396890662,-104.63766737910163,62.04575917426677,104.49126396890662,9.412435323694623,1,-56.41153817909306,151.49036682430506,-58.49770376030072,0,xstock_reversion
qqqx,2026-08-26T20:35:00Z,5,afterhours,1,64.58817538229411,4.274461762800996,-60.313713619493114,-67.4587385488934,80.72665688724888,60.313713619493114,1.3232785510997047,1,-4.075174026203499,63.06560909459691,2.245992316893819,0,xstock_reversion
qqqx,2026-08-26T20:35:00Z,15,afterhours,1,64.58817538229411,4.274461762800996,-60.313713619493114,-67.4587385488934,80.72665688724888,60.313713619493114,3.8771856902997115,1,-16.47722331250101,80.66812262229384,-15.847974987002189,0,xstock_reversion
qqqx,2026-08-26T20:35:00Z,30,afterhours,1,64.58817538229411,4.274461762800996,-60.313713619493114,-67.4587385488934,80.72665688724888,60.313713619493114,19.93779519700034,1,-39.50797920010629,119.75948801659975,-54.869822162606496,0,xstock_reversion
qqqx,2026-08-26T20:35:00Z,60,afterhours,1,64.58817538229411,4.274461762800996,-60.313713619493114,-67.4587385488934,80.72665688724888,60.313713619493114,2.462496290895899,1,-67.5650560953045,130.3412660056935,-64.63640170640161,0,xstock_reversion
qqqx,2026-08-26T20:55:00Z,5,afterhours,1,121.96767256530627,12.914307753799648,-109.05336481150663,-91.852834738404,76.65825936566948,109.05336481150663,2.2840138319057957,1,-12.31220644259956,119.08155742220039,-6.995453240898897,0,xstock_reversion
qqqx,2026-08-26T20:55:00Z,15,afterhours,1,121.96767256530627,12.914307753799648,-109.05336481150663,-91.852834738404,76.65825936566948,109.05336481150663,3.499614239004245,1,-38.276362611595616,150.8293416621065,-30.743456299493488,0,xstock_reversion
qqqx,2026-08-26T20:55:00Z,30,afterhours,1,121.96767256530627,12.914307753799648,-109.05336481150663,-91.852834738404,76.65825936566948,109.05336481150663,9.412435323694623,1,-41.824250441093724,141.46517992890574,-30.04578999309615,0,xstock_reversion
qqqx,2026-08-26T20:55:00Z,60,afterhours,1,121.96767256530627,12.914307753799648,-109.05336481150663,-91.852834738404,76.65825936566948,109.05336481150663,13.104786809696733,1,-60.983405457193385,156.93198345900328,-35.20736843459993,0,xstock_reversion
qqqx,2026-08-26T22:20:00Z,5,afterhours,1,49.57921075259719,1.9060760921973952,-47.673134660399796,-39.760445880494544,20.78305993104804,47.673134660399796,1.6370103321960983,1,-1.8172087367940293,47.85333306499773,1.5397794247018481,0,xstock_reversion
qqqx,2026-08-26T22:20:00Z,15,afterhours,1,49.57921075259719,1.9060760921973952,-47.673134660399796,-39.760445880494544,20.78305993104804,47.673134660399796,23.607539532903843,1,-4.624130300800999,28.689725428296953,-5.010299052701228,0,xstock_reversion
qqqx,2026-08-26T22:20:00Z,30,afterhours,1,49.57921075259719,1.9060760921973952,-47.673134660399796,-39.760445880494544,20.78305993104804,47.673134660399796,2.0129137391933227,1,-10.411209128493581,56.071430049700055,-6.40160340269702,0,xstock_reversion
qqqx,2026-08-26T22:20:00Z,60,afterhours,1,49.57921075259719,1.9060760921973952,-47.673134660399796,-39.760445880494544,20.78305993104804,47.673134660399796,2.5711207969969507,1,-2.763103292098279,47.865117155501125,-5.6864971444969825,0,xstock_reversion
qqqx,2026-08-27T08:05:00Z,5,premarket,1,102.22817931440531,9.315024143603523,-92.91315517080179,-67.41468106530313,38.01905237637157,92.91315517080179,7.171989167895632,1,-9.0564231670065,109.14156750570392,-7.510744890399934,0,xstock_reversion
qqqx,2026-08-27T08:05:00Z,15,premarket,1,102.22817931440531,9.315024143603523,-92.91315517080179,-67.41468106530313,38.01905237637157,92.91315517080179,1.9690183908949166,1,-12.493282444303588,107.37545600600029,-5.267848365795302,0,xstock_reversion
qqqx,2026-08-27T08:05:00Z,30,premarket,1,102.22817931440531,9.315024143603523,-92.91315517080179,-67.41468106530313,38.01905237637157,92.91315517080179,0.5692918674959913,1,-19.32243139590284,112.80487843420062,-9.59606217899811,0,xstock_reversion
qqqx,2026-08-27T08:05:00Z,60,premarket,1,102.22817931440531,9.315024143603523,-92.91315517080179,-67.41468106530313,38.01905237637157,92.91315517080179,5.017416130099761,1,-7.136553818902769,105.06712511980432,-2.782415154296558,0,xstock_reversion
qqqx,2026-08-27T13:35:00Z,5,regular,1,51.48137725270452,7.890378005006582,-43.59099924769794,-68.55372156810091,18.503563372302455,43.59099924769794,25.564236761299597,1,-7.80803138169972,76.96326739069725,-28.866085682794917,0,xstock_reversion
qqqx,2026-08-27T13:35:00Z,15,regular,1,51.48137725270452,7.890378005006582,-43.59099924769794,-68.55372156810091,18.503563372302455,43.59099924769794,12.049220037102515,1,-4.318603352704287,59.95882263750474,-17.859389993493124,0,xstock_reversion
qqqx,2026-08-27T13:35:00Z,30,regular,1,51.48137725270452,7.890378005006582,-43.59099924769794,-68.55372156810091,18.503563372302455,43.59099924769794,3.3311393609025686,1,-23.475530967003166,63.735390853798535,-13.815915617998442,0,xstock_reversion
qqqx,2026-08-27T13:35:00Z,60,regular,1,51.48137725270452,7.890378005006582,-43.59099924769794,-68.55372156810091,18.503563372302455,43.59099924769794,11.949272646898379,1,-36.59588646730327,68.23761306810283,-18.973149673096046,0,xstock_reversion
qqqx,2026-08-27T14:45:00Z,5,regular,1,67.93199665149352,12.091257185096183,-55.84073946639734,-64.86712948489348,21.858976928435727,55.84073946639734,68.91080374989755,0,-11.964786499900626,-1.1052777835995897,4.92032665029285,0,persistent_or_wider
qqqx,2026-08-27T14:45:00Z,15,regular,1,67.93199665149352,12.091257185096183,-55.84073946639734,-64.86712948489348,21.858976928435727,55.84073946639734,3.50521472969767,1,-14.44987516250329,73.7958293585983,-5.773250535003882,0,xstock_reversion
qqqx,2026-08-27T14:45:00Z,30,regular,1,67.93199665149352,12.091257185096183,-55.84073946639734,-64.86712948489348,21.858976928435727,55.84073946639734,0.7145636149985535,1,-22.68109621150316,77.80727206290194,-10.083625395802542,0,xstock_reversion
qqqx,2026-08-27T14:45:00Z,60,regular,1,67.93199665149352,12.091257185096183,-55.84073946639734,-64.86712948489348,21.858976928435727,55.84073946639734,6.291044346200536,1,7.540679834097119,42.00901528609968,23.335607824099824,0,xstock_reversion
qqqx,2026-08-27T14:50:00Z,5,regular,1,64.11694778480026,4.793855965097293,-68.91080374989755,-50.17614626639855,21.895746977153753,68.91080374989755,4.592035035395625,1,4.743773125399642,68.75906565989354,-7.355236309694035,0,xstock_reversion
qqqx,2026-08-27T14:50:00Z,15,regular,1,64.11694778480026,4.793855965097293,-68.91080374989755,-50.17614626639855,21.895746977153753,68.91080374989755,0.9814762137949629,1,-5.864058643600956,75.75633860729347,-14.517389851196327,0,xstock_reversion
qqqx,2026-08-27T14:50:00Z,30,regular,1,64.11694778480026,4.793855965097293,-68.91080374989755,-50.17614626639855,21.895746977153753,68.91080374989755,7.048107739597853,1,-10.215364971601915,72.07806098190161,-6.2422083158963915,0,xstock_reversion
qqqx,2026-08-27T14:50:00Z,60,regular,1,64.11694778480026,4.793855965097293,-68.91080374989755,-50.17614626639855,21.895746977153753,68.91080374989755,25.115235324602025,1,23.170387460700326,70.85565161379925,-10.135873605499057,0,xstock_reversion
qqqx,2026-08-27T17:40:00Z,5,regular,1,63.98289586929451,0.9938136149045818,-64.97670948419909,-67.65856146979665,26.504446464632714,64.97670948419909,8.637965303996964,1,0.9834559942056842,55.35528818599644,3.9618688026976656,0,xstock_reversion
qqqx,2026-08-27T17:40:00Z,15,regular,1,63.98289586929451,0.9938136149045818,-64.97670948419909,-67.65856146979665,26.504446464632714,64.97670948419909,4.656644745502092,1,2.203879023401356,58.11618571529564,5.700025873895953,0,xstock_reversion
qqqx,2026-08-27T17:40:00Z,30,regular,1,63.98289586929451,0.9938136149045818,-64.97670948419909,-67.65856146979665,26.504446464632714,64.97670948419909,6.9235161279035395,1,17.217749017799377,40.835444338496174,17.388284680199817,0,xstock_reversion
qqqx,2026-08-27T17:40:00Z,60,regular,1,63.98289586929451,0.9938136149045818,-64.97670948419909,-67.65856146979665,26.504446464632714,64.97670948419909,1.4236421476976346,1,17.925989899403305,45.62707743709815,19.05915172479844,0,xstock_reversion
qqqx,2026-08-27T22:15:00Z,5,afterhours,1,60.65251683789796,2.568994346097142,-58.08352249180082,-56.823354342299126,23.620044082921,58.08352249180082,2.0964735437978277,1,-2.4492196862002658,58.43626863420326,-2.0845638126054666,0,xstock_reversion
qqqx,2026-08-27T22:15:00Z,15,afterhours,1,60.65251683789796,2.568994346097142,-58.08352249180082,-56.823354342299126,23.620044082921,58.08352249180082,0.4419792617937901,1,-5.311132956498099,62.95267618650513,-2.4375069344984013,0,xstock_reversion
qqqx,2026-08-27T22:15:00Z,30,afterhours,1,60.65251683789796,2.568994346097142,-58.08352249180082,-56.823354342299126,23.620044082921,58.08352249180082,16.137805023896945,1,-5.470057470597922,47.4157749385018,-1.9456064099987458,0,xstock_reversion
qqqx,2026-08-27T22:15:00Z,60,afterhours,1,60.65251683789796,2.568994346097142,-58.08352249180082,-56.823354342299126,23.620044082921,58.08352249180082,2.5143925790960253,1,0.7833510422017298,54.785778870503066,5.700025873895953,0,xstock_reversion
qqqx,2026-08-27T23:40:00Z,5,afterhours,1,147.7603914686032,0.4803853268953162,-148.2407767954985,-148.31713693699731,60.387919947244306,148.2407767954985,3.917280858196648,1,0.4579906693003011,143.86550526800158,4.312593535304998,0,xstock_reversion
qqqx,2026-08-27T23:40:00Z,15,afterhours,1,147.7603914686032,0.4803853268953162,-148.2407767954985,-148.31713693699731,60.387919947244306,148.2407767954985,0.03954595729993571,1,3.987637857800763,144.21359298039783,3.199488109197901,0,xstock_reversion
qqqx,2026-08-28T08:50:00Z,5,premarket,1,79.7404505393029,1.529298835700743,-81.26974937500364,-86.27386273540871,33.96386224895534,81.26974937500364,4.753905713998918,1,1.486804984498491,84.53685010450407,-4.587442998102986,0,xstock_reversion
qqqx,2026-08-28T08:50:00Z,15,premarket,1,79.7404505393029,1.529298835700743,-81.26974937500364,-86.27386273540871,33.96386224895534,81.26974937500364,0.8458897052054937,1,1.5405343491003975,80.57510473110874,-0.2780867631013706,0,xstock_reversion
qqqx,2026-08-28T08:50:00Z,30,premarket,1,79.7404505393029,1.529298835700743,-81.26974937500364,-86.27386273540871,33.96386224895534,81.26974937500364,2.5029211336047297,1,1.1122775658023443,82.66039294280603,-0.9732698398057238,0,xstock_reversion
qqqx,2026-08-28T08:50:00Z,60,premarket,1,79.7404505393029,1.529298835700743,-81.26974937500364,-86.27386273540871,33.96386224895534,81.26974937500364,2.16643641969938,1,1.5402785327012225,81.8959072620018,-2.0854622503030384,0,xstock_reversion
qqqx,2026-08-28T12:10:00Z,5,premarket,1,68.95744411480109,0.696516732903163,-68.26092738189793,-56.044510040003104,28.304210373155655,68.26092738189793,3.631238695405159,1,-0.6771685669981764,72.56933464430126,-3.744939652499113,0,xstock_reversion
qqqx,2026-08-28T12:10:00Z,15,premarket,1,68.95744411480109,0.696516732903163,-68.26092738189793,-56.044510040003104,28.304210373155655,68.26092738189793,5.830789556497962,1,-9.545110455597694,71.97524828099766,-10.414570229499986,0,xstock_reversion
qqqx,2026-08-28T12:10:00Z,30,premarket,1,68.95744411480109,0.696516732903163,-68.26092738189793,-56.044510040003104,28.304210373155655,68.26092738189793,8.175521734798963,1,-1.541204155000031,77.97765327169692,-9.720602887295371,0,xstock_reversion
qqqx,2026-08-28T12:10:00Z,60,premarket,1,68.95744411480109,0.696516732903163,-68.26092738189793,-56.044510040003104,28.304210373155655,68.26092738189793,0.776497675794019,1,-9.849302987703368,78.88672804539532,-9.443002465294725,0,xstock_reversion
qqqx,2026-08-28T16:30:00Z,5,regular,1,47.257373580098516,3.904621397605723,-51.16199497770424,-59.24013245000026,24.21184315168641,51.16199497770424,8.084757096202821,1,3.863817309603945,55.382934764303116,-12.073208368503785,0,xstock_reversion
qqqx,2026-08-28T16:30:00Z,15,regular,1,47.257373580098516,3.904621397605723,-51.16199497770424,-59.24013245000026,24.21184315168641,51.16199497770424,17.64409435089931,1,1.4997449471998436,67.3063443814037,-20.508821095504004,0,xstock_reversion
qqqx,2026-08-28T16:30:00Z,30,regular,1,47.257373580098516,3.904621397605723,-51.16199497770424,-59.24013245000026,24.21184315168641,51.16199497770424,6.915200488304407,1,-4.784907375201541,49.031701864601374,2.5141771789005674,0,xstock_reversion
qqqx,2026-08-28T16:30:00Z,60,regular,1,47.257373580098516,3.904621397605723,-51.16199497770424,-59.24013245000026,24.21184315168641,51.16199497770424,0.15286824549320954,1,5.848197132705124,45.160929599505906,-6.6874272582051475,0,xstock_reversion
qqqx,2026-08-31T09:45:00Z,5,premarket,1,46.13761202149291,7.1558074420075,-53.29341946350041,-57.10421475279226,20.79942275498121,53.29341946350041,0.9197355397994045,1,6.956993219402463,47.256161783897355,-1.2578880077018795,0,xstock_reversion
qqqx,2026-08-31T09:45:00Z,15,premarket,1,46.13761202149291,7.1558074420075,-53.29341946350041,-57.10421475279226,20.79942275498121,53.29341946350041,0.930914915295844,1,6.985788912405866,45.3767156357987,-0.0,0,xstock_reversion
qqqx,2026-08-31T09:45:00Z,30,premarket,1,46.13761202149291,7.1558074420075,-53.29341946350041,-57.10421475279226,20.79942275498121,53.29341946350041,2.3932484580946323,1,4.27986768160693,46.62030332379885,0.6988950472930355,0,xstock_reversion
qqqx,2026-08-31T09:45:00Z,60,premarket,1,46.13761202149291,7.1558074420075,-53.29341946350041,-57.10421475279226,20.79942275498121,53.29341946350041,0.39808737909652336,1,5.457083469799784,48.23442337279715,-1.8168985591060505,0,xstock_reversion
qqqx,2026-08-31T09:55:00Z,5,premarket,1,48.73900715510082,1.0886420245981299,-49.82764917969895,-55.51614966679885,37.14378359395893,49.82764917969895,0.930914915295844,1,1.0583966431010339,47.838337621302074,0.13977314810453834,0,xstock_reversion
qqqx,2026-08-31T09:55:00Z,15,premarket,1,48.73900715510082,1.0886420245981299,-49.82764917969895,-55.51614966679885,37.14378359395893,49.82764917969895,2.014966474597202,1,0.4129718356971068,51.42964381859905,-2.7950527748998866,0,xstock_reversion
qqqx,2026-08-31T09:55:00Z,30,premarket,1,48.73900715510082,1.0886420245981299,-49.82764917969895,-55.51614966679885,37.14378359395893,49.82764917969895,13.628565942704896,1,-2.966639528798609,66.42285465120246,-5.309932493000602,0,xstock_reversion
qqqx,2026-08-31T09:55:00Z,60,premarket,1,48.73900715510082,1.0886420245981299,-49.82764917969895,-55.51614966679885,37.14378359395893,49.82764917969895,1.838954132695747,1,-3.441158373398423,51.42985342040163,-2.9347849083993793,0,xstock_reversion
qqqx,2026-08-31T15:00:00Z,5,regular,1,68.73298977650322,1.3867922216981299,-70.11978199820135,-63.105500413600524,30.13684857754758,70.11978199820135,0.6510008693982883,1,1.3723091602990678,68.09647196850399,0.37929340720666005,0,xstock_reversion
qqqx,2026-08-31T15:00:00Z,15,regular,1,68.73298977650322,1.3867922216981299,-70.11978199820135,-63.105500413600524,30.13684857754758,70.11978199820135,0.6196257889001799,1,-0.47880912529940645,69.97896533460057,-2.6588487341960843,0,xstock_reversion
qqqx,2026-08-31T15:00:00Z,30,regular,1,68.73298977650322,1.3867922216981299,-70.11978199820135,-63.105500413600524,30.13684857754758,70.11978199820135,8.056635733000306,1,-1.8894253561985153,63.95257162139956,5.039758198304156,0,xstock_reversion
qqqx,2026-08-31T15:00:00Z,60,regular,1,68.73298977650322,1.3867922216981299,-70.11978199820135,-63.105500413600524,30.13684857754758,70.11978199820135,7.088630108897931,1,8.913129988101787,54.11802190120163,14.00560453030053,0,xstock_reversion
qqqx,2026-08-31T17:25:00Z,5,regular,1,48.91704569550015,6.590184343293615,-55.507230038793764,-57.1118045748964,22.822743967108526,55.507230038793764,1.6718786547986753,1,6.521355579796051,47.31399580419904,3.0794004529077768,0,xstock_reversion
qqqx,2026-08-31T17:25:00Z,15,regular,1,48.91704569550015,6.590184343293615,-55.507230038793764,-57.1118045748964,22.822743967108526,55.507230038793764,6.826581589995939,1,0.31985894569430684,62.0139526830954,-13.85187116779818,0,xstock_reversion
qqqx,2026-08-31T17:25:00Z,30,regular,1,48.91704569550015,6.590184343293615,-55.507230038793764,-57.1118045748964,22.822743967108526,55.507230038793764,4.78899276379785,1,-11.862034772001095,62.58027204699701,-14.34123279559607,0,xstock_reversion
qqqx,2026-08-31T17:25:00Z,60,regular,1,48.91704569550015,6.590184343293615,-55.507230038793764,-57.1118045748964,22.822743967108526,55.507230038793764,4.861153831097198,1,-12.151098445603026,62.79717465329959,-13.502312485496049,0,xstock_reversion
qqqx,2026-08-31T18:40:00Z,5,regular,1,49.588404728604374,0.6545209455044443,-48.93388378309993,-63.188507924003545,21.456216918835878,48.93388378309993,9.456492905801639,1,-0.6476599105997849,40.125050787898076,-1.679989923992764,0,xstock_reversion
qqqx,2026-08-31T18:40:00Z,15,regular,1,49.588404728604374,0.6545209455044443,-48.93388378309993,-63.188507924003545,21.456216918835878,48.93388378309993,0.37304473059940335,1,-4.065740117695782,52.62657917019631,-1.679989923992764,0,xstock_reversion
qqqx,2026-08-31T18:40:00Z,30,regular,1,49.588404728604374,0.6545209455044443,-48.93388378309993,-63.188507924003545,21.456216918835878,48.93388378309993,1.8511442161983638,1,-7.900017891202538,58.68504589050083,-8.676911563991752,0,xstock_reversion
qqqx,2026-08-31T18:40:00Z,60,regular,1,49.588404728604374,0.6545209455044443,-48.93388378309993,-63.188507924003545,21.456216918835878,48.93388378309993,8.28050987750295,1,-17.558315820398462,74.77270948100134,-25.590626667195693,0,xstock_reversion
qqqx,2026-09-01T08:35:00Z,5,premarket,1,42.87425115100163,12.705350731900822,-55.57960188290245,-66.31452002910265,26.547363174490478,55.57960188290245,2.9544089047028876,1,12.35235454189798,40.27283843630158,4.078963155995652,0,xstock_reversion
qqqx,2026-09-01T08:35:00Z,15,premarket,1,42.87425115100163,12.705350731900822,-55.57960188290245,-66.31452002910265,26.547363174490478,55.57960188290245,10.08799696390561,1,16.097037420701454,49.57056142610661,0.7031508190991076,0,xstock_reversion
qqqx,2026-09-01T08:35:00Z,30,premarket,1,42.87425115100163,12.705350731900822,-55.57960188290245,-66.31452002910265,26.547363174490478,55.57960188290245,50.011240075900076,1,27.49370868599499,-21.925346878992613,19.002447883700313,1,p1a_catchup
qqqx,2026-09-01T08:35:00Z,60,premarket,1,42.87425115100163,12.705350731900822,-55.57960188290245,-66.31452002910265,26.547363174490478,55.57960188290245,4.0606688130040425,1,32.94461645680258,26.695654239103916,27.882629453799268,1,p1a_catchup
qqqx,2026-09-01T09:05:00Z,5,premarket,1,45.79715014629393,4.214089929606146,-50.011240075900076,-71.49590830509922,29.61028297560814,50.011240075900076,0.6228230986948802,1,4.097007185199786,46.53705598939517,0.9693887334982776,0,xstock_reversion
qqqx,2026-09-01T09:05:00Z,15,premarket,1,45.79715014629393,4.214089929606146,-50.011240075900076,-71.49590830509922,29.61028297560814,50.011240075900076,11.848938280003551,1,8.213352367807403,53.646825988096225,5.0734238242977625,0,xstock_reversion
qqqx,2026-09-01T09:05:00Z,30,premarket,1,45.79715014629393,4.214089929606146,-50.011240075900076,-71.49590830509922,29.61028297560814,50.011240075900076,4.0606688130040425,1,5.450907770807589,48.62100111809653,8.880181570098955,0,xstock_reversion
qqqx,2026-09-01T09:05:00Z,60,premarket,1,45.79715014629393,4.214089929606146,-50.011240075900076,-71.49590830509922,29.61028297560814,50.011240075900076,9.433672122600711,1,5.547319893004499,53.89759230549629,0.7044882951934284,0,xstock_reversion
qqqx,2026-09-01T12:15:00Z,5,premarket,1,46.03501091690276,4.776359259093255,-50.81137017599602,-55.420836701101095,21.142573885089558,50.81137017599602,2.197160023200695,1,4.643653189297936,48.36487700989878,-2.823582580298023,0,xstock_reversion
qqqx,2026-09-01T12:15:00Z,15,premarket,1,46.03501091690276,4.776359259093255,-50.81137017599602,-55.420836701101095,21.142573885089558,50.81137017599602,6.18925492830158,1,-2.364422973402114,59.36504807769971,-0.5647803005981444,0,xstock_reversion
qqqx,2026-09-01T12:15:00Z,30,premarket,1,46.03501091690276,4.776359259093255,-50.81137017599602,-55.420836701101095,21.142573885089558,50.81137017599602,51.098680987298195,0,11.169254438199161,-11.456565249501338,7.062446442400727,0,persistent_or_wider
qqqx,2026-09-01T12:15:00Z,60,premarket,1,46.03501091690276,4.776359259093255,-50.81137017599602,-55.420836701101095,21.142573885089558,50.81137017599602,0.3023861393014471,1,23.517856858497055,26.991127178197516,18.231287952605868,0,xstock_reversion
qqqx,2026-09-01T12:45:00Z,5,premarket,1,50.429129724003374,0.6695512632948208,-51.098680987298195,-70.82161332720105,32.549107048893866,51.098680987298195,1.323856861494832,1,0.6509475125948683,51.77159033619816,-0.8477569768938764,0,xstock_reversion
qqqx,2026-09-01T12:45:00Z,15,premarket,1,50.429129724003374,0.6695512632948208,-51.098680987298195,-70.82161332720105,32.549107048893866,51.098680987298195,4.685412509992659,1,1.6082920196947015,54.17580147759615,9.188643483906134,0,xstock_reversion
qqqx,2026-09-01T12:45:00Z,30,premarket,1,50.429129724003374,0.6695512632948208,-51.098680987298195,-70.82161332720105,32.549107048893866,51.098680987298195,0.3023861393014471,1,12.348602420297894,38.447692427698854,11.16884151020514,0,xstock_reversion
qqqx,2026-09-01T12:45:00Z,60,premarket,1,50.429129724003374,0.6695512632948208,-51.098680987298195,-70.82161332720105,32.549107048893866,51.098680987298195,16.226784490100954,1,15.277214167594977,52.04825130980417,-5.791574128100052,0,xstock_reversion
qqqx,2026-09-01T16:05:00Z,5,regular,1,58.46826615679923,7.017494668302149,-65.48576082510138,-75.221621287902,27.430644457133468,65.48576082510138,7.544037683393512,1,6.944218071902597,50.99750506980527,8.725021662394639,0,xstock_reversion
qqqx,2026-09-01T16:05:00Z,15,regular,1,58.46826615679923,7.017494668302149,-65.48576082510138,-75.221621287902,27.430644457133468,65.48576082510138,1.9345836975936948,1,25.359111540703694,38.19206558680399,21.15724914279582,0,xstock_reversion
qqqx,2026-09-01T16:05:00Z,30,regular,1,58.46826615679923,7.017494668302149,-65.48576082510138,-75.221621287902,27.430644457133468,65.48576082510138,6.90565355339956,1,48.657093662001216,23.734320716499724,32.123109748196654,1,p1a_catchup
qqqx,2026-09-01T16:05:00Z,60,regular,1,58.46826615679923,7.017494668302149,-65.48576082510138,-75.221621287902,27.430644457133468,65.48576082510138,1.4169505308014863,1,43.652269831397916,20.416540462901978,37.430530946096496,1,p1a_catchup
qqqx,2026-09-02T08:50:00Z,5,premarket,1,36.99103137590143,22.557436270798092,-59.54846764669952,-79.7738221891997,25.573999493712982,59.54846764669952,5.703545344397654,1,21.93070636669958,43.32130662439759,-5.3990311471974195,0,xstock_reversion
qqqx,2026-09-02T08:50:00Z,15,premarket,1,36.99103137590143,22.557436270798092,-59.54846764669952,-79.7738221891997,25.573999493712982,59.54846764669952,1.142398626408081,1,5.155240724894483,53.25082829539696,-15.904575917300434,0,xstock_reversion
qqqx,2026-09-02T08:50:00Z,30,premarket,1,36.99103137590143,22.557436270798092,-59.54846764669952,-79.7738221891997,25.573999493712982,59.54846764669952,10.52091063829863,1,10.621690530996375,38.405866477404516,-3.4102535285995828,0,xstock_reversion
qqqx,2026-09-02T08:50:00Z,60,premarket,1,36.99103137590143,22.557436270798092,-59.54846764669952,-79.7738221891997,25.573999493712982,59.54846764669952,0.5313001789009064,1,22.06824578199651,36.948921685802105,-0.0,0,xstock_reversion
qqqx,2026-09-02T09:30:00Z,5,premarket,1,47.70545098670809,7.864106678496796,-55.56955766520488,-60.418985601904396,29.93760903712938,55.56955766520488,1.1844971992047704,1,7.6456154578963265,46.739445008103786,1.7057326874070355,0,xstock_reversion
qqqx,2026-09-02T09:30:00Z,15,premarket,1,47.70545098670809,7.864106678496796,-55.56955766520488,-60.418985601904396,29.93760903712938,55.56955766520488,2.6050160930957134,1,9.153739610896494,49.0208341474041,-1.5633327443964617,0,xstock_reversion
qqqx,2026-09-02T09:30:00Z,30,premarket,1,47.70545098670809,7.864106678496796,-55.56955766520488,-60.418985601904396,29.93760903712938,55.56955766520488,7.411638163095091,1,1.205556268804031,46.95236323330576,0.9949753752014345,0,xstock_reversion
qqqx,2026-09-02T09:30:00Z,60,premarket,1,47.70545098670809,7.864106678496796,-55.56955766520488,-60.418985601904396,29.93760903712938,55.56955766520488,0.9411843008955145,1,-3.2536288629980703,57.88200222730744,-7.672198603199121,0,xstock_reversion
qqqx,2026-09-02T10:40:00Z,5,premarket,1,44.9968250230981,0.6051240529014734,-44.391700970196624,-50.969334347996664,20.99983378276687,44.391700970196624,3.099769336696312,1,-0.588314582303795,48.07978488919673,-2.867893876894456,0,xstock_reversion
qqqx,2026-09-02T10:40:00Z,15,premarket,1,44.9968250230981,0.6051240529014734,-44.391700970196624,-50.969334347996664,20.99983378276687,44.391700970196624,46.555039717199875,0,-1.5112084588952968,-0.6521302881079549,-5.3970374414991085,0,persistent_or_wider
qqqx,2026-09-02T10:40:00Z,30,premarket,1,44.9968250230981,0.6051240529014734,-44.391700970196624,-50.969334347996664,20.99983378276687,44.391700970196624,53.84716001239909,0,-8.163862712002867,-1.2915963301995959,-15.898705901200572,0,persistent_or_wider
qqqx,2026-09-02T10:40:00Z,60,premarket,1,44.9968250230981,0.6051240529014734,-44.391700970196624,-50.969334347996664,20.99983378276687,44.391700970196624,7.580751933504715,1,-29.289610924001508,66.10055996069342,-20.861872219501976,0,xstock_reversion
qqqx,2026-09-02T10:55:00Z,5,premarket,1,51.04599275270516,4.490953035505285,-46.555039717199875,-0.6521302881079549,36.42632649824002,46.555039717199875,7.0757221532957715,1,-4.366171842002942,43.845489405907045,17.05321013540484,0,xstock_reversion
qqqx,2026-09-02T10:55:00Z,15,premarket,1,51.04599275270516,4.490953035505285,-46.555039717199875,-0.6521302881079549,36.42632649824002,46.555039717199875,53.84716001239909,0,-6.6526542531075705,-0.6394660420916409,-10.501668459701463,0,persistent_or_wider
qqqx,2026-09-02T10:55:00Z,30,premarket,1,51.04599275270516,4.490953035505285,-46.555039717199875,-0.6521302881079549,36.42632649824002,46.555039717199875,9.27358339440687,1,-15.196820075100703,71.02544318670745,-14.472398558895705,0,xstock_reversion
qqqx,2026-09-02T10:55:00Z,60,premarket,1,51.04599275270516,4.490953035505285,-46.555039717199875,-0.6521302881079549,36.42632649824002,46.555039717199875,13.444517416498769,1,-23.672856445005053,83.6724135787037,-34.44393514389965,0,xstock_reversion
qqqx,2026-09-02T11:10:00Z,5,premarket,1,62.187127254498265,8.339967242099178,-53.84716001239909,-0.6394660420916409,44.748686896557466,53.84716001239909,3.669145890592418,1,-8.108250270293382,58.28626439210005,2.6953222137038324,0,xstock_reversion
qqqx,2026-09-02T11:10:00Z,15,premarket,1,62.187127254498265,8.339967242099178,-53.84716001239909,-0.6394660420916409,44.748686896557466,53.84716001239909,9.27358339440687,1,-8.544165821993133,71.66490922879909,-3.970730099194242,0,xstock_reversion
qqqx,2026-09-02T11:10:00Z,30,premarket,1,62.187127254498265,8.339967242099178,-53.84716001239909,-0.6394660420916409,44.748686896557466,53.84716001239909,7.580751933504715,1,-21.12574821199864,67.39215629089301,-4.963166318301404,0,xstock_reversion
qqqx,2026-09-02T11:10:00Z,60,premarket,1,62.187127254498265,8.339967242099178,-53.84716001239909,-0.6394660420916409,44.748686896557466,53.84716001239909,3.908028891297377,1,-36.04334683529942,93.79853573899588,-35.96260371099724,0,xstock_reversion
qqqx,2026-09-02T13:40:00Z,5,regular,1,61.589256244101165,1.2890771417950475,-60.30017910230612,-64.41879633309888,21.70588776093822,60.30017910230612,13.320340346902881,1,-1.2755782058970766,48.25541696130031,14.156888981897708,0,xstock_reversion
qqqx,2026-09-02T13:40:00Z,15,regular,1,61.589256244101165,1.2890771417950475,-60.30017910230612,-64.41879633309888,21.70588776093822,60.30017910230612,8.429844107302742,1,19.597629040504216,49.13239416910464,9.766109548099422,0,xstock_reversion
qqqx,2026-09-02T13:40:00Z,30,regular,1,61.589256244101165,1.2890771417950475,-60.30017910230612,-64.41879633309888,21.70588776093822,60.30017910230612,9.304072271598685,1,-3.501179505693841,73.10543087959864,-12.582797161400094,0,xstock_reversion
qqqx,2026-09-02T13:40:00Z,60,regular,1,61.589256244101165,1.2890771417950475,-60.30017910230612,-64.41879633309888,21.70588776093822,60.30017910230612,11.9238182969994,1,-34.35730580279461,82.73366660810133,-38.12379303320235,0,xstock_reversion
qqqx,2026-09-02T14:20:00Z,5,regular,1,63.699376947399244,4.281787143902704,-59.41758980349654,-42.84843995529641,26.17877436106684,59.41758980349654,0.3651774833013377,1,-4.237065705199328,64.0198329919972,-4.865819827895024,0,xstock_reversion
qqqx,2026-09-02T14:20:00Z,15,regular,1,63.699376947399244,4.281787143902704,-59.41758980349654,-42.84843995529641,26.17877436106684,59.41758980349654,9.863016075701836,1,-15.00561923419852,64.56019296199322,-4.965932129996631,0,xstock_reversion
qqqx,2026-09-02T14:20:00Z,30,regular,1,63.699376947399244,4.281787143902704,-59.41758980349654,-42.84843995529641,26.17877436106684,59.41758980349654,2.999580758000775,1,-0.6864599034983598,57.104468948994125,14.046581896902666,0,xstock_reversion
qqqx,2026-09-02T14:20:00Z,60,regular,1,63.699376947399244,4.281787143902704,-59.41758980349654,-42.84843995529641,26.17877436106684,59.41758980349654,2.7646827732930035,1,-8.487644796995042,65.14055182719858,-2.2569064960009655,0,xstock_reversion
qqqx,2026-09-02T14:30:00Z,5,regular,1,67.39450177939865,5.971862927198757,-61.422638852199896,-48.81502660059489,46.32971070639133,61.422638852199896,9.863016075701836,1,-5.909462279296562,57.46908505579462,5.820300608201379,0,xstock_reversion
qqqx,2026-09-02T14:30:00Z,15,regular,1,67.39450177939865,5.971862927198757,-61.422638852199896,-48.81502660059489,46.32971070639133,61.422638852199896,13.118628007902089,1,-5.214397040296248,53.518407884594055,14.525354934704637,0,xstock_reversion
qqqx,2026-09-02T14:30:00Z,30,regular,1,67.39450177939865,5.971862927198757,-61.422638852199896,-48.81502660059489,46.32971070639133,61.422638852199896,6.9228725286052395,1,22.495139565004152,45.85037181580098,22.007796253697975,0,xstock_reversion
qqqx,2026-09-02T14:30:00Z,60,regular,1,67.39450177939865,5.971862927198757,-61.422638852199896,-48.81502660059489,46.32971070639133,61.422638852199896,2.9382312786019327,1,-6.161872687897585,64.64628026149555,3.5941183697030255,0,xstock_reversion
qqqx,2026-09-02T15:25:00Z,5,regular,1,59.98683662769899,8.790940566099081,-51.19589606159991,-44.403531072694236,24.14457918293122,51.19589606159991,2.9382312786019327,1,-8.699113313097584,56.95677809609556,3.875955383403351,0,xstock_reversion
qqqx,2026-09-02T15:25:00Z,15,regular,1,59.98683662769899,8.790940566099081,-51.19589606159991,-44.403531072694236,24.14457918293122,51.19589606159991,1.3694612944981088,1,0.1776130546016219,52.3877443014964,6.994723512203649,0,xstock_reversion
qqqx,2026-09-02T15:25:00Z,30,regular,1,59.98683662769899,8.790940566099081,-51.19589606159991,-44.403531072694236,24.14457918293122,51.19589606159991,11.882381769803274,1,9.434625566902,53.643652264501185,6.272752146498917,0,xstock_reversion
qqqx,2026-09-02T15:25:00Z,60,regular,1,59.98683662769899,8.790940566099081,-51.19589606159991,-44.403531072694236,24.14457918293122,51.19589606159991,4.447077735401095,1,5.704669269599449,41.044149056599366,17.70067985650492,0,xstock_reversion
qqqx,2026-09-02T19:25:00Z,5,regular,1,56.53321089189589,3.904492785693492,-52.6287181062024,-62.07090921649616,20.180662938446282,52.6287181062024,0.33748886870021977,1,-3.863712037199818,56.82991901210244,-0.9876055512059168,0,xstock_reversion
qqqx,2026-09-02T19:25:00Z,15,regular,1,56.53321089189589,3.904492785693492,-52.6287181062024,-62.07090921649616,20.180662938446282,52.6287181062024,3.847853469896023,1,-1.8201875052969996,58.29675908139542,-2.257240814902417,0,xstock_reversion
qqqx,2026-09-02T19:25:00Z,30,regular,1,56.53321089189589,3.904492785693492,-52.6287181062024,-62.07090921649616,20.180662938446282,52.6287181062024,2.3924794596030807,1,-11.354296377898976,61.590535024498294,-7.052186470000166,0,xstock_reversion
qqqx,2026-09-02T19:25:00Z,60,regular,1,56.53321089189589,3.904492785693492,-52.6287181062024,-62.07090921649616,20.180662938446282,52.6287181062024,1.2415628243012122,1,-0.6304683357960528,52.01762361769724,4.37485453529618,0,xstock_reversion
qqqx,2026-09-03T09:55:00Z,5,premarket,1,53.66075317039254,3.55469901960781,-57.21545219000035,-65.26980457929987,24.87577838930098,57.21545219000035,50.82000056829905,1,3.4559860814020738,2.9394655402992242,-3.247509682804406,0,p1a_catchup
qqqx,2026-09-03T09:55:00Z,15,premarket,1,53.66075317039254,3.55469901960781,-57.21545219000035,-65.26980457929987,24.87577838930098,57.21545219000035,57.49437533159707,0,2.0941003361052424,-2.373023477701963,4.520029457193431,0,persistent_or_wider
qqqx,2026-09-03T09:55:00Z,30,premarket,1,53.66075317039254,3.55469901960781,-57.21545219000035,-65.26980457929987,24.87577838930098,57.21545219000035,3.7670757750962736,1,7.361120470203986,53.62140749489264,3.2485646573920945,0,xstock_reversion
qqqx,2026-09-03T09:55:00Z,60,premarket,1,53.66075317039254,3.55469901960781,-57.21545219000035,-65.26980457929987,24.87577838930098,57.21545219000035,1.06513427260424,1,10.005958778602775,46.144359138793334,7.487409494295605,0,xstock_reversion
qqqx,2026-09-03T10:00:00Z,5,premarket,1,53.96879731289772,3.1487967445986698,-50.82000056829905,-55.28915201419515,25.079475460362207,50.82000056829905,3.2734333581974084,1,-3.0613153257963432,57.1547492522928,1.8354193631964222,0,xstock_reversion
qqqx,2026-09-03T10:00:00Z,15,premarket,1,53.96879731289772,3.1487967445986698,-50.82000056829905,-55.28915201419515,25.079475460362207,50.82000056829905,4.821904560099455,1,4.452574996198777,51.18933013219973,6.778608102999684,0,xstock_reversion
qqqx,2026-09-03T10:00:00Z,30,premarket,1,53.96879731289772,3.1487967445986698,-50.82000056829905,-55.28915201419515,25.079475460362207,50.82000056829905,3.3834357455031494,1,3.362773542905373,50.84066277089683,8.89786580559715,0,xstock_reversion
qqqx,2026-09-03T10:00:00Z,60,premarket,1,53.96879731289772,3.1487967445986698,-50.82000056829905,-55.28915201419515,25.079475460362207,50.82000056829905,31.64088891259631,1,7.557365093502355,11.621746562200386,2.6402864088037603,0,xstock_reversion
qqqx,2026-09-03T10:10:00Z,5,premarket,1,51.51374719090107,5.980628140695998,-57.49437533159707,-2.373023477701963,45.430066305699164,57.49437533159707,4.821904560099455,1,5.814460741495608,56.501819150200916,-0.988931036998153,0,xstock_reversion
qqqx,2026-09-03T10:10:00Z,15,premarket,1,51.51374719090107,5.980628140695998,-57.49437533159707,-2.373023477701963,45.430066305699164,57.49437533159707,3.7670757750962736,1,5.267020134098743,55.9944309725946,-1.2714647998013362,0,xstock_reversion
qqqx,2026-09-03T10:10:00Z,30,premarket,1,51.51374719090107,5.980628140695998,-57.49437533159707,-2.373023477701963,45.430066305699164,57.49437533159707,41.18747275270174,1,7.966399508498867,8.340503070396466,0.42385752740514704,0,xstock_reversion
qqqx,2026-09-03T10:10:00Z,60,premarket,1,51.51374719090107,5.980628140695998,-57.49437533159707,-2.373023477701963,45.430066305699164,57.49437533159707,1.331904261006045,1,-6.674542081697155,65.50082167430027,-12.859769590498615,0,xstock_reversion
qqqx,2026-09-03T10:35:00Z,5,premarket,1,52.09705870550252,0.9479919613042398,-53.04505066680676,-62.320869119503186,44.418049338921236,53.04505066680676,41.18747275270174,1,0.921693162103665,10.935884752001357,-1.5882126395982965,0,xstock_reversion
qqqx,2026-09-03T10:35:00Z,15,premarket,1,52.09705870550252,0.9479919613042398,-53.04505066680676,-62.320869119503186,44.418049338921236,53.04505066680676,14.90799657440256,1,4.169876458606225,63.783170782603094,-0.17522444980322405,0,xstock_reversion
qqqx,2026-09-03T10:35:00Z,30,premarket,1,52.09705870550252,0.9479919613042398,-53.04505066680676,-62.320869119503186,44.418049338921236,53.04505066680676,7.887543751703419,1,-5.96724034119589,66.89983475970607,-14.88877189659732,0,xstock_reversion
qqqx,2026-09-03T10:35:00Z,60,premarket,1,52.09705870550252,0.9479919613042398,-53.04505066680676,-62.320869119503186,44.418049338921236,53.04505066680676,12.570584146596175,1,-15.030517461296355,55.50498398150694,-10.485450140196306,0,xstock_reversion
qqqx,2026-09-03T10:40:00Z,5,premarket,1,42.74938659309946,1.5619138403977217,-41.18747275270174,-47.653927902198134,36.81353919639323,41.18747275270174,5.839639847300404,1,-1.518524049100023,48.545636649102164,4.94633239539688,0,xstock_reversion
qqqx,2026-09-03T10:40:00Z,15,premarket,1,42.74938659309946,1.5619138403977217,-41.18747275270174,-47.653927902198134,36.81353919639323,41.18747275270174,1.06513427260424,1,-0.05454106600133457,40.17687954609883,2.543522509697027,0,xstock_reversion
qqqx,2026-09-03T10:40:00Z,30,premarket,1,42.74938659309946,1.5619138403977217,-41.18747275270174,-47.653927902198134,36.81353919639323,41.18747275270174,1.331904261006045,1,-14.640941590196022,57.160318603903804,-13.283627117903762,0,xstock_reversion
qqqx,2026-09-03T10:40:00Z,60,premarket,1,42.74938659309946,1.5619138403977217,-41.18747275270174,-47.653927902198134,36.81353919639323,41.18747275270174,1.448961860202047,1,-10.61176911999695,53.248203732900734,-6.638371441702873,0,xstock_reversion
qqqx,2026-09-03T11:50:00Z,15,premarket,1,49.51332052250734,0.0407429677018456,-49.4725775548055,-57.01445802080762,22.558299616584435,49.4725775548055,9.8735602631006,1,-5.948034415395043,65.29417223330114,-8.789296277598169,0,xstock_reversion
qqqx,2026-09-03T11:50:00Z,30,premarket,1,49.51332052250734,0.0407429677018456,-49.4725775548055,-57.01445802080762,22.558299616584435,49.4725775548055,6.261122794697371,1,-2.1638572694016034,57.89755761890447,-9.142402375399428,0,xstock_reversion
qqqx,2026-09-03T11:50:00Z,60,premarket,1,49.51332052250734,0.0407429677018456,-49.4725775548055,-57.01445802080762,22.558299616584435,49.4725775548055,15.376651318996792,1,-31.293504983098686,96.14273385690097,-44.88278365439413,0,xstock_reversion
qqqx,2026-09-03T12:10:00Z,5,premarket,1,49.82422714649992,2.6038911504944195,-52.42811829699434,5.794375765306725,43.74237851825484,52.42811829699434,4.521895895104322,1,2.531541593597808,54.418472598500855,4.098042182398842,0,xstock_reversion
qqqx,2026-09-03T12:10:00Z,15,premarket,1,49.82422714649992,2.6038911504944195,-52.42811829699434,5.794375765306725,43.74237851825484,52.42811829699434,18.805473943794837,1,-0.23822662540418094,71.47181886619336,-7.344010724699146,0,xstock_reversion
qqqx,2026-09-03T12:10:00Z,30,premarket,1,49.82422714649992,2.6038911504944195,-52.42811829699434,5.794375765306725,43.74237851825484,52.42811829699434,0.2469291734019663,1,-22.879659470005365,75.06084859359774,-21.170002966792723,0,xstock_reversion
qqqx,2026-09-03T12:10:00Z,60,premarket,1,49.82422714649992,2.6038911504944195,-52.42811829699434,5.794375765306725,43.74237851825484,52.42811829699434,12.253295174602385,1,-25.82042291700226,90.50183638859899,-38.77750126509483,0,xstock_reversion
qqqx,2026-09-03T14:55:00Z,5,regular,1,58.428090101703134,16.49850149550325,-41.929588606199886,-33.87326735420082,16.546581373750755,41.929588606199886,20.843589191104073,1,-16.326232452703593,79.09941025000755,-24.914631330297254,0,xstock_reversion
qqqx,2026-09-03T14:55:00Z,15,regular,1,58.428090101703134,16.49850149550325,-41.929588606199886,-33.87326735420082,16.546581373750755,41.929588606199886,8.505364943900418,1,-39.19680240920265,89.63175595930295,-34.27655414250275,0,xstock_reversion
qqqx,2026-09-03T14:55:00Z,30,regular,1,58.428090101703134,16.49850149550325,-41.929588606199886,-33.87326735420082,16.546581373750755,41.929588606199886,11.327566816206058,1,-56.47453681230097,109.73169223470691,-58.409422110905496,0,xstock_reversion
qqqx,2026-09-03T14:55:00Z,60,regular,1,58.428090101703134,16.49850149550325,-41.929588606199886,-33.87326735420082,16.546581373750755,41.929588606199886,1.0660891332037181,1,-72.48348424160334,115.47916198100694,-59.66329693400496,0,xstock_reversion
qqqx,2026-09-04T08:00:00Z,5,premarket,0,0.3530753434954903,51.35520352419931,51.00212818070382,11.242584113198006,34.93691795099299,51.00212818070382,6.822488129598625,1,51.32948378010482,-7.1498437289996275,6.935005409900441,1,p1a_catchup
qqqx,2026-09-04T08:00:00Z,15,premarket,0,0.3530753434954903,51.35520352419931,51.00212818070382,11.242584113198006,34.93691795099299,51.00212818070382,0.025051187693136967,1,54.105147787906205,-3.128070794895521,2.9132880824001006,1,p1a_catchup
qqqx,2026-09-04T08:00:00Z,30,premarket,0,0.3530753434954903,51.35520352419931,51.00212818070382,11.242584113198006,34.93691795099299,51.00212818070382,17.85841601449789,1,60.41731829189878,8.443225903302931,3.7455002415054395,1,p1a_catchup
qqqx,2026-09-04T08:00:00Z,60,premarket,0,0.3530753434954903,51.35520352419931,51.00212818070382,11.242584113198006,34.93691795099299,51.00212818070382,2.3806956329952556,1,55.1237012339012,-1.7408774202021249,0.9711903333009531,1,p1a_catchup
qqqx,2026-09-04T09:20:00Z,5,premarket,1,63.87046091859361,6.704549170306606,-70.57501008890021,-71.36640103829528,28.355123821457816,70.57501008890021,0.855590334403189,1,6.518272541207182,64.91232788209622,0.5554475519975455,0,xstock_reversion
qqqx,2026-09-04T09:20:00Z,15,premarket,1,63.87046091859361,6.704549170306606,-70.57501008890021,-71.36640103829528,28.355123821457816,70.57501008890021,1.1179149561968416,1,2.1304884956041548,69.5624365494929,-4.720058949603256,0,xstock_reversion
qqqx,2026-09-04T09:20:00Z,30,premarket,1,63.87046091859361,6.704549170306606,-70.57501008890021,-71.36640103829528,28.355123821457816,70.57501008890021,10.533941524295543,1,-3.9097382534958314,63.9508068181005,-12.073357512605298,0,xstock_reversion
qqqx,2026-09-04T09:20:00Z,60,premarket,1,63.87046091859361,6.704549170306606,-70.57501008890021,-71.36640103829528,28.355123821457816,70.57501008890021,7.657541842194249,1,-8.792425665893333,71.7098939125993,-15.401375292807273,0,xstock_reversion
qqqx,2026-09-04T12:30:00Z,5,premarket,0,1.9937010556958512,43.21974132619921,-41.22604027050336,-30.414127056799245,14.668549179973535,41.22604027050336,31.10351326020222,1,42.018975891702226,-31.896448881401085,-1.4139996003947886,1,p1a_catchup
qqqx,2026-09-04T12:30:00Z,15,premarket,0,1.9937010556958512,43.21974132619921,-41.22604027050336,-30.414127056799245,14.668549179973535,41.22604027050336,39.74623017529488,1,40.18251731750411,-38.70270722229563,10.839880006798808,1,p1a_catchup
qqqx,2026-09-04T12:30:00Z,30,premarket,0,1.9937010556958512,43.21974132619921,-41.22604027050336,-30.414127056799245,14.668549179973535,41.22604027050336,1.4382356072939473,1,45.182965790804275,-5.395161127594861,4.5718155887986,1,p1a_catchup
qqqx,2026-09-04T12:30:00Z,60,premarket,0,1.9937010556958512,43.21974132619921,-41.22604027050336,-30.414127056799245,14.668549179973535,41.22604027050336,9.688671943894889,1,31.28286170460015,19.6318505097981,-27.542544596599328,0,p1a_catchup
qqqx,2026-09-04T12:45:00Z,5,premarket,1,25.86912615980097,13.877104015493913,-39.74623017529488,-38.70270722229563,28.392647552593512,39.74623017529488,1.6640060424055747,1,13.491551180093708,24.5906729527956,-2.7862914640941483,0,xstock_reversion
qqqx,2026-09-04T12:45:00Z,15,premarket,1,25.86912615980097,13.877104015493913,-39.74623017529488,-38.70270722229563,28.392647552593512,39.74623017529488,1.4382356072939473,1,5.0004484733001675,33.30754609470077,-6.268064418000208,0,xstock_reversion
qqqx,2026-09-04T12:45:00Z,30,premarket,1,25.86912615980097,13.877104015493913,-39.74623017529488,-38.70270722229563,28.392647552593512,39.74623017529488,4.480269824096439,1,4.822883757196195,39.40361624219513,-14.341112014193413,0,xstock_reversion
qqqx,2026-09-04T12:45:00Z,60,premarket,1,25.86912615980097,13.877104015493913,-39.74623017529488,-38.70270722229563,28.392647552593512,39.74623017529488,3.933687314194856,1,-18.718870941905053,62.39878843139479,-38.66002117229428,0,xstock_reversion
qqqx,2026-09-04T15:40:00Z,5,regular,1,48.20315619679327,6.169138206901792,54.372294403695065,53.15021886289628,24.685550687657873,54.372294403695065,8.200469051002912,1,6.104681401000178,56.4680820536978,-5.992572177300204,0,xstock_reversion
qqqx,2026-09-04T15:40:00Z,15,regular,1,48.20315619679327,6.169138206901792,54.372294403695065,53.15021886289628,24.685550687657873,54.372294403695065,4.463523258895208,1,0.5910593378999351,49.31771180689992,-1.6719845102031172,0,xstock_reversion
qqqx,2026-09-04T15:40:00Z,30,regular,1,48.20315619679327,6.169138206901792,54.372294403695065,53.15021886289628,24.685550687657873,54.372294403695065,5.071653212205263,1,10.351359173395025,38.94928201809478,9.538896091294546,0,xstock_reversion
qqqx,2026-09-04T15:40:00Z,60,regular,1,48.20315619679327,6.169138206901792,54.372294403695065,53.15021886289628,24.685550687657873,54.372294403695065,3.600055662698054,1,20.537327920102655,30.234910820894356,16.217668280393838,0,xstock_reversion
qqqx,2026-09-08T11:40:00Z,5,premarket,1,47.502335141498264,4.56852059349977,-52.070855734998034,-49.44427846639954,19.738341513048713,52.070855734998034,1.1363168720990302,1,4.441590031403209,48.765582575693855,0.13917206540092764,0,xstock_reversion
qqqx,2026-09-08T11:40:00Z,15,premarket,1,47.502335141498264,4.56852059349977,-52.070855734998034,-49.44427846639954,19.738341513048713,52.070855734998034,6.441491903101948,1,-2.5963163353992513,61.10866397349923,-18.07589585459901,0,xstock_reversion
qqqx,2026-09-08T11:40:00Z,30,premarket,1,47.502335141498264,4.56852059349977,-52.070855734998034,-49.44427846639954,19.738341513048713,52.070855734998034,9.539409406800203,1,-8.855736284401061,51.38718261259889,-2.087348587895832,0,xstock_reversion
qqqx,2026-09-08T11:40:00Z,60,premarket,1,47.502335141498264,4.56852059349977,-52.070855734998034,-49.44427846639954,19.738341513048713,52.070855734998034,0.24925384479956847,1,-18.272409173203386,70.59251875300099,-21.964892820198756,0,xstock_reversion
qqqx,2026-09-08T15:30:00Z,5,regular,1,72.34323612959948,0.35926811170483575,-71.98396801789464,-75.37036524490226,31.731629658572587,71.98396801789464,6.656391107897619,1,-0.3554982453035649,65.68307515530059,-0.23607127410230078,0,xstock_reversion
qqqx,2026-09-08T15:30:00Z,15,regular,1,72.34323612959948,0.35926811170483575,-71.98396801789464,-75.37036524490226,31.731629658572587,71.98396801789464,16.464061670795616,1,-10.484093447900023,66.00399979499905,-0.9303662525983469,0,xstock_reversion
qqqx,2026-09-08T15:30:00Z,30,regular,1,72.34323612959948,0.35926811170483575,-71.98396801789464,-75.37036524490226,31.731629658572587,71.98396801789464,9.076890240304891,1,1.5926937662946727,61.314384011295076,-2.3188116125982816,0,xstock_reversion
qqqx,2026-09-08T15:30:00Z,60,regular,1,72.34323612959948,0.35926811170483575,-71.98396801789464,-75.37036524490226,31.731629658572587,71.98396801789464,4.15554303390131,1,13.980347519995107,62.15916353180084,11.574324635299504,0,xstock_reversion
qqqx,2026-09-08T21:05:00Z,5,afterhours,1,53.10997265799422,0.038136849997982836,-53.07183580799624,-54.89777741090052,23.219615450214405,53.07183580799624,11.33244278459955,1,-0.03635241860422411,41.77574544200091,-0.0,0,xstock_reversion
qqqx,2026-09-08T21:05:00Z,15,afterhours,1,53.10997265799422,0.038136849997982836,-53.07183580799624,-54.89777741090052,23.219615450214405,53.07183580799624,0.2597646003010823,1,0.36020037770256863,52.97140003059475,0.4178127502996176,0,xstock_reversion
qqqx,2026-09-08T21:05:00Z,30,afterhours,1,53.10997265799422,0.038136849997982836,-53.07183580799624,-54.89777741090052,23.219615450214405,53.07183580799624,4.310846251494027,1,0.5186437142956635,56.8640383451946,1.2534906247996247,0,xstock_reversion
qqqx,2026-09-08T21:05:00Z,60,afterhours,1,53.10997265799422,0.038136849997982836,-53.07183580799624,-54.89777741090052,23.219615450214405,53.07183580799624,6.350454404699946,1,-0.7483667055030452,60.17065691819923,-0.83557313399929,0,xstock_reversion
qqqx,2026-09-09T09:40:00Z,5,premarket,1,44.83587960839586,3.7563499404047462,-48.5922295488006,-62.61903159270332,19.145877481446,48.5922295488006,5.824484797098961,1,3.6519910316012982,39.115753720100344,5.860110951694253,0,xstock_reversion
qqqx,2026-09-09T09:40:00Z,15,premarket,1,44.83587960839586,3.7563499404047462,-48.5922295488006,-62.61903159270332,19.145877481446,48.5922295488006,6.910887294901968,1,22.9973617480006,18.683980505898035,26.117880444598285,1,p1a_catchup
qqqx,2026-09-09T09:40:00Z,30,premarket,1,44.83587960839586,3.7563499404047462,-48.5922295488006,-62.61903159270332,19.145877481446,48.5922295488006,20.60141136300153,1,32.87335019850346,36.320290713298675,27.02694910429848,1,xstock_reversion
qqqx,2026-09-09T09:40:00Z,60,premarket,1,44.83587960839586,3.7563499404047462,-48.5922295488006,-62.61903159270332,19.145877481446,48.5922295488006,7.208884296501239,1,23.831655203103708,31.969458642198134,26.817156693894617,1,xstock_reversion
qqqx,2026-09-09T12:50:00Z,5,premarket,1,48.38338282399768,4.822499541594638,-53.205882365592316,-46.07494513959587,27.585061699208826,53.205882365592316,19.694396879303966,1,4.6885326504941816,28.82295283579417,-2.0985624923941515,0,xstock_reversion
qqqx,2026-09-09T12:50:00Z,15,premarket,1,48.38338282399768,4.822499541594638,-53.205882365592316,-46.07494513959587,27.585061699208826,53.205882365592316,0.7764893029982289,1,0.19748927649665404,52.23190378609743,-4.616256298195509,0,xstock_reversion
qqqx,2026-09-09T12:50:00Z,30,premarket,1,48.38338282399768,4.822499541594638,-53.205882365592316,-46.07494513959587,27.585061699208826,53.205882365592316,12.539932032096246,1,-5.12909722850452,70.87491162619308,-9.370171376597014,0,xstock_reversion
qqqx,2026-09-09T12:50:00Z,60,premarket,1,48.38338282399768,4.822499541594638,-53.205882365592316,-46.07494513959587,27.585061699208826,53.205882365592316,2.530452927693716,1,-33.510172799706694,89.24650809299273,-44.674093565095774,0,xstock_reversion
qqqx,2026-09-09T14:15:00Z,5,regular,1,34.73797869860462,21.200998306598606,-55.93897700520323,-58.69345465690401,31.043133093081607,55.93897700520323,5.327237872201351,1,20.979572121104795,29.63216701189708,12.448156090005824,1,xstock_reversion
qqqx,2026-09-09T14:15:00Z,15,regular,1,34.73797869860462,21.200998306598606,-55.93897700520323,-58.69345465690401,31.043133093081607,55.93897700520323,1.2350320545007065,1,9.336775102903871,47.83723395680006,-6.4098100153930915,0,xstock_reversion
qqqx,2026-09-09T14:15:00Z,30,regular,1,34.73797869860462,21.200998306598606,-55.93897700520323,-58.69345465690401,31.043133093081607,55.93897700520323,21.599190148799963,1,7.60318012320127,26.736606733201995,-13.650738284498587,0,xstock_reversion
qqqx,2026-09-09T14:15:00Z,60,regular,1,34.73797869860462,21.200998306598606,-55.93897700520323,-58.69345465690401,31.043133093081607,55.93897700520323,15.87875632909963,1,54.630049118200574,17.187684216102284,18.55585774240609,1,p1a_catchup
qqqx,2026-09-09T15:10:00Z,5,regular,1,47.3119935734001,14.373125799300723,-61.685119372700825,-95.03289029320072,30.50829131077284,61.685119372700825,15.87875632909963,1,14.222959964795834,63.34091573700462,-15.023358903700768,0,xstock_reversion
qqqx,2026-09-09T15:10:00Z,15,regular,1,47.3119935734001,14.373125799300723,-61.685119372700825,-95.03289029320072,30.50829131077284,61.685119372700825,52.60861773399128,1,26.05767047149321,88.2360666351989,3.0073820965981213,0,xstock_reversion
qqqx,2026-09-09T15:10:00Z,30,regular,1,47.3119935734001,14.373125799300723,-61.685119372700825,-95.03289029320072,30.50829131077284,61.685119372700825,10.774745207600134,1,-8.74727080720561,59.6576449723063,-13.068106250901934,0,xstock_reversion
qqqx,2026-09-09T15:10:00Z,60,regular,1,47.3119935734001,14.373125799300723,-61.685119372700825,-95.03289029320072,30.50829131077284,61.685119372700825,52.66041298639834,1,9.05355448099776,-0.028848094695277382,-5.103485511703809,0,p1a_catchup
qqqx,2026-09-09T15:25:00Z,5,regular,1,43.931455158396915,8.677162575594366,52.60861773399128,88.2360666351989,49.520009563292625,52.60861773399128,15.799414719799287,1,8.586572647093504,28.22263036709849,13.122332171802142,0,xstock_reversion
qqqx,2026-09-09T15:25:00Z,15,regular,1,43.931455158396915,8.677162575594366,52.60861773399128,88.2360666351989,49.520009563292625,52.60861773399128,10.774745207600134,1,34.80494127869882,28.578421662892595,16.075488347500055,0,p1a_catchup
qqqx,2026-09-09T15:25:00Z,30,regular,1,43.931455158396915,8.677162575594366,52.60861773399128,88.2360666351989,49.520009563292625,52.60861773399128,55.94633380940017,0,33.450499242091425,75.10445230130003,19.427116013002177,1,persistent_or_wider
qqqx,2026-09-09T15:25:00Z,60,regular,1,43.931455158396915,8.677162575594366,52.60861773399128,88.2360666351989,49.520009563292625,52.60861773399128,6.575445117400491,1,16.058823111793075,29.974349504797715,2.238137878700641,0,xstock_reversion
qqqx,2026-09-09T15:50:00Z,5,regular,1,70.47740956039661,9.347569130699895,-61.12984042969671,-71.65476088910161,36.384865330367,61.12984042969671,55.94633380940017,1,-9.24978956599709,14.433296186293632,5.4440002181976865,0,xstock_reversion
qqqx,2026-09-09T15:50:00Z,15,regular,1,70.47740956039661,9.347569130699895,-61.12984042969671,-71.65476088910161,36.384865330367,61.12984042969671,11.410329181202883,1,-6.667124085604215,56.386635334098045,16.690355943200785,0,xstock_reversion
qqqx,2026-09-09T15:50:00Z,30,regular,1,70.47740956039661,9.347569130699895,-61.12984042969671,-71.65476088910161,36.384865330367,61.12984042969671,0.6249534585034411,1,11.00978251829865,49.49510445289462,17.459202289602516,0,xstock_reversion
qqqx,2026-09-09T15:50:00Z,60,regular,1,70.47740956039661,9.347569130699895,-61.12984042969671,-71.65476088910161,36.384865330367,61.12984042969671,5.125552794797983,1,-5.719599724605118,71.97499294909981,0.9769100342982284,0,xstock_reversion
qqqx,2026-09-09T15:55:00Z,5,regular,1,50.60011315590529,5.346220653494882,-55.94633380940017,-46.526030638407434,27.87876742770603,55.94633380940017,4.645185175400357,1,5.290368338597418,55.30115064620311,-2.7921652026030586,0,xstock_reversion
qqqx,2026-09-09T15:55:00Z,15,regular,1,50.60011315590529,5.346220653494882,-55.94633380940017,-46.526030638407434,27.87876742770603,55.94633380940017,52.66041298639834,1,16.446383251595975,-13.160462428594144,11.316248404700247,0,p1a_catchup
qqqx,2026-09-09T15:55:00Z,30,regular,1,50.60011315590529,5.346220653494882,-55.94633380940017,-46.526030638407434,27.87876742770603,55.94633380940017,6.575445117400491,1,17.39167613029835,45.130102796502314,17.188978134301536,0,xstock_reversion
qqqx,2026-09-09T15:55:00Z,60,regular,1,50.60011315590529,5.346220653494882,-55.94633380940017,-46.526030638407434,27.87876742770603,55.94633380940017,4.8912118738986265,1,0.9068074691942485,59.93073821410455,-3.2109227490995096,0,xstock_reversion
qqqx,2026-09-09T16:10:00Z,5,regular,1,52.44432717979919,0.21608580659915333,-52.66041298639834,-13.160462428594144,43.562805973585725,52.66041298639834,3.7840260021049232,1,0.21383871709801383,48.662548267195405,3.635092665001949,0,xstock_reversion
qqqx,2026-09-09T16:10:00Z,15,regular,1,52.44432717979919,0.21608580659915333,-52.66041298639834,-13.160462428594144,43.562805973585725,52.66041298639834,6.575445117400491,1,0.9452928787023751,58.29056522509646,5.872729729601289,0,xstock_reversion
qqqx,2026-09-09T16:10:00Z,30,regular,1,52.44432717979919,0.21608580659915333,-52.66041298639834,-13.160462428594144,43.562805973585725,52.66041298639834,6.865993428899486,1,-9.051266290800442,68.57767270609827,-13.27084590349692,0,xstock_reversion
qqqx,2026-09-09T16:10:00Z,60,regular,1,52.44432717979919,0.21608580659915333,-52.66041298639834,-13.160462428594144,43.562805973585725,52.66041298639834,6.430129126098194,1,-14.139790411897835,73.23033252439437,-20.806430965603084,0,xstock_reversion
qqqx,2026-09-09T19:40:00Z,5,regular,1,75.07213224229758,0.951402925704059,-74.12072931659353,-78.13685764629597,37.19972930350741,74.12072931659353,1.341161749301989,1,-0.9414692191000995,76.40336028499561,-0.9774420349994983,0,xstock_reversion
qqqx,2026-09-09T19:40:00Z,15,regular,1,75.07213224229758,0.951402925704059,-74.12072931659353,-78.13685764629597,37.19972930350741,74.12072931659353,13.012278930606413,1,0.7659000663995386,86.3671081808004,-2.234012854902545,0,xstock_reversion
qqqx,2026-09-09T19:40:00Z,30,regular,1,75.07213224229758,0.951402925704059,-74.12072931659353,-78.13685764629597,37.19972930350741,74.12072931659353,22.269424645804392,1,-1.3800402641983567,97.77019422659627,-2.0944016719948166,0,xstock_reversion
qqqx,2026-09-09T19:40:00Z,60,regular,1,75.07213224229758,0.951402925704059,-74.12072931659353,-78.13685764629597,37.19972930350741,74.12072931659353,6.457726717092882,1,-4.4886407907984704,72.15164339029911,-2.513229373395376,0,xstock_reversion
qqqx,2026-09-09T19:50:00Z,5,regular,1,60.9619711581022,2.7126326699011827,-63.674603828003384,-75.50544932899861,58.25394735373982,63.674603828003384,13.012278930606413,1,2.684265791703666,74.00261696690613,-3.9796827252036593,0,xstock_reversion
qqqx,2026-09-09T19:50:00Z,15,regular,1,60.9619711581022,2.7126326699011827,-63.674603828003384,-75.50544932899861,58.25394735373982,63.674603828003384,20.32474252859906,1,3.1951597474044746,80.80418660919797,-2.3042198747003084,0,xstock_reversion
qqqx,2026-09-09T19:50:00Z,30,regular,1,60.9619711581022,2.7126326699011827,-63.674603828003384,-75.50544932899861,58.25394735373982,63.674603828003384,14.684994045204292,1,-1.256928835395854,79.61652670860353,-4.25889924369649,0,xstock_reversion
qqqx,2026-09-09T19:50:00Z,60,regular,1,60.9619711581022,2.7126326699011827,-63.674603828003384,-75.50544932899861,58.25394735373982,63.674603828003384,9.2441235445051,1,-2.2139621336947357,75.13268950620322,-3.9796827252036593,0,xstock_reversion
qqqx,2026-09-09T22:05:00Z,5,afterhours,1,53.47552338370143,1.9086399997991776,-55.384163383500606,-51.66512065930107,22.372385781981723,55.384163383500606,9.620725620802517,1,1.819659453996536,43.94377830870155,0.247296107005468,0,xstock_reversion
qqqx,2026-09-09T22:05:00Z,15,afterhours,1,53.47552338370143,1.9086399997991776,-55.384163383500606,-51.66512065930107,22.372385781981723,55.384163383500606,4.707228283793441,1,3.9176425679965377,56.17374909929751,0.8383166607028869,0,xstock_reversion
qqqx,2026-09-09T22:05:00Z,30,afterhours,1,53.47552338370143,1.9086399997991776,-55.384163383500606,-51.66512065930107,22.372385781981723,55.384163383500606,8.531957861706019,1,1.8652644773986538,44.986941044395934,-0.305968074902907,0,xstock_reversion
qqqx,2026-09-09T22:05:00Z,60,afterhours,1,53.47552338370143,1.9086399997991776,-55.384163383500606,-51.66512065930107,22.372385781981723,55.384163383500606,4.529656075096256,1,2.571038477698906,57.342780980897956,2.5151608438989115,0,xstock_reversion
qqqx,2026-09-09T23:00:00Z,5,afterhours,1,42.62944044470807,0.7762591596005564,41.85318128510751,39.34494172920466,21.848346641366234,41.85318128510751,4.529656075096256,1,-0.7400653006950364,38.06359051070629,-1.8165685070936632,0,xstock_reversion
qqqx,2026-09-09T23:00:00Z,15,afterhours,1,42.62944044470807,0.7762591596005564,41.85318128510751,39.34494172920466,21.848346641366234,41.85318128510751,53.6823817717913,0,-3.2550196976011136,98.79058275449992,0.12016135720216425,0,persistent_or_wider
qqqx,2026-09-09T23:00:00Z,30,afterhours,1,42.62944044470807,0.7762591596005564,41.85318128510751,39.34494172920466,21.848346641366234,41.85318128510751,12.366099185801005,1,-3.10293896649938,32.590021065805885,-1.3959336711977244,0,xstock_reversion
qqqx,2026-09-09T23:15:00Z,5,afterhours,1,56.28130366699402,2.5989218952027215,-53.6823817717913,-98.79058275449992,41.09038605675622,53.6823817717913,2.199571578804793,1,-2.477754353602535,58.35970770419863,1.51190274370272,0,xstock_reversion
qqqx,2026-09-09T23:15:00Z,15,afterhours,1,56.28130366699402,2.5989218952027215,-53.6823817717913,-98.79058275449992,41.09038605675622,53.6823817717913,12.366099185801005,1,-0.1520807311017336,66.20056168869404,1.5160950283998886,0,xstock_reversion
qqqx,2026-09-09T23:15:00Z,30,afterhours,1,56.28130366699402,2.5989218952027215,-53.6823817717913,-98.79058275449992,41.09038605675622,53.6823817717913,4.640881776900585,1,-2.742049418902326,61.06531296759421,-1.6960772177032624,0,xstock_reversion
qqqx,2026-09-10T09:40:00Z,5,premarket,1,58.78304257249667,6.604052800298632,-52.17898977219804,-60.46183075909539,21.78014901949471,52.17898977219804,11.498225757096137,1,-6.420580228203576,70.09779575749775,-4.195393519506041,0,xstock_reversion
qqqx,2026-09-10T09:40:00Z,15,premarket,1,58.78304257249667,6.604052800298632,-52.17898977219804,-60.46183075909539,21.78014901949471,52.17898977219804,4.852594069406635,1,-13.514341126796836,70.54592496840151,-4.614836080403251,0,xstock_reversion
qqqx,2026-09-10T09:40:00Z,30,premarket,1,58.78304257249667,6.604052800298632,-52.17898977219804,-60.46183075909539,21.78014901949471,52.17898977219804,15.514322994203411,1,-6.233674211397755,73.9269869777992,-1.1189437183034556,0,xstock_reversion
qqqx,2026-09-10T09:40:00Z,60,premarket,1,58.78304257249667,6.604052800298632,-52.17898977219804,-60.46183075909539,21.78014901949471,52.17898977219804,1.0782356346972222,1,-5.987998058705202,59.24522346560046,-0.4196185668003949,0,xstock_reversion
qqqx,2026-09-10T11:35:00Z,5,premarket,1,54.03816845329423,0.3143472036004624,-53.72382124969377,-55.106295837799024,17.123277436357906,53.72382124969377,3.6606986524034824,1,-0.3056100087039937,50.36873260599428,4.062165189795408,0,xstock_reversion
qqqx,2026-09-10T11:35:00Z,15,premarket,1,54.03816845329423,0.3143472036004624,-53.72382124969377,-55.106295837799024,17.123277436357906,53.72382124969377,3.4323903814037493,1,12.875079570298098,44.28113206079942,20.60801357389508,0,xstock_reversion
qqqx,2026-09-10T11:35:00Z,30,premarket,1,54.03816845329423,0.3143472036004624,-53.72382124969377,-55.106295837799024,17.123277436357906,53.72382124969377,40.27702962829949,1,36.81039130539965,-23.363599684005365,40.27425579479882,1,p1a_catchup
qqqx,2026-09-10T11:35:00Z,60,premarket,1,54.03816845329423,0.3143472036004624,-53.72382124969377,-55.106295837799024,17.123277436357906,53.72382124969377,1.8889501966068423,1,82.41877447829893,-26.806003031998316,83.39417041860031,1,p1a_catchup
qqqx,2026-09-10T12:05:00Z,5,premarket,1,37.12751234250078,3.1495172857987086,-40.27702962829949,-67.64473174480479,29.9195095251835,40.27702962829949,8.093116477905227,1,3.0620048833984725,45.30814122280624,-7.916098766500568,0,xstock_reversion
qqqx,2026-09-10T12:05:00Z,15,premarket,1,37.12751234250078,3.1495172857987086,-40.27702962829949,-67.64473174480479,29.9195095251835,40.27702962829949,1.9641956324001342,1,4.0293197797947045,38.21190548090492,6.610919510094959,0,xstock_reversion
qqqx,2026-09-10T12:05:00Z,30,premarket,1,37.12751234250078,3.1495172857987086,-40.27702962829949,-67.64473174480479,29.9195095251835,40.27702962829949,1.8889501966068423,1,45.60838317289928,-3.4424033479929506,43.11991462380149,1,p1a_catchup
qqqx,2026-09-10T12:05:00Z,60,premarket,1,37.12751234250078,3.1495172857987086,-40.27702962829949,-67.64473174480479,29.9195095251835,40.27702962829949,3.164461726905543,1,53.534843387899045,-10.093352032694014,56.96896224240078,1,p1a_catchup
qqqx,2026-09-10T14:00:00Z,5,regular,1,33.85273351569573,16.35265485010251,50.20538836579824,17.17517436619964,25.30981440212298,50.20538836579824,0.20199193009773353,1,16.181855236601095,33.821541199099414,-4.09122015760488,0,xstock_reversion
qqqx,2026-09-10T14:00:00Z,15,regular,1,33.85273351569573,16.35265485010251,50.20538836579824,17.17517436619964,25.30981440212298,50.20538836579824,8.713543849800942,1,13.658102869502642,27.83374164649466,3.3140717905943973,0,xstock_reversion
qqqx,2026-09-10T14:00:00Z,30,regular,1,33.85273351569573,16.35265485010251,50.20538836579824,17.17517436619964,25.30981440212298,50.20538836579824,15.037767474703756,1,36.58470739189568,-1.4170865008011901,24.301177358596604,1,p1a_catchup
qqqx,2026-09-10T14:00:00Z,60,regular,1,33.85273351569573,16.35265485010251,50.20538836579824,17.17517436619964,25.30981440212298,50.20538836579824,44.97833555640263,1,55.84119859600278,39.342525326198086,27.290719259900342,1,p1a_catchup
qqqx,2026-09-10T15:00:00Z,5,regular,1,32.780511070402696,12.19782448599993,-44.97833555640263,-31.49941756060315,18.847485058367315,44.97833555640263,3.6061415748989134,1,12.07041128170161,36.51406584959993,0.5275012793060085,0,xstock_reversion
qqqx,2026-09-10T15:00:00Z,15,regular,1,32.780511070402696,12.19782448599993,-44.97833555640263,-31.49941756060315,18.847485058367315,44.97833555640263,11.01542108979281,1,6.045868775705898,27.91704569090392,1.0901999824053377,0,xstock_reversion
qqqx,2026-09-10T15:00:00Z,30,regular,1,32.780511070402696,12.19782448599993,-44.97833555640263,-31.49941756060315,18.847485058367315,44.97833555640263,4.66246622709221,1,9.224160059506659,31.091709269803758,-5.238335594697219,0,xstock_reversion
qqqx,2026-09-10T15:00:00Z,60,regular,1,32.780511070402696,12.19782448599993,-44.97833555640263,-31.49941756060315,18.847485058367315,44.97833555640263,4.459426699998659,1,19.759653074000738,20.75925578240323,7.915442385204585,0,xstock_reversion
qqqx,2026-09-10T17:45:00Z,5,regular,1,65.60966376810029,4.143043908992894,-69.75270767709318,-68.86693111139763,28.48291949642269,69.75270767709318,1.3159383736027763,1,4.099767224499118,66.96887882619684,-1.654862570994453,0,xstock_reversion
qqqx,2026-09-10T17:45:00Z,15,regular,1,65.60966376810029,4.143043908992894,-69.75270767709318,-68.86693111139763,28.48291949642269,69.75270767709318,5.628193141804516,1,5.1086266455957485,59.01588788969292,7.045032134902485,0,xstock_reversion
qqqx,2026-09-10T17:45:00Z,30,regular,1,65.60966376810029,4.143043908992894,-69.75270767709318,-68.86693111139763,28.48291949642269,69.75270767709318,1.3996378438019264,1,14.504234867898091,53.848834965393166,9.723446247900114,0,xstock_reversion
qqqx,2026-09-10T17:45:00Z,60,regular,1,65.60966376810029,4.143043908992894,-69.75270767709318,-68.86693111139763,28.48291949642269,69.75270767709318,3.8521148270032057,1,10.052840420700093,63.5519820833963,8.031732820104054,0,xstock_reversion
qqqx,2026-09-10T21:45:00Z,5,afterhours,1,38.7818119616945,2.3780980296006504,41.15990999129515,27.246062866499443,17.087367668021177,41.15990999129515,0.8179870398983269,1,2.2672251161992563,38.07469783519757,0.0,0,xstock_reversion
qqqx,2026-09-10T21:45:00Z,15,afterhours,1,38.7818119616945,2.3780980296006504,41.15990999129515,27.246062866499443,17.087367668021177,41.15990999129515,2.2612639704000514,1,5.337237134295236,33.561408886599864,4.514736458398616,0,xstock_reversion
qqqx,2026-09-10T21:45:00Z,30,afterhours,1,38.7818119616945,2.3780980296006504,41.15990999129515,27.246062866499443,17.087367668021177,41.15990999129515,12.733879465800513,1,5.2098467339956045,23.216183791499034,4.232625137197132,0,xstock_reversion
qqqx,2026-09-10T21:45:00Z,60,afterhours,1,38.7818119616945,2.3780980296006504,41.15990999129515,27.246062866499443,17.087367668021177,41.15990999129515,20.346557579005164,1,-7.351984761401198,28.165337173691185,-6.775928773201656,0,xstock_reversion
qqqx,2026-09-11T08:00:00Z,5,premarket,0,2.552622905698243,64.60147187929977,67.15409478499801,15.581850638097805,7.154318907402901,67.15409478499801,11.338355928804944,1,64.56909890030005,13.923351813502904,-5.623427345904375,1,p1a_catchup
qqqx,2026-09-11T08:00:00Z,15,premarket,0,2.552622905698243,64.60147187929977,67.15409478499801,15.581850638097805,7.154318907402901,67.15409478499801,3.4061914489935674,1,66.08910001129509,4.471186222696488,3.0915376429963004,1,p1a_catchup
qqqx,2026-09-11T08:00:00Z,30,premarket,0,2.552622905698243,64.60147187929977,67.15409478499801,15.581850638097805,7.154318907402901,67.15409478499801,19.249243091694623,1,71.67254106540177,-23.76768937209839,20.779228255900506,1,p1a_catchup
qqqx,2026-09-11T08:00:00Z,60,premarket,0,2.552622905698243,64.60147187929977,67.15409478499801,15.581850638097805,7.154318907402901,67.15409478499801,1.7332735005926025,1,90.3398659733945,-21.452497687803884,23.443707260799584,1,p1a_catchup
qqqx,2026-09-14T08:00:00Z,5,premarket,0,41.56234605120268,155.06679578099812,-196.62914183220082,-46.89130094470251,22.7898842795297,196.62914183220082,13.771290365198752,1,155.04047174029978,55.35996045709979,-7.103080194097444,1,p1a_catchup
qqqx,2026-09-14T08:00:00Z,15,premarket,0,41.56234605120268,155.06679578099812,-196.62914183220082,-46.89130094470251,22.7898842795297,196.62914183220082,7.071311628399357,1,150.040385597201,39.51744460660045,4.122099486298936,1,p1a_catchup
qqqx,2026-09-14T08:00:00Z,30,premarket,0,41.56234605120268,155.06679578099812,-196.62914183220082,-46.89130094470251,22.7898842795297,196.62914183220082,11.942865552105886,1,169.72601999420078,38.84598739010592,10.521826649698696,1,p1a_catchup
qqqx,2026-09-14T08:00:00Z,60,premarket,0,41.56234605120268,155.06679578099812,-196.62914183220082,-46.89130094470251,22.7898842795297,196.62914183220082,10.490595228400679,1,170.1433247029982,36.976412357603294,12.513688478001939,1,p1a_catchup
qqqx,2026-09-15T08:00:00Z,5,premarket,0,21.29568261289627,59.26442218889605,-37.96873957599978,7.69478575800342,8.697742484870286,37.96873957599978,3.956630693595642,1,59.23473756410225,-25.22262868169811,13.618568750706217,1,p1a_catchup
qqqx,2026-09-15T08:00:00Z,15,premarket,0,21.29568261289627,59.26442218889605,-37.96873957599978,7.69478575800342,8.697742484870286,37.96873957599978,13.355262590897254,1,63.00954836540029,-11.68554619850326,-4.818799078494251,1,p1a_catchup
qqqx,2026-09-15T08:00:00Z,30,premarket,0,21.29568261289627,59.26442218889605,-37.96873957599978,7.69478575800342,8.697742484870286,37.96873957599978,1.5911463466977693,1,58.9890730914,-22.611479862097994,4.2538107695033744,1,p1a_catchup
qqqx,2026-09-15T08:00:00Z,60,premarket,0,21.29568261289627,59.26442218889605,-37.96873957599978,7.69478575800342,8.697742484870286,37.96873957599978,5.338710564002369,1,61.56882170059497,-28.93879268859756,5.813994874399597,1,p1a_catchup
qqqx,2026-09-15T11:10:00Z,5,premarket,1,53.01730776229974,1.484261561000011,-51.533046201299726,-44.95723323289624,22.60732998524917,51.533046201299726,17.272129508896228,1,-1.4430069273974055,35.703923619800904,-1.6932411497982969,0,xstock_reversion
qqqx,2026-09-15T11:10:00Z,15,premarket,1,53.01730776229974,1.484261561000011,-51.533046201299726,-44.95723323289624,22.60732998524917,51.533046201299726,0.8411607343994376,1,1.6260243629062643,49.065861103994024,3.5002738475053974,0,xstock_reversion
qqqx,2026-09-15T11:10:00Z,30,premarket,1,53.01730776229974,1.484261561000011,-51.533046201299726,-44.95723323289624,22.60732998524917,51.533046201299726,6.564995462001733,1,5.960234209503312,52.137807453798146,3.6696730168994662,0,xstock_reversion
qqqx,2026-09-15T11:10:00Z,60,premarket,1,53.01730776229974,1.484261561000011,-51.533046201299726,-44.95723323289624,22.60732998524917,51.533046201299726,5.709584910693621,1,-1.5385872795015132,58.78121839149486,-6.348176523198745,0,xstock_reversion
qqqx,2026-09-15T16:00:00Z,5,regular,1,59.20303405739347,2.715636266801269,-56.4873977905922,-52.47400784520018,23.96694908984796,56.4873977905922,1.109454210102001,1,-2.6872691029034,58.0652126833936,11.943139827099714,0,xstock_reversion
qqqx,2026-09-15T16:00:00Z,15,regular,1,59.20303405739347,2.715636266801269,-56.4873977905922,-52.47400784520018,23.96694908984796,56.4873977905922,184.2944356311005,0,11.192874834993205,-138.9999126755015,5.984678636092866,0,persistent_or_wider
qqqx,2026-09-15T16:00:00Z,30,regular,1,59.20303405739347,2.715636266801269,-56.4873977905922,-52.47400784520018,23.96694908984796,56.4873977905922,0.44907672199556714,1,-2.7260343754065275,59.66250888799429,-1.1041015399015919,0,xstock_reversion
qqqx,2026-09-15T16:00:00Z,60,regular,1,59.20303405739347,2.715636266801269,-56.4873977905922,-52.47400784520018,23.96694908984796,56.4873977905922,9.544251287003647,1,-1.7600487593050218,48.70319526289357,10.382247277096468,0,xstock_reversion
qqqx,2026-09-15T16:15:00Z,5,regular,1,192.2182680968021,7.923832465701608,-184.2944356311005,-138.9999126755015,83.60148517286397,184.2944356311005,7.843907493594315,1,-7.841090139200091,199.9794332638949,-9.90446672869183,0,xstock_reversion
qqqx,2026-09-15T16:15:00Z,15,regular,1,192.2182680968021,7.923832465701608,-184.2944356311005,-138.9999126755015,83.60148517286397,184.2944356311005,0.44907672199556714,1,-13.918909210399733,198.6624215634958,-7.088780175994458,0,xstock_reversion
qqqx,2026-09-15T16:15:00Z,30,regular,1,192.2182680968021,7.923832465701608,-184.2944356311005,-138.9999126755015,83.60148517286397,184.2944356311005,0.08821283890014797,1,-12.04798249999861,196.43063096999924,-3.119682384893352,0,xstock_reversion
qqqx,2026-09-15T16:15:00Z,60,regular,1,192.2182680968021,7.923832465701608,-184.2944356311005,-138.9999126755015,83.60148517286397,184.2944356311005,1.1555666025930833,1,-4.172749718200919,189.6227519518945,1.1346713012017062,0,xstock_reversion
qqqx,2026-09-15T18:50:00Z,5,regular,1,98.27822602949787,2.22092198160162,-96.05730404789625,-103.35870955319848,42.923461142286385,96.05730404789625,8.879587952703716,1,-2.1977480956003603,107.13464009620033,-3.2698698815014637,0,xstock_reversion
qqqx,2026-09-15T18:50:00Z,15,regular,1,98.27822602949787,2.22092198160162,-96.05730404789625,-103.35870955319848,42.923461142286385,96.05730404789625,8.15159058699777,1,-4.782731445702737,108.99162608059676,-3.122294627999622,0,xstock_reversion
qqqx,2026-09-15T18:50:00Z,30,regular,1,98.27822602949787,2.22092198160162,-96.05730404789625,-103.35870955319848,42.923461142286385,96.05730404789625,1.777517084100566,1,-1.7910591904080064,96.07084615420369,2.4843397994978034,0,xstock_reversion
qqqx,2026-09-15T18:50:00Z,60,regular,1,98.27822602949787,2.22092198160162,-96.05730404789625,-103.35870955319848,42.923461142286385,96.05730404789625,0.45689725129527403,1,2.19617025319252,94.318031045999,2.271372202500288,0,xstock_reversion
qqqx,2026-09-15T21:30:00Z,5,afterhours,1,93.22942621600383,1.9301748008970776,-95.15960101690091,-90.50327132540836,37.55682631588868,95.15960101690091,0.9823620740956329,1,1.840185374897274,92.337053567908,0.8214992165989088,0,xstock_reversion
qqqx,2026-09-15T21:30:00Z,15,afterhours,1,93.22942621600383,1.9301748008970776,-95.15960101690091,-90.50327132540836,37.55682631588868,95.15960101690091,1.4898177677036273,1,2.7496918986980035,93.89972688590653,0.8214992165989088,0,xstock_reversion
qqqx,2026-09-15T21:30:00Z,30,afterhours,1,93.22942621600383,1.9301748008970776,-95.15960101690091,-90.50327132540836,37.55682631588868,95.15960101690091,10.848358350701304,1,2.745360916600603,103.26259845100161,-3.150582774003041,0,xstock_reversion
qqqx,2026-09-15T21:30:00Z,60,afterhours,1,93.22942621600383,1.9301748008970776,-95.15960101690091,-90.50327132540836,37.55682631588868,95.15960101690091,2.581370139198569,1,0.5185534834950545,97.22241767260442,-4.568801210300677,0,xstock_reversion
qqqx,2026-09-15T22:25:00Z,5,afterhours,1,51.43012346329634,2.2525889829960732,49.17753448030027,69.18502657869752,24.24966501196918,49.17753448030027,2.581370139198569,1,-2.14756572519903,48.74373006630073,3.262203150695697,0,xstock_reversion
qqqx,2026-09-15T22:25:00Z,15,afterhours,1,51.43012346329634,2.2525889829960732,49.17753448030027,69.18502657869752,24.24966501196918,49.17753448030027,2.3161456807052616,1,4.78760276940271,46.70607739160282,5.389153749693065,0,xstock_reversion
qqqx,2026-09-15T22:25:00Z,30,afterhours,1,51.43012346329634,2.2525889829960732,49.17753448030027,69.18502657869752,24.24966501196918,49.17753448030027,0.603771513691953,1,4.37840413999524,45.40290185399698,5.956264180397852,0,xstock_reversion
qqqx,2026-09-15T22:25:00Z,60,afterhours,1,51.43012346329634,2.2525889829960732,49.17753448030027,69.18502657869752,24.24966501196918,49.17753448030027,3.5985983664055254,1,1.7135499918019548,51.06258285490384,1.9858156093999213,0,xstock_reversion
qqqx,2026-09-16T11:00:00Z,5,premarket,1,52.81078738950562,1.5942575253014013,-54.40504491480702,-47.24453652950267,14.44086851838392,54.40504491480702,19.99677433950353,1,1.5499827695997226,32.85828780570377,-0.4363269432960948,0,xstock_reversion
qqqx,2026-09-16T11:00:00Z,15,premarket,1,52.81078738950562,1.5942575253014013,-54.40504491480702,-47.24453652950267,14.44086851838392,54.40504491480702,0.4285221491961977,1,8.43679347060089,46.39677359340233,6.188289893902521,0,xstock_reversion
qqqx,2026-09-16T11:00:00Z,30,premarket,1,52.81078738950562,1.5942575253014013,-54.40504491480702,-47.24453652950267,14.44086851838392,54.40504491480702,3.4753506051998784,1,6.560415469705205,51.319980050301695,1.823177105100271,0,xstock_reversion
qqqx,2026-09-16T11:00:00Z,60,premarket,1,52.81078738950562,1.5942575253014013,-54.40504491480702,-47.24453652950267,14.44086851838392,54.40504491480702,10.454748223596155,1,-5.279489216496458,49.229785907707324,-9.187086136099865,0,xstock_reversion
qqqx,2026-09-16T13:55:00Z,5,regular,1,55.86187300279377,5.848074550893756,-50.013798451900016,-32.10149327760092,23.768597303166977,50.013798451900016,59.64578673309795,0,-5.786836830798947,-3.845151450398987,15.216933677599798,0,persistent_or_wider
qqqx,2026-09-16T13:55:00Z,15,regular,1,55.86187300279377,5.848074550893756,-50.013798451900016,-32.10149327760092,23.768597303166977,50.013798451900016,8.448069507895895,1,2.6741255255036123,38.89160341850051,9.720158823496305,0,xstock_reversion
qqqx,2026-09-16T13:55:00Z,30,regular,1,55.86187300279377,5.848074550893756,-50.013798451900016,-32.10149327760092,23.768597303166977,50.013798451900016,11.438746466199134,1,-0.2371705739001584,38.81222255960104,8.87314316849519,0,xstock_reversion
qqqx,2026-09-16T13:55:00Z,60,regular,1,55.86187300279377,5.848074550893756,-50.013798451900016,-32.10149327760092,23.768597303166977,50.013798451900016,11.77084735839884,1,-0.6109370526008462,62.3955828628997,-6.304597560902181,0,xstock_reversion
qqqx,2026-09-16T14:00:00Z,5,regular,1,44.49009077559296,15.155695957504989,-59.64578673309795,-40.44566043219788,23.748962365587683,59.64578673309795,4.718802719505533,1,14.99741013169853,39.92957388189389,-6.763748372407008,0,xstock_reversion
qqqx,2026-09-16T14:00:00Z,15,regular,1,44.49009077559296,15.155695957504989,-59.64578673309795,-40.44566043219788,23.748962365587683,59.64578673309795,19.767743686704975,1,9.646460295797965,30.23158275059501,-11.837080387406829,0,xstock_reversion
qqqx,2026-09-16T14:00:00Z,30,regular,1,44.49009077559296,15.155695957504989,-59.64578673309795,-40.44566043219788,23.748962365587683,59.64578673309795,5.416066496595207,1,8.777817881098215,56.28403534859494,-3.9463107689030608,0,xstock_reversion
qqqx,2026-09-16T14:00:00Z,60,regular,1,44.49009077559296,15.155695957504989,-59.64578673309795,-40.44566043219788,23.748962365587683,59.64578673309795,0.890350819897634,1,-6.2452818895941675,65.00071780279448,-22.817429483206197,0,xstock_reversion
qqqx,2026-09-16T14:20:00Z,5,regular,1,48.107573497500056,2.187645926596815,-50.29521942409687,-33.96384654389628,30.212148257925115,50.29521942409687,11.438746466199134,1,2.164826285895316,36.69164667200242,3.2394195508000934,0,xstock_reversion
qqqx,2026-09-16T14:20:00Z,15,regular,1,48.107573497500056,2.187645926596815,-50.29521942409687,-33.96384654389628,30.212148257925115,50.29521942409687,11.889286833905999,1,7.799116942601714,54.385389315401156,8.033543999905746,0,xstock_reversion
qqqx,2026-09-16T14:20:00Z,30,regular,1,48.107573497500056,2.187645926596815,-50.29521942409687,-33.96384654389628,30.212148257925115,50.29521942409687,14.02018257760318,1,4.128858526994961,32.14617831949873,-0.4212306147977074,0,xstock_reversion
qqqx,2026-09-16T14:20:00Z,60,regular,1,48.107573497500056,2.187645926596815,-50.29521942409687,-33.96384654389628,30.212148257925115,50.29521942409687,1.2697485182044943,1,-13.49119661989917,65.05616456220054,-18.271290387996686,0,xstock_reversion
qqqx,2026-09-16T17:40:00Z,5,regular,1,34.50723308030312,6.115216723197037,-40.62244980350016,-49.003425557003766,10.81382754377308,40.62244980350016,126.18028453320385,0,6.051014991097503,160.7517193456065,-3.18762414679874,0,persistent_or_wider
qqqx,2026-09-16T17:40:00Z,15,regular,1,34.50723308030312,6.115216723197037,-40.62244980350016,-49.003425557003766,10.81382754377308,40.62244980350016,6.501866097705644,1,-1.4668950161045302,35.587478721899046,-18.47690807100122,0,xstock_reversion
qqqx,2026-09-16T17:40:00Z,30,regular,1,34.50723308030312,6.115216723197037,-40.62244980350016,-49.003425557003766,10.81382754377308,40.62244980350016,10.554942801705991,1,-20.544674156406373,50.61218115820054,-14.25179393010012,0,xstock_reversion
qqqx,2026-09-16T17:40:00Z,60,regular,1,34.50723308030312,6.115216723197037,-40.62244980350016,-49.003425557003766,10.81382754377308,40.62244980350016,17.807803801694888,1,17.454674319896668,40.97557928529838,-6.078174534795977,0,xstock_reversion
qqqx,2026-09-16T17:45:00Z,5,regular,1,123.05686211850464,3.1234224146992062,126.18028453320385,119.68981325680694,70.46550881628342,126.18028453320385,1.7453699283986879,1,3.090803463701164,121.344111141104,4.441233043896986,0,xstock_reversion
qqqx,2026-09-16T17:45:00Z,15,regular,1,123.05686211850464,3.1234224146992062,126.18028453320385,119.68981325680694,70.46550881628342,126.18028453320385,10.895319503001488,1,18.298940870700164,96.9860241595022,25.56294415049898,0,xstock_reversion
qqqx,2026-09-16T17:45:00Z,30,regular,1,123.05686211850464,3.1234224146992062,126.18028453320385,119.68981325680694,70.46550881628342,126.18028453320385,25.504089422900833,1,14.317125628799943,137.36724832730474,11.06416978330138,0,xstock_reversion
qqqx,2026-09-16T17:45:00Z,60,regular,1,123.05686211850464,3.1234224146992062,126.18028453320385,119.68981325680694,70.46550881628342,126.18028453320385,18.543681371401277,1,5.832000761296641,138.89196514330848,-16.725185176396096,0,xstock_reversion
qqqx,2026-09-16T18:20:00Z,5,regular,1,59.21547131189975,3.9462391178979317,-63.16171042979768,-78.04742323400227,23.08703397592594,63.16171042979768,15.17187200460235,1,3.9050610801005803,44.08477734509475,-0.5636740274983509,0,xstock_reversion
qqqx,2026-09-16T18:20:00Z,15,regular,1,59.21547131189975,3.9462391178979317,-63.16171042979768,-78.04742323400227,23.08703397592594,63.16171042979768,6.471963043095386,1,31.450359063196487,38.18331440969658,21.584416819004915,0,xstock_reversion
qqqx,2026-09-16T18:20:00Z,30,regular,1,59.21547131189975,3.9462391178979317,-63.16171042979768,-78.04742323400227,23.08703397592594,63.16171042979768,23.796965548594784,1,27.587623410001427,11.777121471201468,53.97780521359863,1,p1a_catchup
qqqx,2026-09-16T18:20:00Z,60,regular,1,59.21547131189975,3.9462391178979317,-63.16171042979768,-78.04742323400227,23.08703397592594,63.16171042979768,0.7987528922992482,1,121.23294079369629,-57.27247747159936,116.79958150829783,1,p1a_catchup
qqqx,2026-09-17T09:40:00Z,5,premarket,1,60.97290287610413,0.25771880910241407,-60.715184067001715,-56.88107826250288,26.825212920809093,60.715184067001715,9.635501611100494,1,-0.25054918550537764,51.3302316414066,6.881007988104315,0,xstock_reversion
qqqx,2026-09-17T09:40:00Z,15,premarket,1,60.97290287610413,0.25771880910241407,-60.715184067001715,-56.88107826250288,26.825212920809093,60.715184067001715,2.5397516011960164,1,-0.4812760333017252,58.656708499107424,3.6505574526035645,0,xstock_reversion
qqqx,2026-09-17T09:40:00Z,30,premarket,1,60.97290287610413,0.25771880910241407,-60.715184067001715,-56.88107826250288,26.825212920809093,60.715184067001715,0.2818001189019981,1,-2.0138960899007685,62.447280038000486,-2.2458346878995172,0,xstock_reversion
qqqx,2026-09-17T09:40:00Z,60,premarket,1,60.97290287610413,0.25771880910241407,-60.715184067001715,-56.88107826250288,26.825212920809093,60.715184067001715,4.584415902204597,1,-4.126744484604927,60.257512649402045,0.8423180597993962,0,xstock_reversion
qqqx,2026-09-17T10:20:00Z,5,premarket,1,58.736570453197245,6.484231468295576,-52.25233898490167,-55.62868461730375,21.542243636187386,52.25233898490167,0.6377407957991466,1,-6.304077475300929,59.194157256001745,1.1225706880946262,0,xstock_reversion
qqqx,2026-09-17T10:20:00Z,15,premarket,1,58.736570453197245,6.484231468295576,-52.25233898490167,-55.62868461730375,21.542243636187386,52.25233898490167,2.6397014248047412,1,-3.4521778489970956,58.344218258703506,0.8419162017947457,0,xstock_reversion
qqqx,2026-09-17T10:20:00Z,30,premarket,1,58.736570453197245,6.484231468295576,-52.25233898490167,-55.62868461730375,21.542243636187386,52.25233898490167,1.991607865399203,1,-0.774116723798457,55.01806357409933,3.789181231397265,0,xstock_reversion
qqqx,2026-09-17T10:20:00Z,60,premarket,1,58.736570453197245,6.484231468295576,-52.25233898490167,-55.62868461730375,21.542243636187386,52.25233898490167,4.6024743998973605,1,-4.490139087502953,61.34495247230198,4.618782470897642,0,xstock_reversion
qqqx,2026-09-17T14:55:00Z,5,regular,1,53.70552930320294,0.9886497756994572,54.694179078902394,30.633922751306386,26.33859004955284,54.694179078902394,3.304482655002161,1,0.9783149003972369,57.02034683350732,-1.5382033813970963,0,xstock_reversion
qqqx,2026-09-17T14:55:00Z,15,regular,1,53.70552930320294,0.9886497756994572,54.694179078902394,30.633922751306386,26.33859004955284,54.694179078902394,13.48814880110183,1,2.4946886127974466,38.71134166500312,1.6078687735010533,0,xstock_reversion
qqqx,2026-09-17T14:55:00Z,30,regular,1,53.70552930320294,0.9886497756994572,54.694179078902394,30.633922751306386,26.33859004955284,54.694179078902394,5.392307026301779,1,5.952330690197627,43.34954136240299,9.573491246799293,0,xstock_reversion
qqqx,2026-09-17T14:55:00Z,60,regular,1,53.70552930320294,0.9886497756994572,54.694179078902394,30.633922751306386,26.33859004955284,54.694179078902394,2.5564616283979547,1,20.347291873701323,36.903348833599026,21.300750087895892,0,xstock_reversion
qqqx,2026-09-17T16:05:00Z,5,regular,1,58.35735993960256,4.141861442699124,-54.215498496903436,-53.607702048603656,31.425028042967867,54.215498496903436,17.108636770197805,1,-4.098645227799125,75.42278049490037,0.13954104949753798,0,xstock_reversion
qqqx,2026-09-17T16:05:00Z,15,regular,1,58.35735993960256,4.141861442699124,-54.215498496903436,-53.607702048603656,31.425028042967867,54.215498496903436,2.049779539801122,1,-3.449982925998185,59.71526096270274,-2.441653220595086,0,xstock_reversion
qqqx,2026-09-17T16:05:00Z,30,regular,1,58.35735993960256,4.141861442699124,-54.215498496903436,-53.607702048603656,31.425028042967867,54.215498496903436,2.5998048885966796,1,0.8601166642030478,55.95518672129707,3.2099368755034163,0,xstock_reversion
qqqx,2026-09-17T16:05:00Z,60,regular,1,58.35735993960256,4.141861442699124,-54.215498496903436,-53.607702048603656,31.425028042967867,54.215498496903436,6.76243933610543,1,-8.83702278470011,56.290081945498116,-2.232392017296192,0,xstock_reversion
qqqx,2026-09-17T17:30:00Z,5,regular,1,45.40754156909799,2.1021119493980223,-43.305429619699964,-40.81489470030064,20.584424079634484,43.305429619699964,0.08910920209714845,1,-2.0801555865990196,45.296476004201836,2.9314256012025197,0,xstock_reversion
qqqx,2026-09-17T17:30:00Z,15,regular,1,45.40754156909799,2.1021119493980223,-43.305429619699964,-40.81489470030064,20.584424079634484,43.305429619699964,7.683745010700349,1,-3.452869501598954,54.44204413199927,-1.8142614958982506,0,xstock_reversion
qqqx,2026-09-17T17:30:00Z,30,regular,1,45.40754156909799,2.1021119493980223,-43.305429619699964,-40.81489470030064,20.584424079634484,43.305429619699964,1.0275445119045656,1,-5.134571070897209,49.46754520250174,-2.930566527403755,0,xstock_reversion
qqqx,2026-09-17T17:30:00Z,60,regular,1,45.40754156909799,2.1021119493980223,-43.305429619699964,-40.81489470030064,20.584424079634484,43.305429619699964,21.933685894302002,1,-0.002957821596538679,65.2420733355985,3.629510753899723,0,xstock_reversion
qqqx,2026-09-17T18:10:00Z,5,regular,1,46.32959948300375,0.7197449040052817,-45.609854578998466,-50.4461046410043,20.636090612367674,45.609854578998466,9.291660000005919,1,-0.7122030486073072,37.030397627599854,-2.023761761300591,0,xstock_reversion
qqqx,2026-09-17T18:10:00Z,15,regular,1,46.32959948300375,0.7197449040052817,-45.609854578998466,-50.4461046410043,20.636090612367674,45.609854578998466,2.6251101899976703,1,0.9860589228960492,47.24890584610009,1.1865335436045399,0,xstock_reversion
qqqx,2026-09-17T18:10:00Z,30,regular,1,46.32959948300375,0.7197449040052817,-45.609854578998466,-50.4461046410043,20.636090612367674,45.609854578998466,8.591811208198408,1,5.733441923396754,48.46822386380012,4.258215453303293,0,xstock_reversion
qqqx,2026-09-17T18:10:00Z,60,regular,1,46.32959948300375,0.7197449040052817,-45.609854578998466,-50.4461046410043,20.636090612367674,45.609854578998466,0.49904742560613613,1,-4.26414565239952,50.37304765700412,-3.9773500905937453,0,xstock_reversion
qqqx,2026-09-17T18:20:00Z,5,regular,1,52.21892311939591,3.7473500328033538,-55.966273152199264,-53.037417335799475,32.30773756185062,55.966273152199264,2.6251101899976703,1,3.7082028709001236,54.88318047129681,-0.5584174452000212,0,xstock_reversion
qqqx,2026-09-17T18:20:00Z,15,regular,1,52.21892311939591,3.7473500328033538,-55.966273152199264,-53.037417335799475,32.30773756185062,55.966273152199264,13.345627662699755,1,4.708636485197815,64.6032643297012,4.747807719098773,0,xstock_reversion
qqqx,2026-09-17T18:20:00Z,30,regular,1,52.21892311939591,3.7473500328033538,-55.966273152199264,-53.037417335799475,32.30773756185062,55.966273152199264,0.46930042199910815,1,4.464615698003271,51.032357032196884,0.9773055692985366,0,xstock_reversion
qqqx,2026-09-17T18:20:00Z,60,regular,1,52.21892311939591,3.7473500328033538,-55.966273152199264,-53.037417335799475,32.30773756185062,55.966273152199264,5.141071688798959,1,-3.3555045699973363,54.18070603339764,-4.257145613406621,0,xstock_reversion
qqqx,2026-09-18T08:00:00Z,5,premarket,0,2.900124634894752,79.5323730585995,82.43249769349426,-1.4959245302037516,5.522113858315667,82.43249769349426,12.27265392129695,1,79.49251955989389,15.212632054897313,-7.179114493300887,1,p1a_catchup
qqqx,2026-09-18T08:00:00Z,15,premarket,0,2.900124634894752,79.5323730585995,82.43249769349426,-1.4959245302037516,5.522113858315667,82.43249769349426,15.007509175797296,1,74.24636673799334,23.19364013129821,-3.1577317768061164,1,p1a_catchup
qqqx,2026-09-18T08:00:00Z,30,premarket,0,2.900124634894752,79.5323730585995,82.43249769349426,-1.4959245302037516,5.522113858315667,82.43249769349426,4.61060271829794,1,69.2131995891998,8.608695385996512,-6.231863935903803,1,p1a_catchup
qqqx,2026-09-18T08:00:00Z,60,premarket,0,2.900124634894752,79.5323730585995,82.43249769349426,-1.4959245302037516,5.522113858315667,82.43249769349426,2.9166722741980067,1,68.88828335089414,16.46088661679812,-13.630570977198886,1,p1a_catchup
qqqx,2026-09-18T10:30:00Z,5,premarket,1,59.69490037540659,3.546430203700268,-56.14847017170632,-52.31650592190107,27.702771584708728,56.14847017170632,3.0822214225967315,1,-3.4479009535015592,62.67859254780461,-3.191452484800905,0,xstock_reversion
qqqx,2026-09-18T10:30:00Z,15,premarket,1,59.69490037540659,3.546430203700268,-56.14847017170632,-52.31650592190107,27.702771584708728,56.14847017170632,4.423087486102872,1,-4.846805792997344,56.57218847860079,3.6089558017060597,0,xstock_reversion
qqqx,2026-09-18T10:30:00Z,30,premarket,1,59.69490037540659,3.546430203700268,-56.14847017170632,-52.31650592190107,27.702771584708728,56.14847017170632,6.23821000670155,1,0.332365705206783,62.05431447320109,-3.2039387768012517,0,xstock_reversion
qqqx,2026-09-18T10:30:00Z,60,premarket,1,59.69490037540659,3.546430203700268,-56.14847017170632,-52.31650592190107,27.702771584708728,56.14847017170632,5.842855083599829,1,15.419484497103397,46.571840758202754,13.74876095840527,0,xstock_reversion
qqqx,2026-09-18T11:05:00Z,5,premarket,1,38.15128080110419,10.781863110098655,-48.93314391120285,-37.704245182199614,23.08981432534305,48.93314391120285,4.34063394080475,1,10.482309464698858,34.11020050569924,3.056022471605857,0,xstock_reversion
qqqx,2026-09-18T11:05:00Z,15,premarket,1,38.15128080110419,10.781863110098655,-48.93314391120285,-37.704245182199614,23.08981432534305,48.93314391120285,0.2991268274055159,1,20.320882403703777,28.911388334904586,8.892841848799904,0,xstock_reversion
qqqx,2026-09-18T11:05:00Z,30,premarket,1,38.15128080110419,10.781863110098655,-48.93314391120285,-37.704245182199614,23.08981432534305,48.93314391120285,12.97177740180011,1,16.900832688699907,19.06053382070283,6.3909306536036325,0,xstock_reversion
qqqx,2026-09-18T11:05:00Z,60,premarket,1,38.15128080110419,10.781863110098655,-48.93314391120285,-37.704245182199614,23.08981432534305,48.93314391120285,7.808531287594178,1,17.260383572805793,23.864229050802876,22.107752971605166,1,xstock_reversion
qqqx,2026-09-18T12:00:00Z,5,premarket,1,52.441386843300464,3.1523132354038808,-49.28907360789658,-54.56939827880092,26.18534123655109,49.28907360789658,7.808531287594178,1,-3.0647234263003753,44.54526574660278,15.716822318001533,0,xstock_reversion
qqqx,2026-09-18T12:00:00Z,15,premarket,1,52.441386843300464,3.1523132354038808,-49.28907360789658,-54.56939827880092,26.18534123655109,49.28907360789658,6.182657054498719,1,15.665502142292453,39.80622852010285,22.107973506697576,0,xstock_reversion
qqqx,2026-09-18T12:00:00Z,30,premarket,1,52.441386843300464,3.1523132354038808,-49.28907360789658,-54.56939827880092,26.18534123655109,49.28907360789658,0.928412816501023,1,20.391487286195442,29.825999138202164,18.50113551560284,0,xstock_reversion
qqqx,2026-09-18T12:00:00Z,60,premarket,1,52.441386843300464,3.1523132354038808,-49.28907360789658,-54.56939827880092,26.18534123655109,49.28907360789658,2.5386490340029155,1,20.950392515795002,30.877330126104496,24.768676129003353,0,xstock_reversion
qqqx,2026-09-18T13:05:00Z,5,premarket,1,46.87811403250031,4.1603350681018725,-42.717778964398434,-47.36573548890455,19.149286496386168,42.717778964398434,0.35954125999992925,1,-4.0447467692050765,47.12206699360344,-0.4177836576957361,0,xstock_reversion
qqqx,2026-09-18T13:05:00Z,15,premarket,1,46.87811403250031,4.1603350681018725,-42.717778964398434,-47.36573548890455,19.149286496386168,42.717778964398434,4.045386734699008,1,-6.743689743800019,45.416081973499445,4.457445400500859,0,xstock_reversion
qqqx,2026-09-18T13:05:00Z,30,premarket,1,46.87811403250031,4.1603350681018725,-42.717778964398434,-47.36573548890455,19.149286496386168,42.717778964398434,40.123543204098056,1,-13.491110572099174,16.085346332399553,-17.809939311801415,0,xstock_reversion
qqqx,2026-09-18T13:05:00Z,60,premarket,1,46.87811403250031,4.1603350681018725,-42.717778964398434,-47.36573548890455,19.149286496386168,42.717778964398434,20.684002281896596,1,14.3421882343997,7.691588448102138,14.49396803059777,0,p1a_catchup
qqqx,2026-09-18T13:35:00Z,5,regular,1,48.60270701190217,8.479163807804113,-40.123543204098056,-29.330735641099892,27.693593377738097,40.123543204098056,9.570372833200835,1,-8.390575676600065,38.943746047497285,6.535902500104385,0,xstock_reversion
qqqx,2026-09-18T13:35:00Z,15,regular,1,48.60270701190217,8.479163807804113,-40.123543204098056,-29.330735641099892,27.693593377738097,40.123543204098056,2.855488082600388,1,4.941150819197659,32.32690430230001,17.949204409903885,0,xstock_reversion
qqqx,2026-09-18T13:35:00Z,30,regular,1,48.60270701190217,8.479163807804113,-40.123543204098056,-29.330735641099892,27.693593377738097,40.123543204098056,20.684002281896596,1,27.833298806498874,-8.393757884297415,32.303907342399185,1,p1a_catchup
qqqx,2026-09-18T13:35:00Z,60,regular,1,48.60270701190217,8.479163807804113,-40.123543204098056,-29.330735641099892,27.693593377738097,40.123543204098056,5.745754961195004,1,28.839386282495383,17.029911882797677,34.814612724298755,1,p1a_catchup
qqqx,2026-09-18T15:05:00Z,5,regular,1,41.71365405830407,0.9980773393003517,40.71557671900372,34.759565842099605,24.251212998219767,40.71557671900372,15.720652303699012,1,-0.9876936824948501,57.42392270519758,-6.555319457897113,0,xstock_reversion
qqqx,2026-09-18T15:05:00Z,15,regular,1,41.71365405830407,0.9980773393003517,40.71557671900372,34.759565842099605,24.251212998219767,40.71557671900372,8.66668215439681,1,-6.724357748497667,56.1066166218982,-3.067912449097321,0,xstock_reversion
qqqx,2026-09-18T15:05:00Z,30,regular,1,41.71365405830407,0.9980773393003517,40.71557671900372,34.759565842099605,24.251212998219767,40.71557671900372,24.3343574067989,1,-5.268509320499604,21.649728632704424,-8.09016391839279,0,xstock_reversion
qqqx,2026-09-18T15:05:00Z,60,regular,1,41.71365405830407,0.9980773393003517,40.71557671900372,34.759565842099605,24.251212998219767,40.71557671900372,25.08544513750266,1,-14.664059580500322,30.294191162001383,-11.160559744398668,0,xstock_reversion
qqqx,2026-09-18T15:25:00Z,5,regular,1,56.8081188806957,3.8626479069936437,-52.94547097370206,-40.33101916290249,37.514678824050364,52.94547097370206,0.536779833293366,1,-3.8223019363936572,56.23099307680235,5.090069941395825,0,xstock_reversion
qqqx,2026-09-18T15:25:00Z,15,regular,1,56.8081188806957,3.8626479069936437,-52.94547097370206,-40.33101916290249,37.514678824050364,52.94547097370206,1.782532013194782,1,4.954446106699706,49.773556880197134,9.136082929899203,0,xstock_reversion
qqqx,2026-09-18T15:25:00Z,30,regular,1,56.8081188806957,3.8626479069936437,-52.94547097370206,-40.33101916290249,37.514678824050364,52.94547097370206,21.30280601730483,1,9.288849527306908,64.95942746369998,13.742158844092245,0,xstock_reversion
qqqx,2026-09-18T15:25:00Z,60,regular,1,56.8081188806957,3.8626479069936437,-52.94547097370206,-40.33101916290249,37.514678824050364,52.94547097370206,21.974743012806996,1,22.003884906105498,52.91632908040356,16.674403079193212,0,xstock_reversion
qqqx,2026-09-18T16:10:00Z,5,regular,1,40.634820633398405,1.5790760336997778,-42.21389666709818,-62.318874940796576,36.608172311218055,42.21389666709818,8.263686203093812,1,1.562561324899292,48.9150215452927,-3.698908864100403,0,xstock_reversion
qqqx,2026-09-18T16:10:00Z,15,regular,1,40.634820633398405,1.5790760336997778,-42.21389666709818,-62.318874940796576,36.608172311218055,42.21389666709818,21.974743012806996,1,13.912863122405028,50.27577655750015,3.141657354799321,0,xstock_reversion
qqqx,2026-09-18T16:10:00Z,30,regular,1,40.634820633398405,1.5790760336997778,-42.21389666709818,-62.318874940796576,36.608172311218055,42.21389666709818,13.400452378995453,1,2.318689708200594,53.29565933789304,-2.2334671179979892,0,xstock_reversion
qqqx,2026-09-18T16:10:00Z,60,regular,1,40.634820633398405,1.5790760336997778,-42.21389666709818,-62.318874940796576,36.608172311218055,42.21389666709818,52.307692142301576,0,-7.126576437297416,101.64816524669718,-10.255874479598859,0,persistent_or_wider
qqqx,2026-09-18T17:10:00Z,5,regular,1,50.75747013369991,1.550222008601665,52.307692142301576,55.859873071399946,43.28856456817905,52.307692142301576,5.5062444717979275,1,1.534044636803955,45.26740303369969,1.6734301172949273,0,xstock_reversion
qqqx,2026-09-18T17:10:00Z,15,regular,1,50.75747013369991,1.550222008601665,52.307692142301576,55.859873071399946,43.28856456817905,52.307692142301576,2.219640208194207,1,3.9133715234029864,46.17468041070438,0.5578411548956552,0,xstock_reversion
qqqx,2026-09-18T17:10:00Z,30,regular,1,50.75747013369991,1.550222008601665,52.307692142301576,55.859873071399946,43.28856456817905,52.307692142301576,1.0813170764034652,1,6.728539874796269,44.49783519110184,7.249508884497047,0,xstock_reversion
qqqx,2026-09-18T17:10:00Z,60,regular,1,50.75747013369991,1.550222008601665,52.307692142301576,55.859873071399946,43.28856456817905,52.307692142301576,48.153332760900724,1,7.28256569550112,93.17845920770118,4.459070119402497,0,xstock_reversion
qqqx,2026-09-18T18:10:00Z,5,regular,1,46.88005919340377,1.2732735674969575,-48.153332760900724,-35.025593814896894,19.590628589753532,48.153332760900724,2.7074546798999677,1,1.2599674141000605,49.60082002670063,-3.487230041594458,0,xstock_reversion
qqqx,2026-09-18T18:10:00Z,15,regular,1,46.88005919340377,1.2732735674969575,-48.153332760900724,-35.025593814896894,19.590628589753532,48.153332760900724,6.129730307700143,1,-6.073981206995427,60.357044275596294,-8.363409999594396,0,xstock_reversion
qqqx,2026-09-18T18:10:00Z,30,regular,1,46.88005919340377,1.2732735674969575,-48.153332760900724,-35.025593814896894,19.590628589753532,48.153332760900724,5.432420371800362,1,-7.245253050900402,60.83100618360149,-11.844940515493008,0,xstock_reversion
qqqx,2026-09-18T18:10:00Z,60,regular,1,46.88005919340377,1.2732735674969575,-48.153332760900724,-35.025593814896894,19.590628589753532,48.153332760900724,1.334048383805353,1,-25.893417684494935,75.38079882920101,-26.454146912300303,0,xstock_reversion
