asset,timestamp_utc,horizon_min,session_state,current_p1a_better,current_raw_error_bps,current_p1a_error_bps,signed_disagreement_bps,xret_3_bps,xvol_6_bps,gap_initial_bps,gap_future_bps,gap_shrunk,p1a_catchup_bps,xstock_reversion_bps,underlying_follow_xstock_direction_bps,current_xstock_closer_to_future_underlying,resolution_class
spyx,2026-07-02T16:10:00Z,5,regular,1,46.15102358799916,3.4787493709043105,49.62977295890347,44.606381305101195,21.50735160561003,49.62977295890347,5.812501108097834,1,2.841958362997943,52.600315704003364,-6.04615248000151,0,xstock_reversion
spyx,2026-07-02T16:10:00Z,15,regular,1,46.15102358799916,3.4787493709043105,49.62977295890347,44.606381305101195,21.50735160561003,49.62977295890347,0.9657678422048122,1,-10.25534112000237,58.91934623670103,-12.902880744904976,0,xstock_reversion
spyx,2026-07-02T16:10:00Z,30,regular,1,46.15102358799916,3.4787493709043105,49.62977295890347,44.606381305101195,21.50735160561003,49.62977295890347,7.899938544504437,1,-20.35049146710044,62.080325881499476,-16.871174800501265,0,xstock_reversion
spyx,2026-07-02T16:10:00Z,60,regular,1,46.15102358799916,3.4787493709043105,49.62977295890347,44.606381305101195,21.50735160561003,49.62977295890347,2.63435242210619,1,-36.70074496270104,83.69616549949832,-37.005929531304105,0,xstock_reversion
spyx,2026-07-30T08:05:00Z,5,premarket,1,41.528144777700504,12.699292879805313,54.22743765750582,49.52779609210367,26.039974578443974,54.22743765750582,0.8592041091937119,1,11.908783937206735,41.45944961110537,-0.2734182753005854,0,xstock_reversion
spyx,2026-07-30T08:05:00Z,15,premarket,1,41.528144777700504,12.699292879805313,54.22743765750582,49.52779609210367,26.039974578443974,54.22743765750582,6.932318971406559,1,11.98569908280156,35.3094196032977,6.696413569295956,0,xstock_reversion
spyx,2026-07-30T08:05:00Z,30,premarket,1,41.528144777700504,12.699292879805313,54.22743765750582,49.52779609210367,26.039974578443974,54.22743765750582,4.331293982504647,1,23.75489732970415,34.803834310306314,7.106252434301297,0,xstock_reversion
spyx,2026-07-30T08:05:00Z,60,premarket,1,41.528144777700504,12.699292879805313,54.22743765750582,49.52779609210367,26.039974578443974,54.22743765750582,1.8453457223976955,1,22.93206487500754,29.45002706010058,12.023009112995808,0,xstock_reversion
spyx,2026-08-04T22:05:00Z,5,afterhours,1,53.53959543440645,4.733675534902559,-48.80591989950389,-47.60559560899935,24.281257146050574,48.80591989950389,5.914050534308046,1,-4.118799166095144,58.83876959990708,-1.8123681227955046,0,xstock_reversion
spyx,2026-08-04T22:05:00Z,15,afterhours,1,53.53959543440645,4.733675534902559,-48.80591989950389,-47.60559560899935,24.281257146050574,48.80591989950389,4.447812246697325,1,-8.0958289392008,61.349561085402016,-2.459562857497488,0,xstock_reversion
spyx,2026-08-04T22:05:00Z,30,afterhours,1,53.53959543440645,4.733675534902559,-48.80591989950389,-47.60559560899935,24.281257146050574,48.80591989950389,1.4031291539939872,1,-11.324971833595043,58.72776257910495,-4.789117146595245,0,xstock_reversion
spyx,2026-08-04T22:05:00Z,60,afterhours,1,53.53959543440645,4.733675534902559,-48.80591989950389,-47.60559560899935,24.281257146050574,48.80591989950389,3.288103694298883,1,-12.104586780301574,64.19861037410435,-7.396280131395372,0,xstock_reversion
spyx,2026-08-07T20:35:00Z,5,afterhours,1,54.84866128080412,2.0378014465016747,-52.81085983430245,-53.269026703901545,20.503303556076325,52.81085983430245,7.11900556749967,1,-1.596938833099415,47.28879309990219,0.38815606470343766,0,xstock_reversion
spyx,2026-08-07T20:35:00Z,15,afterhours,1,54.84866128080412,2.0378014465016747,-52.81085983430245,-53.269026703901545,20.503303556076325,52.81085983430245,3.8696072263988412,1,-1.7876438441977172,50.728896452101324,-0.25876233969768236,0,xstock_reversion
spyx,2026-08-07T20:35:00Z,30,afterhours,1,54.84866128080412,2.0378014465016747,-52.81085983430245,-53.269026703901545,20.503303556076325,52.81085983430245,2.983662833795364,1,-2.898002600995042,52.725199601502126,-0.9056388964978623,0,xstock_reversion
spyx,2026-08-07T20:35:00Z,60,afterhours,1,54.84866128080412,2.0378014465016747,-52.81085983430245,-53.269026703901545,20.503303556076325,52.81085983430245,3.355396321005344,1,-3.030851202101559,52.48631471539866,-1.2937447458938323,0,xstock_reversion
spyx,2026-08-07T21:55:00Z,5,afterhours,1,49.74654661619837,1.037906568299718,-48.708640047898655,-50.40568989540084,22.201951920914887,48.708640047898655,1.0576714633003803,1,-0.8601749277037385,48.51114351230201,-0.9055451710970885,0,xstock_reversion
spyx,2026-08-07T21:55:00Z,15,afterhours,1,49.74654661619837,1.037906568299718,-48.708640047898655,-50.40568989540084,22.201951920914887,48.708640047898655,2.00278841430368,1,-2.3871265250008378,53.09855498720317,-1.287143219697029,0,xstock_reversion
spyx,2026-08-07T21:55:00Z,30,afterhours,1,49.74654661619837,1.037906568299718,-48.708640047898655,-50.40568989540084,22.201951920914887,48.708640047898655,2.8551323223968694,1,-2.6354882959012116,54.199260666196736,-2.716389547003928,0,xstock_reversion
spyx,2026-08-07T21:55:00Z,60,afterhours,1,49.74654661619837,1.037906568299718,-48.708640047898655,-50.40568989540084,22.201951920914887,48.708640047898655,2.9966933115055383,1,-3.7587480526024564,49.47069478899557,1.8113363830973839,0,xstock_reversion
spyx,2026-08-12T09:15:00Z,5,premarket,1,104.59169383600475,4.817463284201295,-99.77423055180346,-104.32530603970314,40.6136457320928,99.77423055180346,4.828126249698528,1,-4.733124078803996,109.33548088030598,-7.380790856501562,0,xstock_reversion
spyx,2026-08-12T09:15:00Z,15,premarket,1,104.59169383600475,4.817463284201295,-99.77423055180346,-104.32530603970314,40.6136457320928,99.77423055180346,96.25557683610175,1,-4.649111336503253,8.167765052204956,-6.345218961003596,0,xstock_reversion
spyx,2026-08-12T09:15:00Z,30,premarket,1,104.59169383600475,4.817463284201295,-99.77423055180346,-104.32530603970314,40.6136457320928,99.77423055180346,2.325023865399345,1,-10.739317445800367,108.18852413220448,-4.273753391696999,0,xstock_reversion
spyx,2026-08-12T09:15:00Z,60,premarket,1,104.59169383600475,4.817463284201295,-99.77423055180346,-104.32530603970314,40.6136457320928,99.77423055180346,0.2667747037943258,1,-10.655935545704764,110.69694080130255,-6.086309229900166,0,xstock_reversion
spyx,2026-08-12T09:30:00Z,5,premarket,1,102.76914774480339,6.513570908701638,-96.25557683610175,8.167765052204956,72.12094100867496,96.25557683610175,29.581218104004492,1,-4.66349924409748,71.33785797619474,-1.0355718954979665,0,xstock_reversion
spyx,2026-08-12T09:30:00Z,15,premarket,1,102.76914774480339,6.513570908701638,-96.25557683610175,8.167765052204956,72.12094100867496,96.25557683610175,2.325023865399345,1,-6.090206109297114,100.02075907999952,2.0714655693065964,0,xstock_reversion
spyx,2026-08-12T09:30:00Z,30,premarket,1,102.76914774480339,6.513570908701638,-96.25557683610175,8.167765052204956,72.12094100867496,96.25557683610175,1.1174941543057315,1,-2.0938874310960642,99.46695842150355,2.6049374328085406,0,xstock_reversion
spyx,2026-08-12T09:30:00Z,60,premarket,1,102.76914774480339,6.513570908701638,-96.25557683610175,8.167765052204956,72.12094100867496,96.25557683610175,1.1139465599985243,1,-5.14756933910121,102.51709273520149,1.035679147500801,0,xstock_reversion
spyx,2026-08-12T13:15:00Z,5,premarket,1,106.52896894399966,10.264819768792677,-96.26414917520698,-98.8788412334074,41.30606448137362,96.26414917520698,0.9580209828019548,1,-9.544455882295466,104.85058407470049,1.6786431436965898,0,xstock_reversion
spyx,2026-08-12T13:15:00Z,15,premarket,1,106.52896894399966,10.264819768792677,-96.26414917520698,-98.8788412334074,41.30606448137362,96.26414917520698,17.1409688517965,1,-11.091940030096836,90.21512035350732,18.545268357392786,0,xstock_reversion
spyx,2026-08-12T13:15:00Z,30,premarket,1,106.52896894399966,10.264819768792677,-96.26414917520698,-98.8788412334074,41.30606448137362,96.26414917520698,2.00218619959891,1,11.380772293803076,86.88556308100281,12.402781879794489,0,xstock_reversion
spyx,2026-08-12T13:15:00Z,60,premarket,1,106.52896894399966,10.264819768792677,-96.26414917520698,-98.8788412334074,41.30606448137362,96.26414917520698,1.6692175917043528,1,16.996385319707485,80.93698144720385,25.856510850195136,0,xstock_reversion
spyx,2026-08-12T18:30:00Z,5,regular,1,104.40366541359936,11.263094989502065,-93.14057042409729,-100.63871223319865,41.690302019811405,93.14057042409729,2.1018073921030833,1,-10.641994450200087,101.6807574821943,-1.0344136499984558,0,xstock_reversion
spyx,2026-08-12T18:30:00Z,15,regular,1,104.40366541359936,11.263094989502065,-93.14057042409729,-100.63871223319865,41.690302019811405,93.14057042409729,0.2038677247018228,1,-13.373618469900705,106.71805661869982,-2.327280260292497,0,xstock_reversion
spyx,2026-08-12T18:30:00Z,30,regular,1,104.40366541359936,11.263094989502065,-93.14057042409729,-100.63871223319865,41.690302019811405,93.14057042409729,0.6249308257011421,1,-7.806591153798337,101.57209240359677,1.2246254740055917,0,xstock_reversion
spyx,2026-08-12T18:30:00Z,60,regular,1,104.40366541359936,11.263094989502065,-93.14057042409729,-100.63871223319865,41.690302019811405,93.14057042409729,0.7003062875021726,1,-6.555294980996607,100.39617169259607,6.014648760999108,0,xstock_reversion
spyx,2026-08-12T23:30:00Z,5,afterhours,1,104.13343400980324,3.0514110382018345,101.0820229716014,102.25619103509942,45.309237929095346,101.0820229716014,0.985478937902684,1,-2.567601052101409,102.66414508580013,1.5533377376009128,0,xstock_reversion
spyx,2026-08-12T23:30:00Z,15,afterhours,1,104.13343400980324,3.0514110382018345,101.0820229716014,102.25619103509942,45.309237929095346,101.0820229716014,3.44719838009766,1,-2.128577493500927,106.65779884519999,-2.718921770101801,0,xstock_reversion
spyx,2026-08-13T09:40:00Z,5,premarket,1,54.19031162859689,3.000077613899421,-51.19023401469747,-47.72245242610218,21.343159428463636,51.19023401469747,3.8294304148944747,1,-2.6188907130997308,49.97969431290272,-0.7753240212071688,0,xstock_reversion
spyx,2026-08-13T09:40:00Z,15,premarket,1,54.19031162859689,3.000077613899421,-51.19023401469747,-47.72245242610218,21.343159428463636,51.19023401469747,0.3654422443943872,1,-4.572961923505758,56.12863818259761,-2.0673971544038494,0,xstock_reversion
spyx,2026-08-13T09:40:00Z,30,premarket,1,54.19031162859689,3.000077613899421,-51.19023401469747,-47.72245242610218,21.343159428463636,51.19023401469747,0.4251024004986448,1,-3.5443146674030146,55.159651082599126,-0.7753240212071688,0,xstock_reversion
spyx,2026-08-13T09:40:00Z,60,premarket,1,54.19031162859689,3.000077613899421,-51.19023401469747,-47.72245242610218,21.343159428463636,51.19023401469747,0.27583401100095273,1,-4.6626993575049624,56.12876738320338,-1.8089958830014297,0,xstock_reversion
spyx,2026-08-13T16:15:00Z,5,regular,1,100.89066299679317,9.78598317199264,-91.10467982480053,-101.00883068649757,40.08923302870369,91.10467982480053,1.8596660174985402,1,-9.563968348897944,102.52831419119701,-2.706342523506322,0,xstock_reversion
spyx,2026-08-13T16:15:00Z,15,regular,1,100.89066299679317,9.78598317199264,-91.10467982480053,-101.00883068649757,40.08923302870369,91.10467982480053,2.1785724193001954,1,-18.383412828200107,111.66666507230083,-10.177200087504445,0,xstock_reversion
spyx,2026-08-13T16:15:00Z,30,regular,1,100.89066299679317,9.78598317199264,-91.10467982480053,-101.00883068649757,40.08923302870369,91.10467982480053,8.121451744198538,1,-18.105500796297136,117.3316323652962,-9.790913269505097,0,xstock_reversion
spyx,2026-08-13T16:15:00Z,60,regular,1,100.89066299679317,9.78598317199264,-91.10467982480053,-101.00883068649757,40.08923302870369,91.10467982480053,1.6698949174998035,1,-27.173833566500605,119.94840830880094,-19.958158886304034,0,xstock_reversion
spyx,2026-08-13T21:20:00Z,5,afterhours,1,103.04582470880064,0.6937673806994837,-102.35205732810115,-102.54411822050002,46.28117742006451,102.35205732810115,5.505728851007419,1,-0.48749884180132597,97.33382731889506,-1.0283040704006652,0,xstock_reversion
spyx,2026-08-13T21:20:00Z,15,afterhours,1,103.04582470880064,0.6937673806994837,-102.35205732810115,-102.54411822050002,46.28117742006451,102.35205732810115,3.137858909703084,1,-0.8559177546008101,100.07011617299888,-0.5141652528006802,0,xstock_reversion
spyx,2026-08-13T21:20:00Z,30,afterhours,1,103.04582470880064,0.6937673806994837,-102.35205732810115,-102.54411822050002,46.28117742006451,102.35205732810115,0.930566468895222,1,-1.753520355993743,103.17501121519967,-0.7712379658020296,0,xstock_reversion
spyx,2026-08-13T21:20:00Z,60,afterhours,1,103.04582470880064,0.6937673806994837,-102.35205732810115,-102.54411822050002,46.28117742006451,102.35205732810115,96.74886765600021,1,-0.35118637470077374,5.954376046801713,1.1569684868018015,0,xstock_reversion
spyx,2026-08-13T22:20:00Z,5,afterhours,1,95.93448017519712,0.8143874808030915,-96.74886765600021,-102.50329185669926,41.44546919882784,96.74886765600021,3.8978090232966167,1,0.6190120935034571,100.02766458579337,-1.415339830801443,0,xstock_reversion
spyx,2026-08-13T22:20:00Z,15,afterhours,1,95.93448017519712,0.8143874808030915,-96.74886765600021,-102.50329185669926,41.44546919882784,96.74886765600021,2.7693733667977227,1,-1.1685637653968683,100.6868047881948,-1.2855122784038997,0,xstock_reversion
spyx,2026-08-13T22:20:00Z,30,afterhours,1,95.93448017519712,0.8143874808030915,-96.74886765600021,-102.50329185669926,41.44546919882784,96.74886765600021,1.7074198029032317,1,-0.02635535129691391,98.48264281020036,-1.2855122784038997,0,xstock_reversion
spyx,2026-08-13T22:20:00Z,60,afterhours,1,95.93448017519712,0.8143874808030915,-96.74886765600021,-102.50329185669926,41.44546919882784,96.74886765600021,1.518332214898166,1,-3.628791751797422,98.85932719289947,-2.4423320536026694,0,xstock_reversion
spyx,2026-08-14T11:10:00Z,5,premarket,1,100.36016371239853,3.5493762710991916,-96.81078744129934,-96.7676755557978,41.79157908564324,96.81078744129934,0.5513091358988476,1,-3.2897092073991274,99.54918751279962,0.2569043031019902,0,xstock_reversion
spyx,2026-08-14T11:10:00Z,15,premarket,1,100.36016371239853,3.5493762710991916,-96.81078744129934,-96.7676755557978,41.79157908564324,96.81078744129934,1.9983049045002588,1,-3.31054159479649,98.12302413159557,0.8799246482027456,0,xstock_reversion
spyx,2026-08-14T11:10:00Z,30,premarket,1,100.36016371239853,3.5493762710991916,-96.81078744129934,-96.7676755557978,41.79157908564324,96.81078744129934,1.502757861198134,1,-5.337945880299344,100.64597546040055,-1.2844225253960673,0,xstock_reversion
spyx,2026-08-14T11:10:00Z,60,premarket,1,100.36016371239853,3.5493762710991916,-96.81078744129934,-96.7676755557978,41.79157908564324,96.81078744129934,36.30984174609608,1,-3.9755823670972745,64.47652806230053,0.5138152064976254,0,xstock_reversion
spyx,2026-08-14T17:30:00Z,5,regular,1,96.19979311989546,8.306121087997553,-87.8936720318979,-101.3406750966972,40.64245086215576,87.8936720318979,92.70939129829792,0,-15.97099841370131,196.57406174389712,3.2873427930990573,0,persistent_or_wider
spyx,2026-08-14T17:30:00Z,15,regular,1,96.19979311989546,8.306121087997553,-87.8936720318979,-101.3406750966972,40.64245086215576,87.8936720318979,3.0831141079001867,1,-5.621066620298265,96.59785276009636,2.836074891394702,0,xstock_reversion
spyx,2026-08-14T17:30:00Z,30,regular,1,96.19979311989546,8.306121087997553,-87.8936720318979,-101.3406750966972,40.64245086215576,87.8936720318979,2.65115125859694,1,-8.194011759101727,98.73883504959657,-2.4486902850995307,0,xstock_reversion
spyx,2026-08-14T17:30:00Z,60,regular,1,96.19979311989546,8.306121087997553,-87.8936720318979,-101.3406750966972,40.64245086215576,87.8936720318979,1.1763769366979204,1,-9.547041595299177,96.26433669049916,-0.902218814404776,0,xstock_reversion
spyx,2026-08-14T17:35:00Z,5,regular,1,103.66161141710073,10.952220118802813,92.70939129829792,94.84953022290021,96.72792325365079,92.70939129829792,3.0121800265003884,1,-10.264810958302562,99.96202223010009,0.32233629350564286,0,xstock_reversion
spyx,2026-08-14T17:35:00Z,15,regular,1,103.66161141710073,10.952220118802813,92.70939129829792,94.84953022290021,96.72792325365079,92.70939129829792,1.336067499204674,1,-10.37991563170415,101.7532394307974,2.3205894401012728,0,xstock_reversion
spyx,2026-08-14T17:35:00Z,30,regular,1,103.66161141710073,10.952220118802813,92.70939129829792,94.84953022290021,96.72792325365079,92.70939129829792,1.078243112093702,1,-5.223301688399573,96.85444987460379,7.475527662803572,0,xstock_reversion
spyx,2026-08-14T17:35:00Z,60,regular,1,103.66161141710073,10.952220118802813,92.70939129829792,94.84953022290021,96.72792325365079,92.70939129829792,1.3523641450952084,1,-6.632886074697808,97.98991322790052,5.542737222805627,0,xstock_reversion
spyx,2026-08-14T17:55:00Z,5,regular,1,97.87869541519889,8.718531077001046,-89.16016433819784,-98.29094180910047,114.93456947610359,89.16016433819784,2.65115125859694,1,-8.60642174810522,100.4177373449,-2.4486902850995307,0,xstock_reversion
spyx,2026-08-14T17:55:00Z,15,regular,1,97.87869541519889,8.718531077001046,-89.16016433819784,-98.29094180910047,114.93456947610359,89.16016433819784,1.943260404404512,1,-12.671024664303587,99.88792859809692,-4.252604784502623,0,xstock_reversion
spyx,2026-08-14T17:55:00Z,30,regular,1,97.87869541519889,8.718531077001046,-89.16016433819784,-98.29094180910047,114.93456947610359,89.16016433819784,2.5340991270983437,1,-12.960509951502885,99.58657516260239,-1.2244200935995764,0,xstock_reversion
spyx,2026-08-14T17:55:00Z,60,regular,1,97.87869541519889,8.718531077001046,-89.16016433819784,-98.29094180910047,114.93456947610359,89.16016433819784,4.970935244905661,1,-15.053840447807332,99.24306954109952,-4.639115558502382,0,xstock_reversion
spyx,2026-08-14T19:30:00Z,5,regular,1,55.50218274709806,5.360528108093732,-50.14165463900433,-52.64278720940041,24.657064380177125,50.14165463900433,5.288578986597514,1,-4.695378041699172,49.54845369410599,0.8374103411945555,0,xstock_reversion
spyx,2026-08-14T19:30:00Z,15,regular,1,55.50218274709806,5.360528108093732,-50.14165463900433,-52.64278720940041,24.657064380177125,50.14165463900433,4.0798514230022676,1,-4.07381146239949,50.13561467840155,0.45090454679375114,0,xstock_reversion
spyx,2026-08-14T19:30:00Z,30,regular,1,55.50218274709806,5.360528108093732,-50.14165463900433,-52.64278720940041,24.657064380177125,50.14165463900433,4.776646437800736,1,-6.046138260495937,51.41114646169953,2.64130159729703,0,xstock_reversion
spyx,2026-08-14T19:30:00Z,60,regular,1,55.50218274709806,5.360528108093732,-50.14165463900433,-52.64278720940041,24.657064380177125,50.14165463900433,3.3335623847996487,1,-0.7327845777016506,54.20800160150563,2.64130159729703,0,xstock_reversion
spyx,2026-08-20T08:10:00Z,5,premarket,1,51.530702012199114,1.8974261146986748,-53.42812812689779,-57.18854152130248,22.73550515684901,53.42812812689779,2.0533459542004806,1,1.6740643523949217,53.80740972870335,-2.731440851997391,0,xstock_reversion
spyx,2026-08-20T08:10:00Z,15,premarket,1,51.530702012199114,1.8974261146986748,-53.42812812689779,-57.18854152130248,22.73550515684901,53.42812812689779,1.0663390486076452,1,3.983285675195347,48.3785034030948,4.68420650300061,0,xstock_reversion
spyx,2026-08-20T08:10:00Z,30,premarket,1,51.530702012199114,1.8974261146986748,-53.42812812689779,-57.18854152130248,22.73550515684901,53.42812812689779,11.397535926507274,1,5.980508821394892,36.05008337899562,2.862309903601812,0,xstock_reversion
spyx,2026-08-20T08:10:00Z,60,premarket,1,51.530702012199114,1.8974261146986748,-53.42812812689779,-57.18854152130248,22.73550515684901,53.42812812689779,1.7191879713962521,1,1.6013214314991586,53.54599466679488,3.1225605250018162,0,xstock_reversion
spyx,2026-08-25T12:45:00Z,5,premarket,1,51.59823482330239,2.727925544201426,48.870309279100965,49.053769495399635,28.406406764386087,48.870309279100965,5.305250320697397,1,-2.2936628768999157,45.858721835303484,2.348459160597116,0,xstock_reversion
spyx,2026-08-25T12:45:00Z,15,premarket,1,51.59823482330239,2.727925544201426,48.870309279100965,49.053769495399635,28.406406764386087,48.870309279100965,0.3976005474015665,1,-1.4680908364006484,49.94079956810005,0.7828810024967936,0,xstock_reversion
spyx,2026-08-25T12:45:00Z,30,premarket,1,51.59823482330239,2.727925544201426,48.870309279100965,49.053769495399635,28.406406764386087,48.870309279100965,0.675231047901903,1,-1.0940315422036662,49.28910977340273,3.392041780703181,0,xstock_reversion
spyx,2026-08-25T12:45:00Z,60,premarket,1,51.59823482330239,2.727925544201426,48.870309279100965,49.053769495399635,28.406406764386087,48.870309279100965,4.9272922167009625,1,-4.973873266305162,48.916890328705165,1.1742985210982937,0,xstock_reversion
spyx,2026-08-26T20:35:00Z,5,afterhours,1,88.36690932599645,3.2436062171026236,-85.12330310889382,-85.37606702479827,37.712766918196415,85.12330310889382,2.5509114207977746,1,-2.70192116140322,85.27431284949927,1.3047676227007088,0,xstock_reversion
spyx,2026-08-26T20:35:00Z,15,afterhours,1,88.36690932599645,3.2436062171026236,-85.12330310889382,-85.37606702479827,37.712766918196415,85.12330310889382,4.513581588403426,1,-7.676717317499637,97.31360201479688,-8.998259639696471,0,xstock_reversion
spyx,2026-08-26T20:35:00Z,30,afterhours,1,88.36690932599645,3.2436062171026236,-85.12330310889382,-85.37606702479827,37.712766918196415,85.12330310889382,1.139673726706647,1,-24.099236118004796,108.08286550019197,-31.523577584895435,0,xstock_reversion
spyx,2026-08-26T20:35:00Z,60,afterhours,1,88.36690932599645,3.2436062171026236,-85.12330310889382,-85.37606702479827,37.712766918196415,85.12330310889382,0.6805648191932079,1,-46.899896372298855,131.34263466199945,-47.378031848097635,0,xstock_reversion
spyx,2026-08-27T08:05:00Z,5,premarket,1,96.55570360959764,10.027891086199503,-86.52781252339814,-89.1380659609986,38.08696209536257,86.52781252339814,0.6339554197953845,1,-9.401532412205427,96.56330035539895,-2.467772847500882,0,xstock_reversion
spyx,2026-08-27T08:05:00Z,15,premarket,1,96.55570360959764,10.027891086199503,-86.52781252339814,-89.1380659609986,38.08696209536257,86.52781252339814,2.053596827398252,1,-8.566397468703357,97.14780681949975,1.6888271135950816,0,xstock_reversion
spyx,2026-08-27T08:05:00Z,30,premarket,1,96.55570360959764,10.027891086199503,-86.52781252339814,-89.1380659609986,38.08696209536257,86.52781252339814,0.7264990581035136,1,-10.689635378406948,96.49094884370157,0.2598009923993061,0,xstock_reversion
spyx,2026-08-27T08:05:00Z,60,premarket,1,96.55570360959764,10.027891086199503,-86.52781252339814,-89.1380659609986,38.08696209536257,86.52781252339814,5.297666276300461,1,-2.094015981706221,93.91949478140482,7.926968349796226,0,xstock_reversion
spyx,2026-08-28T14:25:00Z,5,regular,1,70.77134083209202,2.248202521295539,-68.52313831079648,-57.39110310189588,29.838311617255094,68.52313831079648,7.343531389700786,1,-2.793217687298011,78.65988738779528,-10.884777936803758,0,xstock_reversion
spyx,2026-08-28T14:25:00Z,15,regular,1,70.77134083209202,2.248202521295539,-68.52313831079648,-57.39110310189588,29.838311617255094,68.52313831079648,4.661980044895486,1,-15.184489186097494,79.04564745199849,-27.060462298207355,0,xstock_reversion
spyx,2026-08-28T14:25:00Z,30,regular,1,70.77134083209202,2.248202521295539,-68.52313831079648,-57.39110310189588,29.838311617255094,68.52313831079648,4.309502905703866,1,-44.21437110059934,117.04701231709969,-47.34141217090482,0,xstock_reversion
spyx,2026-08-28T14:25:00Z,60,regular,1,70.77134083209202,2.248202521295539,-68.52313831079648,-57.39110310189588,29.838311617255094,68.52313831079648,1.079779891899335,1,-47.67643136170285,117.27934956439867,-47.21108203110447,0,xstock_reversion
spyx,2026-08-28T15:05:00Z,5,regular,1,103.70851798310099,0.26430782320119306,-103.4442101598998,-108.69297764259933,47.84864520355201,103.4442101598998,11.158573245397818,1,0.7076203305977913,91.57801658390419,0.5812320183018471,0,xstock_reversion
spyx,2026-08-28T15:05:00Z,15,regular,1,103.70851798310099,0.26430782320119306,-103.4442101598998,-108.69297764259933,47.84864520355201,103.4442101598998,2.7464853752956486,1,-1.0905679686068481,107.2812635038023,-7.5529435861021454,0,xstock_reversion
spyx,2026-08-28T15:05:00Z,30,regular,1,103.70851798310099,0.26430782320119306,-103.4442101598998,-108.69297764259933,47.84864520355201,103.4442101598998,6.8481227116024,1,-3.913250260403345,114.20558313190554,7.623281093298573,0,xstock_reversion
spyx,2026-08-28T15:05:00Z,60,regular,1,103.70851798310099,0.26430782320119306,-103.4442101598998,-108.69297764259933,47.84864520355201,103.4442101598998,4.482655580595463,1,43.61074781739305,64.31611792310221,34.69018980760019,0,xstock_reversion
spyx,2026-09-01T15:45:00Z,5,regular,1,86.75044891760741,10.924461250807482,-75.82598766679993,-74.17342497020307,34.34058761359115,75.82598766679993,0.45000912420434247,1,-10.45893458720748,85.83491312980307,0.13079503760060618,0,xstock_reversion
spyx,2026-09-01T15:45:00Z,15,regular,1,86.75044891760741,10.924461250807482,-75.82598766679993,-74.17342497020307,34.34058761359115,75.82598766679993,0.2752968932995259,1,-7.539533978206947,83.6408185383064,3.9245954900035684,0,xstock_reversion
spyx,2026-09-01T15:45:00Z,30,regular,1,86.75044891760741,10.924461250807482,-75.82598766679993,-74.17342497020307,34.34058761359115,75.82598766679993,4.0473563691012515,1,2.589039095495238,69.18959220220344,20.1626169720992,0,xstock_reversion
spyx,2026-09-01T15:45:00Z,60,regular,1,86.75044891760741,10.924461250807482,-75.82598766679993,-74.17342497020307,34.34058761359115,75.82598766679993,2.499819185297625,1,25.969669772392123,52.356137079705434,34.06444087420191,0,xstock_reversion
spyx,2026-09-02T08:50:00Z,5,premarket,1,73.50818538750303,8.538739360899328,-82.04692474840236,-94.89665280320025,34.37233093975662,82.04692474840236,3.1299597252942846,1,7.827341865498383,77.34954260819826,-3.5532627879941714,0,xstock_reversion
spyx,2026-09-02T08:50:00Z,15,premarket,1,73.50818538750303,8.538739360899328,-82.04692474840236,-94.89665280320025,34.37233093975662,82.04692474840236,6.101111352201372,1,0.38525556810498074,87.76278053249875,-11.444884925797538,0,xstock_reversion
spyx,2026-09-02T08:50:00Z,30,premarket,1,73.50818538750303,8.538739360899328,-82.04692474840236,-94.89665280320025,34.37233093975662,82.04692474840236,1.4714095689960516,1,2.8520650261043556,77.72345015330195,-1.0529502359002407,0,xstock_reversion
spyx,2026-09-02T08:50:00Z,60,premarket,1,73.50818538750303,8.538739360899328,-82.04692474840236,-94.89665280320025,34.37233093975662,82.04692474840236,1.529500598103084,1,7.80202652320483,75.77439882330061,-1.1845612201000222,0,xstock_reversion
spyx,2026-09-02T13:40:00Z,5,regular,1,68.47301920969606,9.454870800098547,-59.018148409597515,-64.95497690139906,26.869076626153678,59.018148409597515,3.93808063880563,1,-8.746162600701268,63.82623037149315,9.312147778599567,0,xstock_reversion
spyx,2026-09-02T13:40:00Z,15,regular,1,68.47301920969606,9.454870800098547,-59.018148409597515,-64.95497690139906,26.869076626153678,59.018148409597515,6.141842242302076,1,-5.284790957400531,70.44478160930012,-3.473439690502289,0,xstock_reversion
spyx,2026-09-02T13:40:00Z,30,regular,1,68.47301920969606,9.454870800098547,-59.018148409597515,-64.95497690139906,26.869076626153678,59.018148409597515,3.8500010559072706,1,-21.972896209394577,84.84104567489936,-18.990870446797814,0,xstock_reversion
spyx,2026-09-02T13:40:00Z,60,regular,1,68.47301920969606,9.454870800098547,-59.018148409597515,-64.95497690139906,26.869076626153678,59.018148409597515,36.90891623289616,1,-46.407397977796805,68.51663015449816,-45.778642501002054,0,xstock_reversion
spyx,2026-09-04T23:30:00Z,5,afterhours,1,132.9264777660022,1.1914785400968242,-131.73499922590537,-143.59093727060568,60.83728927316433,131.73499922590537,0.13977204770476703,1,-1.0070323166999628,132.60225949490058,-0.025983778302318683,0,xstock_reversion
spyx,2026-09-04T23:30:00Z,15,afterhours,1,132.9264777660022,1.1914785400968242,-131.73499922590537,-143.59093727060568,60.83728927316433,131.73499922590537,6.370481325994604,1,-1.19613458910095,139.30161514100092,2.078921047496962,0,xstock_reversion
spyx,2026-09-08T12:10:00Z,5,premarket,1,155.39987171499627,0.16048993689565805,-155.2393817781006,-152.18984435979797,62.094549736285295,155.2393817781006,11.003027564298051,1,-0.6789447841981655,166.9213541265968,-5.729017630198285,0,xstock_reversion
spyx,2026-09-08T12:10:00Z,15,premarket,1,155.39987171499627,0.16048993689565805,-155.2393817781006,-152.18984435979797,62.094549736285295,155.2393817781006,5.893485646195629,1,-6.464596084301277,167.5974635085975,-8.592296103602237,0,xstock_reversion
spyx,2026-09-08T12:10:00Z,30,premarket,1,155.39987171499627,0.16048993689565805,-155.2393817781006,-152.18984435979797,62.094549736285295,155.2393817781006,131.52039181830054,1,-6.648694350994688,30.36768431079473,-14.96665319230317,0,xstock_reversion
spyx,2026-09-08T12:10:00Z,60,premarket,1,155.39987171499627,0.16048993689565805,-155.2393817781006,-152.18984435979797,62.094549736285295,155.2393817781006,6.164073066203812,1,-18.570759833895778,179.97421467820018,-19.257299000301487,0,xstock_reversion
spyx,2026-09-08T12:40:00Z,5,premarket,1,139.9988405965047,8.47844877820414,-131.52039181830054,-137.22977919780277,98.87126460334581,131.52039181830054,126.10288703149841,1,-1.8587863972019392,7.27629118400408,-2.0805430292991645,0,xstock_reversion
spyx,2026-09-08T12:40:00Z,15,premarket,1,139.9988405965047,8.47844877820414,-131.52039181830054,-137.22977919780277,98.87126460334581,131.52039181830054,4.38618788730416,1,-12.789931105201546,148.69651081080627,-4.420636643702736,0,xstock_reversion
spyx,2026-09-08T12:40:00Z,30,premarket,1,139.9988405965047,8.47844877820414,-131.52039181830054,-137.22977919780277,98.87126460334581,131.52039181830054,6.164073066203812,1,-11.92206548290109,149.60653036740547,-4.290645807998317,0,xstock_reversion
spyx,2026-09-08T12:40:00Z,60,premarket,1,139.9988405965047,8.47844877820414,-131.52039181830054,-137.22977919780277,98.87126460334581,131.52039181830054,5.687694710099223,1,2.2223738765969614,123.61032323160437,21.61121499340446,0,xstock_reversion
spyx,2026-09-08T12:45:00Z,5,premarket,1,134.80309244179978,8.700205410301365,-126.10288703149841,-132.49111592020137,60.72248354935799,126.10288703149841,2.3154709437012144,1,-8.01735962180139,131.80477570959857,-2.2101027786991523,0,xstock_reversion
spyx,2026-09-08T12:45:00Z,15,premarket,1,134.80309244179978,8.700205410301365,-126.10288703149841,-132.49111592020137,60.72248354935799,126.10288703149841,4.620220805495734,1,-11.255257045101885,141.97836488209603,-1.0401092124023847,0,xstock_reversion
spyx,2026-09-08T12:45:00Z,30,premarket,1,134.80309244179978,8.700205410301365,-126.10288703149841,-132.49111592020137,60.72248354935799,126.10288703149841,4.227367444604724,1,-11.05790720189681,141.38816167799996,-3.133001122099799,0,xstock_reversion
spyx,2026-09-08T12:45:00Z,60,premarket,1,134.80309244179978,8.700205410301365,-126.10288703149841,-132.49111592020137,60.72248354935799,126.10288703149841,8.51485404080421,1,13.831577873801848,120.78616319850077,18.089188511805077,0,xstock_reversion
spyx,2026-09-08T15:45:00Z,5,regular,1,221.50597889320167,12.478581329800065,-209.02739756340162,-230.12287657460107,95.23247864802188,209.02739756340162,5.567304261298034,1,-12.470894629297291,227.06559645399693,-0.39085146999795484,0,xstock_reversion
spyx,2026-09-08T15:45:00Z,15,regular,1,221.50597889320167,12.478581329800065,-209.02739756340162,-230.12287657460107,95.23247864802188,209.02739756340162,12.39335693750121,1,-9.557967169797621,206.19200779569803,-1.563314229295898,0,xstock_reversion
spyx,2026-09-08T15:45:00Z,30,regular,1,221.50597889320167,12.478581329800065,-209.02739756340162,-230.12287657460107,95.23247864802188,209.02739756340162,1.4788461885029136,1,-8.51029756679722,219.01654131870174,8.146215230304676,0,xstock_reversion
spyx,2026-09-08T15:45:00Z,60,regular,1,221.50597889320167,12.478581329800065,-209.02739756340162,-230.12287657460107,95.23247864802188,209.02739756340162,5.606656024097489,1,-6.066838902496485,220.70089248999557,3.8441866924010526,0,xstock_reversion
spyx,2026-09-08T17:20:00Z,5,regular,1,52.5065267436009,3.9725973927051683,-48.53392935089573,-55.136611313999495,22.607716828899065,48.53392935089573,2.2026600556035447,1,-3.627597371504976,49.958866666797164,1.498307892005002,0,xstock_reversion
spyx,2026-09-08T17:20:00Z,15,regular,1,52.5065267436009,3.9725973927051683,-48.53392935089573,-55.136611313999495,22.607716828899065,48.53392935089573,14.909355956795878,1,-3.609015021703854,37.23358841580371,-1.1724322119999186,0,xstock_reversion
spyx,2026-09-08T17:20:00Z,30,regular,1,52.5065267436009,3.9725973927051683,-48.53392935089573,-55.136611313999495,22.607716828899065,48.53392935089573,153.0098976057026,0,9.58171467859259,-114.05768293339946,-2.735461365697134,0,persistent_or_wider
spyx,2026-09-08T17:20:00Z,60,regular,1,52.5065267436009,3.9725973927051683,-48.53392935089573,-55.136611313999495,22.607716828899065,48.53392935089573,2.6061839029001277,1,-6.991537235805367,58.13165048960123,-0.13027703420043224,0,xstock_reversion
spyx,2026-09-08T17:50:00Z,5,regular,1,169.2996710426975,16.289773436994892,-153.0098976057026,-151.29127134920316,65.20203299932359,153.0098976057026,0.6020353539959444,1,-15.601558400293314,168.00942065199996,4.429217273393959,0,xstock_reversion
spyx,2026-09-08T17:50:00Z,15,regular,1,169.2996710426975,16.289773436994892,-153.0098976057026,-151.29127134920316,65.20203299932359,153.0098976057026,2.594766246906133,1,-14.112604818592445,169.71726867120117,0.3907343853981615,0,xstock_reversion
spyx,2026-09-08T17:50:00Z,30,regular,1,169.2996710426975,16.289773436994892,-153.0098976057026,-151.29127134920316,65.20203299932359,153.0098976057026,2.6061839029001277,1,-16.573251914397957,172.18933342300068,2.6051843314967016,0,xstock_reversion
spyx,2026-09-08T17:50:00Z,60,regular,1,169.2996710426975,16.289773436994892,-153.0098976057026,-151.29127134920316,65.20203299932359,153.0098976057026,3.418892145594654,1,2.9833984604010766,153.44539129089617,10.815953933400735,0,xstock_reversion
spyx,2026-09-08T21:15:00Z,5,afterhours,1,73.37031094899693,1.9395521314979902,71.43075881749894,65.73476132839318,32.02589126438389,71.43075881749894,12.38925741209762,1,-1.8692686191990049,85.68928484879557,-0.39172928899766646,0,xstock_reversion
spyx,2026-09-08T21:15:00Z,15,afterhours,1,73.37031094899693,1.9395521314979902,71.43075881749894,65.73476132839318,32.02589126438389,71.43075881749894,0.01929562030156262,1,-2.3093581271993457,73.75941256499985,-1.17523390549934,0,xstock_reversion
spyx,2026-09-08T21:15:00Z,30,afterhours,1,73.37031094899693,1.9395521314979902,71.43075881749894,65.73476132839318,32.02589126438389,71.43075881749894,4.183715445496006,1,-2.63386938569532,69.88091275769825,-0.6528906737024442,0,xstock_reversion
spyx,2026-09-08T21:15:00Z,60,afterhours,1,73.37031094899693,1.9395521314979902,71.43075881749894,65.73476132839318,32.02589126438389,71.43075881749894,8.713688544998988,1,-2.6172376395994235,65.33430791209938,0.13057301970320623,0,xstock_reversion
spyx,2026-09-08T22:35:00Z,5,afterhours,1,97.98898280269697,1.6011831300932755,-96.38779967260369,-106.10296598099644,39.40282635871323,96.38779967260369,7.507026775401826,1,-1.4935680721972489,105.38839452020277,-0.6332702568023763,0,xstock_reversion
spyx,2026-09-08T22:35:00Z,15,afterhours,1,97.98898280269697,1.6011831300932755,-96.38779967260369,-106.10296598099644,39.40282635871323,96.38779967260369,8.433636802003264,1,-2.660800926994611,107.48223740160157,-2.199952158301599,0,xstock_reversion
spyx,2026-09-08T22:35:00Z,30,afterhours,1,97.98898280269697,1.6011831300932755,-96.38779967260369,-106.10296598099644,39.40282635871323,96.38779967260369,3.709082984402201,1,-4.051758942997807,104.1486416000037,-2.722124919207758,0,xstock_reversion
spyx,2026-09-08T22:35:00Z,60,afterhours,1,97.98898280269697,1.6011831300932755,-96.38779967260369,-106.10296598099644,39.40282635871323,96.38779967260369,1.7368953704988144,1,0.46865543670726595,94.18224886539761,3.4151277430005678,0,xstock_reversion
spyx,2026-09-09T08:30:00Z,5,premarket,1,83.88918455080052,3.3459905345978314,-80.54319401620269,-93.18655686890054,40.49183233652629,80.54319401620269,5.14922809010443,1,-3.3737513756992854,89.0661734820064,6.003262823099931,0,xstock_reversion
spyx,2026-09-09T08:30:00Z,15,premarket,1,83.88918455080052,3.3459905345978314,-80.54319401620269,-93.18655686890054,40.49183233652629,80.54319401620269,12.487421399303145,1,3.9580362165025917,89.07257919900324,6.786562866496482,0,xstock_reversion
spyx,2026-09-09T08:30:00Z,60,premarket,1,83.88918455080052,3.3459905345978314,-80.54319401620269,-93.18655686890054,40.49183233652629,80.54319401620269,6.128144086794407,1,5.755437734897839,80.91590036809926,13.577734604597325,0,xstock_reversion
spyx,2026-09-09T10:05:00Z,5,premarket,1,63.530892401297834,1.5849097598064077,-61.945982641491426,-75.60778956259284,19.592588328677078,61.945982641491426,6.805420025104425,1,-1.807982977402034,70.55938564399789,2.093994170602187,0,xstock_reversion
spyx,2026-09-09T10:05:00Z,15,premarket,1,63.530892401297834,1.5849097598064077,-61.945982641491426,-75.60778956259284,19.592588328677078,61.945982641491426,2.1878167290978467,1,-2.8570506113023697,62.61521652369595,0.9160684964015786,0,xstock_reversion
spyx,2026-09-09T10:05:00Z,30,premarket,1,63.530892401297834,1.5849097598064077,-61.945982641491426,-75.60778956259284,19.592588328677078,61.945982641491426,5.16888233730306,1,-0.8908120784045792,68.00567705719907,2.224883366404029,0,xstock_reversion
spyx,2026-09-09T10:05:00Z,60,premarket,1,63.530892401297834,1.5849097598064077,-61.945982641491426,-75.60778956259284,19.592588328677078,61.945982641491426,11.36631296200008,1,9.28835172039122,64.02394388310029,8.27383290590511,0,xstock_reversion
spyx,2026-09-09T14:00:00Z,5,regular,1,135.63957118310378,7.750317643404614,-127.88925353969915,-141.64992580059987,60.9464776937719,127.88925353969915,4.49126575510661,1,-7.834604089200781,140.21512338400655,-3.010648555701323,0,xstock_reversion
spyx,2026-09-09T14:00:00Z,15,regular,1,135.63957118310378,7.750317643404614,-127.88925353969915,-141.64992580059987,60.9464776937719,127.88925353969915,5.51682726429803,1,-7.889708686006358,130.26213496140747,10.282305845104034,0,xstock_reversion
spyx,2026-09-09T14:00:00Z,30,regular,1,135.63957118310378,7.750317643404614,-127.88925353969915,-141.64992580059987,60.9464776937719,127.88925353969915,0.2604781316950522,1,-8.924108808505693,137.0738404798999,4.583161544999825,0,xstock_reversion
spyx,2026-09-09T14:00:00Z,60,regular,1,135.63957118310378,7.750317643404614,-127.88925353969915,-141.64992580059987,60.9464776937719,127.88925353969915,53.10878923930673,1,-1.7677833364082574,76.54824763680068,13.10032414149731,0,xstock_reversion
spyx,2026-09-09T14:55:00Z,5,regular,1,181.0336627111031,15.878936205400151,-165.15472650570297,-207.7972844490983,78.22453507639821,165.15472650570297,53.10878923930673,1,-10.681937568701727,122.72787483509795,12.314788471199378,0,xstock_reversion
spyx,2026-09-09T14:55:00Z,15,regular,1,181.0336627111031,15.878936205400151,-165.15472650570297,-207.7972844490983,78.22453507639821,165.15472650570297,2.240241349298344,1,4.537805123305816,158.3766800330988,28.189161257801132,0,xstock_reversion
spyx,2026-09-09T14:55:00Z,30,regular,1,181.0336627111031,15.878936205400151,-165.15472650570297,-207.7972844490983,78.22453507639821,165.15472650570297,9.375233629800306,1,18.63250337420297,155.8974567613003,29.370907223205123,0,xstock_reversion
spyx,2026-09-09T14:55:00Z,60,regular,1,181.0336627111031,15.878936205400151,-165.15472650570297,-207.7972844490983,78.22453507639821,165.15472650570297,0.7470420040966985,1,0.4480793408045969,163.95960516080166,21.10161666390553,0,xstock_reversion
spyx,2026-09-09T15:00:00Z,5,regular,1,45.99099940480578,7.117789834500954,-53.10878923930673,-61.26685786330022,100.58415390279403,53.10878923930673,106.55109305229615,0,16.021912617505407,-69.46421643049483,7.868440094398466,0,persistent_or_wider
spyx,2026-09-09T15:00:00Z,15,regular,1,45.99099940480578,7.117789834500954,-53.10878923930673,-61.26685786330022,100.58415390279403,53.10878923930673,7.118396712995079,1,22.075109131503012,38.1520768207988,10.360091794803239,0,xstock_reversion
spyx,2026-09-09T15:00:00Z,30,regular,1,45.99099940480578,7.117789834500954,-53.10878923930673,-61.26685786330022,100.58415390279403,53.10878923930673,0.427853747702045,1,24.41158606160343,28.269349430001256,9.049240284699778,0,xstock_reversion
spyx,2026-09-09T15:00:00Z,60,regular,1,45.99099940480578,7.117789834500954,-53.10878923930673,-61.26685786330022,100.58415390279403,53.10878923930673,5.813217287506944,1,15.217144927808235,43.70486159900544,6.163085934103307,0,xstock_reversion
spyx,2026-09-09T15:05:00Z,5,regular,1,107.58677574090214,1.0356826886059878,-106.55109305229615,-132.25603750779413,103.42611443582834,106.55109305229615,2.240241349298344,1,-0.8021699254978643,105.11302162849567,8.005932692203288,0,xstock_reversion
spyx,2026-09-09T15:05:00Z,15,regular,1,107.58677574090214,1.0356826886059878,-106.55109305229615,-132.25603750779413,103.42611443582834,106.55109305229615,5.357494623901005,1,2.0972408495012473,99.0963575788939,15.624080012006658,0,xstock_reversion
spyx,2026-09-09T15:05:00Z,30,regular,1,107.58677574090214,1.0356826886059878,-106.55109305229615,-132.25603750779413,103.42611443582834,106.55109305229615,9.945870917498212,1,-0.38991943820398944,116.88688340799835,-8.786021612294803,0,xstock_reversion
spyx,2026-09-09T15:05:00Z,60,regular,1,107.58677574090214,1.0356826886059878,-106.55109305229615,-132.25603750779413,103.42611443582834,106.55109305229615,6.775689951501462,1,-2.081496410699657,101.85689951149435,9.515966211202098,0,xstock_reversion
spyx,2026-09-09T17:10:00Z,5,regular,1,133.278964436796,17.46323174479869,-115.8157326919973,-110.99724456009596,43.05124248021093,115.8157326919973,10.218644448105607,1,-17.661662458197114,143.69603959830002,3.6683658771963223,0,xstock_reversion
spyx,2026-09-09T17:10:00Z,15,regular,1,133.278964436796,17.46323174479869,-115.8157326919973,-110.99724456009596,43.05124248021093,115.8157326919973,94.6840137627003,1,-9.672331699395187,30.80405062869218,3.0142785290010465,0,xstock_reversion
spyx,2026-09-09T17:10:00Z,30,regular,1,133.278964436796,17.46323174479869,-115.8157326919973,-110.99724456009596,43.05124248021093,115.8157326919973,75.99670305350692,1,-1.8052682522018415,41.62429789069222,3.276432649501615,0,xstock_reversion
spyx,2026-09-09T17:10:00Z,60,regular,1,133.278964436796,17.46323174479869,-115.8157326919973,-110.99724456009596,43.05124248021093,115.8157326919973,3.264124969204474,1,-12.048514119795684,131.12837178099744,9.832520211396911,0,xstock_reversion
spyx,2026-09-09T17:25:00Z,5,regular,1,99.46063527910276,4.776621516402457,-94.6840137627003,30.80405062869218,91.09391516758542,94.6840137627003,21.890212627599936,1,-2.703615196502085,75.49741633160245,1.3108393322980305,0,xstock_reversion
spyx,2026-09-09T17:25:00Z,15,regular,1,99.46063527910276,4.776621516402457,-94.6840137627003,30.80405062869218,91.09391516758542,94.6840137627003,75.99670305350692,1,7.867063447193345,10.820247262000038,0.2621541205005684,0,xstock_reversion
spyx,2026-09-09T17:25:00Z,30,regular,1,99.46063527910276,4.776621516402457,-94.6840137627003,30.80405062869218,91.09391516758542,94.6840137627003,10.210692509602382,1,-8.17304402490393,92.64636527800185,-1.37619639190234,0,xstock_reversion
spyx,2026-09-09T17:25:00Z,60,regular,1,99.46063527910276,4.776621516402457,-94.6840137627003,30.80405062869218,91.09391516758542,94.6840137627003,13.4487378887993,1,-3.6872041451996296,84.92248001910063,1.0486577190960134,0,xstock_reversion
spyx,2026-09-09T17:40:00Z,5,regular,1,88.37823389660215,12.381530843095234,-75.99670305350692,10.820247262000038,94.5608921435999,75.99670305350692,135.8150414441983,0,-0.1938425714964609,-59.624495819194934,-2.228090993998677,0,persistent_or_wider
spyx,2026-09-09T17:40:00Z,15,regular,1,88.37823389660215,12.381530843095234,-75.99670305350692,10.820247262000038,94.5608921435999,75.99670305350692,10.210692509602382,1,-16.040107472097276,81.82611801600181,-1.6383505124029085,0,xstock_reversion
spyx,2026-09-09T17:40:00Z,30,regular,1,88.37823389660215,12.381530843095234,-75.99670305350692,10.820247262000038,94.5608921435999,75.99670305350692,3.264124969204474,1,-10.243245867593842,89.50407389030524,6.556087561895296,0,xstock_reversion
spyx,2026-09-09T17:40:00Z,60,regular,1,88.37823389660215,12.381530843095234,-75.99670305350692,10.820247262000038,94.5608921435999,75.99670305350692,1.9174399603016923,1,-13.753764694994786,91.6679077088034,-3.8005622668979555,0,xstock_reversion
spyx,2026-09-09T17:45:00Z,5,regular,1,150.23082070979575,14.41577926559745,-135.8150414441983,-124.30166488879735,68.62432777257077,135.8150414441983,55.215733120803634,1,-9.094368104003436,89.69367642739812,-2.620648101299139,0,xstock_reversion
spyx,2026-09-09T17:45:00Z,15,regular,1,150.23082070979575,14.41577926559745,-135.8150414441983,-124.30166488879735,68.62432777257077,135.8150414441983,6.549823911194963,1,-14.469394590204132,156.8342599455974,-0.45866299750230155,0,xstock_reversion
spyx,2026-09-09T17:45:00Z,30,regular,1,150.23082070979575,14.41577926559745,-135.8150414441983,-124.30166488879735,68.62432777257077,135.8150414441983,8.012008160598327,1,-6.494619478303321,150.32166908309995,6.685762852001176,0,xstock_reversion
spyx,2026-09-09T17:45:00Z,60,regular,1,150.23082070979575,14.41577926559745,-135.8150414441983,-124.30166488879735,68.62432777257077,135.8150414441983,2.4703992605079605,1,-15.680502166404153,149.0251443500945,0.7863283711007085,0,xstock_reversion
spyx,2026-09-09T17:50:00Z,5,regular,1,63.15779238369679,7.942059262893153,-55.215733120803634,-59.01743302779927,83.90315033677916,55.215733120803634,10.210692509602382,1,-6.751896796597379,51.75693740779863,3.2103885828949075,0,xstock_reversion
spyx,2026-09-09T17:50:00Z,15,regular,1,63.15779238369679,7.942059262893153,-55.215733120803634,-59.01743302779927,83.90315033677916,55.215733120803634,188.43899463499625,0,10.474704060206008,-143.6979655743986,6.815114089295804,0,persistent_or_wider
spyx,2026-09-09T17:50:00Z,30,regular,1,63.15779238369679,7.942059262893153,-55.215733120803634,-59.01743302779927,83.90315033677916,55.215733120803634,73.67236564840063,0,7.761414694202884,-26.21804722179988,4.0622973504955695,0,persistent_or_wider
spyx,2026-09-09T17:50:00Z,60,regular,1,63.15779238369679,7.942059262893153,-55.215733120803634,-59.01743302779927,83.90315033677916,55.215733120803634,3.923392257894065,1,-4.953306843900052,64.09243222259775,-0.0,0,xstock_reversion
spyx,2026-09-09T18:05:00Z,5,regular,1,200.0406438687996,11.601649233803357,-188.43899463499625,-143.6979655743986,109.5955013715755,188.43899463499625,3.264124969204474,1,-11.429739252299953,203.13285885650066,4.589712567897308,0,xstock_reversion
spyx,2026-09-09T18:05:00Z,15,regular,1,200.0406438687996,11.601649233803357,-188.43899463499625,-143.6979655743986,109.5955013715755,188.43899463499625,73.67236564840063,1,-2.7132893660031243,117.47991835259874,-2.7528167388002345,0,xstock_reversion
spyx,2026-09-09T18:05:00Z,30,regular,1,200.0406438687996,11.601649233803357,-188.43899463499625,-143.6979655743986,109.5955013715755,188.43899463499625,2.3307603798983223,1,-12.223920980405367,202.99367599529995,-3.2770768767953484,0,xstock_reversion
spyx,2026-09-09T18:05:00Z,60,regular,1,200.0406438687996,11.601649233803357,-188.43899463499625,-143.6979655743986,109.5955013715755,188.43899463499625,2.120807426901905,1,-10.712207277805419,197.03039448589976,-4.4565617054015405,0,xstock_reversion
spyx,2026-09-09T18:20:00Z,5,regular,1,85.3135422550011,11.641176606600467,-73.67236564840063,117.47991835259874,138.60763547751435,73.67236564840063,13.4487378887993,1,-10.027471611095962,70.25109937069729,1.5729453433976914,0,xstock_reversion
spyx,2026-09-09T18:20:00Z,15,regular,1,85.3135422550011,11.641176606600467,-73.67236564840063,117.47991835259874,138.60763547751435,73.67236564840063,2.3307603798983223,1,-9.510631614402243,85.5137576427012,-0.524260137995114,0,xstock_reversion
spyx,2026-09-09T18:20:00Z,30,regular,1,85.3135422550011,11.641176606600467,-73.67236564840063,117.47991835259874,138.60763547751435,73.67236564840063,3.923392257894065,1,-12.714721538102935,90.31047944439763,-4.0622973504955695,0,xstock_reversion
spyx,2026-09-09T18:20:00Z,60,regular,1,85.3135422550011,11.641176606600467,-73.67236564840063,117.47991835259874,138.60763547751435,73.67236564840063,11.90876720070122,1,-14.526483549799352,76.29008199749876,-3.407199707901043,0,xstock_reversion
spyx,2026-09-09T19:25:00Z,5,regular,1,248.4412689717974,18.282209591502507,-230.1590593802949,-242.31380418349602,96.8061775750789,230.1590593802949,1.5632241096064092,1,-17.702757049500306,249.4250405394016,1.0484103487939933,0,xstock_reversion
spyx,2026-09-09T19:25:00Z,15,regular,1,248.4412689717974,18.282209591502507,-230.1590593802949,-242.31380418349602,96.8061775750789,230.1590593802949,3.0648237059960337,1,-14.72968071930758,247.95356380559852,3.932105693298382,0,xstock_reversion
spyx,2026-09-09T19:25:00Z,30,regular,1,248.4412689717974,18.282209591502507,-230.1590593802949,-242.31380418349602,96.8061775750789,230.1590593802949,7.83785269230286,1,-10.335213879004712,248.33212595160248,9.964338982602072,0,xstock_reversion
spyx,2026-09-09T19:25:00Z,60,regular,1,248.4412689717974,18.282209591502507,-230.1590593802949,-242.31380418349602,96.8061775750789,230.1590593802949,13.20922246720535,1,-11.501782224501156,254.8700640720014,7.603466498098399,0,xstock_reversion
spyx,2026-09-09T19:35:00Z,5,regular,1,85.13638944859458,9.667805271895702,75.46858417669888,91.80033890039851,157.4242140858005,75.46858417669888,3.0648237059960337,1,-9.026033089094554,81.4297935597974,0.2621953616976924,0,xstock_reversion
spyx,2026-09-09T19:35:00Z,15,regular,1,85.13638944859458,9.667805271895702,75.46858417669888,91.80033890039851,157.4242140858005,75.46858417669888,3.191461486400371,1,-8.512336533099685,80.7894592233982,-4.655112019902319,0,xstock_reversion
spyx,2026-09-09T19:35:00Z,30,regular,1,85.13638944859458,9.667805271895702,75.46858417669888,91.80033890039851,157.4242140858005,75.46858417669888,6.931662266200789,1,-15.961750252495577,84.49867216299367,-3.2780222019024308,0,xstock_reversion
spyx,2026-09-09T19:35:00Z,60,regular,1,85.13638944859458,9.667805271895702,75.46858417669888,91.80033890039851,157.4242140858005,75.46858417669888,16.713626674604853,1,-11.848258818298874,70.6032163203929,-1.0488501990035815,0,xstock_reversion
spyx,2026-09-09T19:45:00Z,5,regular,1,76.97852289149765,5.758976937899618,71.21954595359803,72.45592578379423,165.15389266198443,71.21954595359803,3.191461486400371,1,-5.258983714000465,73.28706818119812,-5.310587534799183,0,xstock_reversion
spyx,2026-09-09T19:45:00Z,15,regular,1,76.97852289149765,5.758976937899618,71.21954595359803,72.45592578379423,165.15389266198443,71.21954595359803,2.42000361970085,1,-12.060689680799541,80.86023201469672,-7.212594814003381,0,xstock_reversion
spyx,2026-09-09T19:45:00Z,30,regular,1,76.97852289149765,5.758976937899618,71.21954595359803,72.45592578379423,165.15389266198443,71.21954595359803,10.378400586494863,1,-8.986585766894706,69.82773113399787,-4.195785919103301,0,xstock_reversion
spyx,2026-09-09T19:45:00Z,60,regular,1,76.97852289149765,5.758976937899618,71.21954595359803,72.45592578379423,165.15389266198443,71.21954595359803,4.538848163404552,1,-8.06263147420161,74.74332926439509,-1.835439724100496,0,xstock_reversion
spyx,2026-09-09T21:40:00Z,5,afterhours,1,114.04281874369815,1.434869411900408,112.60794933179774,110.97943476820582,44.485708226940865,112.60794933179774,1.868310892794156,1,-1.1817593019003425,111.92139774090393,-0.8523556164075075,0,xstock_reversion
spyx,2026-09-09T21:40:00Z,15,afterhours,1,114.04281874369815,1.434869411900408,112.60794933179774,110.97943476820582,44.485708226940865,112.60794933179774,2.336387988801647,1,-1.7686621890078413,112.04022353200394,-0.19669100180585986,0,xstock_reversion
spyx,2026-09-09T21:40:00Z,30,afterhours,1,114.04281874369815,1.434869411900408,112.60794933179774,110.97943476820582,44.485708226940865,112.60794933179774,2.804353944494409,1,-1.2353350150995368,111.03893040240287,0.45893062609714264,0,xstock_reversion
spyx,2026-09-09T21:40:00Z,60,afterhours,1,114.04281874369815,1.434869411900408,112.60794933179774,110.97943476820582,44.485708226940865,112.60794933179774,21.175336694305713,1,-0.3044078490077595,91.73702048649979,1.3767286980925775,0,xstock_reversion
spyx,2026-09-09T22:05:00Z,5,afterhours,1,58.972471355698275,0.5427279607062019,-59.51519931640448,-60.32946501790093,73.72984197455,59.51519931640448,2.804353944494409,1,0.40875637139947685,61.91079688949941,-0.3933678186029965,0,xstock_reversion
spyx,2026-09-09T22:05:00Z,15,afterhours,1,58.972471355698275,0.5427279607062019,-59.51519931640448,-60.32946501790093,73.72984197455,59.51519931640448,14.886991894904611,1,-0.2359232958948354,74.63811450720392,-0.5244869863041401,0,xstock_reversion
spyx,2026-09-09T22:05:00Z,30,afterhours,1,58.972471355698275,0.5427279607062019,-59.51519931640448,-60.32946501790093,73.72984197455,59.51519931640448,5.467427614291864,1,0.46203889739970805,64.52058803329663,-0.7867201640010535,0,xstock_reversion
spyx,2026-09-09T22:05:00Z,60,afterhours,1,58.972471355698275,0.5427279607062019,-59.51519931640448,-60.32946501790093,73.72984197455,59.51519931640448,2.9337752199953826,1,0.18072137460301008,62.26825316179685,-0.2622469316992948,0,xstock_reversion
spyx,2026-09-09T23:40:00Z,5,afterhours,1,48.40660535590402,0.08801232890043309,48.31859302700359,45.14923031650575,18.21869776412949,48.31859302700359,1.688874473702029,1,-0.04390633869810756,46.673624891999665,0.2621987992057484,0,xstock_reversion
spyx,2026-09-09T23:40:00Z,15,afterhours,1,48.40660535590402,0.08801232890043309,48.31859302700359,45.14923031650575,18.21869776412949,48.31859302700359,18.239959259602756,1,4.721107795901958,61.837444490704385,4.849565272602163,0,xstock_reversion
spyx,2026-09-09T23:50:00Z,5,afterhours,1,87.96846669100411,7.528168587205286,-80.44029810379882,-86.75757862960154,44.57361503897075,80.44029810379882,18.239959259602756,1,-6.04641420400398,68.24675304820005,1.4413092354015333,0,xstock_reversion
spyx,2026-09-10T10:05:00Z,5,premarket,1,117.18470904400036,2.1375200870998867,-115.04718895690047,-121.41193174180387,50.92134404450771,115.04718895690047,5.068460821497922,1,-1.7536624539005174,111.73239058930307,-1.1793302727980404,0,xstock_reversion
spyx,2026-09-10T10:05:00Z,15,premarket,1,117.18470904400036,2.1375200870998867,-115.04718895690047,-121.41193174180387,50.92134404450771,115.04718895690047,1.247180596699593,1,-4.350732151499059,120.64510170509912,-1.5724094586033743,0,xstock_reversion
spyx,2026-09-10T10:05:00Z,30,premarket,1,117.18470904400036,2.1375200870998867,-115.04718895690047,-121.41193174180387,50.92134404450771,115.04718895690047,2.3624956472989567,1,0.13334182689561658,117.27634277730381,-1.2448445434021238,0,xstock_reversion
spyx,2026-09-10T10:05:00Z,60,premarket,1,117.18470904400036,2.1375200870998867,-115.04718895690047,-121.41193174180387,50.92134404450771,115.04718895690047,1.3181158787922698,1,2.1174708039950474,114.24783403169769,7.341181735593949,0,xstock_reversion
spyx,2026-09-10T11:15:00Z,5,premarket,1,175.95153351399162,7.1077449194945075,-168.8437885944971,-195.291970324698,71.94358546597458,168.8437885944971,153.29122743540148,1,0.7290209904997624,14.823540168595883,-0.3278591779043438,0,xstock_reversion
spyx,2026-09-10T11:15:00Z,15,premarket,1,175.95153351399162,7.1077449194945075,-168.8437885944971,-195.291970324698,71.94358546597458,168.8437885944971,0.5605001426012279,1,-6.141441257803137,174.42472970969902,-4.195785919103301,0,xstock_reversion
spyx,2026-09-10T11:15:00Z,30,premarket,1,175.95153351399162,7.1077449194945075,-168.8437885944971,-195.291970324698,71.94358546597458,168.8437885944971,3.7425942756019737,1,-7.440228763098133,172.5414230819933,3.9351487993943834,0,xstock_reversion
spyx,2026-09-10T11:15:00Z,60,premarket,1,175.95153351399162,7.1077449194945075,-168.8437885944971,-195.291970324698,71.94358546597458,168.8437885944971,0.6288044728020026,1,7.345210165503602,162.1273829017955,21.136799671896966,0,xstock_reversion
spyx,2026-09-10T11:20:00Z,5,premarket,1,161.45585252330008,8.164625087898614,-153.29122743540148,-165.92572979229558,72.29300711646879,153.29122743540148,17.29961006709857,1,-8.460005204895538,179.0508427073956,1.377080787596796,0,xstock_reversion
spyx,2026-09-10T11:20:00Z,15,premarket,1,161.45585252330008,8.164625087898614,-153.29122743540148,-165.92572979229558,72.29300711646879,153.29122743540148,2.7842077034989643,1,-11.827307428697864,167.9027425675983,-3.08135096729778,0,xstock_reversion
spyx,2026-09-10T11:20:00Z,30,premarket,1,161.45585252330008,8.164625087898614,-153.29122743540148,-165.92572979229558,72.29300711646879,153.29122743540148,21.963986751796227,1,-5.237934094299845,180.49314828149755,9.161808092397195,0,xstock_reversion
spyx,2026-09-10T11:20:00Z,60,premarket,1,161.45585252330008,8.164625087898614,-153.29122743540148,-165.92572979229558,72.29300711646879,153.29122743540148,22.74252272259858,1,11.767563747602239,164.2661864103978,24.093470641997072,0,xstock_reversion
spyx,2026-09-10T13:05:00Z,5,premarket,1,239.10284621350365,5.992116663904312,-233.11072954959934,-242.4165607411055,100.7091974957026,233.11072954959934,2.1476891842020507,1,-5.701744893000793,240.96016362680217,3.6593628172010284,0,xstock_reversion
spyx,2026-09-10T13:05:00Z,15,premarket,1,239.10284621350365,5.992116663904312,-233.11072954959934,-242.4165607411055,100.7091974957026,233.11072954959934,0.4977379223003453,1,-2.7436926436053,236.35216011550497,5.901796262604009,0,xstock_reversion
spyx,2026-09-10T13:05:00Z,30,premarket,1,239.10284621350365,5.992116663904312,-233.11072954959934,-242.4165607411055,100.7091974957026,233.11072954959934,13.003980112396007,1,2.1148976838958333,243.9998119780995,0.49443024339623776,0,xstock_reversion
spyx,2026-09-10T13:05:00Z,60,premarket,1,239.10284621350365,5.992116663904312,-233.11072954959934,-242.4165607411055,100.7091974957026,233.11072954959934,0.1439429687000171,1,9.87204708419398,223.38262543410536,21.682955190200914,0,xstock_reversion
spyx,2026-09-10T16:50:00Z,5,regular,1,142.03417205759905,15.666001593199752,-126.3681704643993,-125.36048624939511,53.036820202549535,126.3681704643993,111.21297941369512,1,-5.470122842297087,20.625313893001262,-0.5927428518948119,0,xstock_reversion
spyx,2026-09-10T16:50:00Z,15,regular,1,142.03417205759905,15.666001593199752,-126.3681704643993,-125.36048624939511,53.036820202549535,126.3681704643993,0.39342896200444955,1,-13.997512910295384,140.75911233669913,2.5030794594993466,0,xstock_reversion
spyx,2026-09-10T16:50:00Z,30,regular,1,142.03417205759905,15.666001593199752,-126.3681704643993,-125.36048624939511,53.036820202549535,126.3681704643993,2.36670328630062,1,-12.938753167297534,141.67362691799747,6.324777526005576,0,xstock_reversion
spyx,2026-09-10T16:50:00Z,60,regular,1,142.03417205759905,15.666001593199752,-126.3681704643993,-125.36048624939511,53.036820202549535,126.3681704643993,57.82839940450479,1,1.108325048599923,67.43144601129458,10.016079279102641,0,xstock_reversion
spyx,2026-09-10T16:55:00Z,5,regular,1,122.0016010164926,10.788621602797477,-111.21297941369512,-118.33870728499285,55.44318284074562,111.21297941369512,0.03477169579824135,1,-10.364184879501082,121.54239259739796,2.3711822430971807,0,xstock_reversion
spyx,2026-09-10T16:55:00Z,15,regular,1,122.0016010164926,10.788621602797477,-111.21297941369512,-118.33870728499285,55.44318284074562,111.21297941369512,6.292856891896292,1,-8.267695711001721,125.77353201659314,2.437056443094221,0,xstock_reversion
spyx,2026-09-10T16:55:00Z,30,regular,1,122.0016010164926,10.788621602797477,-111.21297941369512,-118.33870728499285,55.44318284074562,111.21297941369512,3.376407777402335,1,-3.7206669623035538,111.55723859859634,8.103861636898912,0,xstock_reversion
spyx,2026-09-10T16:55:00Z,60,regular,1,122.0016010164926,10.788621602797477,-111.21297941369512,-118.33870728499285,55.44318284074562,111.21297941369512,1.3676036093013266,1,-0.03365423450141236,112.61423725749786,12.323104081799485,0,xstock_reversion
spyx,2026-09-10T17:15:00Z,5,regular,1,248.2013242965042,19.391830438504343,-228.80949385799988,-250.50854983000193,132.14644339763564,228.80949385799988,2.36670328630062,1,-18.838273113299664,250.01447025760015,4.151086425308037,0,xstock_reversion
spyx,2026-09-10T17:15:00Z,15,regular,1,248.2013242965042,19.391830438504343,-228.80949385799988,-250.50854983000193,132.14644339763564,228.80949385799988,5.421045412203895,1,-14.562033873000146,248.79257314320392,5.205605038502981,0,xstock_reversion
spyx,2026-09-10T17:15:00Z,30,regular,1,248.2013242965042,19.391830438504343,-228.80949385799988,-250.50854983000193,132.14644339763564,228.80949385799988,5.7846896512980805,1,-11.529697603700484,234.55450181040226,9.688550144808517,0,xstock_reversion
spyx,2026-09-10T17:15:00Z,60,regular,1,248.2013242965042,19.391830438504343,-228.80949385799988,-250.50854983000193,132.14644339763564,228.80949385799988,7.803328986595304,1,-1.5496271262982475,222.5557919977028,17.34056840800413,0,xstock_reversion
spyx,2026-09-10T17:50:00Z,5,regular,1,64.58664676720183,6.758247362697034,-57.82839940450479,-81.41512775480031,25.43927092473244,57.82839940450479,1.3676036093013266,1,-6.6121021253984225,65.80810513920454,1.7142819508020324,0,xstock_reversion
spyx,2026-09-10T17:50:00Z,15,regular,1,64.58664676720183,6.758247362697034,-57.82839940450479,-81.41512775480031,25.43927092473244,57.82839940450479,4.224161872299348,1,-0.6656328031962033,54.26987033540165,8.70632054679632,0,xstock_reversion
spyx,2026-09-10T17:50:00Z,30,regular,1,64.58664676720183,6.758247362697034,-57.82839940450479,-81.41512775480031,25.43927092473244,57.82839940450479,5.131150065604828,1,2.3173454391045567,60.642204031005065,7.9145235631017385,0,xstock_reversion
spyx,2026-09-10T17:50:00Z,60,regular,1,64.58664676720183,6.758247362697034,-57.82839940450479,-81.41512775480031,25.43927092473244,57.82839940450479,9.034948551605027,1,0.7369964835035603,66.12635147260626,5.7374050698033585,0,xstock_reversion
spyx,2026-09-10T18:30:00Z,5,regular,1,107.56960124959747,7.545554014800615,-100.02404723479685,-100.1885529136004,40.7153364887416,100.02404723479685,4.254505103391537,1,-7.617436091704732,111.89598842989312,-3.035402049098579,0,xstock_reversion
spyx,2026-09-10T18:30:00Z,15,regular,1,107.56960124959747,7.545554014800615,-100.02404723479685,-100.1885529136004,40.7153364887416,100.02404723479685,3.8270536378970377,1,-10.59347969330382,114.44458056599771,-2.111681566301371,0,xstock_reversion
spyx,2026-09-10T18:30:00Z,30,regular,1,107.56960124959747,7.545554014800615,-100.02404723479685,-100.1885529136004,40.7153364887416,100.02404723479685,1.3158819013003864,1,-9.948475841801141,111.28840497789838,3.6304948763010714,0,xstock_reversion
spyx,2026-09-10T18:30:00Z,60,regular,1,107.56960124959747,7.545554014800615,-100.02404723479685,-100.1885529136004,40.7153364887416,100.02404723479685,6.357987474299165,1,-8.053196549804298,114.43523125890032,-4.485471088200299,0,xstock_reversion
spyx,2026-09-10T19:45:00Z,5,regular,1,70.2455764290999,6.535660843995927,-63.70991558510397,-70.64558943950416,43.44139719973081,63.70991558510397,178.01394914510382,0,9.060209203699543,-123.3642427636994,3.034360861597918,0,persistent_or_wider
spyx,2026-09-10T19:45:00Z,15,regular,1,70.2455764290999,6.535660843995927,-63.70991558510397,-70.64558943950416,43.44139719973081,63.70991558510397,1.9015662894972252,1,-2.613019132295946,64.42136842790269,3.826084708702382,0,xstock_reversion
spyx,2026-09-10T19:45:00Z,30,regular,1,70.2455764290999,6.535660843995927,-63.70991558510397,-70.64558943950416,43.44139719973081,63.70991558510397,111.8251755630073,0,-10.259213145200619,-37.85604683270272,-5.143117238004535,0,persistent_or_wider
spyx,2026-09-10T19:45:00Z,60,regular,1,70.2455764290999,6.535660843995927,-63.70991558510397,-70.64558943950416,43.44139719973081,63.70991558510397,2.513096577505536,1,-11.223909599094029,77.44692176170354,-4.48389103739899,0,xstock_reversion
spyx,2026-09-10T19:50:00Z,5,regular,1,190.5754583312014,12.561509186097553,-178.01394914510382,-183.5334758832019,62.669243168732905,178.01394914510382,97.0090197253981,1,-3.7109456708961375,84.71587509060186,0.5278089332971803,0,xstock_reversion
spyx,2026-09-10T19:50:00Z,15,regular,1,190.5754583312014,12.561509186097553,-178.01394914510382,-183.5334758832019,62.669243168732905,178.01394914510382,2.546828654494959,1,-11.801728800699962,192.36250660029873,-3.298174820001165,0,xstock_reversion
spyx,2026-09-10T19:50:00Z,30,regular,1,190.5754583312014,12.561509186097553,-178.01394914510382,-183.5334758832019,62.669243168732905,178.01394914510382,1.0030116453929594,1,-20.503985619493292,197.51492311920416,-9.435161140602943,0,xstock_reversion
spyx,2026-09-10T19:50:00Z,60,regular,1,190.5754583312014,12.561509186097553,-178.01394914510382,-183.5334758832019,62.669243168732905,178.01394914510382,4.418084211401663,1,-20.19148863259268,202.62352198909815,-8.836660844995237,0,xstock_reversion
spyx,2026-09-10T19:55:00Z,5,regular,1,105.33177430730234,8.322754581904235,-97.0090197253981,-113.29302589559553,77.7604501042674,97.0090197253981,1.9015662894972252,1,-7.962282665099352,103.06973610100023,0.2639149138072838,0,xstock_reversion
spyx,2026-09-10T19:55:00Z,15,regular,1,105.33177430730234,8.322754581904235,-97.0090197253981,-113.29302589559553,77.7604501042674,97.0090197253981,2.1490423804948477,1,-11.568625708804348,110.7266878146973,-10.419071798892787,0,xstock_reversion
spyx,2026-09-10T19:55:00Z,30,regular,1,105.33177430730234,8.322754581904235,-97.0090197253981,-113.29302589559553,77.7604501042674,97.0090197253981,5.714266772001153,1,-18.161996769201494,120.88528326660075,-7.6505042511954,0,xstock_reversion
spyx,2026-09-10T19:55:00Z,60,regular,1,105.33177430730234,8.322754581904235,-97.0090197253981,-113.29302589559553,77.7604501042674,97.0090197253981,50.847233273794146,1,-16.576205426197532,62.73799187780149,-3.8259837532983454,0,xstock_reversion
spyx,2026-09-10T20:15:00Z,5,afterhours,1,113.24474049980715,1.4195649367998442,-111.8251755630073,-102.27741526060541,94.75868237981011,111.8251755630073,1.0030116453929594,1,-1.1845632705931308,112.00672718820748,-1.2576830410004902,0,xstock_reversion
spyx,2026-09-10T20:15:00Z,15,afterhours,1,113.24474049980715,1.4195649367998442,-111.8251755630073,-102.27741526060541,94.75868237981011,111.8251755630073,0.2531828948004744,1,-0.6943138035975238,112.26630647180436,0.3955305054059721,0,xstock_reversion
spyx,2026-09-10T20:15:00Z,30,afterhours,1,113.24474049980715,1.4195649367998442,-111.8251755630073,-102.27741526060541,94.75868237981011,111.8251755630073,2.513096577505536,1,-0.96469645389341,115.30296859440625,0.6592262006055449,0,xstock_reversion
spyx,2026-09-10T20:15:00Z,60,afterhours,1,113.24474049980715,1.4195649367998442,-111.8251755630073,-102.27741526060541,94.75868237981011,111.8251755630073,46.09482844580626,1,-0.1688261062948726,158.08883011510844,1.4503550099043139,0,xstock_reversion
spyx,2026-09-10T20:55:00Z,5,afterhours,1,46.419766182799194,4.427467090994952,-50.847233273794146,-70.04764275719388,25.22086043696251,50.847233273794146,3.4358302418979747,1,3.8141675656966356,43.597235466199535,1.4510629060993097,0,xstock_reversion
spyx,2026-09-10T20:55:00Z,15,afterhours,1,46.419766182799194,4.427467090994952,-50.847233273794146,-70.04764275719388,25.22086043696251,50.847233273794146,0.483931307497798,1,2.9987349956961395,48.332429585595804,-3.0333603930987607,0,xstock_reversion
spyx,2026-09-10T20:55:00Z,30,afterhours,1,46.419766182799194,4.427467090994952,-50.847233273794146,-70.04764275719388,25.22086043696251,50.847233273794146,17.27403537469918,1,1.1349120015946568,66.98635664689867,-2.769626447900464,0,xstock_reversion
spyx,2026-09-10T20:55:00Z,60,afterhours,1,46.419766182799194,4.427467090994952,-50.847233273794146,-70.04764275719388,25.22086043696251,50.847233273794146,7.861102316404356,1,3.531745075093795,39.454385882295995,-4.220077078995743,0,xstock_reversion
spyx,2026-09-10T21:40:00Z,5,afterhours,1,228.0924439677978,6.93750205769561,221.1549419101022,206.07479059759902,90.66329238175429,221.1549419101022,6.4310186344940234,1,-5.761160479593741,220.4850837552019,0.14643499069322274,0,xstock_reversion
spyx,2026-09-10T21:40:00Z,15,afterhours,1,228.0924439677978,6.93750205769561,221.1549419101022,206.07479059759902,90.66329238175429,221.1549419101022,7.861102316404356,1,-4.590717135695144,233.60676136220172,5.671139985095053,0,xstock_reversion
spyx,2026-09-10T21:40:00Z,30,afterhours,1,228.0924439677978,6.93750205769561,221.1549419101022,206.07479059759902,90.66329238175429,221.1549419101022,4.494828157604047,1,-2.941061034400505,219.60117478689867,3.8250753939994553,0,xstock_reversion
spyx,2026-09-10T21:40:00Z,60,afterhours,1,228.0924439677978,6.93750205769561,221.1549419101022,206.07479059759902,90.66329238175429,221.1549419101022,68.02195645540188,1,-6.35921810300033,295.5361164685044,-1.319330837299404,0,xstock_reversion
spyx,2026-09-10T22:15:00Z,5,afterhours,1,136.49774467799247,5.137134935697674,-131.3606097422948,-144.97927334139683,58.58468303985971,131.3606097422948,4.1983906622977685,1,-4.429392362501616,139.98839276709418,-0.03823277820558246,0,xstock_reversion
spyx,2026-09-10T22:15:00Z,15,afterhours,1,136.49774467799247,5.137134935697674,-131.3606097422948,-144.97927334139683,58.58468303985971,131.3606097422948,0.22137789720488854,1,-2.7900340166997495,134.37202165619942,4.615374553598173,0,xstock_reversion
spyx,2026-09-10T22:15:00Z,30,afterhours,1,136.49774467799247,5.137134935697674,-131.3606097422948,-144.97927334139683,58.58468303985971,131.3606097422948,107.61703146089374,1,4.448088808501893,19.295489472899163,4.21968754199753,0,xstock_reversion
spyx,2026-09-10T22:15:00Z,60,afterhours,1,136.49774467799247,5.137134935697674,-131.3606097422948,-144.97927334139683,58.58468303985971,131.3606097422948,3.5154940750992125,1,-0.2857601601036208,135.16186397749763,4.087795350598,0,xstock_reversion
spyx,2026-09-10T22:40:00Z,5,afterhours,1,66.1243416634072,1.897614791994684,-68.02195645540188,-76.39706644470223,92.96320728924775,68.02195645540188,107.61703146089374,0,3.569463200800982,-43.164538206292846,-3.693687793395739,0,persistent_or_wider
spyx,2026-09-10T22:40:00Z,15,afterhours,1,66.1243416634072,1.897614791994684,-68.02195645540188,-76.39706644470223,92.96320728924775,68.02195645540188,0.9963320662986774,1,1.4320510219967275,67.58623749970383,-0.9235498623993976,0,xstock_reversion
spyx,2026-09-10T22:40:00Z,30,afterhours,1,66.1243416634072,1.897614791994684,-68.02195645540188,-76.39706644470223,92.96320728924775,68.02195645540188,3.042207126595642,1,-0.16687832930628588,71.2310419113038,-3.166101631899565,0,xstock_reversion
spyx,2026-09-10T22:40:00Z,60,afterhours,1,66.1243416634072,1.897614791994684,-68.02195645540188,-76.39706644470223,92.96320728924775,68.02195645540188,6.549122022203591,1,-0.6227059080021746,62.09554034120046,-2.5065797849954663,0,xstock_reversion
spyx,2026-09-10T22:45:00Z,5,afterhours,1,112.98256766309578,5.365536202202037,-107.61703146089374,-115.07653218330027,73.23901410778679,107.61703146089374,3.0749116410966337,1,-4.602446656605252,115.29438975859563,3.693687793395739,0,xstock_reversion
spyx,2026-09-10T22:45:00Z,15,afterhours,1,112.98256766309578,5.365536202202037,-107.61703146089374,-115.07653218330027,73.23901410778679,107.61703146089374,187.7557519550965,0,0.896770214398046,-81.03549070860083,3.165934570699136,0,persistent_or_wider
spyx,2026-09-10T22:45:00Z,30,afterhours,1,112.98256766309578,5.365536202202037,-107.61703146089374,-115.07653218330027,73.23901410778679,107.61703146089374,3.5154940750992125,1,-4.733848968605514,115.86637450459847,-0.13189219139952968,0,xstock_reversion
spyx,2026-09-10T22:45:00Z,60,afterhours,1,112.98256766309578,5.365536202202037,-107.61703146089374,-115.07653218330027,73.23901410778679,107.61703146089374,84.77664879930735,1,-2.635290535906165,25.475673197492554,2.6382091988974565,0,xstock_reversion
spyx,2026-09-10T23:00:00Z,5,afterhours,1,190.85212380099748,3.096371845900947,-187.7557519550965,-81.03549070860083,100.944636217238,187.7557519550965,4.132282839899304,1,-2.5483406412973864,186.1718097564946,-1.8469169731005763,0,xstock_reversion
spyx,2026-09-10T23:00:00Z,15,afterhours,1,190.85212380099748,3.096371845900947,-187.7557519550965,-81.03549070860083,100.944636217238,187.7557519550965,3.5154940750992125,1,-5.63061918300356,196.9018652131993,-3.2978267620986657,0,xstock_reversion
spyx,2026-09-10T23:00:00Z,30,afterhours,1,190.85212380099748,3.096371845900947,-187.7557519550965,-81.03549070860083,100.944636217238,187.7557519550965,4.277565775003822,1,-4.459196473298732,196.49251420339908,-1.9788265622988632,0,xstock_reversion
spyx,2026-09-10T23:45:00Z,5,afterhours,1,84.86868526670577,0.09203646739841531,-84.77664879930735,-89.9813502973057,33.59524394507448,84.77664879930735,5.95109355859158,1,0.03048578270714586,78.79506945800863,2.5069435871039047,0,xstock_reversion
spyx,2026-09-11T08:00:00Z,5,premarket,1,204.04924298169647,35.252588444301125,168.79665453739534,193.8998611626008,84.61376077424578,168.79665453739534,5.518282077696668,1,-34.37841354640092,197.6567860060996,-3.4175002633052287,0,xstock_reversion
spyx,2026-09-11T08:00:00Z,15,premarket,1,204.04924298169647,35.252588444301125,168.79665453739534,193.8998611626008,84.61376077424578,168.79665453739534,18.438851141304724,1,-35.576222626101384,222.81172830480145,3.153579338697199,0,xstock_reversion
spyx,2026-09-11T08:00:00Z,30,premarket,1,204.04924298169647,35.252588444301125,168.79665453739534,193.8998611626008,84.61376077424578,168.79665453739534,60.225561294204866,1,-31.388782275199034,260.41099810679924,14.052047410100243,0,xstock_reversion
spyx,2026-09-11T08:00:00Z,60,premarket,1,204.04924298169647,35.252588444301125,168.79665453739534,193.8998611626008,84.61376077424578,168.79665453739534,0.9307162866001306,1,-13.426060896799541,183.15343172079503,21.923068031899362,0,xstock_reversion
spyx,2026-09-11T08:30:00Z,5,premarket,1,70.41380253520302,10.188241240998153,-60.225561294204866,-37.59926980199779,83.96544923744392,60.225561294204866,11.303915867193481,1,-8.975503562993481,57.897148990004865,3.150143751300405,0,xstock_reversion
spyx,2026-09-11T08:30:00Z,15,premarket,1,70.41380253520302,10.188241240998153,-60.225561294204866,-37.59926980199779,83.96544923744392,60.225561294204866,7.703113236505743,1,-7.424133329099192,59.946581386798314,-0.0,0,xstock_reversion
spyx,2026-09-11T08:30:00Z,30,premarket,1,70.41380253520302,10.188241240998153,-60.225561294204866,-37.59926980199779,83.96544923744392,60.225561294204866,0.9307162866001306,1,-17.962721378399493,77.25756638600423,-7.8710206217991185,0,xstock_reversion
spyx,2026-09-11T08:30:00Z,60,premarket,1,70.41380253520302,10.188241240998153,-60.225561294204866,-37.59926980199779,83.96544923744392,60.225561294204866,3.872563682003616,1,-12.604540537495268,76.70266551370375,-3.149151723293997,0,xstock_reversion
spyx,2026-09-11T10:50:00Z,5,premarket,1,237.6900046913999,10.888381844198491,226.8016228472014,224.64908092530322,87.20674544879768,226.8016228472014,163.36213746970253,1,-18.027150723796126,408.19091104070003,0.6560517495035612,0,xstock_reversion
spyx,2026-09-11T10:50:00Z,15,premarket,1,237.6900046913999,10.888381844198491,226.8016228472014,224.64908092530322,87.20674544879768,226.8016228472014,5.408848812304967,1,-10.851300588994306,243.0617722485007,-3.149647659297372,0,xstock_reversion
spyx,2026-09-11T10:50:00Z,30,premarket,1,237.6900046913999,10.888381844198491,226.8016228472014,224.64908092530322,87.20674544879768,226.8016228472014,9.838609247996288,1,-12.168580068099288,248.80881216329698,-2.1967745821971363,0,xstock_reversion
spyx,2026-09-11T10:50:00Z,60,premarket,1,237.6900046913999,10.888381844198491,226.8016228472014,224.64908092530322,87.20674544879768,226.8016228472014,3.097098557498512,1,-7.758722298296661,237.65744370299657,1.4563766031017167,0,xstock_reversion
spyx,2026-09-11T10:55:00Z,5,premarket,1,171.15695809880373,7.794820629101196,-163.36213746970253,-180.52705379740354,204.15567536107628,163.36213746970253,25.36617322550505,1,-6.06323122090302,144.0591954651005,0.262415534999505,0,xstock_reversion
spyx,2026-09-11T10:55:00Z,15,premarket,1,171.15695809880373,7.794820629101196,-163.36213746970253,-180.52705379740354,204.15567536107628,163.36213746970253,0.013436987700288228,1,-4.199106148901066,167.57468060630387,3.4434394420035375,0,xstock_reversion
spyx,2026-09-11T10:55:00Z,30,premarket,1,171.15695809880373,7.794820629101196,-163.36213746970253,-180.52705379740354,204.15567536107628,163.36213746970253,228.88581030589881,0,-16.00645230300124,408.2544000786026,-0.39361039140040077,0,persistent_or_wider
spyx,2026-09-11T10:55:00Z,60,premarket,1,171.15695809880373,7.794820629101196,-163.36213746970253,-180.52705379740354,204.15567536107628,163.36213746970253,72.45280956800215,1,-12.188411570495106,248.0033586081998,-2.492604193999881,0,xstock_reversion
spyx,2026-09-11T11:15:00Z,5,premarket,1,128.05098430789917,8.29263472439834,-119.75834958350084,-101.8717061753982,222.04964338992818,119.75834958350084,9.838609247996288,1,-7.2748692521962255,117.19460958770078,1.9343418304984539,0,xstock_reversion
spyx,2026-09-11T11:15:00Z,15,premarket,1,128.05098430789917,8.29263472439834,-119.75834958350084,-101.8717061753982,222.04964338992818,119.75834958350084,0.8525590244978787,1,-10.159290902898022,130.77019951089676,2.624706376002095,0,xstock_reversion
spyx,2026-09-11T11:15:00Z,30,premarket,1,128.05098430789917,8.29263472439834,-119.75834958350084,-101.8717061753982,222.04964338992818,119.75834958350084,17.315284262995334,1,-9.949970948195386,112.3930362687009,-3.6734319450992814,0,xstock_reversion
spyx,2026-09-11T11:15:00Z,60,premarket,1,128.05098430789917,8.29263472439834,-119.75834958350084,-101.8717061753982,222.04964338992818,119.75834958350084,20.83824908239329,1,-13.845969472301434,154.44256813819555,-8.525541068502562,0,xstock_reversion
spyx,2026-09-11T11:25:00Z,5,premarket,1,236.7038315883985,7.818021282499643,228.88581030589881,240.6797194722987,130.24462549773585,228.88581030589881,0.8525590244978787,1,-7.263459996602606,235.29671127800356,-3.9368012686047393,0,xstock_reversion
spyx,2026-09-11T11:25:00Z,15,premarket,1,236.7038315883985,7.818021282499643,228.88581030589881,240.6797194722987,130.24462549773585,228.88581030589881,13.929638308898262,1,-10.414891631400636,253.23034024619773,1.4431055656949354,0,xstock_reversion
spyx,2026-09-11T11:25:00Z,30,premarket,1,236.7038315883985,7.818021282499643,228.88581030589881,240.6797194722987,130.24462549773585,228.88581030589881,72.45280956800215,1,-3.818040732506134,160.2510414704028,2.0989938025994803,0,xstock_reversion
spyx,2026-09-11T11:25:00Z,60,premarket,1,236.7038315883985,7.818021282499643,228.88581030589881,240.6797194722987,130.24462549773585,228.88581030589881,12.691308789500866,1,-1.8094245604061143,218.00392607680408,17.17256221029473,0,xstock_reversion
spyx,2026-09-11T11:55:00Z,5,premarket,1,74.35379631539618,1.900986747394029,72.45280956800215,92.97929877579492,107.57051092764195,72.45280956800215,15.005919817898672,1,-2.4975557636963686,89.95628514959719,-1.7053989034998551,0,xstock_reversion
spyx,2026-09-11T11:55:00Z,15,premarket,1,74.35379631539618,1.900986747394029,72.45280956800215,92.97929877579492,107.57051092764195,72.45280956800215,17.095547304402103,1,-3.196268348295561,92.74462522069982,1.3116474309970982,0,xstock_reversion
spyx,2026-09-11T11:55:00Z,30,premarket,1,74.35379631539618,1.900986747394029,72.45280956800215,92.97929877579492,107.57051092764195,72.45280956800215,12.691308789500866,1,2.0086161721000195,57.75288460640127,15.073568407695248,0,xstock_reversion
spyx,2026-09-11T11:55:00Z,60,premarket,1,74.35379631539618,1.900986747394029,72.45280956800215,92.97929877579492,107.57051092764195,72.45280956800215,6.796334025800377,1,31.814018076703476,47.43512551709905,45.152712252694016,1,xstock_reversion
spyx,2026-09-11T12:20:00Z,5,premarket,1,108.84656000720305,3.678080550306717,-105.16847945689634,-104.18718673399496,78.7785335554121,105.16847945689634,12.691308789500866,1,-4.0466301661989945,121.9064184125962,-11.532515104093477,0,xstock_reversion
spyx,2026-09-11T12:20:00Z,15,premarket,1,108.84656000720305,3.678080550306717,-105.16847945689634,-104.18718673399496,78.7785335554121,105.16847945689634,4.833477708201528,1,-4.0209695559045855,104.3559713045994,-5.374758429095294,0,xstock_reversion
spyx,2026-09-11T12:20:00Z,30,premarket,1,108.84656000720305,3.678080550306717,-105.16847945689634,-104.18718673399496,78.7785335554121,105.16847945689634,33.58198643000243,1,-17.370721834604197,88.9572148614981,-31.68246893009652,0,xstock_reversion
spyx,2026-09-11T12:20:00Z,60,premarket,1,108.84656000720305,3.678080550306717,-105.16847945689634,-104.18718673399496,78.7785335554121,105.16847945689634,6.5448150914981795,1,-32.43251837190542,144.14581292029993,-30.24453223599899,0,xstock_reversion
spyx,2026-09-11T13:50:00Z,5,regular,1,132.75835634630084,12.238170685199279,-120.52018566110156,-125.26179711220387,54.9243117282251,120.52018566110156,19.441972949296726,1,-13.435541405897311,153.3977000162956,-15.410335808399012,0,xstock_reversion
spyx,2026-09-11T13:50:00Z,15,regular,1,132.75835634630084,12.238170685199279,-120.52018566110156,-125.26179711220387,54.9243117282251,120.52018566110156,4.4359262253035325,1,-16.442412827997188,132.5266722637952,-3.658839404696579,0,xstock_reversion
spyx,2026-09-11T13:50:00Z,30,regular,1,132.75835634630084,12.238170685199279,-120.52018566110156,-125.26179711220387,54.9243117282251,120.52018566110156,7.9307265086026035,1,-20.219229022995222,148.6701411926994,-8.230506902098256,0,xstock_reversion
spyx,2026-09-11T13:50:00Z,60,regular,1,132.75835634630084,12.238170685199279,-120.52018566110156,-125.26179711220387,54.9243117282251,120.52018566110156,8.75324925869947,1,-5.444706766697394,117.21164316909949,13.863460237599767,0,xstock_reversion
spyx,2026-09-11T14:55:00Z,5,regular,1,58.37126874579823,3.171833025996662,-55.19943571980157,-80.89083565070432,23.542423159886578,55.19943571980157,9.479534765697295,1,-3.864840689997706,68.54381117549657,-9.132313190098884,0,xstock_reversion
spyx,2026-09-11T14:55:00Z,15,regular,1,58.37126874579823,3.171833025996662,-55.19943571980157,-80.89083565070432,23.542423159886578,55.19943571980157,7.7370103273022295,1,-15.847589351301039,78.78403539840484,-8.373785309299109,0,xstock_reversion
spyx,2026-09-11T14:55:00Z,30,regular,1,58.37126874579823,3.171833025996662,-55.19943571980157,-80.89083565070432,23.542423159886578,55.19943571980157,15.968295735699911,1,-25.93851710940065,65.16965709350231,-26.53648360750438,0,xstock_reversion
spyx,2026-09-11T14:55:00Z,60,regular,1,58.37126874579823,3.171833025996662,-55.19943571980157,-80.89083565070432,23.542423159886578,55.19943571980157,2.6259662891980895,1,-23.36364413269898,75.93711356330246,-22.749865991098517,0,xstock_reversion
spyx,2026-09-11T15:30:00Z,5,regular,1,87.20479375040391,5.852338074303631,-81.35245567610028,-82.73691349439893,29.894344139651665,81.35245567610028,4.3051310343056315,1,-5.9947256712966634,91.65231238170257,-0.6528054315957377,0,xstock_reversion
spyx,2026-09-11T15:30:00Z,15,regular,1,87.20479375040391,5.852338074303631,-81.35245567610028,-82.73691349439893,29.894344139651665,81.35245567610028,0.482853099397218,1,-8.543352113301594,89.41295469000465,0.26113410550365757,0,xstock_reversion
spyx,2026-09-11T15:30:00Z,30,regular,1,87.20479375040391,5.852338074303631,-81.35245567610028,-82.73691349439893,29.894344139651665,81.35245567610028,3.135248404397828,1,-3.541546169598675,88.02925025009678,-3.134382735296981,0,xstock_reversion
spyx,2026-09-11T15:30:00Z,60,regular,1,87.20479375040391,5.852338074303631,-81.35245567610028,-82.73691349439893,29.894344139651665,81.35245567610028,7.2735767809017915,1,6.119775863702159,82.50625659329991,4.177658001003337,0,xstock_reversion
spyx,2026-09-11T17:15:00Z,5,regular,1,118.69487501559917,13.674695395096137,-105.02017962050303,-120.15977577290116,49.94698618570077,105.02017962050303,8.041527301498874,1,-12.447527081498322,109.42617940050248,-4.170584128200261,0,xstock_reversion
spyx,2026-09-11T17:15:00Z,15,regular,1,118.69487501559917,13.674695395096137,-105.02017962050303,-120.15977577290116,49.94698618570077,105.02017962050303,9.273988070503947,1,-13.931724707898496,109.67791625789758,-0.7768133618046846,0,xstock_reversion
spyx,2026-09-11T17:15:00Z,30,regular,1,118.69487501559917,13.674695395096137,-105.02017962050303,-120.15977577290116,49.94698618570077,105.02017962050303,7.59767930790467,1,-12.222100206598085,109.64460051919644,0.1958448256011991,0,xstock_reversion
spyx,2026-09-11T17:15:00Z,60,regular,1,118.69487501559917,13.674695395096137,-105.02017962050303,-120.15977577290116,49.94698618570077,105.02017962050303,9.169732210798642,1,-8.347122509793081,104.19756991949747,4.440091486603848,0,xstock_reversion
spyx,2026-09-11T18:00:00Z,5,regular,1,92.62669409130453,8.836659863300511,-83.79003422800402,-84.3598219115993,27.560385012114818,83.79003422800402,9.622284332699849,1,-7.662258034999425,81.8300079303036,2.089372934506173,0,xstock_reversion
spyx,2026-09-11T18:00:00Z,15,regular,1,92.62669409130453,8.836659863300511,-83.79003422800402,-84.3598219115993,27.560385012114818,83.79003422800402,9.169732210798642,1,-4.292489294694946,78.91279131190032,3.6566891699063575,0,xstock_reversion
spyx,2026-09-11T18:00:00Z,30,regular,1,92.62669409130453,8.836659863300511,-83.79003422800402,-84.3598219115993,27.560385012114818,83.79003422800402,7.859525221798336,1,-2.2462973421966126,78.1768063484023,5.420213610705105,0,xstock_reversion
spyx,2026-09-11T18:00:00Z,60,regular,1,92.62669409130453,8.836659863300511,-83.79003422800402,-84.3598219115993,27.560385012114818,83.79003422800402,2.303475527094534,1,1.689423802400114,84.40408595269844,9.405617937003896,0,xstock_reversion
spyx,2026-09-11T18:20:00Z,5,regular,1,139.1814933783042,8.187833686603696,-130.99365969170051,-135.17686599460177,71.0603093084371,130.99365969170051,3.753897396805428,1,-8.191485668698206,142.93904275720416,-0.91458435469427,0,xstock_reversion
spyx,2026-09-11T18:20:00Z,15,regular,1,139.1814933783042,8.187833686603696,-130.99365969170051,-135.17686599460177,71.0603093084371,130.99365969170051,10.200851131694222,1,-10.393039402902815,151.58755022629754,0.5226571891991938,0,xstock_reversion
spyx,2026-09-11T18:20:00Z,30,regular,1,139.1814933783042,8.187833686603696,-130.99365969170051,-135.17686599460177,71.0603093084371,130.99365969170051,1.4240111446994774,1,-4.221534520398862,133.7911830673999,3.6591741129043953,0,xstock_reversion
spyx,2026-09-11T18:20:00Z,60,regular,1,139.1814933783042,8.187833686603696,-130.99365969170051,-135.17686599460177,71.0603093084371,130.99365969170051,5.856606312102386,1,-3.0383151980029055,128.17536857760103,1.8294196870005663,0,xstock_reversion
spyx,2026-09-11T19:05:00Z,5,regular,1,84.67719648600713,2.1849887884073382,-82.4922076975998,-86.86809038110255,39.76490399003226,82.4922076975998,51.647153018201664,1,2.351119466794671,28.49393521260346,-1.8304721361950271,0,xstock_reversion
spyx,2026-09-11T19:05:00Z,15,regular,1,84.67719648600713,2.1849887884073382,-82.4922076975998,-86.86809038110255,39.76490399003226,82.4922076975998,5.856606312102386,1,-4.616674505806273,81.25227589130368,-5.751784518999159,0,xstock_reversion
spyx,2026-09-11T19:05:00Z,30,regular,1,84.67719648600713,2.1849887884073382,-82.4922076975998,-86.86809038110255,39.76490399003226,82.4922076975998,4.699673879704491,1,-5.326352024601633,92.51823360190592,-2.288037821491784,0,xstock_reversion
spyx,2026-09-11T19:05:00Z,60,regular,1,84.67719648600713,2.1849887884073382,-82.4922076975998,-86.86809038110255,39.76490399003226,82.4922076975998,9.773131226804566,1,3.588789192496833,88.67654973190753,4.708467480805112,0,xstock_reversion
spyx,2026-09-11T19:10:00Z,5,regular,1,58.0137334095987,6.3665803913970365,-51.647153018201664,-53.098693063997615,43.180182095921516,51.647153018201664,4.445850675498519,1,-5.734753623096722,52.936055965799866,-1.1765551785014594,0,xstock_reversion
spyx,2026-09-11T19:10:00Z,15,regular,1,58.0137334095987,6.3665803913970365,-51.647153018201664,-53.098693063997615,43.180182095921516,51.647153018201664,4.489648087995235,1,-10.545099222101229,66.68190032829813,-1.5687094782013133,0,xstock_reversion
spyx,2026-09-11T19:10:00Z,30,regular,1,58.0137334095987,6.3665803913970365,-51.647153018201664,-53.098693063997615,43.180182095921516,51.647153018201664,5.541118588103799,1,-6.379967347998061,52.486001778095925,-1.4379930869967694,0,xstock_reversion
spyx,2026-09-11T19:10:00Z,60,regular,1,58.0137334095987,6.3665803913970365,-51.647153018201664,-53.098693063997615,43.180182095921516,51.647153018201664,19.451388781694945,1,-0.019610538402048405,71.11815233829866,7.19306880779591,0,xstock_reversion
spyx,2026-09-11T19:30:00Z,5,regular,1,52.404182214802475,3.5824475223034113,-48.821734692499064,-46.28067110989953,55.03494427666346,48.821734692499064,4.699673879704491,1,-3.8475049611985668,57.36891353340212,0.588267975807355,0,xstock_reversion
spyx,2026-09-11T19:30:00Z,15,regular,1,52.404182214802475,3.5824475223034113,-48.821734692499064,-46.28067110989953,55.03494427666346,48.821734692499064,2.4967541191056597,1,-4.134117761998013,55.452606573602736,3.007066629203692,0,xstock_reversion
spyx,2026-09-11T19:30:00Z,30,regular,1,52.404182214802475,3.5824475223034113,-48.821734692499064,-46.28067110989953,55.03494427666346,48.821734692499064,35.57430733249767,1,7.100744291301808,6.146683068699588,8.500566126405928,0,p1a_catchup
spyx,2026-09-11T19:30:00Z,60,regular,1,52.404182214802475,3.5824475223034113,-48.821734692499064,-46.28067110989953,55.03494427666346,48.821734692499064,26.890169404900632,1,4.884257249502255,17.047308038096176,6.145839656301888,0,xstock_reversion
spyx,2026-09-11T19:50:00Z,5,regular,1,53.64531095730207,3.044633121396245,-50.60067783590583,-62.79403334130684,45.99462814930589,50.60067783590583,3.6416626286950304,1,-3.2395240341998033,57.48186449880066,6.082983858402002,0,xstock_reversion
spyx,2026-09-11T19:50:00Z,15,regular,1,53.64531095730207,3.044633121396245,-50.60067783590583,-62.79403334130684,45.99462814930589,50.60067783590583,9.773131226804566,1,1.4214595914019412,58.95234947130845,3.400782212699127,0,xstock_reversion
spyx,2026-09-11T19:50:00Z,30,regular,1,53.64531095730207,3.044633121396245,-50.60067783590583,-62.79403334130684,45.99462814930589,50.60067783590583,11.402866145102664,1,1.6421505020058902,60.3613934790026,2.7466958076960424,0,xstock_reversion
spyx,2026-09-11T19:50:00Z,60,regular,1,53.64531095730207,3.044633121396245,-50.60067783590583,-62.79403334130684,45.99462814930589,50.60067783590583,175.49388332149363,0,-1.5252105271024163,227.61977168450187,3.5316046277955593,0,persistent_or_wider
spyx,2026-09-11T20:45:00Z,5,afterhours,1,150.8688419692028,4.225719705805986,146.64312226339683,176.6784269160038,61.209644045436,146.64312226339683,175.49388332149363,0,-0.38184413559960717,-28.4689169224972,1.8316935367046483,0,persistent_or_wider
spyx,2026-09-11T20:45:00Z,15,afterhours,1,150.8688419692028,4.225719705805986,146.64312226339683,176.6784269160038,61.209644045436,146.64312226339683,49.82186529810306,1,-1.1977113308070386,98.0189682961008,1.308386761005309,0,xstock_reversion
spyx,2026-09-11T20:45:00Z,30,afterhours,1,150.8688419692028,4.225719705805986,146.64312226339683,176.6784269160038,61.209644045436,146.64312226339683,20.21489614749683,1,-4.408619971503214,130.83684608740322,0.6542147789989627,0,xstock_reversion
spyx,2026-09-11T20:45:00Z,60,afterhours,1,150.8688419692028,4.225719705805986,146.64312226339683,176.6784269160038,61.209644045436,146.64312226339683,3.4209530193951565,1,-6.73436767720581,156.79844295999777,0.5233752471056619,0,xstock_reversion
spyx,2026-09-11T20:50:00Z,5,afterhours,1,177.50606535499537,2.0121820335017304,175.49388332149363,159.63659235549875,60.25726088578746,175.49388332149363,126.55432741950357,1,0.6017331084962052,48.33782279349386,-0.1308241265984833,0,xstock_reversion
spyx,2026-09-11T20:50:00Z,15,afterhours,1,177.50606535499537,2.0121820335017304,175.49388332149363,159.63659235549875,60.25726088578746,175.49388332149363,1.7405187912977738,1,-2.3046852701025244,179.5390873828939,-2.6168077712007687,0,xstock_reversion
spyx,2026-09-11T20:50:00Z,30,afterhours,1,177.50606535499537,2.0121820335017304,175.49388332149363,159.63659235549875,60.25726088578746,175.49388332149363,9.91693845479702,1,-3.1367026419015787,168.71364750859817,-3.1402515076006665,0,xstock_reversion
spyx,2026-09-11T20:50:00Z,60,afterhours,1,177.50606535499537,2.0121820335017304,175.49388332149363,159.63659235549875,60.25726088578746,175.49388332149363,198.3678093450969,0,-0.16771112240299146,-22.706214901200283,-0.3924775143993031,0,persistent_or_wider
spyx,2026-09-11T20:55:00Z,5,afterhours,1,129.29906668809997,2.744739268596419,126.55432741950357,118.11938500290609,66.67560154978777,126.55432741950357,49.82186529810306,1,-1.4176003037036367,78.15006242510414,-0.39248264910085595,0,xstock_reversion
spyx,2026-09-11T20:55:00Z,15,afterhours,1,129.29906668809997,2.744739268596419,126.55432741950357,118.11938500290609,66.67560154978777,126.55432741950357,55.00174474660113,1,-5.878404252497305,187.434476418602,-2.093418822299853,0,xstock_reversion
spyx,2026-09-11T20:55:00Z,30,afterhours,1,129.29906668809997,2.744739268596419,126.55432741950357,118.11938500290609,66.67560154978777,126.55432741950357,7.219800345099614,1,-5.314836264203038,124.64936333860699,-4.9725854543059,0,xstock_reversion
spyx,2026-09-11T20:55:00Z,60,afterhours,1,129.29906668809997,2.744739268596419,126.55432741950357,118.11938500290609,66.67560154978777,126.55432741950357,13.41809563009555,1,-2.909459535702652,142.88188258530175,0.39246724539587774,0,xstock_reversion
spyx,2026-09-11T21:00:00Z,5,afterhours,1,51.5414869120967,1.7196216139936382,49.82186529810306,-98.0189682961008,76.65736221522532,49.82186529810306,1.7405187912977738,1,-1.488818074895093,53.05120216429593,-2.0935009955014294,0,xstock_reversion
spyx,2026-09-11T21:00:00Z,15,afterhours,1,51.5414869120967,1.7196216139936382,49.82186529810306,-98.0189682961008,76.65736221522532,49.82186529810306,20.21489614749683,1,-3.210908640696175,32.81787779130241,-0.6541719820063463,0,xstock_reversion
spyx,2026-09-11T21:00:00Z,30,afterhours,1,51.5414869120967,1.7196216139936382,49.82186529810306,-98.0189682961008,76.65736221522532,49.82186529810306,17.292890736300137,1,-5.617745621897541,38.14672018370047,-4.1874403574038155,0,xstock_reversion
spyx,2026-09-11T21:00:00Z,60,afterhours,1,51.5414869120967,1.7196216139936382,49.82186529810306,-98.0189682961008,76.65736221522532,49.82186529810306,9.274745570300169,1,-1.1887874969929157,60.28539836539615,1.4390277430997855,0,xstock_reversion
spyx,2026-09-11T21:10:00Z,5,afterhours,1,56.041990908202166,1.0402461616010328,-55.00174474660113,-187.434476418602,81.81817100442612,55.00174474660113,20.21489614749683,1,-1.2498953080974928,76.46653620219546,-1.0467641911926506,0,xstock_reversion
spyx,2026-09-11T21:10:00Z,15,afterhours,1,56.041990908202166,1.0402461616010328,-55.00174474660113,-187.434476418602,81.81817100442612,55.00174474660113,7.219800345099614,1,-0.5635679882942668,62.785113079995014,2.879166632006047,0,xstock_reversion
spyx,2026-09-11T21:10:00Z,30,afterhours,1,56.041990908202166,1.0402461616010328,-55.00174474660113,-187.434476418602,81.81817100442612,55.00174474660113,10.285499227000727,1,-0.05904747300000679,65.34629144660187,2.2469876620068163,0,xstock_reversion
spyx,2026-09-11T21:10:00Z,60,afterhours,1,56.041990908202166,1.0402461616010328,-55.00174474660113,-187.434476418602,81.81817100442612,55.00174474660113,0.29889716479658546,1,-5.385678047398201,60.68631995879592,-4.317196244398858,0,xstock_reversion
spyx,2026-09-11T21:35:00Z,5,afterhours,1,194.8208250349026,2.6310847873034504,192.18974024759916,182.23381247760352,83.32224835214714,192.18974024759916,10.285499227000727,1,-2.0419317139008797,183.94617273449933,-0.6766359000032196,0,xstock_reversion
spyx,2026-09-11T21:35:00Z,15,afterhours,1,194.8208250349026,2.6310847873034504,192.18974024759916,182.23381247760352,83.32224835214714,192.18974024759916,198.3678093450969,0,3.0079808346972214,-9.186049932194962,3.40211719650263,0,persistent_or_wider
spyx,2026-09-11T21:35:00Z,30,afterhours,1,194.8208250349026,2.6310847873034504,192.18974024759916,182.23381247760352,83.32224835214714,192.18974024759916,0.7280344151983087,1,1.953850343197061,189.5078554892038,6.149136370998676,0,xstock_reversion
spyx,2026-09-11T21:35:00Z,60,afterhours,1,194.8208250349026,2.6310847873034504,192.18974024759916,182.23381247760352,83.32224835214714,192.18974024759916,10.668269272606778,1,1.2995109577929043,180.22196001719948,7.718522874897715,0,xstock_reversion
spyx,2026-09-11T21:50:00Z,5,afterhours,1,200.60475777059494,2.236948425498042,198.3678093450969,9.186049932194962,143.54768661347984,198.3678093450969,13.41809563009555,1,-2.1400153048034554,213.92592027999592,0.6541206331966976,0,xstock_reversion
spyx,2026-09-11T21:50:00Z,15,afterhours,1,200.60475777059494,2.236948425498042,198.3678093450969,9.186049932194962,143.54768661347984,198.3678093450969,0.7280344151983087,1,-1.0541304915001604,198.69390542139877,2.747019174496046,0,xstock_reversion
spyx,2026-09-11T21:50:00Z,30,afterhours,1,200.60475777059494,2.236948425498042,198.3678093450969,9.186049932194962,143.54768661347984,198.3678093450969,4.078351232799093,1,1.6233801393017444,192.66607797299605,4.054858364392899,0,xstock_reversion
spyx,2026-09-11T21:50:00Z,60,afterhours,1,200.60475777059494,2.236948425498042,198.3678093450969,9.186049932194962,143.54768661347984,198.3678093450969,113.65612034819783,1,1.9007541255966487,310.12317556769807,5.4932839446930615,0,xstock_reversion
spyx,2026-09-11T22:50:00Z,5,afterhours,1,115.0117017417962,1.3555813935983707,-113.65612034819783,-120.71516561830364,52.526781962364886,113.65612034819783,4.030321560799521,1,-1.2220910600024837,118.90853296899984,3.26944834239562,0,xstock_reversion
spyx,2026-09-11T22:50:00Z,30,afterhours,1,115.0117017417962,1.3555813935983707,-113.65612034819783,-120.71516561830364,52.526781962364886,113.65612034819783,162.61965780490328,0,5.651845086394047,-54.6153825430995,2.353895053293087,0,persistent_or_wider
spyx,2026-09-11T22:50:00Z,60,afterhours,1,115.0117017417962,1.3555813935983707,-113.65612034819783,-120.71516561830364,52.526781962364886,113.65612034819783,4.726547514701807,1,3.3397069566998283,105.5898658767962,5.624113205993098,0,xstock_reversion
spyx,2026-09-11T23:20:00Z,15,afterhours,1,167.2731892316026,4.653531426699331,-162.61965780490328,-175.90490867640085,94.79471364284545,162.61965780490328,1.9111724142018005,1,-4.678105131192822,169.2089353502979,-0.653915318196141,0,xstock_reversion
spyx,2026-09-11T23:20:00Z,30,afterhours,1,167.2731892316026,4.653531426699331,-162.61965780490328,-175.90490867640085,94.79471364284545,162.61965780490328,4.726547514701807,1,-2.312138129694219,160.2052484198957,3.2702181527000107,0,xstock_reversion
spyx,2026-09-14T08:15:00Z,5,premarket,1,63.257290452396475,0.9880892912050854,-64.24537974360156,-72.98524393050343,30.69085301547808,64.24537974360156,1.3710698581004266,1,0.8572633246028971,64.75918627709909,0.5269745076930121,0,xstock_reversion
spyx,2026-09-14T08:15:00Z,15,premarket,1,63.257290452396475,0.9880892912050854,-64.24537974360156,-72.98524393050343,30.69085301547808,64.24537974360156,9.755241507498624,1,2.61878917360292,71.38183207749726,2.898703509197631,0,xstock_reversion
spyx,2026-09-14T08:15:00Z,30,premarket,1,63.257290452396475,0.9880892912050854,-64.24537974360156,-72.98524393050343,30.69085301547808,64.24537974360156,0.6269642092959771,1,-1.062355325700537,65.93469927859807,5.00737940039464,0,xstock_reversion
spyx,2026-09-14T08:15:00Z,60,premarket,1,63.257290452396475,0.9880892912050854,-64.24537974360156,-72.98524393050343,30.69085301547808,64.24537974360156,0.910600822496832,1,9.328121723202187,55.827858842896205,11.995545950398423,0,xstock_reversion
spyx,2026-09-14T10:00:00Z,5,premarket,1,152.0949557888951,9.260802039499083,-142.83415374939602,-143.63892405129695,66.22496415399908,142.83415374939602,1.9225468501993248,1,-8.744883296598616,153.50158389619395,-0.8573699193981099,0,xstock_reversion
spyx,2026-09-14T10:00:00Z,15,premarket,1,152.0949557888951,9.260802039499083,-142.83415374939602,-143.63892405129695,66.22496415399908,142.83415374939602,7.072407486097276,1,-12.518532886502953,162.42509412199624,-0.5276209572002699,0,xstock_reversion
spyx,2026-09-14T10:00:00Z,30,premarket,1,152.0949557888951,9.260802039499083,-142.83415374939602,-143.63892405129695,66.22496415399908,142.83415374939602,5.002782599898836,1,-17.95736749070187,165.7943038399967,-9.49292057680573,0,xstock_reversion
spyx,2026-09-14T10:00:00Z,60,premarket,1,152.0949557888951,9.260802039499083,-142.83415374939602,-143.63892405129695,66.22496415399908,142.83415374939602,4.879831425999015,1,-25.168333816401045,172.88231899179607,-18.45018973569701,0,xstock_reversion
spyx,2026-09-14T10:55:00Z,5,premarket,1,67.61806421240024,6.1957904017972965,-61.422273810602945,-65.18183796069721,30.389018476885383,61.422273810602945,4.879831425999015,1,-6.023393577896385,72.32549881449835,-2.370261134894136,0,xstock_reversion
spyx,2026-09-14T10:55:00Z,15,premarket,1,67.61806421240024,6.1957904017972965,-61.422273810602945,-65.18183796069721,30.389018476885383,61.422273810602945,0.7814347558987578,1,-9.950218850294235,72.15392741679594,-2.633588806695286,0,xstock_reversion
spyx,2026-09-14T10:55:00Z,30,premarket,1,67.61806421240024,6.1957904017972965,-61.422273810602945,-65.18183796069721,30.389018476885383,61.422273810602945,0.34613162129382147,1,-13.038175202400026,74.8065806342968,-9.60924667690044,0,xstock_reversion
spyx,2026-09-14T10:55:00Z,60,premarket,1,67.61806421240024,6.1957904017972965,-61.422273810602945,-65.18183796069721,30.389018476885383,61.422273810602945,4.621095872696657,1,-10.846674469995321,67.64785240790161,-2.370261134894136,0,xstock_reversion
spyx,2026-09-14T11:35:00Z,5,premarket,1,68.45043178640431,2.6028934881061616,-65.84753829829815,-69.40596957010214,33.270639638611065,65.84753829829815,0.49447602429530946,1,-2.455680366706403,68.79769468929986,-2.009828423092941,0,xstock_reversion
spyx,2026-09-14T11:35:00Z,15,premarket,1,68.45043178640431,2.6028934881061616,-65.84753829829815,-69.40596957010214,33.270639638611065,65.84753829829815,2.025803094598544,1,-4.497326345402897,68.3190615491025,0.13163350600642332,0,xstock_reversion
spyx,2026-09-14T11:35:00Z,30,premarket,1,68.45043178640431,2.6028934881061616,-65.84753829829815,-69.40596957010214,33.270639638611065,65.84753829829815,2.804243294098896,1,4.151220713293213,64.50056087910383,4.7398981809010365,0,xstock_reversion
spyx,2026-09-14T11:35:00Z,60,premarket,1,68.45043178640431,2.6028934881061616,-65.84753829829815,-69.40596957010214,33.270639638611065,65.84753829829815,6.631428573404818,1,6.7784477774957,52.43766194739763,15.544727145506698,0,xstock_reversion
spyx,2026-09-14T11:45:00Z,5,premarket,1,73.84574308150427,3.7398852423020656,-70.1058578392022,-82.0180643962054,55.41564963952374,70.1058578392022,2.025803094598544,1,-3.396813565901269,71.47686831050493,2.369138039703955,0,xstock_reversion
spyx,2026-09-14T11:45:00Z,15,premarket,1,73.84574308150427,3.7398852423020656,-70.1058578392022,-82.0180643962054,55.41564963952374,70.1058578392022,28.775171689598977,1,2.2325732387962205,39.098112910807004,9.348194570204527,0,xstock_reversion
spyx,2026-09-14T11:45:00Z,30,premarket,1,73.84574308150427,3.7398852423020656,-70.1058578392022,-82.0180643962054,55.41564963952374,70.1058578392022,144.29476906269832,0,10.334930898396877,-84.52384212189301,5.792217528099997,0,persistent_or_wider
spyx,2026-09-14T11:45:00Z,60,premarket,1,73.84574308150427,3.7398852423020656,-70.1058578392022,-82.0180643962054,55.41564963952374,70.1058578392022,1.7655088800960783,1,7.3007848124984065,61.03956414660772,11.719548624498088,0,xstock_reversion
spyx,2026-09-14T12:15:00Z,5,premarket,1,152.5773676752973,8.282598612598946,-144.29476906269832,-123.62195503270001,71.17003326513367,144.29476906269832,3.1702807840972014,1,-7.58608868519417,148.7105769637953,0.7901078500971437,0,xstock_reversion
spyx,2026-09-14T12:15:00Z,15,premarket,1,152.5773676752973,8.282598612598946,-144.29476906269832,-123.62195503270001,71.17003326513367,144.29476906269832,4.808301972500928,1,-6.86767103659669,155.97074207179594,5.7955744509019524,0,xstock_reversion
spyx,2026-09-14T12:15:00Z,30,premarket,1,152.5773676752973,8.282598612598946,-144.29476906269832,-123.62195503270001,71.17003326513367,144.29476906269832,1.7655088800960783,1,-3.0341460858984703,145.56340626850073,5.927331096398092,0,xstock_reversion
spyx,2026-09-14T12:15:00Z,60,premarket,1,152.5773676752973,8.282598612598946,-144.29476906269832,-123.62195503270001,71.17003326513367,144.29476906269832,1.4785379574000501,1,-2.2146546440016124,147.9879616641,3.4242516368987452,0,xstock_reversion
spyx,2026-09-14T12:25:00Z,5,premarket,1,161.30133436700334,7.016401129797956,-154.2849332372054,-150.12713891620066,113.42806425386429,154.2849332372054,4.808301972500928,1,-6.786658740294271,165.87989395000056,4.610389264403381,0,xstock_reversion
spyx,2026-09-14T12:25:00Z,15,premarket,1,161.30133436700334,7.016401129797956,-154.2849332372054,-150.12713891620066,113.42806425386429,154.2849332372054,8.729887865399633,1,2.9638390194008934,160.05098208320413,3.5563985913000806,0,xstock_reversion
spyx,2026-09-14T12:25:00Z,30,premarket,1,161.30133436700334,7.016401129797956,-154.2849332372054,-150.12713891620066,113.42806425386429,154.2849332372054,3.380069313294598,1,0.7198155524079652,150.18504837150283,4.215129743601054,0,xstock_reversion
spyx,2026-09-14T12:25:00Z,60,premarket,1,161.30133436700334,7.016401129797956,-154.2849332372054,-150.12713891620066,113.42806425386429,154.2849332372054,40.16586879149742,1,-2.1821177998937458,116.30118224560171,4.215129743601054,0,xstock_reversion
spyx,2026-09-14T13:00:00Z,5,premarket,1,156.07135467179845,2.178505922998397,-158.24986059479684,-164.47576790220353,64.25999292483687,158.24986059479684,4.972778093801367,1,1.7963195131009968,161.4263191754972,-0.39564004669756514,0,xstock_reversion
spyx,2026-09-14T13:00:00Z,15,premarket,1,156.07135467179845,2.178505922998397,-158.24986059479684,-164.47576790220353,64.25999292483687,158.24986059479684,1.4785379574000501,1,-7.1719247456059065,166.9003232978028,-11.994123000302892,0,xstock_reversion
spyx,2026-09-14T13:00:00Z,30,premarket,1,156.07135467179845,2.178505922998397,-158.24986059479684,-164.47576790220353,64.25999292483687,158.24986059479684,1.768200600098524,1,-7.9511060103065745,167.96916720520193,-5.735249195604197,0,xstock_reversion
spyx,2026-09-14T13:00:00Z,60,premarket,1,156.07135467179845,2.178505922998397,-158.24986059479684,-164.47576790220353,64.25999292483687,158.24986059479684,8.054103514600897,1,-21.60911410070021,187.91307821009795,-29.103667717098602,0,xstock_reversion
spyx,2026-09-14T14:40:00Z,5,regular,1,120.55584873059466,11.482959511193158,-109.0728892194015,-125.82691475190089,47.54901892314293,109.0728892194015,1.6669134860958223,1,-11.17804434429992,121.91784704979725,0.7908785346000258,0,xstock_reversion
spyx,2026-09-14T14:40:00Z,15,regular,1,120.55584873059466,11.482959511193158,-109.0728892194015,-125.82691475190089,47.54901892314293,109.0728892194015,3.335836053901531,1,-5.5273278286982475,117.93605310200128,1.4499917638932658,0,xstock_reversion
spyx,2026-09-14T14:40:00Z,30,regular,1,120.55584873059466,11.482959511193158,-109.0728892194015,-125.82691475190089,47.54901892314293,109.0728892194015,137.4735576304964,0,-4.276684375197348,-24.12398403589755,0.6577429361964704,0,persistent_or_wider
spyx,2026-09-14T14:40:00Z,60,regular,1,120.55584873059466,11.482959511193158,-109.0728892194015,-125.82691475190089,47.54901892314293,109.0728892194015,8.58122204189904,1,-45.14759343829944,162.80170469959998,-44.84577832280401,0,xstock_reversion
spyx,2026-09-14T14:50:00Z,5,regular,1,118.88741366020028,4.559259377199254,-114.32815428300103,-125.49273376300185,92.25172901904092,114.32815428300103,3.335836053901531,1,-4.668628869399782,122.33261920630234,-4.615009410802173,0,xstock_reversion
spyx,2026-09-14T14:50:00Z,15,regular,1,118.88741366020028,4.559259377199254,-114.32815428300103,-125.49273376300185,92.25172901904092,114.32815428300103,165.40875257279987,0,9.960780074198539,-61.04137836399737,-11.731134322294778,0,persistent_or_wider
spyx,2026-09-14T14:50:00Z,30,regular,1,118.88741366020028,4.559259377199254,-114.32815428300103,-125.49273376300185,92.25172901904092,114.32815428300103,3.331031656301775,1,-15.45232108219885,133.11150702150167,-17.459887882500524,0,xstock_reversion
spyx,2026-09-14T14:50:00Z,60,regular,1,118.88741366020028,4.559259377199254,-114.32815428300103,-125.49273376300185,92.25172901904092,114.32815428300103,4.359799246591578,1,-48.16637138610247,166.8543249156951,-47.49852685270284,0,xstock_reversion
spyx,2026-09-14T15:05:00Z,5,regular,1,191.65992634649243,26.25117377369257,-165.40875257279987,-61.04137836399737,139.79346593008648,165.40875257279987,137.4735576304964,1,-13.378765490097422,41.313960432400876,6.32387608379581,0,xstock_reversion
spyx,2026-09-14T15:05:00Z,15,regular,1,191.65992634649243,26.25117377369257,-165.40875257279987,-61.04137836399737,139.79346593008648,165.40875257279987,3.331031656301775,1,-25.41310115639739,194.15288538549902,-5.728753560205746,0,xstock_reversion
spyx,2026-09-14T15:05:00Z,30,regular,1,191.65992634649243,26.25117377369257,-165.40875257279987,-61.04137836399737,139.79346593008648,165.40875257279987,2.8029902308990273,1,-47.719323618995446,210.32508596089627,-27.49440991120622,0,xstock_reversion
spyx,2026-09-14T15:05:00Z,60,regular,1,191.65992634649243,26.25117377369257,-165.40875257279987,-61.04137836399737,139.79346593008648,165.40875257279987,1.2410534957041364,1,-55.56259427589971,219.73029335299543,-30.121495175201574,0,xstock_reversion
spyx,2026-09-14T15:10:00Z,5,regular,1,144.02208983029573,6.5485321997993395,-137.4735576304964,-142.06003713789883,134.50337925290776,137.4735576304964,107.8344695418032,1,3.000040077898447,26.639048010794752,-5.798246746300251,0,xstock_reversion
spyx,2026-09-14T15:10:00Z,15,regular,1,144.02208983029573,6.5485321997993395,-137.4735576304964,-142.06003713789883,134.50337925290776,137.4735576304964,11.502552789401932,1,-19.335885532596464,168.31199595249478,-12.710896821701567,0,xstock_reversion
spyx,2026-09-14T15:10:00Z,30,regular,1,144.02208983029573,6.5485321997993395,-137.4735576304964,-142.06003713789883,134.50337925290776,137.4735576304964,8.58122204189904,1,-40.87090906310209,186.92568873549754,-45.50352125900048,0,xstock_reversion
spyx,2026-09-14T15:10:00Z,60,regular,1,144.02208983029573,6.5485321997993395,-137.4735576304964,-142.06003713789883,134.50337925290776,137.4735576304964,2.917935666895133,1,-42.710802593495245,177.2664245570965,-37.33054353389775,0,xstock_reversion
spyx,2026-09-14T15:15:00Z,5,regular,1,123.18128856580124,15.346819023998037,-107.8344695418032,-138.29483148300346,121.67357664550137,107.8344695418032,3.331031656301775,1,-15.034375744198414,126.19987694230339,-6.254382897701305,0,xstock_reversion
spyx,2026-09-14T15:15:00Z,15,regular,1,123.18128856580124,15.346819023998037,-107.8344695418032,-138.29483148300346,121.67357664550137,107.8344695418032,8.158151067503283,1,-22.965494173599055,138.95811478290554,-22.829517418996303,0,xstock_reversion
spyx,2026-09-14T15:15:00Z,30,regular,1,123.18128856580124,15.346819023998037,-107.8344695418032,-138.29483148300346,121.67357664550137,107.8344695418032,9.622345733202309,1,-55.44453718039577,172.90135245540128,-31.69776540460134,0,xstock_reversion
spyx,2026-09-14T15:15:00Z,60,regular,1,123.18128856580124,15.346819023998037,-107.8344695418032,-138.29483148300346,121.67357664550137,107.8344695418032,9.772690884197743,1,-47.67565241399652,165.28281283999746,-43.11636320790235,0,xstock_reversion
spyx,2026-09-14T17:50:00Z,5,regular,1,115.99092075980089,11.15141481120574,-104.83950594859515,-104.57071691239328,46.02415686387461,104.83950594859515,2.594171928302913,1,-10.49224677670324,112.73758079699547,5.769962261901185,0,xstock_reversion
spyx,2026-09-14T17:50:00Z,15,regular,1,115.99092075980089,11.15141481120574,-104.83950594859515,-104.57071691239328,46.02415686387461,104.83950594859515,0.36668571310016773,1,-4.093124430699646,108.56594466619462,4.720630554100325,0,xstock_reversion
spyx,2026-09-14T17:50:00Z,30,regular,1,115.99092075980089,11.15141481120574,-104.83950594859515,-104.57071691239328,46.02415686387461,104.83950594859515,25.942237354197317,1,-2.232805871402732,81.13007446580056,8.826768369400995,0,xstock_reversion
spyx,2026-09-14T17:50:00Z,60,regular,1,115.99092075980089,11.15141481120574,-104.83950594859515,-104.57071691239328,46.02415686387461,104.83950594859515,3.787399116292889,1,-7.624863150805794,116.25176821569383,6.163490041801722,0,xstock_reversion
spyx,2026-09-14T19:35:00Z,5,regular,1,80.43160279229689,5.261000588694387,-75.1706022036025,-87.6438752108033,36.14778762205942,75.1706022036025,51.858114048499715,1,-0.5865530380955164,23.8990411931983,-0.0,0,xstock_reversion
spyx,2026-09-14T19:35:00Z,15,regular,1,80.43160279229689,5.261000588694387,-75.1706022036025,-87.6438752108033,36.14778762205942,75.1706022036025,0.14960371570005293,1,-6.646929970495208,81.66792845839765,4.596644530492355,0,xstock_reversion
spyx,2026-09-14T19:35:00Z,30,regular,1,80.43160279229689,5.261000588694387,-75.1706022036025,-87.6438752108033,36.14778762205942,75.1706022036025,116.12485527000338,0,7.790898984998407,-48.74515205139929,12.350060035499766,0,persistent_or_wider
spyx,2026-09-14T19:35:00Z,60,regular,1,80.43160279229689,5.261000588694387,-75.1706022036025,-87.6438752108033,36.14778762205942,75.1706022036025,111.15499036250753,0,4.892496081598807,-40.87688424050384,7.356959780997485,0,persistent_or_wider
spyx,2026-09-14T19:40:00Z,5,regular,1,56.532561599098585,4.67444755059887,-51.858114048499715,-59.487809025204896,38.58407301827306,51.858114048499715,5.3908683756986875,1,-4.956412268803945,62.20539469300235,-1.4442234370015683,0,xstock_reversion
spyx,2026-09-14T19:40:00Z,15,regular,1,56.532561599098585,4.67444755059887,-51.858114048499715,-59.487809025204896,38.58407301827306,51.858114048499715,3.52984093949793,1,-0.6156909558008294,56.003645943798475,10.772607092892628,0,xstock_reversion
spyx,2026-09-14T19:40:00Z,30,regular,1,56.532561599098585,4.67444755059887,-51.858114048499715,-59.487809025204896,38.58407301827306,51.858114048499715,89.0389002093972,0,6.159779838297297,134.73723441959962,11.16694700079357,0,persistent_or_wider
spyx,2026-09-14T19:40:00Z,60,regular,1,56.532561599098585,4.67444755059887,-51.858114048499715,-59.487809025204896,38.58407301827306,51.858114048499715,28.050016933303112,1,2.598177625596776,77.30995335620605,7.487045790899316,0,xstock_reversion
spyx,2026-09-14T20:05:00Z,5,afterhours,1,116.82669480819641,0.7018395381930276,-116.12485527000338,-130.41308050979694,63.482881276418745,116.12485527000338,89.0389002093972,1,-2.2176721847966263,207.3814276641972,-1.1831130347061958,0,xstock_reversion
spyx,2026-09-14T20:05:00Z,15,afterhours,1,116.82669480819641,0.7018395381930276,-116.12485527000338,-130.41308050979694,63.482881276418745,116.12485527000338,12.286856505996369,1,-2.145840284297762,130.5575520602975,-3.811752072007124,0,xstock_reversion
spyx,2026-09-14T20:05:00Z,30,afterhours,1,116.82669480819641,0.7018395381930276,-116.12485527000338,-130.41308050979694,63.482881276418745,116.12485527000338,111.15499036250753,1,-2.8984029033995995,7.868267810895446,-4.993100254502281,0,xstock_reversion
spyx,2026-09-14T20:05:00Z,60,afterhours,1,116.82669480819641,0.7018395381930276,-116.12485527000338,-130.41308050979694,63.482881276418745,116.12485527000338,1.549934910602957,1,-10.165498870193801,127.84028905080014,-7.7534155050074105,0,xstock_reversion
spyx,2026-09-14T20:10:00Z,5,afterhours,1,89.3716198212946,0.33271961189740296,89.0389002093972,78.73358847580114,109.50488698145956,89.0389002093972,10.485937335893425,1,-0.09079633369601936,78.64375920719979,0.0,0,xstock_reversion
spyx,2026-09-14T20:10:00Z,15,afterhours,1,89.3716198212946,0.33271961189740296,89.0389002093972,78.73358847580114,109.50488698145956,89.0389002093972,4.048543615899902,1,2.0082370254037585,82.98211956809354,4.2054908558952775,0,xstock_reversion
spyx,2026-09-14T20:10:00Z,30,afterhours,1,89.3716198212946,0.33271961189740296,89.0389002093972,78.73358847580114,109.50488698145956,89.0389002093972,28.050016933303112,1,3.561602212700521,57.427281063393565,3.679901209894254,0,xstock_reversion
spyx,2026-09-14T20:10:00Z,60,afterhours,1,89.3716198212946,0.33271961189740296,89.0389002093972,78.73358847580114,109.50488698145956,89.0389002093972,21.970199405600965,1,6.8991331898971,60.16956761389913,5.059515117293856,0,xstock_reversion
spyx,2026-09-14T20:35:00Z,5,afterhours,1,113.95152725180324,2.7965368892957088,-111.15499036250753,-122.68928424940206,106.10081321315242,111.15499036250753,28.050016933303112,1,-2.8808714940975477,142.08587878990818,0.13008600990183083,0,xstock_reversion
spyx,2026-09-14T20:35:00Z,15,afterhours,1,113.95152725180324,2.7965368892957088,-111.15499036250753,-122.68928424940206,106.10081321315242,111.15499036250753,4.13876334490304,1,-5.826786756397695,121.12054046380827,-4.861900641701666,0,xstock_reversion
spyx,2026-09-14T20:35:00Z,30,afterhours,1,113.95152725180324,2.7965368892957088,-111.15499036250753,-122.68928424940206,106.10081321315242,111.15499036250753,1.549934910602957,1,-7.2670959667942014,119.97202123990469,-2.76031525050513,0,xstock_reversion
spyx,2026-09-14T20:35:00Z,60,afterhours,1,113.95152725180324,2.7965368892957088,-111.15499036250753,-122.68928424940206,106.10081321315242,111.15499036250753,160.9140532028963,0,0.5449915314059695,-50.30405437179475,0.5242963737028816,0,persistent_or_wider
spyx,2026-09-14T21:20:00Z,5,afterhours,1,48.08777958710486,0.4281241824966031,-48.515903769601465,-54.50116476760414,25.093037814268985,48.515903769601465,0.5051953186008262,1,0.3535557990019811,48.66754328920031,0.2628120893977126,0,xstock_reversion
spyx,2026-09-14T21:20:00Z,15,afterhours,1,48.08777958710486,0.4281241824966031,-48.515903769601465,-54.50116476760414,25.093037814268985,48.515903769601465,160.9140532028963,0,3.376761410800455,-115.7749108440953,0.1314051813050554,0,persistent_or_wider
spyx,2026-09-14T21:20:00Z,30,afterhours,1,48.08777958710486,0.4281241824966031,-48.515903769601465,-54.50116476760414,25.093037814268985,48.515903769601465,24.312402125001853,1,-0.9799777293029166,73.80828362390623,-1.8394912544028585,0,xstock_reversion
spyx,2026-09-14T21:20:00Z,60,afterhours,1,48.08777958710486,0.4281241824966031,-48.515903769601465,-54.50116476760414,25.093037814268985,48.515903769601465,26.341503001097166,1,-0.24424070240058882,22.418641470904888,-1.7081102429017392,0,xstock_reversion
spyx,2026-09-14T21:35:00Z,5,afterhours,1,163.7312852498951,2.8172320469987966,-160.9140532028963,-115.7749108440953,77.48244222824769,160.9140532028963,13.983092452498624,1,-2.1322640353016453,149.06322478569933,0.1314069080926572,0,xstock_reversion
spyx,2026-09-14T21:35:00Z,15,afterhours,1,163.7312852498951,2.8172320469987966,-160.9140532028963,-115.7749108440953,77.48244222824769,160.9140532028963,24.312402125001853,1,-4.356739140103372,189.58319446800152,-1.970896435707914,0,xstock_reversion
spyx,2026-09-14T21:35:00Z,30,afterhours,1,163.7312852498951,2.8172320469987966,-160.9140532028963,-115.7749108440953,77.48244222824769,160.9140532028963,18.70599563139841,1,-5.51809768420064,147.72615525569853,-1.3139741166057206,0,xstock_reversion
spyx,2026-09-14T21:35:00Z,60,afterhours,1,163.7312852498951,2.8172320469987966,-160.9140532028963,-115.7749108440953,77.48244222824769,160.9140532028963,2.2620517223970182,1,-5.333858217699827,163.98585969819914,-2.1022757212030285,0,xstock_reversion
spyx,2026-09-14T22:40:00Z,5,afterhours,1,204.76034039430323,2.8290696156041406,-201.93127077869912,-198.75491374300225,85.66156393493223,201.93127077869912,1.4350110858973864,1,-2.4233222629010953,205.78960412749757,-1.877369420695274,0,xstock_reversion
spyx,2026-09-14T22:40:00Z,15,afterhours,1,204.76034039430323,2.8290696156041406,-201.93127077869912,-198.75491374300225,85.66156393493223,201.93127077869912,17.34400880319953,1,-4.735966419300297,189.32322839479986,-0.932816825001126,0,xstock_reversion
spyx,2026-09-14T22:40:00Z,30,afterhours,1,204.76034039430323,2.8290696156041406,-201.93127077869912,-198.75491374300225,85.66156393493223,201.93127077869912,0.8525651673974011,1,-3.537573125500515,206.32140907159703,-1.9706375076022908,0,xstock_reversion
spyx,2026-09-14T22:40:00Z,60,afterhours,1,204.76034039430323,2.8290696156041406,-201.93127077869912,-198.75491374300225,85.66156393493223,201.93127077869912,16.1363250972979,1,-3.249447652704518,189.04439333410573,0.16160950460530898,0,xstock_reversion
spyx,2026-09-15T09:35:00Z,5,premarket,1,118.45947395050516,13.67486327660039,-104.78461067390477,-114.0819872122023,48.612410197007364,104.78461067390477,2.5240268015025435,1,-12.89789875049685,120.20653622590416,0.0792082344069911,0,xstock_reversion
spyx,2026-09-15T09:35:00Z,15,premarket,1,118.45947395050516,13.67486327660039,-104.78461067390477,-114.0819872122023,48.612410197007364,104.78461067390477,8.203268138498032,1,-19.71032180019705,116.29166433560378,-7.653835868994818,0,xstock_reversion
spyx,2026-09-15T09:35:00Z,30,premarket,1,118.45947395050516,13.67486327660039,-104.78461067390477,-114.0819872122023,48.612410197007364,104.78461067390477,1.3238553442018741,1,-23.935345002392694,130.04381102049933,-11.874135572895739,0,xstock_reversion
spyx,2026-09-15T09:35:00Z,60,premarket,1,118.45947395050516,13.67486327660039,-104.78461067390477,-114.0819872122023,48.612410197007364,104.78461067390477,1.5495562988032674,1,-29.404495270792808,135.73866224350084,-17.674141008194866,0,xstock_reversion
spyx,2026-09-15T10:20:00Z,5,premarket,1,138.82244372980244,9.646192555896604,-129.17625117390585,-136.5549926940002,46.87528958265978,129.17625117390585,2.726941303698993,1,-9.143630423098514,141.04682290070338,0.9228558440010914,0,xstock_reversion
spyx,2026-09-15T10:20:00Z,15,premarket,1,138.82244372980244,9.646192555896604,-129.17625117390585,-136.5549926940002,46.87528958265978,129.17625117390585,1.5495562988032674,1,-11.524036444292562,142.24984391700167,-3.822352902398407,0,xstock_reversion
spyx,2026-09-15T10:20:00Z,30,premarket,1,138.82244372980244,9.646192555896604,-129.17625117390585,-136.5549926940002,46.87528958265978,129.17625117390585,1.1675502194030685,1,-15.076337595694156,145.42013898900308,-9.48729169479634,0,xstock_reversion
spyx,2026-09-15T10:20:00Z,60,premarket,1,138.82244372980244,9.646192555896604,-129.17625117390585,-136.5549926940002,46.87528958265978,129.17625117390585,132.56194238949524,0,-19.473004545194073,16.08731332960467,-13.700978337798375,0,persistent_or_wider
spyx,2026-09-15T11:00:00Z,5,premarket,1,115.82749273950199,6.879162506203684,-108.94833023329831,-108.7942341407988,46.66916501300824,108.94833023329831,2.600017244596131,1,-6.552266727304357,118.1006142051988,-3.4229893563964,0,xstock_reversion
spyx,2026-09-15T11:00:00Z,15,premarket,1,115.82749273950199,6.879162506203684,-108.94833023329831,-108.7942341407988,46.66916501300824,108.94833023329831,3.2916409210059783,1,-9.453321431998063,121.69329258630235,-4.607597351196091,0,xstock_reversion
spyx,2026-09-15T11:00:00Z,30,premarket,1,115.82749273950199,6.879162506203684,-108.94833023329831,-108.7942341407988,46.66916501300824,108.94833023329831,187.58860634049412,0,1.1619296406006896,-79.8022057477965,-1.1850135302982068,0,persistent_or_wider
spyx,2026-09-15T11:00:00Z,60,premarket,1,115.82749273950199,6.879162506203684,-108.94833023329831,-108.7942341407988,46.66916501300824,108.94833023329831,4.7398148957000785,1,-10.82946615060365,115.03798148820188,-4.344363257100525,0,xstock_reversion
spyx,2026-09-15T11:20:00Z,5,premarket,1,136.43610873799616,3.874166348500907,-132.56194238949524,-136.734285660296,93.48030325595256,132.56194238949524,1.1178008742973589,1,-3.67341011240363,137.35315337619625,1.053255217797755,0,xstock_reversion
spyx,2026-09-15T11:20:00Z,15,premarket,1,136.43610873799616,3.874166348500907,-132.56194238949524,-136.734285660296,93.48030325595256,132.56194238949524,1.3754608261962176,1,-2.5442933219022024,136.48169653759368,1.711596067499599,0,xstock_reversion
spyx,2026-09-15T11:20:00Z,30,premarket,1,136.43610873799616,3.874166348500907,-132.56194238949524,-136.734285660296,93.48030325595256,132.56194238949524,0.45717789820542976,1,-3.147635568598872,136.16675585629957,0.22644051050235703,0,xstock_reversion
spyx,2026-09-15T11:20:00Z,60,premarket,1,136.43610873799616,3.874166348500907,-132.56194238949524,-136.734285660296,93.48030325595256,132.56194238949524,8.623395037501425,1,-8.869800675199713,132.80834802719355,-0.6582281816047697,0,xstock_reversion
spyx,2026-09-15T11:30:00Z,5,premarket,1,196.81471201759672,9.22610567710258,-187.58860634049412,-201.49549833409884,134.80559351225654,187.58860634049412,1.3754608261962176,1,-8.686163663602642,197.65023083029297,0.9216650544008331,0,xstock_reversion
spyx,2026-09-15T11:30:00Z,15,premarket,1,196.81471201759672,9.22610567710258,-187.58860634049412,-201.49549833409884,134.80559351225654,187.58860634049412,0.24574698480606116,1,-10.04389757460089,197.87825089990108,0.01316604549828071,0,xstock_reversion
spyx,2026-09-15T11:30:00Z,30,premarket,1,196.81471201759672,9.22610567710258,-187.58860634049412,-201.49549833409884,134.80559351225654,187.58860634049412,4.7398148957000785,1,-11.99139579120434,194.84018723599837,-3.1593497268023185,0,xstock_reversion
spyx,2026-09-15T11:30:00Z,60,premarket,1,196.81471201759672,9.22610567710258,-187.58860634049412,-201.49549833409884,134.80559351225654,187.58860634049412,0.5775048987022302,1,-13.62518894560516,200.63629038739705,-8.817356285799605,0,xstock_reversion
spyx,2026-09-15T12:35:00Z,5,premarket,1,166.87604523629494,7.743604461696307,-159.13244077459865,-155.41817769519463,66.70904619886426,159.13244077459865,5.43641611530532,1,-6.973551494802166,160.6695761540955,0.7248498323964014,0,xstock_reversion
spyx,2026-09-15T12:35:00Z,15,premarket,1,166.87604523629494,7.743604461696307,-159.13244077459865,-155.41817769519463,66.70904619886426,159.13244077459865,10.015022431506537,1,-17.704662029895957,186.85212523600114,-13.344420825900372,0,xstock_reversion
spyx,2026-09-15T12:35:00Z,30,premarket,1,166.87604523629494,7.743604461696307,-159.13244077459865,-155.41817769519463,66.70904619886426,159.13244077459865,6.264704904603846,1,-15.926740668703587,168.7944765386984,-5.72065467780547,0,xstock_reversion
spyx,2026-09-15T12:35:00Z,60,premarket,1,166.87604523629494,7.743604461696307,-159.13244077459865,-155.41817769519463,66.70904619886426,159.13244077459865,6.105638911497735,1,7.778766705701656,157.4593129803947,4.934226857393753,0,xstock_reversion
spyx,2026-09-15T13:45:00Z,5,regular,1,74.34675614869768,1.1877376944990914,-75.53449384319677,-75.04856986059849,18.825510832151885,75.53449384319677,1.8613681713031127,1,0.9809349951961366,76.41492701930375,-4.344878049700185,0,xstock_reversion
spyx,2026-09-15T13:45:00Z,15,regular,1,74.34675614869768,1.1877376944990914,-75.53449384319677,-75.04856986059849,18.825510832151885,75.53449384319677,18.599888061903158,1,0.0937130878941872,56.840892693399425,6.850307872996453,0,xstock_reversion
spyx,2026-09-15T13:45:00Z,30,regular,1,74.34675614869768,1.1877376944990914,-75.53449384319677,-75.04856986059849,18.825510832151885,75.53449384319677,4.956320203302056,1,18.68419871109417,61.80661533540466,15.024120488700277,0,xstock_reversion
spyx,2026-09-15T13:45:00Z,60,regular,1,74.34675614869768,1.1877376944990914,-75.53449384319677,-75.04856986059849,18.825510832151885,75.53449384319677,8.752196824701741,1,30.405316465991206,36.376980552503824,32.18448163520016,0,xstock_reversion
spyx,2026-09-15T15:25:00Z,5,regular,1,85.20234954679573,7.302025217201802,-77.90032432959393,-81.18782671919789,39.842058912841125,77.90032432959393,12.242556898600654,1,-8.071800271505225,98.21468149969981,2.244535555702143,0,xstock_reversion
spyx,2026-09-15T15:25:00Z,15,regular,1,85.20234954679573,7.302025217201802,-77.90032432959393,-81.18782671919789,39.842058912841125,77.90032432959393,5.858747758207272,1,-5.331741864598172,89.09081395239937,-0.5280528054019129,0,xstock_reversion
spyx,2026-09-15T15:25:00Z,30,regular,1,85.20234954679573,7.302025217201802,-77.90032432959393,-81.18782671919789,39.842058912841125,77.90032432959393,1.331410181499848,1,-2.495045406298857,81.72677991739263,4.819770394997036,0,xstock_reversion
spyx,2026-09-15T15:25:00Z,60,regular,1,85.20234954679573,7.302025217201802,-77.90032432959393,-81.18782671919789,39.842058912841125,77.90032432959393,6.3445225243974335,1,-9.214605432203982,93.45945228619534,-1.2540798864968394,0,xstock_reversion
spyx,2026-09-15T16:20:00Z,5,regular,1,215.1601032055961,24.170753495793562,-190.98934970980253,-209.3749272035961,88.14906363750879,190.98934970980253,6.3445225243974335,1,-23.773308521297665,221.1071807554976,1.0559453030012378,0,xstock_reversion
spyx,2026-09-15T16:20:00Z,15,regular,1,215.1601032055961,24.170753495793562,-190.98934970980253,-209.3749272035961,88.14906363750879,190.98934970980253,1.851829398002991,1,-24.163401628598535,213.30092194039807,1.3859510780989126,0,xstock_reversion
spyx,2026-09-15T16:20:00Z,30,regular,1,215.1601032055961,24.170753495793562,-190.98934970980253,-209.3749272035961,88.14906363750879,190.98934970980253,14.603443859995124,1,-20.310710545592414,196.69661639539981,-4.222666544704268,0,xstock_reversion
spyx,2026-09-15T16:20:00Z,60,regular,1,215.1601032055961,24.170753495793562,-190.98934970980253,-209.3749272035961,88.14906363750879,190.98934970980253,88.63135829920488,1,-7.845439195799386,110.20343060639703,13.273417806196619,0,xstock_reversion
spyx,2026-09-15T17:20:00Z,5,regular,1,91.68325479300243,3.051896493797557,-88.63135829920488,-49.73157095510494,41.9152588595478,88.63135829920488,1.0351211836034935,1,-2.843476237499587,90.43971335310097,-3.0392526315026203,0,xstock_reversion
spyx,2026-09-15T17:20:00Z,15,regular,1,91.68325479300243,3.051896493797557,-88.63135829920488,-49.73157095510494,41.9152588595478,88.63135829920488,3.34917125460521,1,-7.919037511694427,99.89956706550451,-5.945499762196604,0,xstock_reversion
spyx,2026-09-15T17:20:00Z,30,regular,1,91.68325479300243,3.051896493797557,-88.63135829920488,-49.73157095510494,41.9152588595478,88.63135829920488,5.127675387592845,1,-7.8101884133996435,101.56922210019736,-8.19065782420303,0,xstock_reversion
spyx,2026-09-15T17:20:00Z,60,regular,1,91.68325479300243,3.051896493797557,-88.63135829920488,-49.73157095510494,41.9152588595478,88.63135829920488,0.8548869282964944,1,-15.042788794996653,102.81926016590504,-10.9620724497006,0,xstock_reversion
spyx,2026-09-15T18:30:00Z,5,regular,1,53.0444096516014,1.0898001020009929,-54.13420975360239,-54.81839847740311,15.53465086527627,54.13420975360239,0.6040655505046288,1,0.9951727346013683,53.74310256950565,-0.5282341134993374,0,xstock_reversion
spyx,2026-09-15T18:30:00Z,15,regular,1,53.0444096516014,1.0898001020009929,-54.13420975360239,-54.81839847740311,15.53465086527627,54.13420975360239,13.667070050003005,1,2.661051482997223,37.80608822060216,4.953552293596175,0,xstock_reversion
spyx,2026-09-15T18:30:00Z,30,regular,1,53.0444096516014,1.0898001020009929,-54.13420975360239,-54.81839847740311,15.53465086527627,54.13420975360239,4.108913232201417,1,-2.6437183676009113,60.88684135340472,-1.5806574049026523,0,xstock_reversion
spyx,2026-09-15T18:30:00Z,60,regular,1,53.0444096516014,1.0898001020009929,-54.13420975360239,-54.81839847740311,15.53465086527627,54.13420975360239,1.2118185124965208,1,4.252525904098192,51.09350236200072,3.962645513997387,0,xstock_reversion
spyx,2026-09-15T19:25:00Z,5,regular,1,71.09274973129409,4.178250219695201,-66.91449951159889,-32.10129274509477,44.20709085423165,66.91449951159889,1.2118185124965208,1,-4.119463473299945,72.24578149739536,0.858706458295444,0,xstock_reversion
spyx,2026-09-15T19:25:00Z,15,regular,1,71.09274973129409,4.178250219695201,-66.91449951159889,-32.10129274509477,44.20709085423165,66.91449951159889,6.687466158998845,1,-0.6008045969974063,74.20277026759514,3.5674176237954214,0,xstock_reversion
spyx,2026-09-15T19:25:00Z,30,regular,1,71.09274973129409,4.178250219695201,-66.91449951159889,-32.10129274509477,44.20709085423165,66.91449951159889,9.629921824698684,1,-4.991382429899716,81.53580376619729,-5.2167081115062075,0,xstock_reversion
spyx,2026-09-15T19:25:00Z,60,regular,1,71.09274973129409,4.178250219695201,-66.91449951159889,-32.10129274509477,44.20709085423165,66.91449951159889,29.59062311870042,1,-18.32659627949873,55.6504726723972,-14.454827887400157,0,xstock_reversion
spyx,2026-09-15T19:45:00Z,5,regular,1,95.46989888789881,10.55639054949431,-84.9135083384045,-96.95187256870241,62.08367406872041,84.9135083384045,3.6301456426013345,1,-10.456854194300647,99.00050817530648,-0.3289419147023409,0,xstock_reversion
spyx,2026-09-15T19:45:00Z,15,regular,1,95.46989888789881,10.55639054949431,-84.9135083384045,-96.95187256870241,62.08367406872041,84.9135083384045,10.71920855479469,1,-16.129329878902254,111.76204677210144,-12.672951852303882,0,xstock_reversion
spyx,2026-09-15T19:45:00Z,30,regular,1,95.46989888789881,10.55639054949431,-84.9135083384045,-96.95187256870241,62.08367406872041,84.9135083384045,4.601420380101473,1,-25.806273027999538,115.32120174650551,-14.783769802102498,0,xstock_reversion
spyx,2026-09-15T19:45:00Z,60,regular,1,95.46989888789881,10.55639054949431,-84.9135083384045,-96.95187256870241,62.08367406872041,84.9135083384045,4.644303942997752,1,-25.317341123898274,114.87515340530052,-15.377357081103327,0,xstock_reversion
spyx,2026-09-15T20:30:00Z,5,afterhours,1,53.09896243259615,0.7373634959950692,-52.361598936601084,-58.43032336779963,13.9157075075746,52.361598936601084,1.0450357935010146,1,-0.6057449559992989,51.92230809909937,-0.39573920790125783,0,xstock_reversion
spyx,2026-09-15T20:30:00Z,15,afterhours,1,53.09896243259615,0.7373634959950692,-52.361598936601084,-58.43032336779963,13.9157075075746,52.361598936601084,4.644303942997752,1,-0.9783721469958095,57.984275026594645,-0.8574151577001032,0,xstock_reversion
spyx,2026-09-15T20:30:00Z,30,afterhours,1,53.09896243259615,0.7373634959950692,-52.361598936601084,-58.43032336779963,13.9157075075746,52.361598936601084,3.6053659786006165,1,-0.6737947836921165,56.64075969889382,0.9234523933976391,0,xstock_reversion
spyx,2026-09-15T20:30:00Z,60,afterhours,1,53.09896243259615,0.7373634959950692,-52.361598936601084,-58.43032336779963,13.9157075075746,52.361598936601084,27.36111292329646,1,0.9315313507052281,24.068954662599396,1.3192438114018046,0,xstock_reversion
spyx,2026-09-15T21:55:00Z,5,afterhours,1,53.523819383398674,1.411874593602036,-52.11194478979664,-30.212709624599654,26.271055925693883,52.11194478979664,4.252658950401056,1,-1.1188151824992332,48.978101021894815,-1.847063174800212,0,xstock_reversion
spyx,2026-09-15T21:55:00Z,15,afterhours,1,53.523819383398674,1.411874593602036,-52.11194478979664,-30.212709624599654,26.271055925693883,52.11194478979664,7.845785941897887,1,-1.7801735851019629,46.046332433000714,0.2506991538009373,0,xstock_reversion
spyx,2026-09-15T21:55:00Z,30,afterhours,1,53.523819383398674,1.411874593602036,-52.11194478979664,-30.212709624599654,26.271055925693883,52.11194478979664,0.698684106099634,1,-2.407856548600762,55.218485444497034,-1.715141404394771,0,xstock_reversion
spyx,2026-09-15T21:55:00Z,60,afterhours,1,53.523819383398674,1.411874593602036,-52.11194478979664,-30.212709624599654,26.271055925693883,52.11194478979664,0.6808645444067452,1,-7.372275310597587,60.16508464480097,-6.199505557198393,0,xstock_reversion
spyx,2026-09-15T22:05:00Z,5,afterhours,1,142.55827825889966,1.8362608522970447,-140.72201740660262,-139.86178994469967,66.9386772468574,140.72201740660262,7.845785941897887,1,-1.4129195646983561,134.2891510294031,1.0423394328995528,0,xstock_reversion
spyx,2026-09-15T22:05:00Z,15,afterhours,1,142.55827825889966,1.8362608522970447,-140.72201740660262,-139.86178994469967,66.9386772468574,140.72201740660262,85.64606222529747,1,0.5698963453060202,54.50605883599913,-0.6596523633994877,0,xstock_reversion
spyx,2026-09-15T22:05:00Z,30,afterhours,1,142.55827825889966,1.8362608522970447,-140.72201740660262,-139.86178994469967,66.9386772468574,140.72201740660262,2.081021073303546,1,-4.240281740894858,147.04332022080104,-4.748526067599457,0,xstock_reversion
spyx,2026-09-15T22:05:00Z,60,afterhours,1,142.55827825889966,1.8362608522970447,-140.72201740660262,-139.86178994469967,66.9386772468574,140.72201740660262,87.50275928429474,1,-3.9681190788964926,57.18737720120437,-2.7847563594018965,0,xstock_reversion
spyx,2026-09-15T22:20:00Z,5,afterhours,1,88.71187178630002,3.0658095610025526,-85.64606222529747,54.50605883599913,96.4808914049558,85.64606222529747,0.698684106099634,1,-2.6104988735031753,88.95524520490028,-0.26384876189666784,0,xstock_reversion
spyx,2026-09-15T22:20:00Z,15,afterhours,1,88.71187178630002,3.0658095610025526,-85.64606222529747,54.50605883599913,96.4808914049558,85.64606222529747,2.081021073303546,1,-4.810178086200878,92.5372613848019,-4.088873704199969,0,xstock_reversion
spyx,2026-09-15T22:20:00Z,30,afterhours,1,88.71187178630002,3.0658095610025526,-85.64606222529747,54.50605883599913,96.4808914049558,85.64606222529747,1.839760456698869,1,-6.898417935703449,94.38424061769979,-4.6163485504013835,0,xstock_reversion
spyx,2026-09-15T22:20:00Z,60,afterhours,1,88.71187178630002,3.0658095610025526,-85.64606222529747,54.50605883599913,96.4808914049558,85.64606222529747,5.279933129802572,1,-3.7507739365061354,84.11690303200103,-0.7915254017998308,0,xstock_reversion
spyx,2026-09-15T23:05:00Z,5,afterhours,1,88.15565741709719,0.6528981328024486,-87.50275928429474,-91.70292225249455,37.308006023312686,87.50275928429474,123.64535122009634,0,1.7004779097984368,-37.84306984560004,0.14113195080156515,0,persistent_or_wider
spyx,2026-09-15T23:05:00Z,15,afterhours,1,88.15565741709719,0.6528981328024486,-87.50275928429474,-91.70292225249455,37.308006023312686,87.50275928429474,5.279933129802572,1,0.7872414876963774,81.43558466679579,1.333578594202578,0,xstock_reversion
spyx,2026-09-15T23:05:00Z,30,afterhours,1,88.15565741709719,0.6528981328024486,-87.50275928429474,-91.70292225249455,37.308006023312686,87.50275928429474,35.531057966293744,1,1.652424387401652,50.319276930599344,0.1464079501989346,0,xstock_reversion
spyx,2026-09-15T23:10:00Z,5,afterhours,1,125.85759531189566,2.2122440917993202,-123.64535122009634,-129.063595885599,37.5532239311872,123.64535122009634,130.9386445273031,0,0.5121273177977059,-7.8054206250044444,0.9286187647017385,0,persistent_or_wider
spyx,2026-09-15T23:10:00Z,15,afterhours,1,125.85759531189566,2.2122440917993202,-123.64535122009634,-129.063595885599,37.5532239311872,123.64535122009634,3.915322360299456,1,-1.0748942840965725,128.63556786449237,1.9839720452008436,0,xstock_reversion
spyx,2026-09-15T23:10:00Z,30,afterhours,1,125.85759531189566,2.2122440917993202,-123.64535122009634,-129.063595885599,37.5532239311872,123.64535122009634,2.072636638805747,1,-1.9151528950978047,127.6331407539999,-1.3136372179989309,0,xstock_reversion
spyx,2026-09-15T23:15:00Z,5,afterhours,1,132.73439717219838,1.7957526448952876,-130.9386445273031,-136.6256597148041,37.049184716505415,130.9386445273031,5.279933129802572,1,-1.4253637398997654,127.08407513740028,0.26382787869927427,0,xstock_reversion
spyx,2026-09-15T23:15:00Z,15,afterhours,1,132.73439717219838,1.7957526448952876,-130.9386445273031,-136.6256597148041,37.049184716505415,130.9386445273031,0.19716336849384675,1,-0.8732437432001916,132.0090516389971,0.5276627180972326,0,xstock_reversion
spyx,2026-09-15T23:15:00Z,30,afterhours,1,132.73439717219838,1.7957526448952876,-130.9386445273031,-136.6256597148041,37.049184716505415,130.9386445273031,12.358845137798724,1,-4.0173710755997405,147.31486074070153,-1.0552419151999004,0,xstock_reversion
spyx,2026-09-16T12:50:00Z,5,premarket,1,156.6087697610996,4.274266833901308,-152.3345029271983,-134.33660913380052,54.89422433000011,152.3345029271983,56.82293466759525,1,-1.2615845318020291,96.77315279140508,-5.397115964997923,0,xstock_reversion
spyx,2026-09-16T12:50:00Z,15,premarket,1,156.6087697610996,4.274266833901308,-152.3345029271983,-134.33660913380052,54.89422433000011,152.3345029271983,3.214678291598716,1,-1.5241050606995543,157.07328627949659,-1.1849823254017622,0,xstock_reversion
spyx,2026-09-16T12:50:00Z,30,premarket,1,156.6087697610996,4.274266833901308,-152.3345029271983,-134.33660913380052,54.89422433000011,152.3345029271983,4.2597839108005076,1,-5.867207432599386,153.94192644899718,-4.475863323998297,0,xstock_reversion
spyx,2026-09-16T12:50:00Z,60,premarket,1,156.6087697610996,4.274266833901308,-152.3345029271983,-134.33660913380052,54.89422433000011,152.3345029271983,3.1790427355993245,1,-9.629846328103042,165.14339199090068,-10.227038897898666,0,xstock_reversion
spyx,2026-09-16T12:55:00Z,5,premarket,1,65.23273293469245,8.409798267097202,-56.82293466759525,-62.09209144539152,75.0089564352454,56.82293466759525,7.543615313094776,1,-7.4946736913972245,56.7739930458977,8.82118721909464,0,xstock_reversion
spyx,2026-09-16T12:55:00Z,15,premarket,1,65.23273293469245,8.409798267097202,-56.82293466759525,-62.09209144539152,75.0089564352454,56.82293466759525,2.5701933606026017,1,-4.062730046499041,63.45585807469689,-0.26319945249930754,0,xstock_reversion
spyx,2026-09-16T12:55:00Z,30,premarket,1,65.23273293469245,8.409798267097202,-56.82293466759525,-62.09209144539152,75.0089564352454,56.82293466759525,20.846046360700754,1,-6.296939135097546,42.27382744199204,4.47545091059709,0,xstock_reversion
spyx,2026-09-16T12:55:00Z,60,premarket,1,65.23273293469245,8.409798267097202,-56.82293466759525,-62.09209144539152,75.0089564352454,56.82293466759525,2.2705945303957975,1,-12.853754238699722,67.40609437589917,-4.341905375202515,0,xstock_reversion
spyx,2026-09-16T13:35:00Z,5,regular,1,53.74843196840118,0.7269650343033618,-54.47539700270454,-59.64396609519973,26.754804344906596,54.47539700270454,0.4411958524030979,1,0.6605466966025375,54.2560461585051,0.5271550759999855,0,xstock_reversion
spyx,2026-09-16T13:35:00Z,15,regular,1,53.74843196840118,0.7269650343033618,-54.47539700270454,-59.64396609519973,26.754804344906596,54.47539700270454,3.1790427355993245,1,-13.190991898799354,70.84543163710322,-18.789416336799647,0,xstock_reversion
spyx,2026-09-16T13:35:00Z,30,regular,1,53.74843196840118,0.7269650343033618,-54.47539700270454,-59.64396609519973,26.754804344906596,54.47539700270454,1.0963863011959063,1,-10.951724606300672,66.52350791020112,-11.722018319400007,0,xstock_reversion
spyx,2026-09-16T13:35:00Z,60,regular,1,53.74843196840118,0.7269650343033618,-54.47539700270454,-59.64396609519973,26.754804344906596,54.47539700270454,37.49266238100013,1,-0.4492678406986528,17.432002462403062,-7.377254678599954,0,xstock_reversion
spyx,2026-09-16T14:50:00Z,5,regular,1,75.86586474519486,6.690278083798518,-69.17558666139634,-28.090682199097827,40.185393192472944,69.17558666139634,4.155566103598574,1,-6.787043959102235,80.11819672409715,-6.974189204207448,0,xstock_reversion
spyx,2026-09-16T14:50:00Z,15,regular,1,75.86586474519486,6.690278083798518,-69.17558666139634,-28.090682199097827,40.185393192472944,69.17558666139634,191.60195491769727,0,-1.198194672502595,-121.22817358379834,-16.177934463206256,0,persistent_or_wider
spyx,2026-09-16T14:50:00Z,30,regular,1,75.86586474519486,6.690278083798518,-69.17558666139634,-28.090682199097827,40.185393192472944,69.17558666139634,34.11749755899862,1,-15.989568884604566,51.04765798700228,-11.314153106001257,0,xstock_reversion
spyx,2026-09-16T14:50:00Z,60,regular,1,75.86586474519486,6.690278083798518,-69.17558666139634,-28.090682199097827,40.185393192472944,69.17558666139634,1.8553431159951117,1,-24.26366809889835,91.58391164429958,-14.600751046600635,0,xstock_reversion
spyx,2026-09-16T15:05:00Z,5,regular,1,213.27197279219945,21.67001787450218,-191.60195491769727,-121.22817358379834,102.63158252557751,191.60195491769727,1.7299676326043567,1,-20.97259534809659,214.30451789839822,2.233102087103589,0,xstock_reversion
spyx,2026-09-16T15:05:00Z,15,regular,1,213.27197279219945,21.67001787450218,-191.60195491769727,-121.22817358379834,102.63158252557751,191.60195491769727,34.11749755899862,1,-14.791374212101971,172.27583157080062,4.863781357204999,0,xstock_reversion
spyx,2026-09-16T15:05:00Z,30,regular,1,213.27197279219945,21.67001787450218,-191.60195491769727,-121.22817358379834,102.63158252557751,191.60195491769727,3.7784053133993467,1,-11.841831636898448,207.22219186799506,6.836258729405742,0,xstock_reversion
spyx,2026-09-16T15:05:00Z,60,regular,1,213.27197279219945,21.67001787450218,-191.60195491769727,-121.22817358379834,102.63158252557751,191.60195491769727,4.0078931725950895,1,-14.477649397601766,210.08749748789413,5.652725618698895,0,xstock_reversion
spyx,2026-09-16T17:25:00Z,5,regular,1,105.07012183269993,11.866781430702744,-93.20334040199718,-66.39219444069866,45.444046740385126,93.20334040199718,6.53654047510166,1,-10.83993042100495,97.50673034790047,1.8424446661047256,0,xstock_reversion
spyx,2026-09-16T17:25:00Z,15,regular,1,105.07012183269993,11.866781430702744,-93.20334040199718,-66.39219444069866,45.444046740385126,93.20334040199718,43.75533535490028,1,-4.051793150896543,53.49979819799344,7.766888435405406,0,xstock_reversion
spyx,2026-09-16T17:25:00Z,30,regular,1,105.07012183269993,11.866781430702744,-93.20334040199718,-66.39219444069866,45.444046740385126,93.20334040199718,36.77834683410097,1,-6.621131086603782,63.04612465449999,-4.604627073696577,0,xstock_reversion
spyx,2026-09-16T17:25:00Z,60,regular,1,105.07012183269993,11.866781430702744,-93.20334040199718,-66.39219444069866,45.444046740385126,93.20334040199718,20.926924975794847,1,-9.069851738399137,81.34626716460147,3.2903179402055116,0,xstock_reversion
spyx,2026-09-16T17:35:00Z,5,regular,1,55.72219037579984,2.4526404985980577,-53.26954987720178,-52.333660363999,68.98315220510624,53.26954987720178,43.75533535490028,1,1.4138363187043979,8.100378203597103,3.8183769729016603,0,xstock_reversion
spyx,2026-09-16T17:35:00Z,15,regular,1,55.72219037579984,2.4526404985980577,-53.26954987720178,-52.333660363999,68.98315220510624,53.26954987720178,33.460280963497624,1,1.4261191433018183,18.38314977040234,-2.10606679639902,0,xstock_reversion
spyx,2026-09-16T17:35:00Z,30,regular,1,55.72219037579984,2.4526404985980577,-53.26954987720178,-52.333660363999,68.98315220510624,53.26954987720178,11.21466895080303,1,-11.083800289899415,75.56801911790423,-13.651275814599018,0,xstock_reversion
spyx,2026-09-16T17:35:00Z,60,regular,1,55.72219037579984,2.4526404985980577,-53.26954987720178,-52.333660363999,68.98315220510624,53.26954987720178,117.03387416539535,0,12.695530186697113,157.60789385590002,22.93084305639681,0,persistent_or_wider
spyx,2026-09-16T18:30:00Z,5,regular,1,31.413898128898055,22.160020883204012,-53.57391901210207,-24.87330801080212,31.8008338835474,53.57391901210207,117.03387416539535,0,11.208841099996647,159.39895207750078,-3.1685074121057255,0,persistent_or_wider
spyx,2026-09-16T18:30:00Z,15,regular,1,31.413898128898055,22.160020883204012,-53.57391901210207,-24.87330801080212,31.8008338835474,53.57391901210207,12.28057533429805,1,5.912434838801772,35.380908839002245,1.187954146395498,0,xstock_reversion
spyx,2026-09-16T18:30:00Z,30,regular,1,31.413898128898055,22.160020883204012,-53.57391901210207,-24.87330801080212,31.8008338835474,53.57391901210207,135.87278971590067,0,82.9431996243013,-165.24207032809989,38.283443069992984,1,persistent_or_wider
spyx,2026-09-16T18:30:00Z,60,regular,1,31.413898128898055,22.160020883204012,-53.57391901210207,-24.87330801080212,31.8008338835474,53.57391901210207,14.158312011600671,1,105.90813976939728,-38.17590874569454,67.34165952029691,1,p1a_catchup
spyx,2026-09-16T18:35:00Z,5,regular,1,124.81654653649699,7.78267237110164,117.03387416539535,92.59675597279582,77.56362735239641,117.03387416539535,18.790382301094866,1,-5.8593710719989645,104.10286293629945,14.633890722501874,0,xstock_reversion
spyx,2026-09-16T18:35:00Z,15,regular,1,124.81654653649699,7.78267237110164,117.03387416539535,92.59675597279582,77.56362735239641,117.03387416539535,22.971436261594036,1,-13.437633452406672,153.44294387939607,-36.08740996540405,0,xstock_reversion
spyx,2026-09-16T18:35:00Z,30,regular,1,124.81654653649699,7.78267237110164,117.03387416539535,92.59675597279582,77.56362735239641,117.03387416539535,11.471881672298068,1,-51.10214212640685,179.60789796410026,-62.14229905490143,0,xstock_reversion
spyx,2026-09-16T18:35:00Z,60,regular,1,124.81654653649699,7.78267237110164,117.03387416539535,92.59675597279582,77.56362735239641,117.03387416539535,1.0208309428971774,1,-79.02170269990627,197.07640780819878,-72.37064441600438,0,xstock_reversion
spyx,2026-09-16T19:00:00Z,5,regular,1,158.37252538700497,22.499735671104304,-135.87278971590067,-200.62297916710213,107.27976908083988,135.87278971590067,11.471881672298068,1,-20.632216397897807,145.0331244415004,20.69034857280272,0,xstock_reversion
spyx,2026-09-16T19:00:00Z,15,regular,1,158.37252538700497,22.499735671104304,-135.87278971590067,-200.62297916710213,107.27976908083988,135.87278971590067,45.24280192519825,1,26.188794837098683,64.44119295360373,50.60779878649946,0,xstock_reversion
spyx,2026-09-16T19:00:00Z,30,regular,1,158.37252538700497,22.499735671104304,-135.87278971590067,-200.62297916710213,107.27976908083988,135.87278971590067,14.158312011600671,1,22.96494014509598,127.06616158240536,29.05821645030393,0,xstock_reversion
spyx,2026-09-16T19:00:00Z,60,regular,1,158.37252538700497,22.499735671104304,-135.87278971590067,-200.62297916710213,107.27976908083988,135.87278971590067,4.008493180398531,1,-13.714094172501134,153.59537706880033,6.825735274000877,0,xstock_reversion
spyx,2026-09-16T20:05:00Z,5,afterhours,1,91.31702393299967,0.10128534149167479,-91.215738591508,-89.42215615270754,45.84450546930631,91.215738591508,22.256842538705968,1,0.31985432490166943,68.63904172790036,0.5304476979972605,0,xstock_reversion
spyx,2026-09-16T20:05:00Z,15,afterhours,1,91.31702393299967,0.10128534149167479,-91.215738591508,-89.42215615270754,45.84450546930631,91.215738591508,4.3753219692987955,1,0.4569442485014008,95.1341163123054,2.086147833493257,0,xstock_reversion
spyx,2026-09-16T20:05:00Z,30,afterhours,1,91.31702393299967,0.10128534149167479,-91.215738591508,-89.42215615270754,45.84450546930631,91.215738591508,4.707670854307011,1,-0.24985354419193584,96.17326299000695,-0.795618793008046,0,xstock_reversion
spyx,2026-09-16T20:05:00Z,60,afterhours,1,91.31702393299967,0.10128534149167479,-91.215738591508,-89.42215615270754,45.84450546930631,91.215738591508,37.006603186799936,1,1.199538226099861,53.0095971786082,-0.0,0,xstock_reversion
spyx,2026-09-16T20:40:00Z,5,afterhours,1,107.40885444829651,0.7173959359985105,-106.691458512298,-110.35628089709704,49.47380826266958,106.691458512298,8.11407489790028,1,-0.7557701168980913,115.56130352709637,-0.3978384114056155,0,xstock_reversion
spyx,2026-09-16T20:40:00Z,15,afterhours,1,107.40885444829651,0.7173959359985105,-106.691458512298,-110.35628089709704,49.47380826266958,106.691458512298,0.6327868300015638,1,-0.40322589049957,107.72747123279913,-0.3978384114056155,0,xstock_reversion
spyx,2026-09-16T20:40:00Z,30,afterhours,1,107.40885444829651,0.7173959359985105,-106.691458512298,-110.35628089709704,49.47380826266958,106.691458512298,0.32540088530375044,1,-1.055182883495931,108.07204228109768,-0.7956609958004179,0,xstock_reversion
spyx,2026-09-16T20:40:00Z,60,afterhours,1,107.40885444829651,0.7173959359985105,-106.691458512298,-110.35628089709704,49.47380826266958,106.691458512298,2.1553912840044376,1,-1.7808929276963426,110.62774272399878,-4.507908804498584,0,xstock_reversion
spyx,2026-09-16T21:00:00Z,5,afterhours,1,50.93683833189644,0.6278499887990563,-50.30898834309738,-59.0892874106963,75.9217570583212,50.30898834309738,37.006603186799936,1,0.142525880795219,13.159859275502228,-0.5304476979972605,0,xstock_reversion
spyx,2026-09-16T21:00:00Z,15,afterhours,1,50.93683833189644,0.6278499887990563,-50.30898834309738,-59.0892874106963,75.9217570583212,50.30898834309738,39.05587147079892,1,-0.6417324171970051,11.894849289495468,-0.7956609958004179,0,xstock_reversion
spyx,2026-09-16T21:00:00Z,30,afterhours,1,50.93683833189644,0.6278499887990563,-50.30898834309738,-59.0892874106963,75.9217570583212,50.30898834309738,3.5179822531006266,1,-0.733802015799867,54.560772611997876,-0.9282650071007481,0,xstock_reversion
spyx,2026-09-16T21:00:00Z,60,afterhours,1,50.93683833189644,0.6278499887990563,-50.30898834309738,-59.0892874106963,75.9217570583212,50.30898834309738,6.011247353603366,1,-3.124369466203092,47.42211045569711,3.7139219441950644,0,xstock_reversion
spyx,2026-09-16T22:25:00Z,5,afterhours,1,148.68140059610013,7.3931069966004515,-141.2882935994997,-133.69090501050175,41.92950124960039,141.2882935994997,36.458765090294776,1,-5.599890122098827,110.42941863130373,-2.7807755895015163,0,xstock_reversion
spyx,2026-09-16T22:25:00Z,15,afterhours,1,148.68140059610013,7.3931069966004515,-141.2882935994997,-133.69090501050175,41.92950124960039,141.2882935994997,6.782785979799755,1,-13.32901671910136,161.4000962984008,-8.73697782640015,0,xstock_reversion
spyx,2026-09-16T22:25:00Z,30,afterhours,1,148.68140059610013,7.3931069966004515,-141.2882935994997,-133.69090501050175,41.92950124960039,141.2882935994997,3.092884911595206,1,-11.701241578503385,156.08242008959826,-5.296049271201753,0,xstock_reversion
spyx,2026-09-16T22:25:00Z,60,afterhours,1,148.68140059610013,7.3931069966004515,-141.2882935994997,-133.69090501050175,41.92950124960039,141.2882935994997,7.5600502310013695,1,-21.761447361301478,170.60979119180251,-17.46632883770083,0,xstock_reversion
spyx,2026-09-16T22:35:00Z,5,afterhours,1,252.3303150181988,9.622727603204595,-242.7075874149942,-203.23865359779703,107.38505710080948,242.7075874149942,6.782785979799755,1,-8.277292470602049,257.767665865396,-1.4556329712966942,0,xstock_reversion
spyx,2026-09-16T22:35:00Z,15,afterhours,1,252.3303150181988,9.622727603204595,-242.7075874149942,-203.23865359779703,107.38505710080948,242.7075874149942,46.48514856850028,1,-6.674711227301344,202.89715007379527,3.0442810767983275,0,xstock_reversion
spyx,2026-09-16T22:35:00Z,30,afterhours,1,252.3303150181988,9.622727603204595,-242.7075874149942,-203.23865359779703,107.38505710080948,242.7075874149942,138.73136110969853,1,-4.638096783500245,108.61432308879593,-2.2495252934984222,0,xstock_reversion
spyx,2026-09-16T22:35:00Z,60,afterhours,1,252.3303150181988,9.622727603204595,-242.7075874149942,-203.23865359779703,107.38505710080948,242.7075874149942,4.559328001194629,1,-22.152617685602394,260.300877099402,-10.604065629395976,0,xstock_reversion
spyx,2026-09-16T23:00:00Z,5,afterhours,1,122.77483929969968,2.2158982992070975,-120.55894100049258,-79.51712938379707,160.52504115505062,120.55894100049258,138.73136110969853,0,0.6510698827000283,-18.823489991905973,-4.367187931295646,0,persistent_or_wider
spyx,2026-09-16T23:00:00Z,15,afterhours,1,122.77483929969968,2.2158982992070975,-120.55894100049258,-79.51712938379707,160.52504115505062,120.55894100049258,1.4062153825999957,1,-5.7496028877057626,127.71475927079834,-5.954783521096019,0,xstock_reversion
spyx,2026-09-16T23:00:00Z,30,afterhours,1,122.77483929969968,2.2158982992070975,-120.55894100049258,-79.51712938379707,160.52504115505062,120.55894100049258,53.215368378696226,1,-15.015550297805547,188.78985967699435,-15.078570128492785,0,xstock_reversion
spyx,2026-09-16T23:05:00Z,5,afterhours,1,145.9655172229013,7.234156113202772,-138.73136110969853,-94.28282698499935,130.77785864023477,138.73136110969853,46.69455687990265,1,-5.278636516603541,97.31544074639942,0.6615725582026499,0,xstock_reversion
spyx,2026-09-16T23:05:00Z,15,afterhours,1,145.9655172229013,7.234156113202772,-138.73136110969853,-94.28282698499935,130.77785864023477,138.73136110969853,10.953712470698207,1,-8.651789420603961,158.3368630010007,-5.291005414402861,0,xstock_reversion
spyx,2026-09-16T23:05:00Z,30,afterhours,1,145.9655172229013,7.234156113202772,-138.73136110969853,-94.28282698499935,130.77785864023477,138.73136110969853,4.559328001194629,1,-17.51452090210215,151.68655401060605,-8.354540335897553,0,xstock_reversion
spyx,2026-09-16T23:30:00Z,5,afterhours,1,50.93645024880189,2.278918129894336,53.215368378696226,61.075100406196015,42.12371385608183,53.215368378696226,4.559328001194629,1,1.8479007215965737,55.92679565829428,-2.3568418612995856,0,xstock_reversion
spyx,2026-09-16T23:30:00Z,15,afterhours,1,50.93645024880189,2.278918129894336,53.215368378696226,61.075100406196015,42.12371385608183,53.215368378696226,13.151588146502746,1,6.125536918197838,60.241419607001134,8.982100411198957,0,xstock_reversion
spyx,2026-09-17T08:05:00Z,5,premarket,1,166.5816771629025,7.77789768499737,-158.80377947790515,-172.3891262565047,117.06706767223491,158.80377947790515,112.88532066350498,1,-1.8411286866992782,47.75958750109943,6.822109744497595,0,xstock_reversion
spyx,2026-09-17T08:05:00Z,15,premarket,1,166.5816771629025,7.77789768499737,-158.80377947790515,-172.3891262565047,117.06706767223491,158.80377947790515,93.01941749950693,1,6.400250519797979,59.38411145860023,7.875725623502916,0,xstock_reversion
spyx,2026-09-17T08:05:00Z,30,premarket,1,166.5816771629025,7.77789768499737,-158.80377947790515,-172.3891262565047,117.06706767223491,158.80377947790515,8.008957154297391,1,-6.204290032600923,173.01702666480344,-0.2868952941970093,0,xstock_reversion
spyx,2026-09-17T08:05:00Z,60,premarket,1,166.5816771629025,7.77789768499737,-158.80377947790515,-172.3891262565047,117.06706767223491,158.80377947790515,10.64581628379635,1,-13.833510269396498,161.9914734635053,-7.916868301700575,0,xstock_reversion
spyx,2026-09-17T08:10:00Z,5,premarket,1,111.99997991730548,0.8853407461995033,-112.88532066350498,22.2525021470954,121.20644341781589,112.88532066350498,18.137867549592457,1,1.699205186405095,93.04824792750743,3.0294449104051324,0,xstock_reversion
spyx,2026-09-17T08:10:00Z,15,premarket,1,111.99997991730548,0.8853407461995033,-112.88532066350498,22.2525021470954,121.20644341781589,112.88532066350498,33.37056379540293,1,0.7485962928033274,145.5072881661046,-2.106898784397515,0,xstock_reversion
spyx,2026-09-17T08:10:00Z,30,premarket,1,111.99997991730548,0.8853407461995033,-112.88532066350498,22.2525021470954,121.20644341781589,112.88532066350498,45.439268901894536,1,-3.916841860496234,71.36289362210668,-5.26641487820001,0,xstock_reversion
spyx,2026-09-17T08:10:00Z,60,premarket,1,111.99997991730548,0.8853407461995033,-112.88532066350498,22.2525021470954,121.20644341781589,112.88532066350498,93.44377582849894,1,-9.238830878297577,28.68037571330362,-15.133473519401974,0,xstock_reversion
spyx,2026-09-17T08:20:00Z,5,premarket,1,99.32184008079936,6.302422581292433,-93.01941749950693,59.38411145860023,132.0862330258034,93.01941749950693,33.37056379540293,1,-7.4927829136939295,133.8827642086038,-3.160514663402836,0,xstock_reversion
spyx,2026-09-17T08:20:00Z,15,premarket,1,99.32184008079936,6.302422581292433,-93.01941749950693,59.38411145860023,132.0862330258034,93.01941749950693,8.008957154297391,1,-12.604540552398902,113.63291520620322,-8.162620917699925,0,xstock_reversion
spyx,2026-09-17T08:20:00Z,30,premarket,1,99.32184008079936,6.302422581292433,-93.01941749950693,59.38411145860023,132.0862330258034,93.01941749950693,8.833538937897956,1,-13.689328529391531,97.8752070910005,-12.50452629290244,0,xstock_reversion
spyx,2026-09-17T08:20:00Z,60,premarket,1,99.32184008079936,6.302422581292433,-93.01941749950693,59.38411145860023,132.0862330258034,93.01941749950693,16.688099643697996,1,-21.687542152299955,131.3950592955049,-14.214456387202645,0,xstock_reversion
spyx,2026-09-17T08:30:00Z,5,premarket,1,65.31577112830256,6.134234863601762,-59.181536264700796,-41.0976242603045,120.45298140194049,59.181536264700796,8.008957154297391,1,-6.1163220775029,73.30681549650109,-1.842590160494595,0,xstock_reversion
spyx,2026-09-17T08:30:00Z,15,premarket,1,65.31577112830256,6.134234863601762,-59.181536264700796,-41.0976242603045,120.45298140194049,59.181536264700796,5.6803108281933135,1,-6.376833944203852,71.23868103709796,-1.5793837803013133,0,xstock_reversion
spyx,2026-09-17T08:30:00Z,30,premarket,1,65.31577112830256,6.134234863601762,-59.181536264700796,-41.0976242603045,120.45298140194049,59.181536264700796,3.169508347600214,1,-12.833752450003288,75.1847970623043,-8.223224822501152,0,xstock_reversion
spyx,2026-09-17T08:30:00Z,60,premarket,1,65.31577112830256,6.134234863601762,-59.181536264700796,-41.0976242603045,120.45298140194049,59.181536264700796,10.280161074502914,1,-12.703040773498486,82.1647381127022,-9.731616949695265,0,xstock_reversion
spyx,2026-09-17T08:55:00Z,5,premarket,1,127.33607084269849,5.5204063720992735,121.81566447059922,179.4240675517944,87.20036906704138,121.81566447059922,3.169508347600214,1,-5.005384321394857,123.65154044439386,2.038729286804042,0,xstock_reversion
spyx,2026-09-17T08:55:00Z,15,premarket,1,127.33607084269849,5.5204063720992735,121.81566447059922,179.4240675517944,87.20036906704138,121.81566447059922,93.44377582849894,1,-6.847145161499313,222.10658546059747,3.6825631055048547,0,xstock_reversion
spyx,2026-09-17T08:55:00Z,30,premarket,1,127.33607084269849,5.5204063720992735,121.81566447059922,179.4240675517944,87.20036906704138,121.81566447059922,5.856811896398639,1,-3.451993812495502,119.41084638669608,-0.2630921216972837,0,xstock_reversion
spyx,2026-09-17T08:55:00Z,60,premarket,1,127.33607084269849,5.5204063720992735,121.81566447059922,179.4240675517944,87.20036906704138,121.81566447059922,128.7862950577079,0,0.06219266239781973,-7.032823249506492,-1.3155298314959651,0,persistent_or_wider
spyx,2026-09-17T09:10:00Z,5,premarket,1,98.45307772340384,5.009301894904894,-93.44377582849894,-222.10658546059747,95.19148637302905,93.44377582849894,4.62711534670035,1,-4.902696556499109,102.9735877316984,1.7095927923005405,0,xstock_reversion
spyx,2026-09-17T09:10:00Z,15,premarket,1,98.45307772340384,5.009301894904894,-93.44377582849894,-222.10658546059747,95.19148637302905,93.44377582849894,5.856811896398639,1,-3.395151349003811,102.6957390739014,3.9456552272021383,0,xstock_reversion
spyx,2026-09-17T09:10:00Z,30,premarket,1,98.45307772340384,5.009301894904894,-93.44377582849894,-222.10658546059747,95.19148637302905,93.44377582849894,6.781292964994634,1,-3.8616109352052064,104.08667972869878,1.7753521984076315,0,xstock_reversion
spyx,2026-09-17T09:10:00Z,60,premarket,1,98.45307772340384,5.009301894904894,-93.44377582849894,-222.10658546059747,95.19148637302905,93.44377582849894,16.15127242190262,1,-5.198846155396453,114.79389440579801,1.578075277501867,0,xstock_reversion
spyx,2026-09-17T09:45:00Z,5,premarket,1,56.36884986549795,1.7838418122995137,-58.15269167779746,-69.66455406190342,28.947568440167817,58.15269167779746,23.82703977380274,1,2.8122031792943147,31.51344872470041,-2.2365919694067316,0,xstock_reversion
spyx,2026-09-17T09:45:00Z,15,premarket,1,56.36884986549795,1.7838418122995137,-58.15269167779746,-69.66455406190342,28.947568440167817,58.15269167779746,1.5511675314971995,1,-0.05958119980498111,59.763440409099644,-3.1573962268005573,0,xstock_reversion
spyx,2026-09-17T09:45:00Z,30,premarket,1,56.36884986549795,1.7838418122995137,-58.15269167779746,-69.66455406190342,28.947568440167817,58.15269167779746,38.756497055407735,1,-1.204681425308607,20.600876047698335,-2.499687552006691,0,xstock_reversion
spyx,2026-09-17T09:45:00Z,60,premarket,1,56.36884986549795,1.7838418122995137,-58.15269167779746,-69.66455406190342,28.947568440167817,58.15269167779746,0.9835749733966281,1,-2.9461538078034977,60.11527051220433,-3.946589540104739,0,xstock_reversion
spyx,2026-09-17T09:55:00Z,5,premarket,1,135.68442392370093,6.898128865993058,128.7862950577079,125.05272898140518,76.42436007974655,128.7862950577079,1.5511675314971995,1,-6.370408770095537,133.60553629630624,1.841693310593584,0,xstock_reversion
spyx,2026-09-17T09:55:00Z,15,premarket,1,135.68442392370093,6.898128865993058,128.7862950577079,125.05272898140518,76.42436007974655,128.7862950577079,16.15127242190262,1,-1.71049166850068,114.34551430430595,3.420017659498953,0,xstock_reversion
spyx,2026-09-17T09:55:00Z,30,premarket,1,135.68442392370093,6.898128865993058,128.7862950577079,125.05272898140518,76.42436007974655,128.7862950577079,0.6427297522026976,1,-0.2652395938973484,128.40880489940253,6.5759192215963935,0,xstock_reversion
spyx,2026-09-17T09:55:00Z,60,premarket,1,135.68442392370093,6.898128865993058,128.7862950577079,125.05272898140518,76.42436007974655,128.7862950577079,1.783049786396873,1,-2.613242588793696,129.6164878601047,7.627665120795157,0,xstock_reversion
spyx,2026-09-17T10:35:00Z,5,premarket,1,111.56373424440424,4.413189768506243,107.150544475898,112.79998006999747,55.83307498834226,107.150544475898,0.4614569387051404,1,-4.14546928269921,111.75747069730235,-2.3670506658923784,0,xstock_reversion
spyx,2026-09-17T10:35:00Z,15,premarket,1,111.56373424440424,4.413189768506243,107.150544475898,112.79998006999747,55.83307498834226,107.150544475898,10.29010128149821,1,-7.881113233700887,125.3217589910971,-1.3149589751915158,0,xstock_reversion
spyx,2026-09-17T10:35:00Z,30,premarket,1,111.56373424440424,4.413189768506243,107.150544475898,112.79998006999747,55.83307498834226,107.150544475898,15.85570104209566,1,-3.4540823092044093,126.46032782719807,0.2682303973067235,0,xstock_reversion
spyx,2026-09-17T10:35:00Z,60,premarket,1,111.56373424440424,4.413189768506243,107.150544475898,112.79998006999747,55.83307498834226,107.150544475898,105.65667823169811,1,-11.012998505801619,223.82022121339773,-0.9204531265982752,0,xstock_reversion
spyx,2026-09-17T11:20:00Z,5,premarket,1,141.46174294020318,6.292062631301221,-135.16968030890197,-127.61710270420501,52.6835989217675,135.16968030890197,7.511064017799995,1,-6.239844570901099,148.92058889760307,-0.2629987112978682,0,xstock_reversion
spyx,2026-09-17T11:20:00Z,15,premarket,1,141.46174294020318,6.292062631301221,-135.16968030890197,-127.61710270420501,52.6835989217675,135.16968030890197,105.65667823169811,1,-0.7442072408014866,30.25720931800535,-0.13150022019736696,0,xstock_reversion
spyx,2026-09-17T11:20:00Z,30,premarket,1,141.46174294020318,6.292062631301221,-135.16968030890197,-127.61710270420501,52.6835989217675,135.16968030890197,8.879755350603702,1,-2.560238918203339,128.8501638765016,-1.416166403096497,0,xstock_reversion
spyx,2026-09-17T11:20:00Z,60,premarket,1,141.46174294020318,6.292062631301221,-135.16968030890197,-127.61710270420501,52.6835989217675,135.16968030890197,174.526978878502,0,-25.394136043201954,-13.963162526398065,-31.248384231998827,0,persistent_or_wider
spyx,2026-09-17T11:35:00Z,5,premarket,1,111.33603384239521,5.679355610697101,-105.65667823169811,30.25720931800535,99.62271927438533,105.65667823169811,45.35769726169647,1,-3.125591280497275,63.42457225049891,3.682659974195701,0,xstock_reversion
spyx,2026-09-17T11:35:00Z,15,premarket,1,111.33603384239521,5.679355610697101,-105.65667823169811,30.25720931800535,99.62271927438533,105.65667823169811,8.879755350603702,1,-1.8160316774018526,98.59295455849626,-1.2846661828991301,0,xstock_reversion
spyx,2026-09-17T11:35:00Z,30,premarket,1,111.33603384239521,5.679355610697101,-105.65667823169811,30.25720931800535,99.62271927438533,105.65667823169811,13.307155229096423,1,-16.105177633098933,108.45470063570062,-19.90233409090436,0,xstock_reversion
spyx,2026-09-17T11:35:00Z,60,premarket,1,111.33603384239521,5.679355610697101,-105.65667823169811,30.25720931800535,99.62271927438533,105.65667823169811,43.355261190001215,1,-47.63647623110323,109.93789327280012,-44.34829810070262,0,xstock_reversion
spyx,2026-09-17T11:45:00Z,5,premarket,1,83.08325272899708,4.241227743193576,-78.8420249858035,-88.80626183819906,105.12376041907251,78.8420249858035,8.879755350603702,1,-3.5357018709980537,73.49797150619786,-4.442464243998856,0,xstock_reversion
spyx,2026-09-17T11:45:00Z,15,premarket,1,83.08325272899708,4.241227743193576,-78.8420249858035,-88.80626183819906,105.12376041907251,78.8420249858035,76.54327295369967,1,-15.094401988093864,17.3931540201977,-14.460352852898595,0,xstock_reversion
spyx,2026-09-17T11:45:00Z,30,premarket,1,83.08325272899708,4.241227743193576,-78.8420249858035,-88.80626183819906,105.12376041907251,78.8420249858035,9.253799325996681,1,-27.966305650100054,116.06212996190024,-30.996874765500948,0,xstock_reversion
spyx,2026-09-17T11:45:00Z,60,premarket,1,83.08325272899708,4.241227743193576,-78.8420249858035,-88.80626183819906,105.12376041907251,78.8420249858035,0.21353376880028918,1,-47.95688613179472,127.01244488639851,-42.39901095230536,0,xstock_reversion
spyx,2026-09-17T12:00:00Z,5,premarket,1,80.15045156169798,3.607178607998307,-76.54327295369967,17.3931540201977,76.35149510568337,76.54327295369967,13.307155229096423,1,-2.7304458386012698,65.96656356320452,-8.599779299105492,0,xstock_reversion
spyx,2026-09-17T12:00:00Z,15,premarket,1,80.15045156169798,3.607178607998307,-76.54327295369967,17.3931540201977,76.35149510568337,76.54327295369967,9.253799325996681,1,-12.87190366200619,98.66897594170254,-16.536521912602353,0,xstock_reversion
spyx,2026-09-17T12:00:00Z,30,premarket,1,80.15045156169798,3.607178607998307,-76.54327295369967,17.3931540201977,76.35149510568337,76.54327295369967,90.49826420810092,0,-26.397127219901506,12.442135965500256,-33.438488005206324,0,persistent_or_wider
spyx,2026-09-17T12:00:00Z,60,premarket,1,80.15045156169798,3.607178607998307,-76.54327295369967,17.3931540201977,76.35149510568337,76.54327295369967,48.704387956801654,1,-35.44420424979933,160.69186516030067,-30.558001968703508,0,xstock_reversion
spyx,2026-09-17T12:20:00Z,5,premarket,1,186.6732896986001,12.146310820098094,-174.526978878502,-152.67507248010403,91.70207435700019,174.526978878502,10.476872072597843,1,-11.852110758798773,196.85596170989862,-7.862356753198796,0,xstock_reversion
spyx,2026-09-17T12:20:00Z,15,premarket,1,186.6732896986001,12.146310820098094,-174.526978878502,-152.67507248010403,91.70207435700019,174.526978878502,43.355261190001215,1,-22.986547428702764,154.15826511720354,-13.231414088901161,0,xstock_reversion
spyx,2026-09-17T12:20:00Z,30,premarket,1,186.6732896986001,12.146310820098094,-174.526978878502,-152.67507248010403,91.70207435700019,174.526978878502,9.857996319500018,1,-20.831078759195876,205.2160539571979,-10.219858859699116,0,xstock_reversion
spyx,2026-09-17T12:20:00Z,60,premarket,1,186.6732896986001,12.146310820098094,-174.526978878502,-152.67507248010403,91.70207435700019,174.526978878502,38.82731972530529,1,-18.121918152402827,153.82157730559953,-4.58712598390143,0,xstock_reversion
spyx,2026-09-17T12:30:00Z,5,premarket,1,101.14680360140405,10.648539393303125,-90.49826420810092,-86.22683997620229,132.35405335924557,90.49826420810092,43.355261190001215,1,-7.864617216704062,55.00762023480377,0.3927446963025716,0,xstock_reversion
spyx,2026-09-17T12:30:00Z,15,premarket,1,101.14680360140405,10.648539393303125,-90.49826420810092,-86.22683997620229,132.35405335924557,90.49826420810092,0.21353376880028918,1,-6.465356923799348,97.17715490070056,5.499829905799558,0,xstock_reversion
spyx,2026-09-17T12:30:00Z,30,premarket,1,101.14680360140405,10.648539393303125,-90.49826420810092,-86.22683997620229,132.35405335924557,90.49826420810092,48.704387956801654,1,-9.047077029897821,148.2497291948004,2.880486036502816,0,xstock_reversion
spyx,2026-09-17T12:30:00Z,60,premarket,1,101.14680360140405,10.648539393303125,-90.49826420810092,-86.22683997620229,132.35405335924557,90.49826420810092,45.752498289592936,1,3.4148346557039133,41.33093126280407,32.781755511805954,0,xstock_reversion
spyx,2026-09-17T13:00:00Z,5,premarket,1,49.983411629899166,1.2790236730975124,48.704387956801654,51.07257429409984,35.52898484873169,48.704387956801654,24.317096384098846,1,-0.02589941209940605,24.413190984802213,-2.0954202047995807,0,xstock_reversion
spyx,2026-09-17T13:00:00Z,15,premarket,1,49.983411629899166,1.2790236730975124,48.704387956801654,51.07257429409984,35.52898484873169,48.704387956801654,24.669225821902785,1,-2.6022352709986762,26.637397405897545,-3.0123046322039215,0,xstock_reversion
spyx,2026-09-17T13:00:00Z,30,premarket,1,49.983411629899166,1.2790236730975124,48.704387956801654,51.07257429409984,35.52898484873169,48.704387956801654,45.752498289592936,1,-12.461911685601734,106.91879793199632,-29.90126947530314,0,xstock_reversion
spyx,2026-09-17T13:00:00Z,60,premarket,1,49.983411629899166,1.2790236730975124,48.704387956801654,51.07257429409984,35.52898484873169,48.704387956801654,5.806621933102107,1,-33.435405944697294,87.94641583460105,-39.88826093600295,0,xstock_reversion
spyx,2026-09-17T14:10:00Z,5,regular,1,203.94884777910073,26.766758272707136,-177.1820895063936,-176.32479580779403,90.9329598091861,177.1820895063936,9.316338408806857,1,-26.52400431490065,213.0224322301011,-4.465986334798444,0,xstock_reversion
spyx,2026-09-17T14:10:00Z,15,regular,1,203.94884777910073,26.766758272707136,-177.1820895063936,-176.32479580779403,90.9329598091861,177.1820895063936,7.24194636259945,1,-36.02921316410601,205.96935630790014,-7.026461152692676,0,xstock_reversion
spyx,2026-09-17T14:10:00Z,30,regular,1,203.94884777910073,26.766758272707136,-177.1820895063936,-176.32479580779403,90.9329598091861,177.1820895063936,10.148825853599774,1,-34.82916219310184,222.1600775530952,-9.847476541393618,0,xstock_reversion
spyx,2026-09-17T14:10:00Z,60,regular,1,203.94884777910073,26.766758272707136,-177.1820895063936,-176.32479580779403,90.9329598091861,177.1820895063936,5.470732002699208,1,-22.186570628708324,204.8393921378011,-0.0,0,xstock_reversion
spyx,2026-09-17T16:45:00Z,5,regular,1,167.73767054069742,11.399962788400941,-156.3377077522965,-160.9860833997967,68.19769496635983,156.3377077522965,12.243777655296384,1,-9.89951931339661,153.99344941039672,0.39348132609973163,0,xstock_reversion
spyx,2026-09-17T16:45:00Z,15,regular,1,167.73767054069742,11.399962788400941,-156.3377077522965,-160.9860833997967,68.19769496635983,156.3377077522965,3.5226679200039968,1,-11.275628091000911,164.0906679232934,-2.6228132445016428,0,xstock_reversion
spyx,2026-09-17T16:45:00Z,30,regular,1,167.73767054069742,11.399962788400941,-156.3377077522965,-160.9860833997967,68.19769496635983,156.3377077522965,18.901896600596046,1,-7.109673711598319,144.54548486329878,3.4106859745008933,0,xstock_reversion
spyx,2026-09-17T16:45:00Z,60,regular,1,167.73767054069742,11.399962788400941,-156.3377077522965,-160.9860833997967,68.19769496635983,156.3377077522965,44.8184548350028,1,-7.311652884700592,118.83090580199429,-0.26231228280160224,0,xstock_reversion
spyx,2026-09-17T18:10:00Z,5,regular,1,111.43121032120007,11.281968940695108,-100.14924138050496,-107.84374743399994,42.05187646385601,100.14924138050496,7.6836458434037525,1,-11.503404253794258,119.33629147770297,-1.9664523297002745,0,xstock_reversion
spyx,2026-09-17T18:10:00Z,15,regular,1,111.43121032120007,11.281968940695108,-100.14924138050496,-107.84374743399994,42.05187646385601,100.14924138050496,40.66916510160112,1,-6.219277924897071,65.69935420380091,-0.13110885309863818,0,xstock_reversion
spyx,2026-09-17T18:10:00Z,30,regular,1,111.43121032120007,11.281968940695108,-100.14924138050496,-107.84374743399994,42.05187646385601,100.14924138050496,7.716921346894168,1,-4.684815973101664,112.55097870050079,4.852236385994857,0,xstock_reversion
spyx,2026-09-17T18:10:00Z,60,regular,1,111.43121032120007,11.281968940695108,-100.14924138050496,-107.84374743399994,42.05187646385601,100.14924138050496,0.45270889170723194,1,-12.121571832102163,111.81810432089989,-0.6555270767005794,0,xstock_reversion
spyx,2026-09-17T18:35:00Z,5,regular,1,226.4027232534982,14.677064409900353,-211.72565884359784,-236.87887238639684,106.27664375111547,211.72565884359784,7.716921346894168,1,-14.768743310202836,234.21132350069485,-1.836595481901071,0,xstock_reversion
spyx,2026-09-17T18:35:00Z,15,regular,1,226.4027232534982,14.677064409900353,-211.72565884359784,-236.87887238639684,106.27664375111547,211.72565884359784,3.2755826619990103,1,-18.30888466670011,233.31012617229698,-1.4430677020005334,0,xstock_reversion
spyx,2026-09-17T18:35:00Z,30,regular,1,226.4027232534982,14.677064409900353,-211.72565884359784,-236.87887238639684,106.27664375111547,211.72565884359784,2.307734693802743,1,-22.89489082150098,232.31281497129606,-7.541008688498607,0,xstock_reversion
spyx,2026-09-17T18:35:00Z,60,regular,1,226.4027232534982,14.677064409900353,-211.72565884359784,-236.87887238639684,106.27664375111547,211.72565884359784,1.6676795080972084,1,-22.847127981897586,236.24046633359262,-10.228167689501078,0,xstock_reversion
spyx,2026-09-17T23:35:00Z,5,afterhours,1,62.976280938800144,1.6449005053065235,-61.33138043349362,-67.71643787029547,42.22993126054347,61.33138043349362,10.656809444302695,1,-1.588022793299615,73.57621267109593,0.6561034021057566,0,xstock_reversion
spyx,2026-09-17T23:35:00Z,15,afterhours,1,62.976280938800144,1.6449005053065235,-61.33138043349362,-67.71643787029547,42.22993126054347,61.33138043349362,143.86818641160204,0,1.3648034697943956,-83.90160944790281,-0.24930800629263672,0,persistent_or_wider
spyx,2026-09-17T23:50:00Z,5,afterhours,1,147.12719839299558,3.259011981393556,-143.86818641160204,-83.90160944790281,79.66028384795405,143.86818641160204,7.168946702904577,1,-2.8921401524950596,153.9292732670017,0.5314271937972848,0,xstock_reversion
spyx,2026-09-18T08:20:00Z,5,premarket,1,187.55886938340183,6.90585744390404,-180.6530119394978,-199.7643762662005,77.80154570532895,180.6530119394978,6.3737171012956395,1,-6.758637938606427,193.78536697939984,4.194026195500911,0,xstock_reversion
spyx,2026-09-18T08:20:00Z,15,premarket,1,187.55886938340183,6.90585744390404,-180.6530119394978,-199.7643762662005,77.80154570532895,180.6530119394978,2.1801172221014298,1,-5.302180832700287,188.13530999429952,1.9657307667042545,0,xstock_reversion
spyx,2026-09-18T08:20:00Z,30,premarket,1,187.55886938340183,6.90585744390404,-180.6530119394978,-199.7643762662005,77.80154570532895,180.6530119394978,10.906647042698836,1,-6.7102263712026655,198.26988535339927,1.7036110041956931,0,xstock_reversion
spyx,2026-09-18T08:20:00Z,60,premarket,1,187.55886938340183,6.90585744390404,-180.6530119394978,-199.7643762662005,77.80154570532895,180.6530119394978,10.557913664204222,1,-5.189752199301623,196.40067780300365,1.7036110041956931,0,xstock_reversion
spyx,2026-09-18T09:15:00Z,5,premarket,1,84.99179160539327,3.927063266093711,-81.06472833929956,-84.40232469089537,28.282239982213135,81.06472833929956,10.557913664204222,1,-4.176688788195548,95.79933079169933,-0.2621197625085614,0,xstock_reversion
spyx,2026-09-18T09:15:00Z,15,premarket,1,84.99179160539327,3.927063266093711,-81.06472833929956,-84.40232469089537,28.282239982213135,81.06472833929956,7.312496940192759,1,-0.6391232941016511,89.01634857359397,6.817526550895181,0,xstock_reversion
spyx,2026-09-18T09:15:00Z,30,premarket,1,84.99179160539327,3.927063266093711,-81.06472833929956,-84.40232469089537,28.282239982213135,81.06472833929956,9.541940544401939,1,8.067021406805708,82.5396474768958,11.01523885939315,0,xstock_reversion
spyx,2026-09-18T09:15:00Z,60,premarket,1,84.99179160539327,3.927063266093711,-81.06472833929956,-84.40232469089537,28.282239982213135,81.06472833929956,13.604605046602103,1,7.728695678803632,86.94063770709803,9.572076494492876,0,xstock_reversion
spyx,2026-09-18T16:00:00Z,5,regular,1,125.91673549469995,8.060330294297202,-117.85640520040275,-134.70544228490587,56.57067952151741,117.85640520040275,95.43326896059412,1,0.4786096673026208,21.944526572506007,-4.018485085302004,0,xstock_reversion
spyx,2026-09-18T16:00:00Z,15,regular,1,125.91673549469995,8.060330294297202,-117.85640520040275,-134.70544228490587,56.57067952151741,117.85640520040275,5.080110545501171,1,-10.80676080319698,133.7432765491009,-3.293959566805782,0,xstock_reversion
spyx,2026-09-18T16:00:00Z,30,regular,1,125.91673549469995,8.060330294297202,-117.85640520040275,-134.70544228490587,56.57067952151741,117.85640520040275,126.38449836080312,0,3.9228171860994365,-12.45091034649981,-3.557429465397277,0,persistent_or_wider
spyx,2026-09-18T16:00:00Z,60,regular,1,125.91673549469995,8.060330294297202,-117.85640520040275,-134.70544228490587,56.57067952151741,117.85640520040275,3.7240391900006387,1,-15.785818014002473,137.36626240440586,-6.981906607599342,0,xstock_reversion
spyx,2026-09-18T16:05:00Z,5,regular,1,107.99069400749595,12.557425046901827,-95.43326896059412,-81.15341761179451,59.266459197224094,95.43326896059412,5.443334846493286,1,-12.535975230205665,113.41257903729307,1.7784745346993702,0,xstock_reversion
spyx,2026-09-18T16:05:00Z,15,regular,1,107.99069400749595,12.557425046901827,-95.43326896059412,-81.15341761179451,59.266459197224094,95.43326896059412,3.0260864732056802,1,-11.550734562204568,103.95791704959301,11.534091263003532,0,xstock_reversion
spyx,2026-09-18T16:05:00Z,30,regular,1,107.99069400749595,12.557425046901827,-95.43326896059412,-81.15341761179451,59.266459197224094,95.43326896059412,28.59376500739863,1,-9.025199778998072,75.86470373219356,2.4372490825008697,0,xstock_reversion
spyx,2026-09-18T16:05:00Z,60,regular,1,107.99069400749595,12.557425046901827,-95.43326896059412,-81.15341761179451,59.266459197224094,95.43326896059412,0.7939331506978675,1,-15.481475236303055,110.12081104619931,-2.1732616461989096,0,xstock_reversion
spyx,2026-09-18T16:30:00Z,5,regular,1,141.92507530659702,15.540576945793916,-126.38449836080312,-146.1941868956007,73.36991147522028,126.38449836080312,28.59376500739863,1,-12.469407297794888,110.26014065119938,1.976193462596143,0,xstock_reversion
spyx,2026-09-18T16:30:00Z,15,regular,1,141.92507530659702,15.540576945793916,-126.38449836080312,-146.1941868956007,73.36991147522028,126.38449836080312,63.75135569189894,1,-20.622054701799897,210.75790875450195,-0.790368048502188,0,xstock_reversion
spyx,2026-09-18T16:30:00Z,30,regular,1,141.92507530659702,15.540576945793916,-126.38449836080312,-146.1941868956007,73.36991147522028,126.38449836080312,3.7240391900006387,1,-19.70863520010191,149.81717275090568,-3.424477142202065,0,xstock_reversion
spyx,2026-09-18T16:30:00Z,60,regular,1,141.92507530659702,15.540576945793916,-126.38449836080312,-146.1941868956007,73.36991147522028,126.38449836080312,1.1018765283044019,1,-19.325310006399476,144.6079318388982,-4.214574587901865,0,xstock_reversion
spyx,2026-09-18T16:45:00Z,5,regular,1,68.04246539940273,4.291109707503793,63.75135569189894,210.75790875450195,82.98890712474758,63.75135569189894,7.397902511394605,1,-3.4859612819992947,59.839414462503626,3.9509034913010055,0,xstock_reversion
spyx,2026-09-18T16:45:00Z,15,regular,1,68.04246539940273,4.291109707503793,63.75135569189894,210.75790875450195,82.98890712474758,63.75135569189894,3.7240391900006387,1,-0.9134195016979874,60.940736003596285,2.634109093699877,0,xstock_reversion
spyx,2026-09-18T16:45:00Z,30,regular,1,68.04246539940273,4.291109707503793,63.75135569189894,210.75790875450195,82.98890712474758,63.75135569189894,76.71319202310123,0,4.175937191694956,-17.13777352289725,2.3707294054986505,0,persistent_or_wider
spyx,2026-09-18T16:45:00Z,60,regular,1,68.04246539940273,4.291109707503793,63.75135569189894,210.75790875450195,82.98890712474758,63.75135569189894,59.8525577496023,1,-1.6966595994993838,125.30057304100062,6.320696540500492,0,xstock_reversion
spyx,2026-09-18T17:15:00Z,5,regular,1,82.80950951680133,6.096317493700099,76.71319202310123,78.07850952649353,44.60341241750564,76.71319202310123,33.841785413004644,1,-8.774530933495228,119.3295083696011,2.100260104205276,0,xstock_reversion
spyx,2026-09-18T17:15:00Z,15,regular,1,82.80950951680133,6.096317493700099,76.71319202310123,78.07850952649353,44.60341241750564,76.71319202310123,1.1018765283044019,1,-5.472681887095376,83.287750438501,1.0534771339010263,0,xstock_reversion
spyx,2026-09-18T17:15:00Z,30,regular,1,82.80950951680133,6.096317493700099,76.71319202310123,78.07850952649353,44.60341241750564,76.71319202310123,59.8525577496023,1,-5.87259679119434,142.43834656389788,3.9499671350018417,0,xstock_reversion
spyx,2026-09-18T17:15:00Z,60,regular,1,82.80950951680133,6.096317493700099,76.71319202310123,78.07850952649353,44.60341241750564,76.71319202310123,3.0532925313941917,1,0.24927240130701023,73.41062709040003,9.8706783407021,0,xstock_reversion
spyx,2026-09-18T17:45:00Z,5,regular,1,63.57880418209838,3.726246432496083,-59.8525577496023,-59.15059612539686,58.126099420076955,59.8525577496023,15.189495651304341,1,-2.271713631198935,46.93477572949689,-1.9085916297001404,0,xstock_reversion
spyx,2026-09-18T17:45:00Z,15,regular,1,63.57880418209838,3.726246432496083,-59.8525577496023,-59.15059612539686,58.126099420076955,59.8525577496023,1.9904603071019267,1,-6.250621035199799,68.09363909190402,-3.1706945434972766,0,xstock_reversion
spyx,2026-09-18T17:45:00Z,30,regular,1,63.57880418209838,3.726246432496083,-59.8525577496023,-59.15059612539686,58.126099420076955,59.8525577496023,3.0532925313941917,1,-6.12186919250135,69.02771947349784,-5.9207112057002576,0,xstock_reversion
spyx,2026-09-18T17:45:00Z,60,regular,1,63.57880418209838,3.726246432496083,-59.8525577496023,-59.15059612539686,58.126099420076955,59.8525577496023,3.7249705056030535,1,-15.642335685095432,79.21986394030078,-21.302903672104634,0,xstock_reversion
spyx,2026-09-18T19:20:00Z,5,regular,1,227.62692463969893,17.028633787203873,-210.59829085249504,-220.7535558194973,87.34770880382527,210.59829085249504,1.4170730009954724,1,-16.24131950999974,225.4225373614993,2.8910469734011457,0,xstock_reversion
spyx,2026-09-18T19:20:00Z,15,regular,1,227.62692463969893,17.028633787203873,-210.59829085249504,-220.7535558194973,87.34770880382527,210.59829085249504,1.9400518089973673,1,-12.117359080905388,224.6557017423978,-1.1824601754995,0,xstock_reversion
spyx,2026-09-18T19:20:00Z,30,regular,1,227.62692463969893,17.028633787203873,-210.59829085249504,-220.7535558194973,87.34770880382527,210.59829085249504,37.18418639070187,1,-21.18094457180142,194.5950490335946,-4.335003910300728,0,xstock_reversion
spyx,2026-09-18T19:20:00Z,60,regular,1,227.62692463969893,17.028633787203873,-210.59829085249504,-220.7535558194973,87.34770880382527,210.59829085249504,0.30519392490546693,1,-38.39266522730256,249.29615000470307,-22.180669919897866,0,xstock_reversion
spyx,2026-09-18T19:30:00Z,5,regular,1,52.56142291670152,2.1582684387055906,-50.403154477995926,-36.15738123220247,138.99411901080515,50.403154477995926,1.9400518089973673,1,-2.2411454218040916,54.584351708797385,-6.176611864896486,0,xstock_reversion
spyx,2026-09-18T19:30:00Z,15,regular,1,52.56142291670152,2.1582684387055906,-50.403154477995926,-36.15738123220247,138.99411901080515,50.403154477995926,3.5213814568013646,1,-11.314849859704879,58.19662288089944,-12.480705794493119,0,xstock_reversion
spyx,2026-09-18T19:30:00Z,30,regular,1,52.56142291670152,2.1582684387055906,-50.403154477995926,-36.15738123220247,138.99411901080515,50.403154477995926,4.0574677628058,1,-13.989346063798536,68.44996830460026,-24.814722998698358,0,xstock_reversion
spyx,2026-09-18T19:30:00Z,60,regular,1,52.56142291670152,2.1582684387055906,-50.403154477995926,-36.15738123220247,138.99411901080515,50.403154477995926,20.279851366700186,1,-29.832314783302394,59.955617894598134,-27.568117229996858,0,xstock_reversion
spyx,2026-09-18T19:55:00Z,5,regular,1,156.45655639270117,15.200317346799608,-141.25623904590157,-153.5712195973016,58.5196759404394,141.25623904590157,4.0574677628058,1,-14.681983940691978,159.99569074939933,-12.465311967497783,0,xstock_reversion
spyx,2026-09-18T19:55:00Z,15,regular,1,156.45655639270117,15.200317346799608,-141.25623904590157,-153.5712195973016,58.5196759404394,141.25623904590157,2.8145056891926146,1,-26.973065923092676,165.41479927980163,-15.349801301800525,0,xstock_reversion
spyx,2026-09-18T19:55:00Z,30,regular,1,156.45655639270117,15.200317346799608,-141.25623904590157,-153.5712195973016,58.5196759404394,141.25623904590157,0.26697071850101395,1,-29.896188666898027,170.88545699429858,-15.874164528293377,0,xstock_reversion
spyx,2026-09-18T19:55:00Z,60,regular,1,156.45655639270117,15.200317346799608,-141.25623904590157,-153.5712195973016,58.5196759404394,141.25623904590157,3.5108311047071794,1,-30.91482669749901,168.6602346386934,-14.300992354492337,0,xstock_reversion
spyx,2026-09-18T21:45:00Z,5,afterhours,1,142.51683508019752,3.3295140443989624,-139.18732103579856,-130.3257170039007,54.759895622158396,139.18732103579856,9.515989392703261,1,-2.6477603442032205,132.31909198729852,-2.2477484111060875,0,xstock_reversion
spyx,2026-09-18T21:45:00Z,15,afterhours,1,142.51683508019752,3.3295140443989624,-139.18732103579856,-130.3257170039007,54.759895622158396,139.18732103579856,28.45531674140034,1,-3.167806118202776,113.899810412601,-0.5243013686051512,0,xstock_reversion
spyx,2026-09-18T21:45:00Z,30,afterhours,1,142.51683508019752,3.3295140443989624,-139.18732103579856,-130.3257170039007,54.759895622158396,139.18732103579856,10.549061816904626,1,-3.440175102804588,132.07843432169852,-0.6553724157054575,0,xstock_reversion
spyx,2026-09-18T21:45:00Z,60,afterhours,1,142.51683508019752,3.3295140443989624,-139.18732103579856,-130.3257170039007,54.759895622158396,139.18732103579856,0.9791310089024563,1,-2.175504933799033,142.34195697850004,-0.9175093560020997,0,xstock_reversion
spyx,2026-09-18T23:20:00Z,5,afterhours,1,146.33313802110416,4.211649832104314,-142.12148818899982,-143.13860112570075,52.68636671237223,142.12148818899982,7.647043478495874,1,-3.429289285099557,137.90373399560352,0.6553552355015313,0,xstock_reversion
spyx,2026-09-18T23:20:00Z,15,afterhours,1,146.33313802110416,4.211649832104314,-142.12148818899982,-143.13860112570075,52.68636671237223,142.12148818899982,7.703611809102284,1,-3.247344733203761,137.66522111310132,0.9175093560020997,0,xstock_reversion
spyx,2026-09-18T23:20:00Z,30,afterhours,1,146.33313802110416,4.211649832104314,-142.12148818899982,-143.13860112570075,52.68636671237223,142.12148818899982,52.25039217419791,1,-2.0638561274033407,91.93495214220526,1.3107534229028772,0,xstock_reversion
spyx,2026-09-18T23:50:00Z,5,afterhours,1,53.08743245599601,0.837040281798096,-52.25039217419791,-45.73026897089605,63.413300977956155,52.25039217419791,19.15554470099501,1,-0.3601017662990813,33.454949239501985,-1.4418193163034942,0,xstock_reversion
