asset,timestamp_utc,horizon_min,session_state,current_p1a_better,current_raw_error_bps,current_p1a_error_bps,signed_disagreement_bps,xret_3_bps,xvol_6_bps,gap_initial_bps,gap_future_bps,gap_shrunk,p1a_catchup_bps,xstock_reversion_bps,underlying_follow_xstock_direction_bps,current_xstock_closer_to_future_underlying,resolution_class
nvdax,2026-06-23T15:05:00Z,5,regular,0,3.028554249295823,21.566151819696344,-18.53759757040052,-82.20740194089693,14.361923583361792,18.53759757040052,2.3445946299993636,1,9.976681168799573,10.905511031600312,-13.93381663609361,0,xstock_reversion
nvdax,2026-06-23T15:05:00Z,15,regular,0,3.028554249295823,21.566151819696344,-18.53759757040052,-82.20740194089693,14.361923583361792,18.53759757040052,5.275117399996532,1,29.99483246489909,-16.7323522944951,14.202601213799682,1,p1a_catchup
nvdax,2026-06-23T15:05:00Z,30,regular,0,3.028554249295823,21.566151819696344,-18.53759757040052,-82.20740194089693,14.361923583361792,18.53759757040052,1.6749169660990049,1,7.449150142599947,9.41353046170157,-11.44705860969708,1,xstock_reversion
nvdax,2026-06-23T15:05:00Z,60,regular,0,3.028554249295823,21.566151819696344,-18.53759757040052,-82.20740194089693,14.361923583361792,18.53759757040052,4.474399424800879,1,-55.18190247509658,78.19389947029798,-82.57234760679744,0,xstock_reversion
nvdax,2026-06-23T19:55:00Z,5,regular,0,4.192142196597359,22.527924178294967,-18.335781981697608,-28.614304152201342,23.466060425981606,18.335781981697608,2.892149590003612,1,15.288103281294596,0.15552911039939943,-1.8997055512937067,1,p1a_catchup
nvdax,2026-06-23T19:55:00Z,15,regular,0,4.192142196597359,22.527924178294967,-18.335781981697608,-28.614304152201342,23.466060425981606,18.335781981697608,0.801212210799207,1,9.438122910694347,9.698871281802468,-15.831510904300572,0,xstock_reversion
nvdax,2026-06-23T19:55:00Z,30,regular,0,4.192142196597359,22.527924178294967,-18.335781981697608,-28.614304152201342,23.466060425981606,18.335781981697608,6.337237809797003,1,-2.23530694560381,26.90832673709842,-26.862274679499976,0,xstock_reversion
nvdax,2026-06-23T19:55:00Z,60,regular,0,4.192142196597359,22.527924178294967,-18.335781981697608,-28.614304152201342,23.466060425981606,18.335781981697608,1.4928209904940815,1,-2.8364475759001806,19.679408567103707,-23.371263996496694,0,xstock_reversion
nvdax,2026-06-24T13:00:00Z,5,premarket,0,1.2908105795972347,19.35917940380172,-20.649989983398953,-35.62110078619618,10.409554976328508,20.649989983398953,34.80064907479985,0,26.181172139603248,-40.331831231004145,39.04496175260341,1,persistent_or_wider
nvdax,2026-06-24T13:00:00Z,15,premarket,0,1.2908105795972347,19.35917940380172,-20.649989983398953,-35.62110078619618,10.409554976328508,20.649989983398953,9.733333593997529,1,52.86759013499953,-22.48426655760305,24.527174916899597,1,p1a_catchup
nvdax,2026-06-24T13:00:00Z,30,premarket,0,1.2908105795972347,19.35917940380172,-20.649989983398953,-35.62110078619618,10.409554976328508,20.649989983398953,7.043746786896676,1,23.629028975200583,4.064707795095046,-11.42612457289971,0,p1a_catchup
nvdax,2026-06-24T13:00:00Z,60,premarket,0,1.2908105795972347,19.35917940380172,-20.649989983398953,-35.62110078619618,10.409554976328508,20.649989983398953,6.4853334304970645,1,30.899632999705773,-16.734976446803884,19.020937250999737,1,p1a_catchup
nvdax,2026-06-24T13:05:00Z,5,premarket,0,2.5776800579979664,32.22296901680188,-34.80064907479985,-72.72110934700038,16.528807063046976,34.80064907479985,16.758870888704536,1,23.48043594819771,-5.438657762102395,8.018844713699735,1,p1a_catchup
nvdax,2026-06-24T13:05:00Z,15,premarket,0,2.5776800579979664,32.22296901680188,-34.80064907479985,-72.72110934700038,16.528807063046976,34.80064907479985,8.21096249030262,1,18.41370707760248,24.59790448749999,-20.01902475289974,0,xstock_reversion
nvdax,2026-06-24T13:05:00Z,30,premarket,0,2.5776800579979664,32.22296901680188,-34.80064907479985,-72.72110934700038,16.528807063046976,34.80064907479985,1.306576428099504,1,-14.097717800201082,50.204943303100436,-52.96304975640709,0,xstock_reversion
nvdax,2026-06-24T13:05:00Z,60,premarket,0,2.5776800579979664,32.22296901680188,-34.80064907479985,-72.72110934700038,16.528807063046976,34.80064907479985,24.60163463729792,1,44.81364412559863,-34.6146296880967,12.783077950393462,1,p1a_catchup
nvdax,2026-06-24T13:10:00Z,5,premarket,0,0.0025068935993743935,16.76137778230391,-16.758870888704536,-74.92540672510373,16.606596342565446,16.758870888704536,9.733333593997529,1,3.2059820471985745,23.28622243550349,-22.536631549403552,0,xstock_reversion
nvdax,2026-06-24T13:10:00Z,15,premarket,0,0.0025068935993743935,16.76137778230391,-16.758870888704536,-74.92540672510373,16.606596342565446,16.758870888704536,7.566437344097565,1,-11.708954261999693,36.034262494801794,-38.032373321899016,0,xstock_reversion
nvdax,2026-06-24T13:10:00Z,30,premarket,0,0.0025068935993743935,16.76137778230391,-16.758870888704536,-74.92540672510373,16.606596342565446,16.758870888704536,1.0923836946918897,1,-43.26590734070379,61.117161924100216,-62.47179194650343,0,xstock_reversion
nvdax,2026-06-24T13:10:00Z,60,premarket,0,0.0025068935993743935,16.76137778230391,-16.758870888704536,-74.92540672510373,16.606596342565446,16.758870888704536,5.000726495101304,1,14.243998517002865,7.515598866802975,-8.269330029007094,1,p1a_catchup
nvdax,2026-06-24T13:45:00Z,5,regular,1,41.96392936729687,16.374211399101668,-25.589717968195203,-50.77285538999554,28.596167786418626,25.589717968195203,16.94654526920303,1,-34.56870027759962,77.10496351499785,-34.394271625002304,0,xstock_reversion
nvdax,2026-06-24T13:45:00Z,15,regular,1,41.96392936729687,16.374211399101668,-25.589717968195203,-50.77285538999554,28.596167786418626,25.589717968195203,6.4853334304970645,1,-10.868786610398473,29.97317114809661,12.985908443798877,0,xstock_reversion
nvdax,2026-06-24T13:45:00Z,30,regular,1,41.96392936729687,16.374211399101668,-25.589717968195203,-50.77285538999554,28.596167786418626,25.589717968195203,9.478265618199089,1,32.237474779099884,-16.12602242910377,64.1188391174996,1,p1a_catchup
nvdax,2026-06-24T13:45:00Z,60,regular,1,41.96392936729687,16.374211399101668,-25.589717968195203,-50.77285538999554,28.596167786418626,25.589717968195203,6.291701716403253,1,-44.228345697900906,76.10976538249936,-35.88699460330247,0,xstock_reversion
nvdax,2026-06-24T14:05:00Z,5,regular,1,24.409231795701203,0.19240284159671717,-24.60163463729792,-105.3432768391982,51.692459569223125,24.60163463729792,5.000726495101304,1,-7.089209660398055,36.69157079279728,-13.03356326570082,0,xstock_reversion
nvdax,2026-06-24T14:05:00Z,15,regular,1,24.409231795701203,0.19240284159671717,-24.60163463729792,-105.3432768391982,51.692459569223125,24.60163463729792,11.144782143999166,1,-3.449850267500665,39.19626704879775,-11.781073941596887,0,xstock_reversion
nvdax,2026-06-24T14:05:00Z,30,regular,1,24.409231795701203,0.19240284159671717,-24.60163463729792,-105.3432768391982,51.692459569223125,24.60163463729792,4.229337144998624,1,-37.58934634089606,57.96164383319535,-32.8021027032932,0,xstock_reversion
nvdax,2026-06-24T14:05:00Z,60,regular,1,24.409231795701203,0.19240284159671717,-24.60163463729792,-105.3432768391982,51.692459569223125,24.60163463729792,5.004209978398677,1,-85.24801669469895,104.84544135359819,-79.44083746509456,0,xstock_reversion
nvdax,2026-06-24T17:30:00Z,5,regular,1,40.580313930700385,21.052807697703457,-19.527506232996927,-69.6173639207931,18.55544645415822,19.527506232996927,0.22442831940416852,1,-13.361912047198388,33.11384659959948,5.054334199101618,0,xstock_reversion
nvdax,2026-06-24T17:30:00Z,15,regular,1,40.580313930700385,21.052807697703457,-19.527506232996927,-69.6173639207931,18.55544645415822,19.527506232996927,20.378748888800757,0,14.842590775696607,-15.693833431500437,-3.20312514579868,0,persistent_or_wider
nvdax,2026-06-24T17:30:00Z,30,regular,1,40.580313930700385,21.052807697703457,-19.527506232996927,-69.6173639207931,18.55544645415822,19.527506232996927,1.9747370990952362,1,-4.082355058301346,25.58459839039351,12.235880967805812,0,xstock_reversion
nvdax,2026-06-24T17:30:00Z,60,regular,1,40.580313930700385,21.052807697703457,-19.527506232996927,-69.6173639207931,18.55544645415822,19.527506232996927,4.903531959001839,1,-46.9410686438998,61.565042917894885,-24.477345453499666,0,xstock_reversion
nvdax,2026-06-24T17:45:00Z,5,regular,1,59.4772725079995,39.098523619198744,-20.378748888800757,-15.693833431500437,32.194929345100824,20.378748888800757,2.300127806700303,1,-27.530015806096486,50.208892501597546,7.2463881140016895,0,xstock_reversion
nvdax,2026-06-24T17:45:00Z,15,regular,1,59.4772725079995,39.098523619198744,-20.378748888800757,-15.693833431500437,32.194929345100824,20.378748888800757,1.9747370990952362,1,-18.924945833997953,41.278431821893946,15.439006113604492,0,xstock_reversion
nvdax,2026-06-24T17:45:00Z,30,regular,1,59.4772725079995,39.098523619198744,-20.378748888800757,-15.693833431500437,32.194929345100824,20.378748888800757,13.704505759806196,1,-42.88724773629404,76.970502384901,-17.492977746398353,0,xstock_reversion
nvdax,2026-06-24T17:45:00Z,60,regular,1,59.4772725079995,39.098523619198744,-20.378748888800757,-15.693833431500437,32.194929345100824,20.378748888800757,12.6670726159972,1,-17.116937530792242,24.8286138035958,36.609037671704314,0,xstock_reversion
nvdax,2026-06-24T19:55:00Z,5,regular,0,1.6856095127071313,25.303614183203038,23.618004670495907,85.64652777349302,29.487265825639998,23.618004670495907,41.3424007474017,0,34.770567733799496,-52.494963810705286,56.634658332495036,1,persistent_or_wider
nvdax,2026-06-24T19:55:00Z,15,regular,0,1.6856095127071313,25.303614183203038,23.618004670495907,85.64652777349302,29.487265825639998,23.618004670495907,15.695550191896501,1,75.23339638059845,-67.31094190199904,74.11150596369431,1,p1a_catchup
nvdax,2026-06-24T19:55:00Z,30,regular,0,1.6856095127071313,25.303614183203038,23.618004670495907,85.64652777349302,29.487265825639998,23.618004670495907,6.550062368093634,1,90.7840260405024,-73.71608373810012,68.62207298409473,1,p1a_catchup
nvdax,2026-06-24T19:55:00Z,60,regular,0,1.6856095127071313,25.303614183203038,23.618004670495907,85.64652777349302,29.487265825639998,23.618004670495907,8.184290780892667,1,105.60609712939595,-73.80380167800737,70.56368051649997,1,p1a_catchup
nvdax,2026-06-24T20:00:00Z,5,afterhours,0,5.825304034496881,47.16770478189858,41.3424007474017,138.64852668370452,30.101456255271675,41.3424007474017,13.622634393097854,1,27.486957414799562,0.23280893950428094,-4.498987803600585,1,p1a_catchup
nvdax,2026-06-24T20:00:00Z,15,afterhours,0,5.825304034496881,47.16770478189858,41.3424007474017,138.64852668370452,30.101456255271675,41.3424007474017,4.646855177394826,1,49.25020847999839,-3.260952555201868,3.497813902004765,1,p1a_catchup
nvdax,2026-06-24T20:00:00Z,30,afterhours,0,5.825304034496881,47.16770478189858,41.3424007474017,138.64852668370452,30.101456255271675,41.3424007474017,10.517090085500058,1,53.222176702698576,-1.3626858697968203,2.493566835397587,1,p1a_catchup
nvdax,2026-06-24T20:00:00Z,60,afterhours,0,5.825304034496881,47.16770478189858,41.3424007474017,138.64852668370452,30.101456255271675,41.3424007474017,14.03342388930362,1,60.995957206202434,-5.620132569497116,1.4992129159985268,1,p1a_catchup
nvdax,2026-06-24T20:10:00Z,5,afterhours,0,8.4861735744024,24.1817237662989,15.695550191896501,67.31094190199904,25.81365884969564,15.695550191896501,4.646855177394826,1,8.787379833199438,11.55502553609189,-13.979033729194512,1,xstock_reversion
nvdax,2026-06-24T20:10:00Z,15,afterhours,0,8.4861735744024,24.1817237662989,15.695550191896501,67.31094190199904,25.81365884969564,15.695550191896501,6.550062368093634,1,15.550629659903947,-6.40514183610108,-5.489432979599584,1,p1a_catchup
nvdax,2026-06-24T20:10:00Z,30,afterhours,0,8.4861735744024,24.1817237662989,15.695550191896501,67.31094190199904,25.81365884969564,15.695550191896501,4.688956731397909,1,17.838923941502216,-6.832330481003623,6.189463098404957,1,p1a_catchup
nvdax,2026-06-24T20:10:00Z,60,afterhours,0,8.4861735744024,24.1817237662989,15.695550191896501,67.31094190199904,25.81365884969564,15.695550191896501,6.970253767502044,1,5.426689267000739,17.239114692397806,-21.975835434799862,0,xstock_reversion
nvdax,2026-06-25T08:05:00Z,5,premarket,0,0.4954697532966179,20.908780214794476,20.413310461497858,28.088634373606425,10.582464400304817,20.413310461497858,5.728045184598685,1,12.885629210392935,1.7996360665062383,4.4670555403047985,1,p1a_catchup
nvdax,2026-06-25T08:05:00Z,15,premarket,0,0.4954697532966179,20.908780214794476,20.413310461497858,28.088634373606425,10.582464400304817,20.413310461497858,3.565976437496232,1,24.04338319029975,-7.196049166298124,6.47161840840127,1,p1a_catchup
nvdax,2026-06-25T08:05:00Z,30,premarket,0,0.4954697532966179,20.908780214794476,20.413310461497858,28.088634373606425,10.582464400304817,20.413310461497858,3.300604982694466,1,28.77281866959791,-11.660113190794519,12.155643327105281,1,p1a_catchup
nvdax,2026-06-25T08:05:00Z,60,premarket,0,0.4954697532966179,20.908780214794476,20.413310461497858,28.088634373606425,10.582464400304817,20.413310461497858,3.9369932477928415,1,42.756418017999565,-26.28010080429455,28.25770910880543,1,p1a_catchup
nvdax,2026-06-25T10:40:00Z,5,premarket,1,8.745090100799047,7.3925271819064164,-16.137617282705463,-28.809903233604217,9.22901773504897,16.137617282705463,2.323583124894668,1,4.644170882306398,9.169863275504397,-3.657385159705484,0,xstock_reversion
nvdax,2026-06-25T10:40:00Z,15,premarket,1,8.745090100799047,7.3925271819064164,-16.137617282705463,-28.809903233604217,9.22901773504897,16.137617282705463,9.801397432802617,1,2.552859762801063,3.7833600871017836,2.8123689665005003,1,xstock_reversion
nvdax,2026-06-25T10:40:00Z,30,premarket,1,8.745090100799047,7.3925271819064164,-16.137617282705463,-28.809903233604217,9.22901773504897,16.137617282705463,18.859814919496287,0,5.745118748405886,-8.46731638519671,0.32350661269830994,0,persistent_or_wider
nvdax,2026-06-25T10:40:00Z,60,premarket,1,8.745090100799047,7.3925271819064164,-16.137617282705463,-28.809903233604217,9.22901773504897,16.137617282705463,4.689742121000151,1,24.854293427605256,-4.026934023899642,13.770728301798485,1,p1a_catchup
nvdax,2026-06-25T11:10:00Z,5,premarket,1,16.888899873297447,1.97091504619884,-18.859814919496287,-12.250676472298494,17.682815812149588,18.859814919496287,1.3628190703052212,1,1.6010777852937252,15.89591806389734,0.9954706094994492,0,xstock_reversion
nvdax,2026-06-25T11:10:00Z,15,premarket,1,16.888899873297447,1.97091504619884,-18.859814919496287,-12.250676472298494,17.682815812149588,18.859814919496287,1.845878598896178,1,13.069405093197872,3.944531227402237,16.93649221779836,1,p1a_catchup
nvdax,2026-06-25T11:10:00Z,30,premarket,1,16.888899873297447,1.97091504619884,-18.859814919496287,-12.250676472298494,17.682815812149588,18.859814919496287,4.689742121000151,1,19.10917467919937,4.440382361297068,13.447221689100175,1,p1a_catchup
nvdax,2026-06-25T11:10:00Z,60,premarket,1,16.888899873297447,1.97091504619884,-18.859814919496287,-12.250676472298494,17.682815812149588,18.859814919496287,3.8958881610984264,1,5.5424768838996386,9.421449874498222,7.752357152002176,1,xstock_reversion
nvdax,2026-06-25T13:25:00Z,5,premarket,0,10.645177903203518,39.94308163669302,-50.58825953989654,-76.62482447419627,29.65267497057806,50.58825953989654,35.61652033970297,1,68.43554549309516,-53.463806292901594,55.60494886060141,1,p1a_catchup
nvdax,2026-06-25T13:25:00Z,15,premarket,0,10.645177903203518,39.94308163669302,-50.58825953989654,-76.62482447419627,29.65267497057806,50.58825953989654,34.8067501823035,1,192.5856464176956,-176.80413706010256,203.64835665400705,1,p1a_catchup
nvdax,2026-06-25T13:25:00Z,30,premarket,0,10.645177903203518,39.94308163669302,-50.58825953989654,-76.62482447419627,29.65267497057806,50.58825953989654,28.05556660519848,1,407.9726792418992,-385.43998630720114,396.70454559560756,1,p1a_catchup
nvdax,2026-06-25T13:25:00Z,60,premarket,0,10.645177903203518,39.94308163669302,-50.58825953989654,-76.62482447419627,29.65267497057806,50.58825953989654,5.651587778201517,1,324.4968409129978,-268.25699359489977,287.36298863590196,1,p1a_catchup
nvdax,2026-06-25T13:30:00Z,5,regular,0,8.504035335503701,27.11248500419927,-35.61652033970297,-118.73657887790046,33.11284974037807,35.61652033970297,27.258846005695503,1,55.949768930103616,-47.592094596096146,57.95204529860598,1,p1a_catchup
nvdax,2026-06-25T13:30:00Z,15,regular,0,8.504035335503701,27.11248500419927,-35.61652033970297,-118.73657887790046,33.11284974037807,35.61652033970297,39.17925373309927,0,212.21431718219998,-215.77705057559626,228.1595305474049,1,persistent_or_wider
nvdax,2026-06-25T13:30:00Z,30,regular,0,8.504035335503701,27.11248500419927,-35.61652033970297,-118.73657887790046,33.11284974037807,35.61652033970297,25.296823145497527,1,320.83161175520127,-259.91826827000074,257.4994048952028,1,p1a_catchup
nvdax,2026-06-25T13:30:00Z,60,regular,0,8.504035335503701,27.11248500419927,-35.61652033970297,-118.73657887790046,33.11284974037807,35.61652033970297,0.9028111501940828,1,256.499734927198,-219.98040343730096,205.56993268789904,1,p1a_catchup
nvdax,2026-06-25T13:35:00Z,5,regular,0,1.8559153670061335,29.114761372701636,-27.258846005695503,-174.95136586060056,33.457496421215616,27.258846005695503,34.8067501823035,0,68.20033199449682,-75.74823617110482,90.09136249479965,1,persistent_or_wider
nvdax,2026-06-25T13:35:00Z,15,regular,0,1.8559153670061335,29.114761372701636,-27.258846005695503,-174.95136586060056,33.457496421215616,27.258846005695503,27.82687086719804,0,223.0424412786025,-223.61046614010505,226.38885612279225,1,persistent_or_wider
nvdax,2026-06-25T13:35:00Z,30,regular,0,1.8559153670061335,29.114761372701636,-27.258846005695503,-174.95136586060056,33.457496421215616,27.258846005695503,25.06732027269365,1,206.3166302289954,-153.99046395060623,149.95662239049244,1,p1a_catchup
nvdax,2026-06-25T13:35:00Z,60,regular,0,1.8559153670061335,29.114761372701636,-27.258846005695503,-174.95136586060056,33.457496421215616,27.258846005695503,4.593624776099148,1,179.1778998406013,-147.32542905880663,141.97845220869533,1,p1a_catchup
nvdax,2026-06-25T13:40:00Z,5,regular,0,16.199041690700966,51.00579187300447,-34.8067501823035,-176.80413706010256,34.1191087021189,34.8067501823035,39.17925373309927,0,88.06421625759953,-92.4367198083953,80.11612275399926,1,persistent_or_wider
nvdax,2026-06-25T13:40:00Z,15,regular,0,16.199041690700966,51.00579187300447,-34.8067501823035,-176.80413706010256,34.1191087021189,34.8067501823035,28.05556660519848,1,215.38703282420357,-208.63584924709855,193.05618894160048,1,p1a_catchup
nvdax,2026-06-25T13:40:00Z,30,regular,0,16.199041690700966,51.00579187300447,-34.8067501823035,-176.80413706010256,34.1191087021189,34.8067501823035,4.87262007089484,1,128.26650335590273,-98.33237324449406,87.56647146279661,1,p1a_catchup
nvdax,2026-06-25T13:40:00Z,60,regular,0,16.199041690700966,51.00579187300447,-34.8067501823035,-176.80413706010256,34.1191087021189,34.8067501823035,9.564831112403027,1,119.75792896589788,-94.5160098959974,78.57430083129557,1,p1a_catchup
nvdax,2026-06-25T13:45:00Z,5,regular,0,3.878444636304934,43.05769836940421,-39.17925373309927,-215.77705057559626,35.470337905568584,39.17925373309927,27.82687086719804,1,66.77789302650616,-55.42551016060493,56.18137087399333,1,p1a_catchup
nvdax,2026-06-25T13:45:00Z,15,regular,0,3.878444636304934,43.05769836940421,-39.17925373309927,-215.77705057559626,35.470337905568584,39.17925373309927,25.296823145497527,1,108.61729457300129,-44.14121769440449,29.339874347797945,1,p1a_catchup
nvdax,2026-06-25T13:45:00Z,30,regular,0,3.878444636304934,43.05769836940421,-39.17925373309927,-215.77705057559626,35.470337905568584,39.17925373309927,2.902728243006081,1,50.7690204169986,-14.492494926905408,3.0843571930017077,1,p1a_catchup
nvdax,2026-06-25T13:45:00Z,60,regular,0,3.878444636304934,43.05769836940421,-39.17925373309927,-215.77705057559626,35.470337905568584,39.17925373309927,8.034718027500887,1,26.195007934299852,21.018963826300308,-27.716488512705695,0,p1a_catchup
nvdax,2026-06-25T13:50:00Z,5,regular,0,4.634305349693335,32.461176216891374,-27.82687086719804,-223.61046614010505,17.105553300867957,27.82687086719804,28.05556660519848,0,60.544923540097884,-60.77361927809832,56.75869531360789,1,persistent_or_wider
nvdax,2026-06-25T13:50:00Z,15,regular,0,4.634305349693335,32.461176216891374,-27.82687086719804,-223.61046614010505,17.105553300867957,27.82687086719804,25.06732027269365,1,-16.72581104960713,69.62000218949882,-76.43223373229979,0,xstock_reversion
nvdax,2026-06-25T13:50:00Z,30,regular,0,4.634305349693335,32.461176216891374,-27.82687086719804,-223.61046614010505,17.105553300867957,27.82687086719804,4.508212027900527,1,-12.376014051200812,35.694672890498325,-48.72587853049559,0,xstock_reversion
nvdax,2026-06-25T13:50:00Z,60,regular,0,4.634305349693335,32.461176216891374,-27.82687086719804,-223.61046614010505,17.105553300867957,27.82687086719804,23.313534315496653,1,-80.91047597500456,132.05088115769925,-148.7868231436984,0,xstock_reversion
nvdax,2026-06-25T13:55:00Z,5,regular,0,0.6193813852028995,28.674947990401378,-28.05556660519848,-208.63584924709855,16.795741360900116,28.05556660519848,25.296823145497527,1,-18.70552199360276,72.05791174429876,-83.60019183980327,0,xstock_reversion
nvdax,2026-06-25T13:55:00Z,15,regular,0,0.6193813852028995,28.674947990401378,-28.05556660519848,-208.63584924709855,16.795741360900116,28.05556660519848,4.87262007089484,1,-87.12052946830084,110.30347600260448,-105.48971747880387,0,xstock_reversion
nvdax,2026-06-25T13:55:00Z,30,regular,0,0.6193813852028995,28.674947990401378,-28.05556660519848,-208.63584924709855,16.795741360900116,28.05556660519848,5.651587778201517,1,-83.47583832890138,117.18299271230137,-109.3415569597056,0,xstock_reversion
nvdax,2026-06-25T13:55:00Z,60,regular,0,0.6193813852028995,28.674947990401378,-28.05556660519848,-208.63584924709855,16.795741360900116,28.05556660519848,15.974902189901385,1,-140.36144229049972,152.44210670579685,-159.0916275165011,0,xstock_reversion
nvdax,2026-06-25T14:00:00Z,5,regular,0,10.92289871030161,36.219721855799136,25.296823145497527,-44.14121769440449,58.72908679397638,25.296823145497527,25.06732027269365,1,58.565212596102256,-58.33570972329838,49.59073720610441,1,p1a_catchup
nvdax,2026-06-25T14:00:00Z,15,regular,0,10.92289871030161,36.219721855799136,25.296823145497527,-44.14121769440449,58.72908679397638,25.296823145497527,2.902728243006081,1,57.84827415600269,-29.64872276749908,26.255517154796237,1,p1a_catchup
nvdax,2026-06-25T14:00:00Z,30,regular,0,10.92289871030161,36.219721855799136,25.296823145497527,-44.14121769440449,58.72908679397638,25.296823145497527,0.9028111501940828,1,64.33187682800323,-39.93786483269979,51.92947220730382,1,p1a_catchup
nvdax,2026-06-25T14:00:00Z,60,regular,0,10.92289871030161,36.219721855799136,25.296823145497527,-44.14121769440449,58.72908679397638,25.296823145497527,17.222948504995728,1,140.323202819701,-132.2493281791992,126.01843696700143,1,p1a_catchup
nvdax,2026-06-25T14:05:00Z,5,regular,0,2.1779261931076377,27.245246465801287,25.06732027269365,69.62000218949882,71.6812150258928,25.06732027269365,4.87262007089484,1,9.84979487859583,20.09014546499266,-27.70121156710381,0,xstock_reversion
nvdax,2026-06-25T14:05:00Z,15,regular,0,2.1779261931076377,27.245246465801287,25.06732027269365,69.62000218949882,71.6812150258928,25.06732027269365,4.508212027900527,1,-4.349796998406319,33.925329299000495,-27.7063552018042,0,xstock_reversion
nvdax,2026-06-25T14:05:00Z,30,regular,0,2.1779261931076377,27.245246465801287,25.06732027269365,69.62000218949882,71.6812150258928,25.06732027269365,4.593624776099148,1,27.138730388394094,-6.665034891799593,7.9781701817971395,1,p1a_catchup
nvdax,2026-06-25T14:05:00Z,60,regular,0,2.1779261931076377,27.245246465801287,25.06732027269365,69.62000218949882,71.6812150258928,25.06732027269365,5.142197175205254,1,87.9180484681985,-57.7085310202996,56.55049769949905,1,p1a_catchup
nvdax,2026-06-25T14:50:00Z,5,regular,0,12.101636636305813,35.415170951802466,23.313534315496653,55.76584407640084,27.160726569638232,23.313534315496653,15.974902189901385,1,-1.093957224602704,40.38239373000074,-46.45389094080521,0,xstock_reversion
nvdax,2026-06-25T14:50:00Z,15,regular,0,12.101636636305813,35.415170951802466,23.313534315496653,55.76584407640084,27.160726569638232,23.313534315496653,5.142197175205254,1,23.73338354280108,4.722347947900829,-15.80409171189956,1,p1a_catchup
nvdax,2026-06-25T14:50:00Z,30,regular,0,12.101636636305813,35.415170951802466,23.313534315496653,55.76584407640084,27.160726569638232,23.313534315496653,6.106809288706216,1,-9.945131485702419,27.151856512492856,-38.276533377299415,0,xstock_reversion
nvdax,2026-06-25T14:50:00Z,60,regular,0,12.101636636305813,35.415170951802466,23.313534315496653,55.76584407640084,27.160726569638232,23.313534315496653,0.047529212698904644,1,3.953860990195679,19.40720253799988,-23.202523071805814,1,xstock_reversion
nvdax,2026-06-25T17:55:00Z,5,regular,1,39.59807753520117,20.284184276198047,19.313893259003123,25.977614889498568,28.450510784297453,19.313893259003123,19.7023761547932,0,-40.962654147698174,79.9789235614945,-40.63896125179767,0,persistent_or_wider
nvdax,2026-06-25T17:55:00Z,15,regular,1,39.59807753520117,20.284184276198047,19.313893259003123,25.977614889498568,28.450510784297453,19.313893259003123,3.916823634497746,1,-42.76156674449361,65.99228363799448,-23.128527772193763,0,xstock_reversion
nvdax,2026-06-25T17:55:00Z,30,regular,1,39.59807753520117,20.284184276198047,19.313893259003123,25.977614889498568,28.450510784297453,19.313893259003123,15.622568895699018,1,15.555013085304381,-11.863688722000276,50.695246447700626,1,p1a_catchup
nvdax,2026-06-25T17:55:00Z,60,regular,1,39.59807753520117,20.284184276198047,19.313893259003123,25.977614889498568,28.450510784297453,19.313893259003123,2.90069280420191,1,-39.48269072549415,61.697276788699185,-20.041631621694478,0,xstock_reversion
nvdax,2026-06-25T18:00:00Z,5,regular,0,0.25811522550434063,19.96049138029754,-19.7023761547932,-26.574350889392306,44.185418987011914,19.7023761547932,8.483467912796527,1,0.1332986173974149,28.052545450192312,-26.254165552703768,0,xstock_reversion
nvdax,2026-06-25T18:00:00Z,15,regular,0,0.25811522550434063,19.96049138029754,-19.7023761547932,-26.574350889392306,44.185418987011914,19.7023761547932,12.267947031707749,1,-15.481627613498361,47.45195079999931,-55.25940939500096,0,xstock_reversion
nvdax,2026-06-25T18:00:00Z,30,regular,0,0.25811522550434063,19.96049138029754,-19.7023761547932,-26.574350889392306,44.185418987011914,19.7023761547932,16.29345892160572,1,-42.231864303206024,45.640781536393504,-50.90116134169875,0,xstock_reversion
nvdax,2026-06-25T18:00:00Z,60,regular,0,0.25811522550434063,19.96049138029754,-19.7023761547932,-26.574350889392306,44.185418987011914,19.7023761547932,3.6093468567965914,1,4.244944557596497,11.848084740400111,-14.679941341100289,0,xstock_reversion
nvdax,2026-06-25T20:25:00Z,5,afterhours,0,4.571897568199645,21.3266092383968,-16.754711670197153,-2.3781399307942763,16.720102602027744,16.754711670197153,9.396074106495789,1,13.087342194300078,-5.728704630598713,-4.446000987501364,1,p1a_catchup
nvdax,2026-06-25T20:25:00Z,15,afterhours,0,4.571897568199645,21.3266092383968,-16.754711670197153,-2.3781399307942763,16.720102602027744,16.754711670197153,5.615620428995882,1,24.426360437104222,-13.287269195902951,10.311686193302805,1,p1a_catchup
nvdax,2026-06-25T20:25:00Z,30,afterhours,0,4.571897568199645,21.3266092383968,-16.754711670197153,-2.3781399307942763,16.720102602027744,16.754711670197153,8.14576405280043,1,33.02460920060035,-8.124133477602768,6.813532419602808,1,p1a_catchup
nvdax,2026-06-25T20:25:00Z,60,afterhours,0,4.571897568199645,21.3266092383968,-16.754711670197153,-2.3781399307942763,16.720102602027744,16.754711670197153,12.254858925393464,1,34.01509092790356,-29.515238183099868,5.7894144404002645,1,p1a_catchup
nvdax,2026-06-25T21:35:00Z,15,afterhours,1,22.149287275903262,2.307448610903151,19.84183866500011,35.64881464980019,18.84908964529562,19.84183866500011,2.0199867064008004,1,4.206672540094658,13.615179418504653,6.65148787599712,0,xstock_reversion
nvdax,2026-06-25T21:35:00Z,30,afterhours,1,22.149287275903262,2.307448610903151,19.84183866500011,35.64881464980019,18.84908964529562,19.84183866500011,9.822302142197259,1,-2.642763726505848,32.30690453370322,-5.631639723899795,0,xstock_reversion
nvdax,2026-06-25T21:35:00Z,60,afterhours,1,22.149287275903262,2.307448610903151,19.84183866500011,35.64881464980019,18.84908964529562,19.84183866500011,3.0362740266998145,1,-47.855149167705946,70.73326185940587,-47.713196230398935,0,xstock_reversion
nvdax,2026-06-25T22:10:00Z,5,afterhours,0,9.586915302497445,11.883817566999966,-21.47073286949741,-42.68940003649746,21.124205913143154,21.47073286949741,19.996801339798864,1,13.145992827299224,-11.672061297600678,13.347024568597377,1,p1a_catchup
nvdax,2026-06-25T22:10:00Z,15,afterhours,0,9.586915302497445,11.883817566999966,-21.47073286949741,-42.68940003649746,21.124205913143154,21.47073286949741,9.377204015201812,1,29.332806302999614,-17.239277448704016,24.140333765396704,1,p1a_catchup
nvdax,2026-06-25T22:10:00Z,30,afterhours,0,9.586915302497445,11.883817566999966,-21.47073286949741,-42.68940003649746,21.124205913143154,21.47073286949741,7.261284118902367,1,32.44416141130024,-3.712144422900465,24.654591562898176,1,p1a_catchup
nvdax,2026-06-25T22:10:00Z,60,afterhours,0,9.586915302497445,11.883817566999966,-21.47073286949741,-42.68940003649746,21.124205913143154,21.47073286949741,7.88420961979952,1,26.046094238703077,3.3088482505938543,1.5391324452984634,1,p1a_catchup
nvdax,2026-06-25T22:15:00Z,5,afterhours,0,7.911952031500746,12.084849308298118,-19.996801339798864,-52.364727970894975,9.259462677601086,19.996801339798864,11.72679364539242,1,9.954766258903902,-1.6847585644974572,3.596475492901874,1,p1a_catchup
nvdax,2026-06-25T22:15:00Z,15,afterhours,0,7.911952031500746,12.084849308298118,-19.996801339798864,-52.364727970894975,9.259462677601086,19.996801339798864,1.3374258832943298,1,18.593695149098366,2.740532073994828,9.764872933200053,1,p1a_catchup
nvdax,2026-06-25T22:15:00Z,30,afterhours,0,7.911952031500746,12.084849308298118,-19.996801339798864,-52.364727970894975,9.259462677601086,19.996801339798864,3.180325529603678,1,19.83427376130109,3.342853108101451,11.3075669943008,1,p1a_catchup
nvdax,2026-06-25T22:15:00Z,60,afterhours,0,7.911952031500746,12.084849308298118,-19.996801339798864,-52.364727970894975,9.259462677601086,19.996801339798864,24.647438698606194,0,-2.4143373577967253,47.058577396201784,-33.728436013999996,0,persistent_or_wider
nvdax,2026-06-25T23:15:00Z,5,afterhours,0,5.4181893507010415,19.229249347905153,24.647438698606194,55.837411319803465,16.89211675737828,24.647438698606194,6.829448065106547,1,11.148879846700765,6.669110786798882,-1.8227442694040974,1,p1a_catchup
nvdax,2026-06-25T23:15:00Z,15,afterhours,0,5.4181893507010415,19.229249347905153,24.647438698606194,55.837411319803465,16.89211675737828,24.647438698606194,5.005083668594423,1,24.825595046307214,-5.183240016295443,1.6534945979973514,1,p1a_catchup
nvdax,2026-06-25T23:15:00Z,30,afterhours,0,5.4181893507010415,19.229249347905153,24.647438698606194,55.837411319803465,16.89211675737828,24.647438698606194,16.188972661099754,1,5.147096955306907,35.68931440439904,-16.79102338839833,0,xstock_reversion
nvdax,2026-06-25T23:45:00Z,5,afterhours,1,13.48010166529967,2.7088709958000834,-16.188972661099754,-40.872554420694485,11.106747948554274,16.188972661099754,15.333721760804053,1,7.2693437310000775,-6.4140928307043765,12.828738128902728,1,p1a_catchup
nvdax,2026-06-25T23:50:00Z,5,afterhours,0,7.065456367101319,8.268265393702734,-15.333721760804053,-31.930713704300118,11.103925111684504,15.333721760804053,9.763669408897613,1,7.50098837790425,-1.9309360259978092,-1.026904909497972,0,p1a_catchup
nvdax,2026-06-26T09:50:00Z,5,premarket,1,51.099299505796836,16.585429851101452,-34.513869654695384,-23.38322135769566,21.624745739135495,34.513869654695384,7.554103574900495,1,-11.562301790704055,53.63027502029993,-1.239362143197198,0,xstock_reversion
nvdax,2026-06-26T09:50:00Z,15,premarket,1,51.099299505796836,16.585429851101452,-34.513869654695384,-23.38322135769566,21.624745739135495,34.513869654695384,5.211271554399488,1,-16.53507150160216,56.26021271069703,-8.981897435900166,0,xstock_reversion
nvdax,2026-06-26T09:50:00Z,30,premarket,1,51.099299505796836,16.585429851101452,-34.513869654695384,-23.38322135769566,21.624745739135495,34.513869654695384,1.1134546612012741,1,-24.271931246300227,57.67234623979434,3.4090381161000494,0,xstock_reversion
nvdax,2026-06-26T09:50:00Z,60,premarket,1,51.099299505796836,16.585429851101452,-34.513869654695384,-23.38322135769566,21.624745739135495,34.513869654695384,2.2009988901938726,1,-13.963482669803184,50.67835121469244,-1.239362143197198,0,xstock_reversion
nvdax,2026-06-26T11:50:00Z,5,premarket,0,8.991882812203755,12.420409474600547,-21.412292286804302,-33.43229228329747,14.626337609870703,21.412292286804302,2.8408028510007455,1,4.50998750170406,19.743107636100987,-9.295370752493426,0,xstock_reversion
nvdax,2026-06-26T11:50:00Z,15,premarket,0,8.991882812203755,12.420409474600547,-21.412292286804302,-33.43229228329747,14.626337609870703,21.412292286804302,4.8695032397994,1,-3.2781391053937625,29.559934631997464,-21.598314030200072,0,xstock_reversion
nvdax,2026-06-26T11:50:00Z,30,premarket,0,8.991882812203755,12.420409474600547,-21.412292286804302,-33.43229228329747,14.626337609870703,21.412292286804302,11.30248514300547,1,-2.605028241600138,12.71483538539897,-5.577224787201018,0,xstock_reversion
nvdax,2026-06-26T11:50:00Z,60,premarket,0,8.991882812203755,12.420409474600547,-21.412292286804302,-33.43229228329747,14.626337609870703,21.412292286804302,11.150978149601087,1,49.344875222105955,-16.781604785700566,26.69782997440251,1,p1a_catchup
nvdax,2026-06-26T12:35:00Z,5,premarket,0,4.482434736399199,13.037135348996642,-17.51957008539584,-24.37518087929469,14.735650766321122,17.51957008539584,27.932239909196355,0,19.82642106709953,-30.239090890900044,33.22952175010663,1,persistent_or_wider
nvdax,2026-06-26T12:35:00Z,15,premarket,0,4.482434736399199,13.037135348996642,-17.51957008539584,-24.37518087929469,14.735650766321122,17.51957008539584,11.150978149601087,1,33.791807526801776,-5.121259291804847,10.528036404702235,1,p1a_catchup
nvdax,2026-06-26T12:35:00Z,30,premarket,0,4.482434736399199,13.037135348996642,-17.51957008539584,-24.37518087929469,14.735650766321122,17.51957008539584,12.692940916894102,1,33.890564074603446,-29.063934906101707,28.03012476300104,1,p1a_catchup
nvdax,2026-06-26T12:35:00Z,60,premarket,0,4.482434736399199,13.037135348996642,-17.51957008539584,-24.37518087929469,14.735650766321122,17.51957008539584,15.279479843197663,1,49.03226380410075,-16.233213875507246,14.005241286003667,1,p1a_catchup
nvdax,2026-06-26T12:40:00Z,5,premarket,0,1.4920038771926158,26.44023603200374,-27.932239909196355,-48.77609699189378,15.055543671298773,27.932239909196355,2.9514739366032217,1,13.994070405995984,10.986695566597149,-1.0400956897083091,1,p1a_catchup
nvdax,2026-06-26T12:40:00Z,15,premarket,0,1.4920038771926158,26.44023603200374,-27.932239909196355,-48.77609699189378,15.055543671298773,27.932239909196355,14.092454292100598,1,2.2300039205980227,39.79469028069893,-21.819323945599933,0,xstock_reversion
nvdax,2026-06-26T12:40:00Z,30,premarket,0,1.4920038771926158,26.44023603200374,-27.932239909196355,-48.77609699189378,15.055543671298773,27.932239909196355,11.506812734793925,1,11.853740844696148,27.585311799294132,-4.767949900505997,1,xstock_reversion
nvdax,2026-06-26T12:40:00Z,60,premarket,0,1.4920038771926158,26.44023603200374,-27.932239909196355,-48.77609699189378,15.055543671298773,27.932239909196355,14.532488630001339,1,-5.35857283780139,47.82330137699908,-41.00174421970415,0,xstock_reversion
nvdax,2026-06-26T13:15:00Z,5,premarket,1,10.65577135699769,8.417405498200026,-19.073176855197715,-31.73781535090292,27.48963960727331,19.073176855197715,1.5195553416003094,1,3.2545077967949254,17.3382244000031,-6.243821421403339,0,xstock_reversion
nvdax,2026-06-26T13:15:00Z,15,premarket,1,10.65577135699769,8.417405498200026,-19.073176855197715,-31.73781535090292,27.48963960727331,19.073176855197715,25.899359334902172,0,9.981610283293918,-16.807792762998375,26.579820208798566,1,persistent_or_wider
nvdax,2026-06-26T13:15:00Z,30,premarket,1,10.65577135699769,8.417405498200026,-19.073176855197715,-31.73781535090292,27.48963960727331,19.073176855197715,4.866868197499485,1,-29.869692730706277,44.07600138840451,-35.330218077005426,0,xstock_reversion
nvdax,2026-06-26T13:15:00Z,60,premarket,1,10.65577135699769,8.417405498200026,-19.073176855197715,-31.73781535090292,27.48963960727331,19.073176855197715,3.009332043699686,1,-78.53111776499944,94.59496257649747,-76.16783296270135,0,xstock_reversion
nvdax,2026-06-26T13:25:00Z,5,premarket,0,4.931221339399272,32.33868930189843,27.407467962499155,12.56661397309955,32.792429550442016,27.407467962499155,25.899359334902172,1,-20.620826539294868,73.9276538366962,-77.97513126489797,0,xstock_reversion
nvdax,2026-06-26T13:25:00Z,15,premarket,0,4.931221339399272,32.33868930189843,27.407467962499155,12.56661397309955,32.792429550442016,27.407467962499155,14.532488630001339,1,20.546354937103217,-7.671375604605402,-2.5893990148961876,1,p1a_catchup
nvdax,2026-06-26T13:25:00Z,30,premarket,0,4.931221339399272,32.33868930189843,27.407467962499155,12.56661397309955,32.792429550442016,27.407467962499155,5.789246438299145,1,46.73824161350204,-25.12002008930203,22.75784575900275,1,p1a_catchup
nvdax,2026-06-26T13:25:00Z,60,premarket,0,4.931221339399272,32.33868930189843,27.407467962499155,12.56661397309955,32.792429550442016,27.407467962499155,11.098691574096264,1,63.52406683880041,-25.01790730220499,31.020601858102737,1,p1a_catchup
nvdax,2026-06-26T13:30:00Z,5,regular,0,0.8837439111974987,25.015615423704674,-25.899359334902172,-16.807792762998375,44.323844550777245,25.899359334902172,15.279479843197663,1,-6.602765901595475,47.78160507969531,-53.60826849440059,0,xstock_reversion
nvdax,2026-06-26T13:30:00Z,15,regular,0,0.8837439111974987,25.015615423704674,-25.899359334902172,-16.807792762998375,44.323844550777245,25.899359334902172,4.866868197499485,1,-39.851303014000194,60.88379415140288,-61.91003828580399,0,xstock_reversion
nvdax,2026-06-26T13:30:00Z,30,regular,0,0.8837439111974987,25.015615423704674,-25.899359334902172,-16.807792762998375,44.323844550777245,25.899359334902172,18.98802323309745,1,-45.164962721795376,52.0762988236001,-110.28617226120474,0,xstock_reversion
nvdax,2026-06-26T13:30:00Z,60,regular,0,0.8837439111974987,25.015615423704674,-25.899359334902172,-16.807792762998375,44.323844550777245,25.899359334902172,5.6006721261070425,1,-75.9696760519013,96.26836326069643,-110.54424010730202,0,xstock_reversion
nvdax,2026-06-26T14:00:00Z,5,regular,1,59.09361734880214,40.10559411570469,-18.98802323309745,-8.807495327802783,35.62129361197437,18.98802323309745,6.74231205420206,1,-34.556963579399635,60.287298866699146,-4.9021505941926335,0,xstock_reversion
nvdax,2026-06-26T14:00:00Z,15,regular,1,59.09361734880214,40.10559411570469,-18.98802323309745,-8.807495327802783,35.62129361197437,18.98802323309745,3.009332043699686,1,-43.34776532649798,59.32645651589574,7.53851908970482,0,xstock_reversion
nvdax,2026-06-26T14:00:00Z,30,regular,1,59.09361734880214,40.10559411570469,-18.98802323309745,-8.807495327802783,35.62129361197437,18.98802323309745,5.6006721261070425,1,-30.804713330105926,44.192064437096334,-0.2580678460972763,0,xstock_reversion
nvdax,2026-06-26T14:00:00Z,60,regular,1,59.09361734880214,40.10559411570469,-18.98802323309745,-8.807495327802783,35.62129361197437,18.98802323309745,0.6212643890979308,1,-9.359756863798196,27.726515707797716,24.02946702400044,0,xstock_reversion
nvdax,2026-06-26T15:35:00Z,5,regular,0,3.83986463330821,29.512789225405456,25.672924592097246,85.5479491785971,30.729372237335344,25.672924592097246,5.338741804807867,1,25.97344049459771,-5.639257707308332,0.261414524294068,1,p1a_catchup
nvdax,2026-06-26T15:35:00Z,15,regular,0,3.83986463330821,29.512789225405456,25.672924592097246,85.5479491785971,30.729372237335344,25.672924592097246,22.662167478397777,1,-16.804223617397085,65.13931568789211,-58.08525727950098,0,xstock_reversion
nvdax,2026-06-26T15:35:00Z,30,regular,0,3.83986463330821,29.512789225405456,25.672924592097246,85.5479491785971,30.729372237335344,25.672924592097246,4.884389192501004,1,-26.1670320554952,56.72434584009345,-57.56970034900277,0,xstock_reversion
nvdax,2026-06-26T15:35:00Z,60,regular,0,3.83986463330821,29.512789225405456,25.672924592097246,85.5479491785971,30.729372237335344,25.672924592097246,4.4564669387003875,1,-9.340526259897786,30.556983913294644,-36.45471889770491,0,xstock_reversion
nvdax,2026-06-26T15:50:00Z,5,regular,0,10.893923041699338,11.768244436698438,-22.662167478397777,-65.13931568789211,39.29574654476381,22.662167478397777,6.814310404301693,1,-2.5342858112953337,32.010763693994804,-20.550121957292333,0,xstock_reversion
nvdax,2026-06-26T15:50:00Z,15,regular,0,10.893923041699338,11.768244436698438,-22.662167478397777,-65.13931568789211,39.29574654476381,22.662167478397777,4.884389192501004,1,9.362808438098114,8.414969847798659,-0.5155569304982066,0,p1a_catchup
nvdax,2026-06-26T15:50:00Z,30,regular,0,10.893923041699338,11.768244436698438,-22.662167478397777,-65.13931568789211,39.29574654476381,22.662167478397777,0.6228009297970516,1,6.981565860701977,16.30340254749285,-7.472975236000323,0,xstock_reversion
nvdax,2026-06-26T15:50:00Z,60,regular,0,10.893923041699338,11.768244436698438,-22.662167478397777,-65.13931568789211,39.29574654476381,22.662167478397777,0.4237146480967624,1,-0.6892543706005227,23.775136497095062,-11.851089883796462,0,xstock_reversion
nvdax,2026-06-26T19:50:00Z,5,regular,0,1.3134631497990767,37.58018915100081,-36.26672600120173,-58.049466895297996,41.45553582405155,36.26672600120173,28.82775003290483,1,64.82830105450255,-57.389325086205645,74.31114820859896,1,p1a_catchup
nvdax,2026-06-26T19:50:00Z,15,regular,0,1.3134631497990767,37.58018915100081,-36.26672600120173,-58.049466895297996,41.45553582405155,36.26672600120173,5.064914254102604,1,84.75938698090602,-43.42774672560168,42.02449827950261,1,p1a_catchup
nvdax,2026-06-26T19:50:00Z,30,regular,0,1.3134631497990767,37.58018915100081,-36.26672600120173,-58.049466895297996,41.45553582405155,36.26672600120173,1.5864935692988524,1,83.00870084320344,-45.15548127270286,41.50459913990545,1,p1a_catchup
nvdax,2026-06-26T19:50:00Z,60,regular,0,1.3134631497990767,37.58018915100081,-36.26672600120173,-58.049466895297996,41.45553582405155,36.26672600120173,4.164402583697324,1,84.02826983130218,-43.597141246403126,43.06437765450255,1,p1a_catchup
nvdax,2026-06-26T19:55:00Z,5,regular,0,18.235286272192397,47.06303630509723,-28.82775003290483,-133.27250236859987,46.196788440208586,28.82775003290483,8.764026868206543,1,25.09819288520454,12.493584015906833,-28.646598928192546,1,p1a_catchup
nvdax,2026-06-26T19:55:00Z,15,regular,0,18.235286272192397,47.06303630509723,-28.82775003290483,-133.27250236859987,46.196788440208586,28.82775003290483,2.241033796606118,1,16.754607779203567,14.314176050307381,-25.005222447598285,1,p1a_catchup
nvdax,2026-06-26T19:55:00Z,30,regular,0,18.235286272192397,47.06303630509723,-28.82775003290483,-133.27250236859987,46.196788440208586,28.82775003290483,4.74010688010118,1,14.578282577399904,18.989574335606108,-35.39524438599173,0,xstock_reversion
nvdax,2026-06-26T19:55:00Z,60,regular,0,18.235286272192397,47.06303630509723,-28.82775003290483,-133.27250236859987,46.196788440208586,28.82775003290483,1.432326739392309,1,18.282629434605013,9.112793858907509,-26.565974733392395,1,p1a_catchup
nvdax,2026-06-29T10:15:00Z,5,premarket,1,18.179005911598267,1.6064727909004262,-19.785478702498693,-31.297584856302407,14.64593322893414,19.785478702498693,4.196948785404331,1,2.8116932293986707,12.776836687695692,9.269273025802605,1,xstock_reversion
nvdax,2026-06-29T10:15:00Z,15,premarket,1,18.179005911598267,1.6064727909004262,-19.785478702498693,-31.297584856302407,14.64593322893414,19.785478702498693,4.048403681400359,1,-1.0363165849014422,24.870198968800494,-7.203499153796145,0,xstock_reversion
nvdax,2026-06-29T10:15:00Z,30,premarket,1,18.179005911598267,1.6064727909004262,-19.785478702498693,-31.297584856302407,14.64593322893414,19.785478702498693,0.5043462738019144,1,-8.950849411899497,29.240674388200105,-10.8033037747024,0,xstock_reversion
nvdax,2026-06-29T10:15:00Z,60,premarket,1,18.179005911598267,1.6064727909004262,-19.785478702498693,-31.297584856302407,14.64593322893414,19.785478702498693,6.263242950694803,1,-6.7164715536982555,20.238707305502146,-1.6469716346989571,0,xstock_reversion
nvdax,2026-06-29T13:25:00Z,5,premarket,0,0.514870868899564,20.93986022540406,-21.454731094303625,-40.41735627360765,13.963212785822224,21.454731094303625,7.462508159701287,1,-0.42377502340151807,29.34101427740643,-35.27612994720819,0,xstock_reversion
nvdax,2026-06-29T13:25:00Z,15,premarket,0,0.514870868899564,20.93986022540406,-21.454731094303625,-40.41735627360765,13.963212785822224,21.454731094303625,26.005118426599694,0,-36.16747803169673,83.62732755260005,-100.60653588140234,0,persistent_or_wider
nvdax,2026-06-29T13:25:00Z,30,premarket,0,0.514870868899564,20.93986022540406,-21.454731094303625,-40.41735627360765,13.963212785822224,21.454731094303625,25.41610030579733,0,23.420404194203215,-27.38177340569692,27.638240998095753,1,persistent_or_wider
nvdax,2026-06-29T13:25:00Z,60,premarket,0,0.514870868899564,20.93986022540406,-21.454731094303625,-40.41735627360765,13.963212785822224,21.454731094303625,29.312694064200784,0,107.68060283240288,-56.913177673898474,57.68774162939749,1,persistent_or_wider
nvdax,2026-06-29T13:40:00Z,5,regular,0,17.49407919770185,43.499197624301544,26.005118426599694,83.62732755260005,38.362272307842126,26.005118426599694,7.3618643239914405,1,16.32793370919927,17.039049041391863,-33.25236469789772,0,xstock_reversion
nvdax,2026-06-29T13:40:00Z,15,regular,0,17.49407919770185,43.499197624301544,26.005118426599694,83.62732755260005,38.362272307842126,26.005118426599694,25.41610030579733,1,-59.587882225899946,111.00910095829697,-128.2447768794981,0,xstock_reversion
nvdax,2026-06-29T13:40:00Z,30,regular,0,17.49407919770185,43.499197624301544,26.005118426599694,83.62732755260005,38.362272307842126,26.005118426599694,33.335349691006044,0,-167.28669971219466,226.6271678298004,-254.4824785758948,0,persistent_or_wider
nvdax,2026-06-29T13:40:00Z,60,regular,0,17.49407919770185,43.499197624301544,26.005118426599694,83.62732755260005,38.362272307842126,26.005118426599694,0.10131892480558236,1,-49.32660478909945,75.23040429089356,-70.21528988669701,0,xstock_reversion
nvdax,2026-06-29T13:55:00Z,5,regular,0,0.25840327650072936,25.1576970292966,-25.41610030579733,-111.00910095829697,48.00686949082852,25.41610030579733,9.94920249009823,1,29.922062774900837,-14.455164959201738,15.790635035699552,1,p1a_catchup
nvdax,2026-06-29T13:55:00Z,15,regular,0,0.25840327650072936,25.1576970292966,-25.41610030579733,-111.00910095829697,48.00686949082852,25.41610030579733,33.335349691006044,0,107.69881748629473,-115.61806687150344,126.2377016963967,1,persistent_or_wider
nvdax,2026-06-29T13:55:00Z,30,regular,0,0.25840327650072936,25.1576970292966,-25.41610030579733,-111.00910095829697,48.00686949082852,25.41610030579733,29.312694064200784,0,84.26019863819967,-29.531404268201555,30.04950063130174,1,persistent_or_wider
nvdax,2026-06-29T13:55:00Z,60,regular,0,0.25840327650072936,25.1576970292966,-25.41610030579733,-111.00910095829697,48.00686949082852,25.41610030579733,16.194989969102735,1,-39.795147268604225,81.40623754350429,-80.1209958873983,0,xstock_reversion
nvdax,2026-06-29T14:10:00Z,5,regular,0,10.361231548392524,43.69658123939857,-33.335349691006044,-115.61806687150344,25.333352249896535,33.335349691006044,4.45564846300428,1,33.484786820201506,-4.6050855921997425,-6.017674546896501,1,p1a_catchup
nvdax,2026-06-29T14:10:00Z,15,regular,0,10.361231548392524,43.69658123939857,-33.335349691006044,-115.61806687150344,25.333352249896535,33.335349691006044,29.312694064200784,1,-23.43861884809506,86.08666260330189,-96.18820106509496,0,xstock_reversion
nvdax,2026-06-29T14:10:00Z,30,regular,0,10.361231548392524,43.69658123939857,-33.335349691006044,-115.61806687150344,25.333352249896535,33.335349691006044,0.10131892480558236,1,-117.96009492309523,151.39676353890684,-184.26718868919778,0,xstock_reversion
nvdax,2026-06-29T14:10:00Z,60,regular,0,10.361231548392524,43.69658123939857,-33.335349691006044,-115.61806687150344,25.333352249896535,33.335349691006044,1.5464932129027886,1,-151.50112494249692,183.28998142060016,-199.94177722860053,0,xstock_reversion
nvdax,2026-06-29T14:25:00Z,5,regular,0,0.2596930865994551,29.05300097760133,29.312694064200784,86.08666260330189,49.184699348464235,29.312694064200784,20.00552695459845,1,46.83033115850499,-37.52316404890266,61.814005356204405,1,p1a_catchup
nvdax,2026-06-29T14:25:00Z,15,regular,0,0.2596930865994551,29.05300097760133,29.312694064200784,86.08666260330189,49.184699348464235,29.312694064200784,0.10131892480558236,1,94.52147607500017,-65.31010093560496,88.07898762410282,1,p1a_catchup
nvdax,2026-06-29T14:25:00Z,30,regular,0,0.2596930865994551,29.05300097760133,29.312694064200784,86.08666260330189,49.184699348464235,29.312694064200784,16.194989969102735,1,124.0553459068039,-110.93764181170584,110.17049651870003,1,p1a_catchup
nvdax,2026-06-29T14:25:00Z,60,regular,0,0.2596930865994551,29.05300097760133,29.312694064200784,86.08666260330189,49.184699348464235,29.312694064200784,8.639467395692435,1,102.06179066220677,-81.38856399369843,78.3020552580016,1,p1a_catchup
nvdax,2026-06-29T14:30:00Z,5,regular,0,24.031148220702292,44.03667517530074,20.00552695459845,128.21491224440427,51.68381280607318,20.00552695459845,8.133650139399151,1,38.997121397397194,-27.125244582197894,8.762661316898956,1,p1a_catchup
nvdax,2026-06-29T14:30:00Z,15,regular,0,24.031148220702292,44.03667517530074,20.00552695459845,128.21491224440427,51.68381280607318,20.00552695459845,20.35771298070088,0,32.34935268349837,8.013887251800966,-12.642063629799694,1,persistent_or_wider
nvdax,2026-06-29T14:30:00Z,30,regular,0,24.031148220702292,44.03667517530074,20.00552695459845,128.21491224440427,51.68381280607318,20.00552695459845,7.984332374304515,1,75.10981166269914,-47.11995233379618,27.807835005599912,1,p1a_catchup
nvdax,2026-06-29T14:30:00Z,60,regular,0,24.031148220702292,44.03667517530074,20.00552695459845,128.21491224440427,51.68381280607318,20.00552695459845,1.916755240198853,1,55.74674602189411,-33.82446382709681,8.762661316898956,1,p1a_catchup
nvdax,2026-06-29T14:45:00Z,5,regular,1,19.402971842703565,0.954741137997317,-20.35771298070088,-8.013887251800966,35.70716959410078,20.35771298070088,11.044598017102558,1,-15.329103642196529,46.73141463999997,-26.298163972899857,0,xstock_reversion
nvdax,2026-06-29T14:45:00Z,15,regular,1,19.402971842703565,0.954741137997317,-20.35771298070088,-8.013887251800966,35.70716959410078,20.35771298070088,7.984332374304515,1,-42.76045897920078,55.133839585597144,-40.449898635399606,0,xstock_reversion
nvdax,2026-06-29T14:45:00Z,30,regular,1,19.402971842703565,0.954741137997317,-20.35771298070088,-8.013887251800966,35.70716959410078,20.35771298070088,13.473156683900811,1,-32.399842655497224,39.284398952297295,-31.961261323596446,0,xstock_reversion
nvdax,2026-06-29T14:45:00Z,60,regular,1,19.402971842703565,0.954741137997317,-20.35771298070088,-8.013887251800966,35.70716959410078,20.35771298070088,7.324845704994587,1,-16.433710803198665,29.46657807890496,-10.063348331499355,0,xstock_reversion
nvdax,2026-06-30T11:10:00Z,5,premarket,0,4.6949596151968365,29.735965245798468,25.04100563060163,45.76573172279552,11.826648872645631,25.04100563060163,2.2112771990023816,1,13.038303771404358,14.213979058199655,-18.401837761494733,0,xstock_reversion
nvdax,2026-06-30T11:10:00Z,15,premarket,0,4.6949596151968365,29.735965245798468,25.04100563060163,45.76573172279552,11.826648872645631,25.04100563060163,2.356685408901882,1,3.6427029598051774,19.041617261894572,-20.947764178691486,0,xstock_reversion
nvdax,2026-06-30T11:10:00Z,30,premarket,0,4.6949596151968365,29.735965245798468,25.04100563060163,45.76573172279552,11.826648872645631,25.04100563060163,27.304645768699842,0,30.41454679920008,-32.67818693729829,27.72908327260737,1,persistent_or_wider
nvdax,2026-06-30T11:10:00Z,60,premarket,0,4.6949596151968365,29.735965245798468,25.04100563060163,45.76573172279552,11.826648872645631,25.04100563060163,8.786295391596255,1,16.153557071598712,17.673743950599174,-21.450928139898906,0,xstock_reversion
nvdax,2026-06-30T11:40:00Z,5,premarket,0,0.2541440494940872,27.050501719205755,27.304645768699842,51.719804199192865,20.561165371661982,27.304645768699842,17.189566903796916,1,21.234951507702604,-11.119872642799677,12.13101644929715,1,p1a_catchup
nvdax,2026-06-30T11:40:00Z,15,premarket,0,0.2541440494940872,27.050501719205755,27.304645768699842,51.719804199192865,20.561165371661982,27.304645768699842,11.397468319698234,1,25.03897388160148,13.663140206796598,-16.19761439380696,0,p1a_catchup
nvdax,2026-06-30T11:40:00Z,30,premarket,0,0.2541440494940872,27.050501719205755,27.304645768699842,51.719804199192865,20.561165371661982,27.304645768699842,8.786295391596255,1,-14.26098972760137,50.35193088789747,-49.180011412506275,0,xstock_reversion
nvdax,2026-06-30T11:40:00Z,60,premarket,0,0.2541440494940872,27.050501719205755,27.304645768699842,51.719804199192865,20.561165371661982,27.304645768699842,2.1818162182984935,1,-29.6476923194966,54.77052186989795,-55.835338678003055,0,xstock_reversion
nvdax,2026-06-30T11:45:00Z,5,premarket,0,0.7569997570033848,17.9465666608003,17.189566903796916,63.471011538496214,18.179658155305994,17.189566903796916,1.7513625282994383,1,9.375592985696457,6.06261138980102,-8.586227037703509,1,p1a_catchup
nvdax,2026-06-30T11:45:00Z,15,premarket,0,0.7569997570033848,17.9465666608003,17.189566903796916,63.471011538496214,18.179658155305994,17.189566903796916,18.12328438330013,0,-11.779085989997995,47.09193727709504,-50.13557206090091,0,persistent_or_wider
nvdax,2026-06-30T11:45:00Z,30,premarket,0,0.7569997570033848,17.9465666608003,17.189566903796916,63.471011538496214,18.179658155305994,17.189566903796916,6.1914031709964235,1,-42.25439963890132,65.63536971369466,-67.40182773950387,0,xstock_reversion
nvdax,2026-06-30T11:45:00Z,60,premarket,0,0.7569997570033848,17.9465666608003,17.189566903796916,63.471011538496214,18.179658155305994,17.189566903796916,8.384493036599494,1,-54.566354254204086,80.1404141946005,-80.13432342550253,0,xstock_reversion
nvdax,2026-06-30T12:00:00Z,5,premarket,0,2.286635026802486,20.409919410102617,-18.12328438330013,-47.09193727709504,22.711788805463122,18.12328438330013,10.44396191019814,1,14.78892063570214,-7.10959816260015,4.148700239197112,1,p1a_catchup
nvdax,2026-06-30T12:00:00Z,15,premarket,0,2.286635026802486,20.409919410102617,-18.12328438330013,-47.09193727709504,22.711788805463122,18.12328438330013,6.1914031709964235,1,30.475313648903324,-18.543432436599616,17.26625567860296,1,p1a_catchup
nvdax,2026-06-30T12:00:00Z,30,premarket,0,2.286635026802486,20.409919410102617,-18.12328438330013,-47.09193727709504,22.711788805463122,18.12328438330013,8.525403348400573,1,41.37304518460283,-31.775164149703272,30.507981154599406,1,p1a_catchup
nvdax,2026-06-30T12:00:00Z,60,premarket,0,2.286635026802486,20.409919410102617,-18.12328438330013,-47.09193727709504,22.711788805463122,18.12328438330013,9.794858944900398,1,72.23468706750502,-63.90626162910529,62.13098006689677,1,p1a_catchup
nvdax,2026-06-30T12:55:00Z,5,premarket,0,7.739206462398229,8.506774648999738,-16.245981111397967,-42.73820749189916,11.253761758028126,16.245981111397967,9.794858944900398,1,8.820719068101113,-2.3695969016035434,10.62015682859574,1,p1a_catchup
nvdax,2026-06-30T12:55:00Z,15,premarket,0,7.739206462398229,8.506774648999738,-16.245981111397967,-42.73820749189916,11.253761758028126,16.245981111397967,4.018111217902742,1,9.488433198798774,2.739436694696451,2.4498045382959077,1,p1a_catchup
nvdax,2026-06-30T12:55:00Z,30,premarket,0,7.739206462398229,8.506774648999738,-16.245981111397967,-42.73820749189916,11.253761758028126,16.245981111397967,42.650690173298145,0,-7.713952890204823,66.61062417490093,-63.180916147702604,0,persistent_or_wider
nvdax,2026-06-30T12:55:00Z,60,premarket,0,7.739206462398229,8.506774648999738,-16.245981111397967,-42.73820749189916,11.253761758028126,16.245981111397967,7.664514149903212,1,-70.05645176570319,93.96694702700437,-95.66359969999993,0,xstock_reversion
nvdax,2026-06-30T13:25:00Z,5,premarket,0,4.309498435199899,46.96018860849804,42.650690173298145,63.87118748020448,30.381678923924405,42.650690173298145,35.08592423320245,1,71.03008419859336,-63.46531825849766,51.33857993850022,1,p1a_catchup
nvdax,2026-06-30T13:25:00Z,15,premarket,0,4.309498435199899,46.96018860849804,42.650690173298145,63.87118748020448,30.381678923924405,42.650690173298145,8.060673342695779,1,45.37201845229433,5.3393450636995965,-9.131957410097868,1,p1a_catchup
nvdax,2026-06-30T13:25:00Z,30,premarket,0,4.309498435199899,46.96018860849804,42.650690173298145,63.87118748020448,30.381678923924405,42.650690173298145,7.664514149903212,1,62.342498875498364,-27.356322852103432,32.48268355229733,1,p1a_catchup
nvdax,2026-06-30T13:25:00Z,60,premarket,0,4.309498435199899,46.96018860849804,42.650690173298145,63.87118748020448,30.381678923924405,42.650690173298145,10.258659073594245,1,70.72057846829516,-17.81122922140277,25.322880080302923,1,p1a_catchup
nvdax,2026-06-30T13:30:00Z,5,regular,0,7.817239884797544,27.268684348404904,35.08592423320245,114.07256378650033,35.92582014066444,35.08592423320245,14.08701083709829,1,-3.498233384400251,52.67116845470099,-47.78951406610332,0,xstock_reversion
nvdax,2026-06-30T13:30:00Z,15,regular,0,7.817239884797544,27.268684348404904,35.08592423320245,114.07256378650033,35.92582014066444,35.08592423320245,9.396110587704953,1,-43.87421146659243,88.35624628749983,-82.3195844287028,0,xstock_reversion
nvdax,2026-06-30T13:30:00Z,30,regular,0,7.817239884797544,27.268684348404904,35.08592423320245,114.07256378650033,35.92582014066444,35.08592423320245,13.29090640330044,1,21.061369376305095,0.7336484535969134,16.382909991898842,1,p1a_catchup
nvdax,2026-06-30T13:30:00Z,60,regular,0,7.817239884797544,27.268684348404904,35.08592423320245,114.07256378650033,35.92582014066444,35.08592423320245,12.345678029195284,1,18.454027771204196,4.286218432802968,5.800098512098728,1,p1a_catchup
nvdax,2026-06-30T14:10:00Z,5,regular,0,8.888169755403297,19.14313132919787,-28.031301084601168,-43.605087081708405,40.134191082188686,28.031301084601168,18.377826775299866,1,-14.635272590100001,61.044400450001035,-50.89327218880335,0,xstock_reversion
nvdax,2026-06-30T14:10:00Z,15,regular,0,8.888169755403297,19.14313132919787,-28.031301084601168,-43.605087081708405,40.134191082188686,28.031301084601168,10.258659073594245,1,-16.28735144000082,34.05999345100774,-36.9929729897045,0,xstock_reversion
nvdax,2026-06-30T14:10:00Z,30,regular,0,8.888169755403297,19.14313132919787,-28.031301084601168,-43.605087081708405,40.134191082188686,28.031301084601168,8.193774943698884,1,-12.025394041703663,31.862920182605947,-46.09353481909828,0,xstock_reversion
nvdax,2026-06-30T14:10:00Z,60,regular,0,8.888169755403297,19.14313132919787,-28.031301084601168,-43.605087081708405,40.134191082188686,28.031301084601168,12.059406849500576,1,-34.07639128690576,74.1670992210075,-67.29602648150035,0,xstock_reversion
nvdax,2026-06-30T14:15:00Z,5,regular,0,1.262958505794387,17.11486826950548,18.377826775299866,-17.936033584504685,46.06167010411397,18.377826775299866,3.2892790435035124,1,15.34094353010218,-0.2523957983058267,0.0,1,p1a_catchup
nvdax,2026-06-30T14:15:00Z,15,regular,0,1.262958505794387,17.11486826950548,18.377826775299866,-17.936033584504685,46.06167010411397,18.377826775299866,12.345678029195284,1,20.41561235140321,-14.38346360529863,17.91549917119717,1,p1a_catchup
nvdax,2026-06-30T14:15:00Z,30,regular,0,1.262958505794387,17.11486826950548,18.377826775299866,-17.936033584504685,46.06167010411397,18.377826775299866,6.168103525103774,1,-2.2576352749936746,26.803565575397315,-29.086330971006547,0,xstock_reversion
nvdax,2026-06-30T14:15:00Z,60,regular,0,1.262958505794387,17.11486826950548,18.377826775299866,-17.936033584504685,46.06167010411397,18.377826775299866,6.156359907203424,1,19.2847942318064,5.249392450696888,-1.26286544340104,1,p1a_catchup
nvdax,2026-06-30T20:25:00Z,5,afterhours,1,20.134411650598594,2.0315986825014676,-18.102812968097126,-22.80762488999777,14.750611389384211,18.102812968097126,1.1176438970927904,1,-1.3349688331043552,20.555425698294272,0.5807381182965088,0,xstock_reversion
nvdax,2026-06-30T20:25:00Z,15,afterhours,1,20.134411650598594,2.0315986825014676,-18.102812968097126,-22.80762488999777,14.750611389384211,18.102812968097126,5.939281510203287,1,2.627390069198654,9.536141388695185,10.598771414604968,0,xstock_reversion
nvdax,2026-06-30T20:25:00Z,30,afterhours,1,20.134411650598594,2.0315986825014676,-18.102812968097126,-22.80762488999777,14.750611389384211,18.102812968097126,3.5583167426000983,1,8.86627323779976,12.794856472897465,4.641840996404412,0,xstock_reversion
nvdax,2026-06-30T20:25:00Z,60,afterhours,1,20.134411650598594,2.0315986825014676,-18.102812968097126,-22.80762488999777,14.750611389384211,18.102812968097126,0.3822086361005006,1,17.219062210402925,1.2659593937947022,19.89446071950063,1,p1a_catchup
nvdax,2026-07-01T08:05:00Z,5,premarket,0,2.0239231825947,21.148054142301476,23.171977324896176,8.58354221569435,10.229726653059437,23.171977324896176,12.599502355099546,1,16.373211696096845,-5.800736726300215,4.541899096501822,1,p1a_catchup
nvdax,2026-07-01T08:05:00Z,15,premarket,0,2.0239231825947,21.148054142301476,23.171977324896176,8.58354221569435,10.229726653059437,23.171977324896176,4.058835789102488,1,22.6847405903996,4.546072523599065,-3.5340149302065527,1,p1a_catchup
nvdax,2026-07-01T08:05:00Z,30,premarket,0,2.0239231825947,21.148054142301476,23.171977324896176,8.58354221569435,10.229726653059437,23.171977324896176,1.7829982358019691,1,20.40789324220249,4.547082318495654,-3.029079183098915,1,p1a_catchup
nvdax,2026-07-01T08:05:00Z,60,premarket,0,2.0239231825947,21.148054142301476,23.171977324896176,8.58354221569435,10.229726653059437,23.171977324896176,2.406434033401794,1,40.19854657239641,-14.62013521409844,16.64355446609811,1,p1a_catchup
nvdax,2026-07-01T10:15:00Z,5,premarket,1,22.09766021770143,5.235280260196262,16.86237995750517,19.023205162200796,11.711236996882354,16.86237995750517,4.103705078302156,1,-0.4821160943979663,13.24079097360098,9.609561422703194,0,xstock_reversion
nvdax,2026-07-01T10:15:00Z,15,premarket,1,22.09766021770143,5.235280260196262,16.86237995750517,19.023205162200796,11.711236996882354,16.86237995750517,2.6931102561977838,1,5.2008570132056064,8.968412688101779,9.609561422703194,0,xstock_reversion
nvdax,2026-07-01T10:15:00Z,30,premarket,1,22.09766021770143,5.235280260196262,16.86237995750517,19.023205162200796,11.711236996882354,16.86237995750517,6.101834006004836,1,-3.913727320696836,26.87794128420684,1.564508695901523,0,xstock_reversion
nvdax,2026-07-01T10:15:00Z,60,premarket,1,22.09766021770143,5.235280260196262,16.86237995750517,19.023205162200796,11.711236996882354,16.86237995750517,3.1110559058067366,1,9.497599411805169,10.475836451506737,10.112162382798218,0,xstock_reversion
nvdax,2026-07-01T11:00:00Z,5,premarket,0,1.506206786103803,17.15532746340287,18.661534249506673,35.98041031470878,15.224116007807515,18.661534249506673,5.88652433960668,1,11.018749836999575,1.7562600729004174,0.501592556503283,1,p1a_catchup
nvdax,2026-07-01T11:00:00Z,15,premarket,0,1.506206786103803,17.15532746340287,18.661534249506673,35.98041031470878,15.224116007807515,18.661534249506673,3.1110559058067366,1,2.194284673304736,19.578305482008673,-19.581760079301347,0,xstock_reversion
nvdax,2026-07-01T11:00:00Z,30,premarket,0,1.506206786103803,17.15532746340287,18.661534249506673,35.98041031470878,15.224116007807515,18.661534249506673,1.5687289381016711,1,-6.890080160797396,27.12034334840574,-26.117543726202896,0,xstock_reversion
nvdax,2026-07-01T11:00:00Z,60,premarket,0,1.506206786103803,17.15532746340287,18.661534249506673,35.98041031470878,15.224116007807515,18.661534249506673,3.6423623728065735,1,-17.61697455589406,39.92087117820731,-33.16086041319721,0,xstock_reversion
nvdax,2026-07-01T12:30:00Z,5,premarket,0,0.7736717503981083,26.152877384300055,-26.926549134698163,-47.886003521098175,17.79460970088117,26.926549134698163,35.03120773940438,0,29.51920434359323,-37.62386294829945,39.47173790360026,1,persistent_or_wider
nvdax,2026-07-01T12:30:00Z,15,premarket,0,0.7736717503981083,26.152877384300055,-26.926549134698163,-47.886003521098175,17.79460970088117,26.926549134698163,24.5998783902035,1,84.9785598608932,-82.65188911639854,81.13634774169931,1,p1a_catchup
nvdax,2026-07-01T12:30:00Z,30,premarket,0,0.7736717503981083,26.152877384300055,-26.926549134698163,-47.886003521098175,17.79460970088117,26.926549134698163,1.0323588923011329,1,142.48987081539434,-114.53096278839503,112.34078747429876,1,p1a_catchup
nvdax,2026-07-01T12:30:00Z,60,premarket,0,0.7736717503981083,26.152877384300055,-26.926549134698163,-47.886003521098175,17.79460970088117,26.926549134698163,52.060562898503804,0,199.55781770039317,-224.6918314641988,223.1790917922982,1,persistent_or_wider
nvdax,2026-07-01T12:35:00Z,5,premarket,0,1.0742032049027017,36.10541094430708,-35.03120773940438,-83.75411400340482,18.567115335528662,35.03120773940438,28.011336443505286,1,30.81725604999974,-23.797384754100648,21.318722860295125,1,p1a_catchup
nvdax,2026-07-01T12:35:00Z,15,premarket,0,1.0742032049027017,36.10541094430708,-35.03120773940438,-83.75411400340482,18.567115335528662,35.03120773940438,41.78706156319656,0,86.45263514180712,-93.2084889655993,97.83019021549322,1,persistent_or_wider
nvdax,2026-07-01T12:35:00Z,30,premarket,0,1.0742032049027017,36.10541094430708,-35.03120773940438,-83.75411400340482,18.567115335528662,35.03120773940438,1.1347646803994138,1,110.51937089249897,-74.35339847269518,73.2827707089978,1,p1a_catchup
nvdax,2026-07-01T12:35:00Z,60,premarket,0,1.0742032049027017,36.10541094430708,-35.03120773940438,-83.75411400340482,18.567115335528662,35.03120773940438,4.695210290499574,1,193.92243904030158,-154.19602101039766,150.7091285348938,1,p1a_catchup
nvdax,2026-07-01T12:40:00Z,5,premarket,0,1.404458688902821,26.606877754602465,-28.011336443505286,-98.74546511900562,17.90432366663048,28.011336443505286,24.5998783902035,1,24.642099467300227,-21.23064141399844,20.34588697780393,1,p1a_catchup
nvdax,2026-07-01T12:40:00Z,15,premarket,0,1.404458688902821,26.606877754602465,-28.011336443505286,-98.74546511900562,17.90432366663048,28.011336443505286,5.9265410475006775,1,81.07244226580157,-58.98764686979696,57.80393845149945,1,p1a_catchup
nvdax,2026-07-01T12:40:00Z,30,premarket,0,1.404458688902821,26.606877754602465,-28.011336443505286,-98.74546511900562,17.90432366663048,28.011336443505286,14.373597046297704,1,86.18235237080718,-72.5446129735996,72.9278801461053,1,p1a_catchup
nvdax,2026-07-01T12:40:00Z,60,premarket,0,1.404458688902821,26.606877754602465,-28.011336443505286,-98.74546511900562,17.90432366663048,28.011336443505286,8.717494287404648,1,146.138074578106,-109.40924384719608,120.12924016389981,1,p1a_catchup
nvdax,2026-07-01T12:45:00Z,5,premarket,0,2.2892131250973335,22.310665265106167,-24.5998783902035,-82.65188911639854,14.603514994845643,24.5998783902035,41.78706156319656,0,30.993279624507153,-48.18046279750021,56.165580377394164,1,persistent_or_wider
nvdax,2026-07-01T12:45:00Z,15,premarket,0,2.2892131250973335,22.310665265106167,-24.5998783902035,-82.65188911639854,14.603514994845643,24.5998783902035,1.0323588923011329,1,57.51131095450113,-31.879073671996494,31.204439732599454,1,p1a_catchup
nvdax,2026-07-01T12:45:00Z,30,premarket,0,2.2892131250973335,22.310665265106167,-24.5998783902035,-82.65188911639854,14.603514994845643,24.5998783902035,12.635542829997348,1,61.71086315370111,-24.475441933500264,28.39567473319704,1,p1a_catchup
nvdax,2026-07-01T12:45:00Z,60,premarket,0,2.2892131250973335,22.310665265106167,-24.5998783902035,-82.65188911639854,14.603514994845643,24.5998783902035,4.538326733003473,1,115.32452134500382,-86.18631622179684,79.49025229589957,1,p1a_catchup
nvdax,2026-07-01T12:50:00Z,5,premarket,0,5.695904454796619,47.48296601799318,-41.78706156319656,-93.2084889655993,14.179685049123917,41.78706156319656,5.9265410475006775,1,25.43706317399419,10.423457341701692,-18.707528903698645,1,p1a_catchup
nvdax,2026-07-01T12:50:00Z,15,premarket,0,5.695904454796619,47.48296601799318,-41.78706156319656,-93.2084889655993,14.179685049123917,41.78706156319656,1.1347646803994138,1,24.066735750691848,18.855090492904125,-24.547419506495416,1,p1a_catchup
nvdax,2026-07-01T12:50:00Z,30,premarket,0,5.695904454796619,47.48296601799318,-41.78706156319656,-93.2084889655993,14.179685049123917,41.78706156319656,4.122228010707829,1,23.48041876270024,22.42887081120415,-28.122222292097376,0,p1a_catchup
nvdax,2026-07-01T12:50:00Z,60,premarket,0,5.695904454796619,47.48296601799318,-41.78706156319656,-93.2084889655993,14.179685049123917,41.78706156319656,1.372935776196016,1,73.97677802899238,-30.81678068959981,22.04168306589871,1,p1a_catchup
nvdax,2026-07-01T13:30:00Z,5,regular,0,2.286411422298684,49.77415147620512,-52.060562898503804,-117.5645004143,58.325870239302205,52.060562898503804,4.695210290499574,1,23.88382568350167,32.87194750550171,-32.998225353804145,0,xstock_reversion
nvdax,2026-07-01T13:30:00Z,15,regular,0,2.286411422298684,49.77415147620512,-52.060562898503804,-117.5645004143,58.325870239302205,52.060562898503804,4.538326733003473,1,0.745263505503857,55.85362612600342,-62.552491754699346,0,xstock_reversion
nvdax,2026-07-01T13:30:00Z,30,regular,0,2.286411422298684,49.77415147620512,-52.060562898503804,-117.5645004143,58.325870239302205,52.060562898503804,0.06390779820009129,1,-39.230285330695835,91.22694043099955,-85.87716367320475,0,xstock_reversion
nvdax,2026-07-01T13:30:00Z,60,regular,0,2.286411422298684,49.77415147620512,-52.060562898503804,-117.5645004143,58.325870239302205,52.060562898503804,8.382240106694638,1,-67.50047761439504,111.1788004062042,-109.91379273139756,0,xstock_reversion
nvdax,2026-07-02T08:05:00Z,5,premarket,0,3.322203279401137,36.78876727220448,-40.11097055160562,-36.52880098930389,15.8852078744839,40.11097055160562,31.14513676890418,1,33.01099176329814,-24.0451579805967,18.435072816194165,1,p1a_catchup
nvdax,2026-07-02T08:05:00Z,15,premarket,0,3.322203279401137,36.78876727220448,-40.11097055160562,-36.52880098930389,15.8852078744839,40.11097055160562,9.210608277303578,1,33.979844508005286,15.34173432090391,-16.64428048099964,1,p1a_catchup
nvdax,2026-07-02T08:05:00Z,30,premarket,0,3.322203279401137,36.78876727220448,-40.11097055160562,-36.52880098930389,15.8852078744839,40.11097055160562,2.637585017399857,1,9.284573717502909,33.46398185150257,-32.179826007405765,0,xstock_reversion
nvdax,2026-07-02T08:05:00Z,60,premarket,0,3.322203279401137,36.78876727220448,-40.11097055160562,-36.52880098930389,15.8852078744839,40.11097055160562,7.5382275793955955,1,6.50782371040215,26.064919261807873,-20.954189559603265,0,xstock_reversion
nvdax,2026-07-02T08:10:00Z,5,premarket,0,8.932288443803671,22.21284832510051,-31.14513676890418,-52.41271362059763,17.260699916222077,31.14513676890418,5.419784163196439,1,7.917840065800874,28.647080866299746,-19.45824772879412,0,xstock_reversion
nvdax,2026-07-02T08:10:00Z,15,premarket,0,8.932288443803671,22.21284832510051,-31.14513676890418,-52.41271362059763,17.260699916222077,31.14513676890418,0.4004889094044728,1,-5.795528135195127,37.34115381350378,-29.68424309790052,0,xstock_reversion
nvdax,2026-07-02T08:10:00Z,30,premarket,0,8.932288443803671,22.21284832510051,-31.14513676890418,-52.41271362059763,17.260699916222077,31.14513676890418,3.148314315701839,1,-24.409256824799996,52.40607927800234,-43.9830914129935,0,xstock_reversion
nvdax,2026-07-02T08:10:00Z,60,premarket,0,8.932288443803671,22.21284832510051,-31.14513676890418,-52.41271362059763,17.260699916222077,31.14513676890418,1.1680102702005257,1,-22.645298235293154,54.95844527439786,-51.84894986279609,0,xstock_reversion
nvdax,2026-07-02T08:30:00Z,5,premarket,0,1.4239913148994532,17.17865794659268,15.754666631693226,32.53546652749684,22.670303908166513,15.754666631693226,2.637585017399857,1,9.443674052596052,3.673407561697317,-3.059351441292435,1,p1a_catchup
nvdax,2026-07-02T08:30:00Z,15,premarket,0,1.4239913148994532,17.17865794659268,15.754666631693226,32.53546652749684,22.670303908166513,15.754666631693226,2.1557422644047364,1,9.926026879494287,3.672897487794202,-4.079343282299419,1,p1a_catchup
nvdax,2026-07-02T08:30:00Z,30,premarket,0,1.4239913148994532,17.17865794659268,15.754666631693226,32.53546652749684,22.670303908166513,15.754666631693226,5.734542903601536,1,17.049896748098092,4.43931278719667,-2.54939453259162,1,p1a_catchup
nvdax,2026-07-02T08:30:00Z,60,premarket,0,1.4239913148994532,17.17865794659268,15.754666631693226,32.53546652749684,22.670303908166513,15.754666631693226,9.069546393698502,1,12.190358651498201,-5.505238413503477,2.548744757007171,1,p1a_catchup
nvdax,2026-07-02T10:15:00Z,5,premarket,1,34.78323578850251,9.646485605001587,-25.136750183500922,-39.89700577480271,14.623631286831012,25.136750183500922,9.074932109900402,1,-9.010350666400768,43.22203295980209,-9.20198418800311,0,xstock_reversion
nvdax,2026-07-02T10:15:00Z,15,premarket,1,34.78323578850251,9.646485605001587,-25.136750183500922,-39.89700577480271,14.623631286831012,25.136750183500922,10.866646772393906,1,-7.617211126298429,21.887314537405445,-18.39550850889715,0,xstock_reversion
nvdax,2026-07-02T10:15:00Z,30,premarket,1,34.78323578850251,9.646485605001587,-25.136750183500922,-39.89700577480271,14.623631286831012,25.136750183500922,3.5807765623996346,1,-25.10908247869814,46.66505609979943,-16.353233407304657,0,xstock_reversion
nvdax,2026-07-02T10:15:00Z,60,premarket,1,34.78323578850251,9.646485605001587,-25.136750183500922,-39.89700577480271,14.623631286831012,25.136750183500922,4.545943391596197,1,-56.374095486901865,86.05678906199898,-47.45270021239811,0,xstock_reversion
nvdax,2026-07-02T12:30:00Z,5,premarket,0,10.577989097297902,26.584801971800687,16.006812874502785,25.287268523905837,12.81539796563451,16.006812874502785,14.126195939505592,1,19.518288871696043,-17.63767193669885,9.576372295097002,1,p1a_catchup
nvdax,2026-07-02T12:30:00Z,15,premarket,0,10.577989097297902,26.584801971800687,16.006812874502785,25.287268523905837,12.81539796563451,16.006812874502785,1.5951463607066785,1,23.228368951997425,-8.816702438201318,-5.548410018496597,1,p1a_catchup
nvdax,2026-07-02T12:30:00Z,30,premarket,0,10.577989097297902,26.584801971800687,16.006812874502785,25.287268523905837,12.81539796563451,16.006812874502785,0.8062105840966893,1,0.125799469099519,16.687223989499955,-30.301523109503847,0,xstock_reversion
nvdax,2026-07-02T12:30:00Z,60,premarket,0,10.577989097297902,26.584801971800687,16.006812874502785,25.287268523905837,12.81539796563451,16.006812874502785,1.6026521384038261,1,-11.339606783602463,25.74376751970142,3.2771594882952115,1,xstock_reversion
nvdax,2026-07-02T12:50:00Z,5,premarket,1,15.965284479895203,1.3428134548032489,-17.308097934698452,-37.214849671700634,20.47133574302954,17.308097934698452,23.26325695150011,0,11.99482790759987,-17.94998692440153,13.229045794798111,1,persistent_or_wider
nvdax,2026-07-02T12:50:00Z,15,premarket,1,15.965284479895203,1.3428134548032489,-17.308097934698452,-37.214849671700634,20.47133574302954,17.308097934698452,11.898879536804685,1,21.245384206896034,-15.836165809002267,31.80347663120031,1,p1a_catchup
nvdax,2026-07-02T12:50:00Z,30,premarket,1,15.965284479895203,1.3428134548032489,-17.308097934698452,-37.214849671700634,20.47133574302954,17.308097934698452,2.4713163202960686,1,22.9599670834979,-3.18055282850338,18.640917144594482,1,p1a_catchup
nvdax,2026-07-02T12:50:00Z,60,premarket,1,15.965284479895203,1.3428134548032489,-17.308097934698452,-37.214849671700634,20.47133574302954,17.308097934698452,0.46580281130026435,1,-13.196608652403796,30.038903775801984,-18.72720188270449,0,xstock_reversion
nvdax,2026-07-02T12:55:00Z,5,premarket,1,20.68622560949862,2.57703134200149,-23.26325695150011,-37.68336822440155,21.39577917532847,23.26325695150011,0.8062105840966893,1,1.6171056975000653,20.839940669903356,2.882594962301255,0,xstock_reversion
nvdax,2026-07-02T12:55:00Z,15,premarket,1,20.68622560949862,2.57703134200149,-23.26325695150011,-37.68336822440155,21.39577917532847,23.26325695150011,2.8373067980957956,1,16.28599227210259,4.139957881301726,15.028960137994929,1,p1a_catchup
nvdax,2026-07-02T12:55:00Z,30,premarket,1,20.68622560949862,2.57703134200149,-23.26325695150011,-37.68336822440155,21.39577917532847,23.26325695150011,20.61315879819503,1,-0.5113980508042459,44.38781380049939,30.232693048395376,1,xstock_reversion
nvdax,2026-07-02T12:55:00Z,60,premarket,1,20.68622560949862,2.57703134200149,-23.26325695150011,-37.68336822440155,21.39577917532847,23.26325695150011,8.902733043303357,1,-40.61798002729766,72.78397002210113,-56.623379921401096,0,xstock_reversion
nvdax,2026-07-02T13:25:00Z,5,premarket,1,53.93428123939614,33.32112244120111,20.61315879819503,40.24785591919766,17.484433797168816,20.61315879819503,1.6026521384038261,1,-13.593910001006293,32.6044166607975,60.92878068389318,1,xstock_reversion
nvdax,2026-07-02T13:25:00Z,15,premarket,1,53.93428123939614,33.32112244120111,20.61315879819503,40.24785591919766,17.484433797168816,20.61315879819503,1.974510166702359,1,3.370087509395603,15.268561122097069,47.05652926329407,1,xstock_reversion
nvdax,2026-07-02T13:25:00Z,30,premarket,1,53.93428123939614,33.32112244120111,20.61315879819503,40.24785591919766,17.484433797168816,20.61315879819503,8.902733043303357,1,40.106581976493416,-28.396156221601743,86.85607296979647,1,p1a_catchup
nvdax,2026-07-02T13:25:00Z,60,premarket,1,53.93428123939614,33.32112244120111,20.61315879819503,40.24785591919766,17.484433797168816,20.61315879819503,12.675534407895483,1,20.09938398539468,13.189309220695833,34.428670532493655,0,p1a_catchup
nvdax,2026-07-02T14:30:00Z,5,regular,0,1.4519879742991293,24.731633502499406,-26.183621476798535,-120.20248405310241,28.892052582473084,26.183621476798535,2.3841363990939612,1,11.880126499894672,16.687631375997825,-17.26502231529814,0,xstock_reversion
nvdax,2026-07-02T14:30:00Z,15,regular,0,1.4519879742991293,24.731633502499406,-26.183621476798535,-120.20248405310241,28.892052582473084,26.183621476798535,3.4674067001994047,1,40.84974377859929,-18.13352900200016,17.040328652502268,1,p1a_catchup
nvdax,2026-07-02T14:30:00Z,30,regular,0,1.4519879742991293,24.731633502499406,-26.183621476798535,-120.20248405310241,28.892052582473084,26.183621476798535,8.72964655309616,1,68.5334367916024,-51.07946186790002,59.12954326420028,1,p1a_catchup
nvdax,2026-07-02T14:30:00Z,60,regular,0,1.4519879742991293,24.731633502499406,-26.183621476798535,-120.20248405310241,28.892052582473084,26.183621476798535,14.682961066503353,1,104.68073404020117,-63.814151496899285,65.77796962210058,1,p1a_catchup
nvdax,2026-07-02T20:00:00Z,5,afterhours,0,0.7569678139951463,16.768389929096017,16.01142211510087,70.02074242520528,17.03424397397549,16.01142211510087,5.570351036006116,1,5.542483039802093,16.039290111304894,-7.5542891116953115,1,xstock_reversion
nvdax,2026-07-02T20:00:00Z,15,afterhours,0,0.7569678139951463,16.768389929096017,16.01142211510087,70.02074242520528,17.03424397397549,16.01142211510087,2.7985352530990326,1,6.48725916909676,12.322698199103144,-12.802541312595395,0,xstock_reversion
nvdax,2026-07-02T20:00:00Z,30,afterhours,0,0.7569678139951463,16.768389929096017,16.01142211510087,70.02074242520528,17.03424397397549,16.01142211510087,26.899987800499403,0,-9.300126211702064,52.21153612730234,-9.741581975797331,0,persistent_or_wider
nvdax,2026-07-02T20:00:00Z,60,afterhours,0,0.7569678139951463,16.768389929096017,16.01142211510087,70.02074242520528,17.03424397397549,16.01142211510087,4.109580174898042,1,-4.990172765202416,25.11117505520133,-24.13007366679487,0,xstock_reversion
nvdax,2026-07-02T20:30:00Z,5,afterhours,1,43.22692196550015,16.32693416500075,-26.899987800499403,-39.888837928199194,16.80930129158632,26.899987800499403,3.4350805796989903,1,-8.528932163605063,38.864000543803456,0.13351223969948478,0,xstock_reversion
nvdax,2026-07-02T20:30:00Z,15,afterhours,1,43.22692196550015,16.32693416500075,-26.899987800499403,-39.888837928199194,16.80930129158632,26.899987800499403,0.7640666822972264,1,-8.615858647198493,34.75177976540067,8.219460033300763,0,xstock_reversion
nvdax,2026-07-02T20:30:00Z,30,afterhours,1,43.22692196550015,16.32693416500075,-26.899987800499403,-39.888837928199194,16.80930129158632,26.899987800499403,4.109580174898042,1,-4.309953446499648,27.10036107210101,14.38849169099754,0,xstock_reversion
nvdax,2026-07-02T20:30:00Z,60,afterhours,1,43.22692196550015,16.32693416500075,-26.899987800499403,-39.888837928199194,16.80930129158632,26.899987800499403,2.4889848894016353,1,1.3175676142029857,28.071405075698053,18.50329475280077,0,xstock_reversion
nvdax,2026-07-02T21:05:00Z,5,afterhours,1,9.495597063091665,8.943217636900869,-18.438814699992534,-29.048493325092295,8.78083315237461,18.438814699992534,0.6675410330014842,1,3.6609844674995173,15.4453712654945,-2.8991007584000528,0,xstock_reversion
nvdax,2026-07-02T21:05:00Z,15,afterhours,1,9.495597063091665,8.943217636900869,-18.438814699992534,-29.048493325092295,8.78083315237461,18.438814699992534,5.0035696122030515,1,1.3351316057974572,22.10725270639813,-14.409965954005344,0,xstock_reversion
nvdax,2026-07-02T21:05:00Z,30,afterhours,1,9.495597063091665,8.943217636900869,-18.438814699992534,-29.048493325092295,8.78083315237461,18.438814699992534,2.7879435784061712,1,-3.4535240212996143,24.68028229969832,-15.438455104304083,0,xstock_reversion
nvdax,2026-07-02T21:05:00Z,60,afterhours,1,9.495597063091665,8.943217636900869,-18.438814699992534,-29.048493325092295,8.78083315237461,18.438814699992534,0.4701312873045538,1,-9.890139168406975,27.858822581094955,-27.314980733503802,0,xstock_reversion
nvdax,2026-07-06T12:40:00Z,5,premarket,0,1.2190497974984282,15.527224739697587,-16.746274537196015,-15.123600365800627,19.9167394660129,16.746274537196015,2.829542570603749,1,5.990520232996843,13.585296874802921,-13.388735575503574,0,xstock_reversion
nvdax,2026-07-06T12:40:00Z,15,premarket,0,1.2190497974984282,15.527224739697587,-16.746274537196015,-15.123600365800627,19.9167394660129,16.746274537196015,1.6147456767079404,1,1.0334378617926632,14.098090998695412,-13.388735575503574,0,xstock_reversion
nvdax,2026-07-06T12:40:00Z,30,premarket,0,1.2190497974984282,15.527224739697587,-16.746274537196015,-15.123600365800627,19.9167394660129,16.746274537196015,13.703431633897978,1,4.697439903695866,-1.6545970003978283,-1.6002100822998244,1,p1a_catchup
nvdax,2026-07-06T12:40:00Z,60,premarket,0,1.2190497974984282,15.527224739697587,-16.746274537196015,-15.123600365800627,19.9167394660129,16.746274537196015,0.5492148476005099,1,-0.8312349445027678,18.126724329299293,-20.813496211999905,0,xstock_reversion
nvdax,2026-07-06T13:25:00Z,5,premarket,0,1.0277248592949206,14.617039281805688,-15.644764141100609,-25.82894602490171,14.665719112380147,15.644764141100609,5.322184511395989,1,-0.4527614686011816,21.41971012109778,-22.164493801000162,0,xstock_reversion
nvdax,2026-07-06T13:25:00Z,15,premarket,0,1.0277248592949206,14.617039281805688,-15.644764141100609,-25.82894602490171,14.665719112380147,15.644764141100609,0.5492148476005099,1,-29.416288365897714,45.61026735459883,-48.48836417550295,0,xstock_reversion
nvdax,2026-07-06T13:25:00Z,30,premarket,0,1.0277248592949206,14.617039281805688,-15.644764141100609,-25.82894602490171,14.665719112380147,15.644764141100609,5.171513884398848,1,-62.916161859902786,83.73243988540224,-95.21443828780285,0,xstock_reversion
nvdax,2026-07-06T13:25:00Z,60,premarket,0,1.0277248592949206,14.617039281805688,-15.644764141100609,-25.82894602490171,14.665719112380147,15.644764141100609,2.5646998250028474,1,-93.55222813249853,111.76169209860198,-110.18183354840616,0,xstock_reversion
nvdax,2026-07-06T14:05:00Z,5,regular,0,6.289560219903123,15.087759069301043,21.377319289204166,75.24273669170078,24.55731176101781,21.377319289204166,8.535159628095812,1,-2.9589895009962675,32.871468418296246,-25.704473825793883,0,xstock_reversion
nvdax,2026-07-06T14:05:00Z,15,regular,0,6.289560219903123,15.087759069301043,21.377319289204166,75.24273669170078,24.55731176101781,21.377319289204166,0.603922025002035,1,-22.459379889294695,43.232777153496826,-29.779566493894905,0,xstock_reversion
nvdax,2026-07-06T14:05:00Z,30,regular,0,6.289560219903123,15.087759069301043,21.377319289204166,75.24273669170078,24.55731176101781,21.377319289204166,8.757475537199966,1,-22.404522276495697,52.53931710289983,-44.54214454419514,0,xstock_reversion
nvdax,2026-07-06T14:05:00Z,60,regular,0,6.289560219903123,15.087759069301043,21.377319289204166,75.24273669170078,24.55731176101781,21.377319289204166,1.0647369214034086,1,-47.09466746080082,67.40724982860158,-63.925949838097296,0,xstock_reversion
nvdax,2026-07-06T19:55:00Z,5,regular,1,10.68205806269873,7.508036013703645,-18.190094076402374,-61.161590795002496,21.657559020732055,18.190094076402374,11.752012267098877,1,10.079119855603835,-3.641038046300338,10.996459225696142,1,p1a_catchup
nvdax,2026-07-06T19:55:00Z,15,regular,1,10.68205806269873,7.508036013703645,-18.190094076402374,-61.161590795002496,21.657559020732055,18.190094076402374,0.2688778772963474,1,16.699478253805466,1.2217379453005606,9.492043455496812,1,p1a_catchup
nvdax,2026-07-06T19:55:00Z,30,regular,1,10.68205806269873,7.508036013703645,-18.190094076402374,-61.161590795002496,21.657559020732055,18.190094076402374,1.2504572551019777,1,16.997913123502073,-0.058276302201676344,8.949690554596046,1,p1a_catchup
nvdax,2026-07-06T19:55:00Z,60,regular,1,10.68205806269873,7.508036013703645,-18.190094076402374,-61.161590795002496,21.657559020732055,18.190094076402374,2.8143791385026873,1,26.8520408144024,-11.476325876502713,17.651352097098894,1,p1a_catchup
nvdax,2026-07-07T10:30:00Z,5,premarket,0,2.071605753295458,25.098518441799555,-23.026912688504098,-42.07766227400711,14.87991060318241,23.026912688504098,31.8275772486043,0,27.454585833197598,-36.2552503932978,34.20933207130439,1,persistent_or_wider
nvdax,2026-07-07T10:30:00Z,15,premarket,0,2.071605753295458,25.098518441799555,-23.026912688504098,-42.07766227400711,14.87991060318241,23.026912688504098,19.0000987316985,1,53.81271319039982,-49.78589923359422,49.797799764297324,1,p1a_catchup
nvdax,2026-07-07T10:30:00Z,30,premarket,0,2.071605753295458,25.098518441799555,-23.026912688504098,-42.07766227400711,14.87991060318241,23.026912688504098,44.37510879859552,0,86.57636119500545,-107.92455730509687,106.11834913859752,1,persistent_or_wider
nvdax,2026-07-07T10:30:00Z,60,premarket,0,2.071605753295458,25.098518441799555,-23.026912688504098,-42.07766227400711,14.87991060318241,23.026912688504098,13.90257647859272,1,143.17156061780523,-134.04722440789385,132.82482954729778,1,p1a_catchup
nvdax,2026-07-07T10:35:00Z,5,premarket,0,0.025687431302046093,31.853264679906346,-31.8275772486043,-73.94872791279816,18.795434637702172,31.8275772486043,3.561332103201309,1,16.861773424103887,11.404471721299103,-14.527345088906074,1,p1a_catchup
nvdax,2026-07-07T10:35:00Z,15,premarket,0,0.025687431302046093,31.853264679906346,-31.8275772486043,-73.94872791279816,18.795434637702172,31.8275772486043,7.962127173701816,1,40.25524630380417,-16.389796228901687,13.50860079689653,1,p1a_catchup
nvdax,2026-07-07T10:35:00Z,30,premarket,0,0.025687431302046093,31.853264679906346,-31.8275772486043,-73.94872791279816,18.795434637702172,31.8275772486043,31.563821839499795,1,95.72562331420009,-95.46186790509559,97.5668397568974,1,p1a_catchup
nvdax,2026-07-07T10:35:00Z,60,premarket,0,0.025687431302046093,31.853264679906346,-31.8275772486043,-73.94872791279816,18.795434637702172,31.8275772486043,0.8029308663015655,1,123.11273796860256,-92.08809158629983,91.27720172789289,1,p1a_catchup
nvdax,2026-07-07T10:45:00Z,5,premarket,0,2.0835062839985596,21.08360501569706,-19.0000987316985,-49.78589923359422,19.180905248772913,19.0000987316985,7.962127173701816,1,13.89711894660195,-2.8591473886052654,-2.079866896096405,1,p1a_catchup
nvdax,2026-07-07T10:45:00Z,15,premarket,0,2.0835062839985596,21.08360501569706,-19.0000987316985,-49.78589923359422,19.180905248772913,19.0000987316985,44.37510879859552,0,32.76364800460563,-58.13865807150265,56.3205493743002,1,persistent_or_wider
nvdax,2026-07-07T10:45:00Z,30,premarket,0,2.0835062839985596,21.08360501569706,-19.0000987316985,-49.78589923359422,19.180905248772913,19.0000987316985,9.458844462395533,1,78.1220356692991,-49.66309247520506,52.13776148520033,1,p1a_catchup
nvdax,2026-07-07T10:45:00Z,60,premarket,0,2.0835062839985596,21.08360501569706,-19.0000987316985,-49.78589923359422,19.180905248772913,19.0000987316985,15.108591195005516,1,75.00820258120378,-40.89951265449976,41.688439740301675,1,p1a_catchup
nvdax,2026-07-07T11:00:00Z,5,premarket,0,0.26539758679611225,44.64050638539163,-44.37510879859552,-58.13865807150265,29.54846655183196,44.37510879859552,31.563821839499795,1,36.60384795239224,-23.79256099329652,25.65782268960426,1,p1a_catchup
nvdax,2026-07-07T11:00:00Z,15,premarket,0,0.26539758679611225,44.64050638539163,-44.37510879859552,-58.13865807150265,29.54846655183196,44.37510879859552,9.458844462395533,1,45.35838766469347,8.475565596297585,-4.18278788909987,1,p1a_catchup
nvdax,2026-07-07T11:00:00Z,30,premarket,0,0.26539758679611225,44.64050638539163,-44.37510879859552,-58.13865807150265,29.54846655183196,44.37510879859552,13.90257647859272,1,56.59519942279978,-26.12266710279698,26.706480408700273,1,p1a_catchup
nvdax,2026-07-07T11:00:00Z,60,premarket,0,0.26539758679611225,44.64050638539163,-44.37510879859552,-58.13865807150265,29.54846655183196,44.37510879859552,7.185469052597426,1,32.91523476259606,18.64534308859689,-21.418318230992384,1,p1a_catchup
nvdax,2026-07-07T11:05:00Z,5,premarket,0,2.130659283103853,33.69448112260365,-31.563821839499795,-79.0720716761939,28.424141604011705,31.563821839499795,1.307675114192719,1,15.358849780700012,17.5126471729925,-22.51958321619618,0,xstock_reversion
nvdax,2026-07-07T11:05:00Z,15,premarket,0,2.130659283103853,33.69448112260365,-31.563821839499795,-79.0720716761939,28.424141604011705,31.563821839499795,2.4857492236929346,1,7.641390224506495,21.436682391300366,-27.749435330601813,0,xstock_reversion
nvdax,2026-07-07T11:05:00Z,30,premarket,0,2.130659283103853,33.69448112260365,-31.563821839499795,-79.0720716761939,28.424141604011705,31.563821839499795,0.8029308663015655,1,27.387114654402467,3.3737763187957626,-6.289638029004507,1,p1a_catchup
nvdax,2026-07-07T11:05:00Z,60,premarket,0,2.130659283103853,33.69448112260365,-31.563821839499795,-79.0720716761939,28.424141604011705,31.563821839499795,17.928921938299425,1,-17.043653428299166,66.53639720609839,-64.80294431139733,0,xstock_reversion
nvdax,2026-07-07T12:05:00Z,5,premarket,0,3.8641121778049126,14.064809760494512,17.928921938299425,40.396906652500064,14.645201717556711,17.928921938299425,11.225618002104198,1,12.158037310996406,-5.4547333748011795,12.51495554570603,1,p1a_catchup
nvdax,2026-07-07T12:05:00Z,15,premarket,0,3.8641121778049126,14.064809760494512,17.928921938299425,40.396906652500064,14.645201717556711,17.928921938299425,8.913803146297639,1,25.597044614498188,-16.5819258224964,23.413731136399107,1,p1a_catchup
nvdax,2026-07-07T12:05:00Z,30,premarket,0,3.8641121778049126,14.064809760494512,17.928921938299425,40.396906652500064,14.645201717556711,17.928921938299425,5.9828450917009945,1,44.065925233898184,-32.119848387299754,38.9924848713985,1,p1a_catchup
nvdax,2026-07-07T12:05:00Z,60,premarket,0,3.8641121778049126,14.064809760494512,17.928921938299425,40.396906652500064,14.645201717556711,17.928921938299425,10.737497148198827,1,29.339708249294105,-22.148283459193507,24.38031990510403,1,p1a_catchup
nvdax,2026-07-07T16:25:00Z,5,regular,0,2.7742989405954432,15.650508967803844,18.424807908399288,72.14171912309553,18.51837419792414,18.424807908399288,4.8863652540998,1,16.736180456602412,-3.1977378023029246,14.933876090594822,1,p1a_catchup
nvdax,2026-07-07T16:25:00Z,15,regular,0,2.7742989405954432,15.650508967803844,18.424807908399288,72.14171912309553,18.51837419792414,18.424807908399288,7.719266074897035,1,7.931496198505528,2.7740456349967246,-5.067396480198383,1,p1a_catchup
nvdax,2026-07-07T16:25:00Z,30,regular,0,2.7742989405954432,15.650508967803844,18.424807908399288,72.14171912309553,18.51837419792414,18.424807908399288,6.500391741601774,1,8.952543941997959,2.9718722247995544,2.532735621194604,1,p1a_catchup
nvdax,2026-07-07T16:25:00Z,60,regular,0,2.7742989405954432,15.650508967803844,18.424807908399288,72.14171912309553,18.51837419792414,18.424807908399288,8.262565855599036,1,20.45905013989824,6.228323624100085,2.532735621194604,1,p1a_catchup
nvdax,2026-07-07T16:35:00Z,5,regular,1,16.279653147304174,2.4464728106998734,-18.726125958004047,7.522321660200504,31.333991730676683,18.726125958004047,7.719266074897035,1,-9.611898589101386,36.05729062200247,-14.709987688901194,0,xstock_reversion
nvdax,2026-07-07T16:35:00Z,15,regular,1,16.279653147304174,2.4464728106998734,-18.726125958004047,7.522321660200504,31.333991730676683,18.726125958004047,6.30751481510039,1,-5.637660826094404,18.05627196899806,-1.0202525210001312,0,xstock_reversion
nvdax,2026-07-07T16:35:00Z,30,regular,1,16.279653147304174,2.4464728106998734,-18.726125958004047,7.522321660200504,31.333991730676683,18.726125958004047,3.5295249695010966,1,-44.11270636810016,59.309307356603114,-51.64306956380038,0,xstock_reversion
nvdax,2026-07-07T16:35:00Z,60,regular,1,16.279653147304174,2.4464728106998734,-18.726125958004047,7.522321660200504,31.333991730676683,18.726125958004047,0.7402286190050233,1,-34.77904701549406,54.24540159250313,-51.13300706589996,0,xstock_reversion
nvdax,2026-07-07T21:20:00Z,5,afterhours,0,6.688335929405653,18.889043937795336,-25.57737986720099,-43.611158644099035,12.963202222264991,25.57737986720099,5.211837275398423,1,10.358114684798636,10.00742790700393,-6.120575525097038,0,p1a_catchup
nvdax,2026-07-07T21:20:00Z,15,afterhours,0,6.688335929405653,18.889043937795336,-25.57737986720099,-43.611158644099035,12.963202222264991,25.57737986720099,4.321786989995857,1,15.076453585098903,6.179139292106228,5.103342800207855,1,p1a_catchup
nvdax,2026-07-07T21:20:00Z,30,afterhours,0,6.688335929405653,18.889043937795336,-25.57737986720099,-43.611158644099035,12.963202222264991,25.57737986720099,5.987404627303405,1,23.618604416499878,-4.028629176602294,10.72002961340246,1,p1a_catchup
nvdax,2026-07-07T21:20:00Z,60,afterhours,0,6.688335929405653,18.889043937795336,-25.57737986720099,-43.611158644099035,12.963202222264991,25.57737986720099,2.8177434799037115,1,31.643878609495246,-8.884242222197969,15.537574766302242,1,p1a_catchup
nvdax,2026-07-08T08:10:00Z,5,premarket,0,1.5201317911017753,19.862677805804196,18.34254601470242,26.96380225639672,9.423587768497176,18.34254601470242,24.987037258101807,0,-2.7591171166996276,46.088700389503856,-49.91097705129732,0,persistent_or_wider
nvdax,2026-07-08T08:10:00Z,15,premarket,0,1.5201317911017753,19.862677805804196,18.34254601470242,26.96380225639672,9.423587768497176,18.34254601470242,40.71125892349592,0,-82.17449178969716,141.2282967278955,-138.70905071370566,0,persistent_or_wider
nvdax,2026-07-08T08:10:00Z,30,premarket,0,1.5201317911017753,19.862677805804196,18.34254601470242,26.96380225639672,9.423587768497176,18.34254601470242,2.661662606007198,1,-129.51816828690175,145.199051695597,-145.33056934450173,0,xstock_reversion
nvdax,2026-07-08T08:10:00Z,60,premarket,0,1.5201317911017753,19.862677805804196,18.34254601470242,26.96380225639672,9.423587768497176,18.34254601470242,19.86288402459735,0,-158.04997489319737,196.25540493249716,-199.06229492620218,0,persistent_or_wider
nvdax,2026-07-08T08:15:00Z,5,premarket,0,2.3021448706916914,27.2891821287935,-24.987037258101807,-15.047495196007787,22.785018298312554,24.987037258101807,49.88629171189807,0,37.316005250200845,-62.215259703997106,56.8343354179035,1,persistent_or_wider
nvdax,2026-07-08T08:15:00Z,15,premarket,0,2.3021448706916914,27.2891821287935,-24.987037258101807,-15.047495196007787,22.785018298312554,24.987037258101807,18.05218746159909,1,105.63951868539867,-98.70466888889595,88.20570008570172,1,p1a_catchup
nvdax,2026-07-08T08:15:00Z,30,premarket,0,2.3021448706916914,27.2891821287935,-24.987037258101807,-15.047495196007787,22.785018298312554,24.987037258101807,2.9894676620045857,1,123.37660438849873,-95.40009946839234,90.78149280010273,1,p1a_catchup
nvdax,2026-07-08T08:15:00Z,60,premarket,0,2.3021448706916914,27.2891821287935,-24.987037258101807,-15.047495196007787,22.785018298312554,24.987037258101807,0.006223913597835917,1,165.32912127869892,-140.3358601069993,136.7419651423063,1,p1a_catchup
nvdax,2026-07-08T08:20:00Z,5,premarket,0,3.078779415401911,46.80751229649616,-49.88629171189807,-87.7037798421032,32.87179951248868,49.88629171189807,40.71125892349592,1,42.099369422796684,-32.924336634394535,31.963738244504825,1,p1a_catchup
nvdax,2026-07-08T08:20:00Z,15,premarket,0,3.078779415401911,46.80751229649616,-49.88629171189807,-87.7037798421032,32.87179951248868,49.88629171189807,22.366483087701283,1,83.9220716505995,-56.40226302640272,51.48016517400045,1,p1a_catchup
nvdax,2026-07-08T08:20:00Z,30,premarket,0,3.078779415401911,46.80751229649616,-49.88629171189807,-87.7037798421032,32.87179951248868,49.88629171189807,4.127916581504465,1,81.52620178139891,-27.511993487996378,22.61862887920074,1,p1a_catchup
nvdax,2026-07-08T08:20:00Z,60,premarket,0,3.078779415401911,46.80751229649616,-49.88629171189807,-87.7037798421032,32.87179951248868,49.88629171189807,6.022667670304571,1,124.456560503301,-68.54760112109837,74.7329853656975,1,p1a_catchup
nvdax,2026-07-08T08:25:00Z,5,premarket,0,4.039377805291622,36.6718811182043,-40.71125892349592,-141.2282967278955,33.02382164412853,40.71125892349592,18.05218746159909,1,26.22414401240114,-3.5650725505043113,-0.5923735767066063,1,p1a_catchup
nvdax,2026-07-08T08:25:00Z,15,premarket,0,4.039377805291622,36.6718811182043,-40.71125892349592,-141.2282967278955,33.02382164412853,40.71125892349592,2.661662606007198,1,47.34367649720461,-3.9707549677014953,6.621518630796075,1,p1a_catchup
nvdax,2026-07-08T08:25:00Z,30,premarket,0,4.039377805291622,36.6718811182043,-40.71125892349592,-141.2282967278955,33.02382164412853,40.71125892349592,8.18866789489725,1,37.679805643904274,-5.157214615305605,9.71478050009189,1,p1a_catchup
nvdax,2026-07-08T08:25:00Z,60,premarket,0,4.039377805291622,36.6718811182043,-40.71125892349592,-141.2282967278955,33.02382164412853,40.71125892349592,4.357465437605512,1,83.10006700989803,-46.74627352400762,45.35623458879812,1,p1a_catchup
nvdax,2026-07-08T08:30:00Z,5,premarket,0,8.19682393250254,9.85536352909655,-18.05218746159909,-98.70466888889595,33.07088896486759,18.05218746159909,22.366483087701283,0,15.598558215401681,-19.912853841503875,20.10880050620223,1,persistent_or_wider
nvdax,2026-07-08T08:30:00Z,15,premarket,0,8.19682393250254,9.85536352909655,-18.05218746159909,-98.70466888889595,33.07088896486759,18.05218746159909,2.9894676620045857,1,17.737085703100064,3.3045694205036114,2.575792714401004,1,p1a_catchup
nvdax,2026-07-08T08:30:00Z,30,premarket,0,8.19682393250254,9.85536352909655,-18.05218746159909,-98.70466888889595,33.07088896486759,18.05218746159909,11.63899652600442,1,21.27169579609678,-14.858504860502109,19.59268479300391,1,p1a_catchup
nvdax,2026-07-08T08:30:00Z,60,premarket,0,8.19682393250254,9.85536352909655,-18.05218746159909,-98.70466888889595,33.07088896486759,18.05218746159909,11.499303962398955,1,50.75294266929653,-21.201451245298486,31.98681982309992,1,p1a_catchup
nvdax,2026-07-08T08:35:00Z,5,premarket,0,8.000877267804185,14.365605819897098,-22.366483087701283,-56.40226302640272,29.83764659408574,22.366483087701283,2.661662606007198,1,5.5209742694017905,19.50717142430669,-12.894908298699548,0,xstock_reversion
nvdax,2026-07-08T08:35:00Z,15,premarket,0,8.000877267804185,14.365605819897098,-22.366483087701283,-56.40226302640272,29.83764659408574,22.366483087701283,4.127916581504465,1,-2.3958698692005953,28.890269538406343,-28.861536294799706,0,xstock_reversion
nvdax,2026-07-08T08:35:00Z,30,premarket,0,8.000877267804185,14.365605819897098,-22.366483087701283,-56.40226302640272,29.83764659408574,22.366483087701283,19.16441161069926,1,18.911266009196126,-15.709194532194104,16.01281366980345,1,p1a_catchup
nvdax,2026-07-08T08:35:00Z,60,premarket,0,8.000877267804185,14.365605819897098,-22.366483087701283,-56.40226302640272,29.83764659408574,22.366483087701283,1.4095254311996541,1,30.235646053897725,-6.459637534996787,14.462065430596027,1,p1a_catchup
nvdax,2026-07-08T09:05:00Z,5,premarket,0,7.6972581301948395,11.467153480504422,-19.16441161069926,-44.59946407060045,14.860577135987963,19.16441161069926,19.86288402459735,0,15.141514866501282,-15.83998728039937,24.824003613197476,1,persistent_or_wider
nvdax,2026-07-08T09:05:00Z,15,premarket,0,7.6972581301948395,11.467153480504422,-19.16441161069926,-44.59946407060045,14.860577135987963,19.16441161069926,6.022667670304571,1,21.623222843505374,3.5638564374984583,7.240006521893605,1,p1a_catchup
nvdax,2026-07-08T09:05:00Z,30,premarket,0,7.6972581301948395,11.467153480504422,-19.16441161069926,-44.59946407060045,14.860577135987963,19.16441161069926,1.4095254311996541,1,11.324380044701599,9.249556997197317,-1.5507482392074223,1,p1a_catchup
nvdax,2026-07-08T09:05:00Z,60,premarket,0,7.6972581301948395,11.467153480504422,-19.16441161069926,-44.59946407060045,14.860577135987963,19.16441161069926,5.463433814298924,1,20.229352325102923,-6.528374528702585,12.414650880598899,1,p1a_catchup
nvdax,2026-07-08T09:10:00Z,5,premarket,0,1.2867582026032665,21.149642227200616,-19.86288402459735,-49.869893589296055,10.781748361365448,19.86288402459735,0.006223913597835917,1,10.038263502201161,9.830844435994024,-12.409352732598578,0,p1a_catchup
nvdax,2026-07-08T09:10:00Z,15,premarket,0,1.2867582026032665,21.149642227200616,-19.86288402459735,-49.869893589296055,10.781748361365448,19.86288402459735,4.357465437605512,1,7.224583906397797,8.28083468059404,-14.997009623698432,0,xstock_reversion
nvdax,2026-07-08T09:10:00Z,30,premarket,0,1.2867582026032665,21.149642227200616,-19.86288402459735,-49.869893589296055,10.781748361365448,19.86288402459735,4.88636303180634,1,-2.100046037503134,17.076567030294143,-25.857862492397743,0,xstock_reversion
nvdax,2026-07-08T09:10:00Z,60,premarket,0,1.2867582026032665,21.149642227200616,-19.86288402459735,-49.869893589296055,10.781748361365448,19.86288402459735,3.371556875997328,1,8.467946152199701,8.02338099640032,-15.514460660002172,0,p1a_catchup
nvdax,2026-07-08T11:40:00Z,5,premarket,0,4.368211699103952,25.534488094898222,21.16627639579427,41.224385125300245,12.800210596664577,21.16627639579427,7.459245731800124,1,15.764772437494301,-2.0577417735001546,-1.5061529976012622,1,p1a_catchup
nvdax,2026-07-08T11:40:00Z,15,premarket,0,4.368211699103952,25.534488094898222,21.16627639579427,41.224385125300245,12.800210596664577,21.16627639579427,2.6081702302960252,1,21.97473239239578,1.799714233694516,-7.713074042197121,1,p1a_catchup
nvdax,2026-07-08T11:40:00Z,30,premarket,0,4.368211699103952,25.534488094898222,21.16627639579427,41.224385125300245,12.800210596664577,21.16627639579427,7.539762792507787,1,42.638198066393684,-29.0116844631072,26.692690762804006,1,p1a_catchup
nvdax,2026-07-08T11:40:00Z,60,premarket,0,4.368211699103952,25.534488094898222,21.16627639579427,41.224385125300245,12.800210596664577,21.16627639579427,4.443700380694082,1,49.83432675810029,-33.1117507430001,30.792941960600118,1,p1a_catchup
nvdax,2026-07-08T12:05:00Z,5,premarket,0,0.25768898749944924,18.431782055303714,18.689471042803163,28.055062203904413,14.136882624525647,18.689471042803163,7.539762792507787,1,12.431900694895859,-1.2821924446004829,3.5890994309006885,1,p1a_catchup
nvdax,2026-07-08T12:05:00Z,15,premarket,0,0.25768898749944924,18.431782055303714,18.689471042803163,28.055062203904413,14.136882624525647,18.689471042803163,3.8147619788020393,1,14.553842319902088,7.950390701703114,-7.818440219402589,1,p1a_catchup
nvdax,2026-07-08T12:05:00Z,30,premarket,0,0.25768898749944924,18.431782055303714,18.689471042803163,28.055062203904413,14.136882624525647,18.689471042803163,3.0869489182983045,1,16.115316274500913,-0.5127941499960542,0.5128073639948383,1,p1a_catchup
nvdax,2026-07-08T12:05:00Z,60,premarket,0,0.25768898749944924,18.431782055303714,18.689471042803163,28.055062203904413,14.136882624525647,18.689471042803163,2.1403398175046107,1,20.65228612339709,-4.103154898098538,7.6893506286968005,1,p1a_catchup
nvdax,2026-07-08T12:55:00Z,5,premarket,0,2.3007076859027364,14.68799097350093,-16.988698659403667,-15.230491324995654,13.705037543490045,16.988698659403667,1.0942325430995936,1,6.439265036206621,11.64366616629664,-8.70512038619431,0,xstock_reversion
nvdax,2026-07-08T12:55:00Z,15,premarket,0,2.3007076859027364,14.68799097350093,-16.988698659403667,-15.230491324995654,13.705037543490045,16.988698659403667,13.628660333298015,1,-4.07242887829895,34.68978787100063,-31.363399938895142,0,xstock_reversion
nvdax,2026-07-08T12:55:00Z,30,premarket,0,2.3007076859027364,14.68799097350093,-16.988698659403667,-15.230491324995654,13.705037543490045,16.988698659403667,10.329848403998199,1,-7.645260519693053,14.304110775098522,-12.416726580299908,0,xstock_reversion
nvdax,2026-07-08T12:55:00Z,60,premarket,0,2.3007076859027364,14.68799097350093,-16.988698659403667,-15.230491324995654,13.705037543490045,16.988698659403667,0.8000107314032334,1,-124.50751450339581,142.2962238942027,-139.23601774689763,0,xstock_reversion
nvdax,2026-07-08T13:30:00Z,5,regular,0,8.526154669494801,47.803750382495735,39.277595713000935,66.29134092830391,43.28144600788353,39.277595713000935,14.099246398497911,1,49.73747077079871,-24.559121456295685,34.42169938829842,1,p1a_catchup
nvdax,2026-07-08T13:30:00Z,15,regular,0,8.526154669494801,47.803750382495735,39.277595713000935,66.29134092830391,43.28144600788353,39.277595713000935,13.762308589404526,1,77.07339821109827,-24.033493908692805,19.761405645297714,1,p1a_catchup
nvdax,2026-07-08T13:30:00Z,30,regular,0,8.526154669494801,47.803750382495735,39.277595713000935,66.29134092830391,43.28144600788353,39.277595713000935,6.424709131795936,1,57.77759890169598,-12.07529405689911,4.816040040900305,1,p1a_catchup
nvdax,2026-07-08T13:30:00Z,60,regular,0,8.526154669494801,47.803750382495735,39.277595713000935,66.29134092830391,43.28144600788353,39.277595713000935,3.180354277700914,1,42.59514925499808,-6.497907819698057,-2.135008080301759,1,p1a_catchup
nvdax,2026-07-08T14:45:00Z,5,regular,1,12.498242903298262,10.099413451802874,-22.597656355101137,-54.61679017510157,28.446743004008344,22.597656355101137,16.772933004194357,1,-17.92282314060145,57.293412499896945,-38.06005794579903,0,xstock_reversion
nvdax,2026-07-08T14:45:00Z,15,regular,1,12.498242903298262,10.099413451802874,-22.597656355101137,-54.61679017510157,28.446743004008344,22.597656355101137,4.438692127797239,1,-91.4518427271993,109.6108069545032,-110.60565371460385,0,xstock_reversion
nvdax,2026-07-08T14:45:00Z,30,regular,1,12.498242903298262,10.099413451802874,-22.597656355101137,-54.61679017510157,28.446743004008344,22.597656355101137,4.526023296893555,1,-36.55870834629482,54.6303414045024,-45.66789946109928,0,xstock_reversion
nvdax,2026-07-08T14:45:00Z,60,regular,1,12.498242903298262,10.099413451802874,-22.597656355101137,-54.61679017510157,28.446743004008344,22.597656355101137,3.068259887806235,1,-40.41171004200095,59.94110650929585,-47.442229972798344,0,xstock_reversion
nvdax,2026-07-08T14:55:00Z,5,regular,0,7.67019341149755,41.13335309539501,33.46315968389746,73.98151759160143,46.38793805359388,33.46315968389746,4.438692127797239,1,19.07645667469815,18.825395136996548,-13.002498885095193,1,p1a_catchup
nvdax,2026-07-08T14:55:00Z,15,regular,0,7.67019341149755,41.13335309539501,33.46315968389746,73.98151759160143,46.38793805359388,33.46315968389746,15.099171713197634,1,-17.480137381102878,66.04246877819797,-77.68675807540149,0,xstock_reversion
nvdax,2026-07-08T14:55:00Z,30,regular,0,7.67019341149755,41.13335309539501,33.46315968389746,73.98151759160143,46.38793805359388,33.46315968389746,0.5384952345011129,1,-65.52247683050183,98.44714127989818,-110.9494495026997,0,xstock_reversion
nvdax,2026-07-08T14:55:00Z,60,regular,0,7.67019341149755,41.13335309539501,33.46315968389746,73.98151759160143,46.38793805359388,33.46315968389746,3.8722715195049773,1,-41.43931503410414,71.03020319849662,-78.95429765610196,0,xstock_reversion
nvdax,2026-07-08T17:15:00Z,5,regular,0,1.9844261055013135,18.764062318403774,20.748488423905087,60.43829458260319,31.481286035269413,20.748488423905087,20.05787114269353,1,40.53364684480698,-39.84302956359542,43.802735316900154,1,p1a_catchup
nvdax,2026-07-08T17:15:00Z,15,regular,0,1.9844261055013135,18.764062318403774,20.748488423905087,60.43829458260319,31.481286035269413,20.748488423905087,3.704554079799749,1,89.4353825125016,-72.39144816839627,72.15965675869462,1,p1a_catchup
nvdax,2026-07-08T17:15:00Z,30,regular,0,1.9844261055013135,18.764062318403774,20.748488423905087,60.43829458260319,31.481286035269413,20.748488423905087,12.379658739698485,1,56.409642882799815,-23.281495719196243,26.749904493099663,1,p1a_catchup
nvdax,2026-07-08T17:15:00Z,60,regular,0,1.9844261055013135,18.764062318403774,20.748488423905087,60.43829458260319,31.481286035269413,20.748488423905087,4.5537990830979425,1,70.65145699760578,-54.45676765679863,63.04489637550148,1,p1a_catchup
nvdax,2026-07-08T17:20:00Z,5,regular,0,1.9752796478034185,22.033150790496947,20.05787114269353,73.87242045269637,33.21183947786866,20.05787114269353,11.93586452419737,1,30.85067378339801,-22.72866716490185,29.341803502900277,1,p1a_catchup
nvdax,2026-07-08T17:20:00Z,15,regular,0,1.9752796478034185,22.033150790496947,20.05787114269353,73.87242045269637,33.21183947786866,20.05787114269353,9.415316481407032,1,63.395333006992516,-52.75277834570602,37.95538642440199,1,p1a_catchup
nvdax,2026-07-08T17:20:00Z,30,regular,0,1.9752796478034185,22.033150790496947,20.05787114269353,73.87242045269637,33.21183947786866,20.05787114269353,1.1370092565954337,1,10.76705354480012,8.153808341297974,-9.140655552002386,1,p1a_catchup
nvdax,2026-07-08T17:20:00Z,60,regular,0,1.9752796478034185,22.033150790496947,20.05787114269353,73.87242045269637,33.21183947786866,20.05787114269353,5.0291889747988705,1,29.778468382497536,-4.691408265005137,2.3011402597017394,1,p1a_catchup
nvdax,2026-07-08T20:35:00Z,5,afterhours,0,3.940035570497713,15.389354982797698,-19.32939055329541,-35.690838646598166,8.979724391316804,19.32939055329541,10.595600828695595,1,10.95672372129819,-2.222933996698373,4.887058982898651,1,p1a_catchup
nvdax,2026-07-08T20:35:00Z,15,afterhours,0,3.940035570497713,15.389354982797698,-19.32939055329541,-35.690838646598166,8.979724391316804,19.32939055329541,1.3538549155978075,1,24.42375837759414,-3.7405129087009215,1.4101472443961427,1,p1a_catchup
nvdax,2026-07-08T20:35:00Z,30,afterhours,0,3.940035570497713,15.389354982797698,-19.32939055329541,-35.690838646598166,8.979724391316804,19.32939055329541,2.6115443315966047,1,20.148302873295165,-3.4304566515963586,-1.4789617715038617,1,p1a_catchup
nvdax,2026-07-08T20:35:00Z,60,afterhours,0,3.940035570497713,15.389354982797698,-19.32939055329541,-35.690838646598166,8.979724391316804,19.32939055329541,4.747230756905196,1,19.36642285029322,-4.784263053903004,-6.407255203297879,0,p1a_catchup
nvdax,2026-07-08T20:45:00Z,5,afterhours,1,22.04138345789808,1.403839871700896,-23.445223329598974,-47.67280458749745,11.139317500360358,23.445223329598974,1.3538549155978075,1,0.07938181480149353,24.719696430395288,-8.948714207299702,0,xstock_reversion
nvdax,2026-07-08T20:45:00Z,15,afterhours,1,22.04138345789808,1.403839871700896,-23.445223329598974,-47.67280458749745,11.139317500360358,23.445223329598974,3.5289992580000984,1,-5.404984407499924,25.3212084790988,-6.413893699894757,0,xstock_reversion
nvdax,2026-07-08T20:45:00Z,30,afterhours,1,22.04138345789808,1.403839871700896,-23.445223329598974,-47.67280458749745,11.139317500360358,23.445223329598974,10.092128209802098,1,-3.317938014095745,16.67103313389262,-0.987020678895334,0,xstock_reversion
nvdax,2026-07-08T20:45:00Z,60,afterhours,1,22.04138345789808,1.403839871700896,-23.445223329598974,-47.67280458749745,11.139317500360358,23.445223329598974,8.760225039603498,1,-16.652468247997376,48.85791661719985,-36.45503815609352,0,xstock_reversion
nvdax,2026-07-08T22:00:00Z,5,afterhours,1,38.88713755580753,13.547109227802778,-25.34002832800475,-34.01963674910746,15.433443662152944,25.34002832800475,8.618007977201358,1,-2.529301217997215,19.251321568800606,11.962106658405247,0,xstock_reversion
nvdax,2026-07-08T22:00:00Z,15,afterhours,1,38.88713755580753,13.547109227802778,-25.34002832800475,-34.01963674910746,15.433443662152944,25.34002832800475,1.440378098394035,1,-4.3128859803953645,28.21253621000608,-0.8363198977967556,0,xstock_reversion
nvdax,2026-07-08T22:00:00Z,30,afterhours,1,38.88713755580753,13.547109227802778,-25.34002832800475,-34.01963674910746,15.433443662152944,25.34002832800475,5.936673049005137,1,-3.488043338402136,22.891398617401748,6.545388564704879,0,xstock_reversion
nvdax,2026-07-08T22:00:00Z,60,afterhours,1,38.88713755580753,13.547109227802778,-25.34002832800475,-34.01963674910746,15.433443662152944,25.34002832800475,1.0472560457053248,1,7.237682919702948,19.149601454007126,17.480326778400723,0,xstock_reversion
nvdax,2026-07-09T08:15:00Z,5,premarket,0,7.8520875853982375,8.631863783801208,-16.483951369199445,-15.81094853579934,12.73541982140128,16.483951369199445,19.820366476608342,0,13.776799458593558,-17.113214566002455,15.126012301198699,1,persistent_or_wider
nvdax,2026-07-09T08:15:00Z,15,premarket,0,7.8520875853982375,8.631863783801208,-16.483951369199445,-15.81094853579934,12.73541982140128,16.483951369199445,9.46813863370366,1,31.131251591896003,-24.115438856400218,26.85220702929314,1,p1a_catchup
nvdax,2026-07-09T08:15:00Z,30,premarket,0,7.8520875853982375,8.631863783801208,-16.483951369199445,-15.81094853579934,12.73541982140128,16.483951369199445,16.618295594197363,0,46.40306081999945,-46.53740504499737,48.8759526253979,1,persistent_or_wider
nvdax,2026-07-09T08:15:00Z,60,premarket,0,7.8520875853982375,8.631863783801208,-16.483951369199445,-15.81094853579934,12.73541982140128,16.483951369199445,0.44132155780474136,1,47.242575506993845,-31.19994569559914,27.341097004693893,1,p1a_catchup
nvdax,2026-07-09T08:20:00Z,5,premarket,0,9.839289850201993,9.981076626406349,-19.820366476608342,-48.26615569850645,13.675529185682977,19.820366476608342,12.42225445039935,1,10.803640227807776,-3.405528201598784,4.884243527794041,1,p1a_catchup
nvdax,2026-07-09T08:20:00Z,15,premarket,0,9.839289850201993,9.981076626406349,-19.820366476608342,-48.26615569850645,13.675529185682977,19.820366476608342,11.161726333703825,1,24.870297843602174,-16.211657700697657,12.703998581393705,1,p1a_catchup
nvdax,2026-07-09T08:20:00Z,30,premarket,0,9.839289850201993,9.981076626406349,-19.820366476608342,-48.26615569850645,13.675529185682977,19.820366476608342,0.2750654395988761,1,37.764222563705374,-17.668790647498156,23.46615596500179,1,p1a_catchup
nvdax,2026-07-09T08:20:00Z,60,premarket,0,9.839289850201993,9.981076626406349,-19.820366476608342,-48.26615569850645,13.675529185682977,19.820366476608342,5.978423200003746,1,31.033965640601124,-17.19202236399653,21.01919385619766,1,p1a_catchup
nvdax,2026-07-09T08:45:00Z,5,premarket,0,5.513540004997708,11.104755589199655,-16.618295594197363,-22.421966188597153,5.103509764120998,16.618295594197363,0.2750654395988761,1,5.137961202299479,11.75539983149676,-10.283784359197412,0,xstock_reversion
nvdax,2026-07-09T08:45:00Z,15,premarket,0,5.513540004997708,11.104755589199655,-16.618295594197363,-22.421966188597153,5.103509764120998,16.618295594197363,1.5065346514031575,1,-2.5779509337020556,20.702781179302576,-24.467837017301264,0,xstock_reversion
nvdax,2026-07-09T08:45:00Z,30,premarket,0,5.513540004997708,11.104755589199655,-16.618295594197363,-22.421966188597153,5.103509764120998,16.618295594197363,0.44132155780474136,1,0.8395146869943915,15.33745934939823,-21.534855620704008,0,xstock_reversion
nvdax,2026-07-09T08:45:00Z,60,premarket,0,5.513540004997708,11.104755589199655,-16.618295594197363,-22.421966188597153,5.103509764120998,16.618295594197363,1.4508199316942694,1,8.915621391700768,6.251854270802326,-9.794320077798346,0,p1a_catchup
nvdax,2026-07-09T10:45:00Z,5,premarket,0,4.625258936199472,10.857285509500159,-15.48254444569963,-6.916120319599983,10.114409013292457,15.48254444569963,24.306293750004926,0,17.021270997794602,-25.845020302099897,19.108754191501376,1,persistent_or_wider
nvdax,2026-07-09T10:45:00Z,15,premarket,0,4.625258936199472,10.857285509500159,-15.48254444569963,-6.916120319599983,10.114409013292457,15.48254444569963,11.830021313397054,1,15.617611517395602,11.694954241701083,-10.753430954801857,0,p1a_catchup
nvdax,2026-07-09T10:45:00Z,30,premarket,0,4.625258936199472,10.857285509500159,-15.48254444569963,-6.916120319599983,10.114409013292457,15.48254444569963,3.0347700626975893,1,-0.7270107191015285,19.24432522749875,-30.791060714401297,0,xstock_reversion
nvdax,2026-07-09T10:45:00Z,60,premarket,0,4.625258936199472,10.857285509500159,-15.48254444569963,-6.916120319599983,10.114409013292457,15.48254444569963,7.372824371998377,1,-41.99346186839925,50.103181942100505,-52.25931360420155,0,xstock_reversion
nvdax,2026-07-09T10:50:00Z,5,premarket,0,11.361525046797993,12.944768703206933,-24.306293750004926,-44.30547789939787,13.036961791942156,24.306293750004926,4.087847796503397,1,8.141558397500859,12.07688755600067,-12.74322576020559,0,xstock_reversion
nvdax,2026-07-09T10:50:00Z,15,premarket,0,11.361525046797993,12.944768703206933,-24.306293750004926,-44.30547789939787,13.036961791942156,24.306293750004926,11.260122657397176,1,-3.2719137289927147,16.318084821600465,-23.513286036500602,0,xstock_reversion
nvdax,2026-07-09T10:50:00Z,30,premarket,0,11.361525046797993,12.944768703206933,-24.306293750004926,-44.30547789939787,13.036961791942156,24.306293750004926,2.383132577508107,1,-25.703692745899787,47.626853918396606,-29.38297902450593,0,xstock_reversion
nvdax,2026-07-09T10:50:00Z,60,premarket,0,11.361525046797993,12.944768703206933,-24.306293750004926,-44.30547789939787,13.036961791942156,24.306293750004926,2.956312944100148,1,-60.177229379698716,87.43983607380379,-84.9738960689006,0,xstock_reversion
nvdax,2026-07-09T12:40:00Z,5,premarket,1,12.35887283000281,5.44907699610242,-17.80794982610523,0.05375517489802917,14.393566480798448,17.80794982610523,17.064915595401686,1,10.918299128199749,-10.175264897496206,4.374134355700221,1,p1a_catchup
nvdax,2026-07-09T12:40:00Z,15,premarket,1,12.35887283000281,5.44907699610242,-17.80794982610523,0.05375517489802917,14.393566480798448,17.80794982610523,20.370439635906123,0,28.280089346397475,-30.84257915619837,25.79124834229951,1,persistent_or_wider
nvdax,2026-07-09T12:40:00Z,30,premarket,1,12.35887283000281,5.44907699610242,-17.80794982610523,0.05375517489802917,14.393566480798448,17.80794982610523,2.4451684569992693,1,34.48032253980493,-19.11754117069897,25.25538286580087,1,p1a_catchup
nvdax,2026-07-09T12:40:00Z,60,premarket,1,12.35887283000281,5.44907699610242,-17.80794982610523,0.05375517489802917,14.393566480798448,17.80794982610523,17.98484066359407,0,184.74562613140398,-184.92251696889284,203.21712434880013,1,persistent_or_wider
nvdax,2026-07-09T12:45:00Z,5,premarket,1,18.160003371798794,1.0950877763971079,-17.064915595401686,-29.517079807899194,14.968627610836641,17.064915595401686,14.006689132495254,1,6.318250397905345,-3.2600239349989124,9.727154115495296,1,p1a_catchup
nvdax,2026-07-09T12:45:00Z,15,premarket,1,18.160003371798794,1.0950877763971079,-17.064915595401686,-29.517079807899194,14.968627610836641,17.064915595401686,3.2843904466961504,1,17.163769739099166,3.1855363029986705,2.917152879495788,0,p1a_catchup
nvdax,2026-07-09T12:45:00Z,30,premarket,1,18.160003371798794,1.0950877763971079,-17.064915595401686,-29.517079807899194,14.968627610836641,17.064915595401686,11.28505942199709,1,27.278791510303435,-21.49893533689884,31.160256967002198,1,p1a_catchup
nvdax,2026-07-09T12:45:00Z,60,premarket,1,18.160003371798794,1.0950877763971079,-17.064915595401686,-29.517079807899194,14.968627610836641,17.064915595401686,0.14204281580276756,1,188.84649517779906,-171.92362239820014,189.92105631579824,1,p1a_catchup
nvdax,2026-07-09T12:55:00Z,5,premarket,1,17.410203643901667,2.9602359920044563,-20.370439635906123,-30.84257915619837,15.057313629237681,20.370439635906123,3.2843904466961504,1,-0.19802047909855958,23.852850561700834,-18.499961107103502,0,xstock_reversion
nvdax,2026-07-09T12:55:00Z,15,premarket,1,17.410203643901667,2.9602359920044563,-20.370439635906123,-30.84257915619837,15.057313629237681,20.370439635906123,2.4451684569992693,1,6.200233193407456,11.725037985499398,-0.5358654764986426,0,xstock_reversion
nvdax,2026-07-09T12:55:00Z,30,premarket,1,17.410203643901667,2.9602359920044563,-20.370439635906123,-30.84257915619837,15.057313629237681,20.370439635906123,24.106757326407546,0,21.82535905649985,-25.561676747001272,39.53341236849539,1,persistent_or_wider
nvdax,2026-07-09T12:55:00Z,60,premarket,1,17.410203643901667,2.9602359920044563,-20.370439635906123,-30.84257915619837,15.057313629237681,20.370439635906123,0.5984797804003961,1,160.73229398700482,-140.9603341314991,156.1255583555976,1,p1a_catchup
nvdax,2026-07-09T13:05:00Z,5,premarket,0,7.660676694900559,9.08464871460346,-16.74532540950402,-14.475504091402414,17.300984472109416,16.74532540950402,2.4451684569992693,1,5.506905199306189,8.793251753198561,-7.353606193198914,0,xstock_reversion
nvdax,2026-07-09T13:05:00Z,15,premarket,0,7.660676694900559,9.08464871460346,-16.74532540950402,-14.475504091402414,17.300984472109416,16.74532540950402,0.10404131979946385,1,10.495779469801292,6.353587259502191,-0.9749439414985517,0,p1a_catchup
nvdax,2026-07-09T13:05:00Z,30,premarket,0,7.660676694900559,9.08464871460346,-16.74532540950402,-14.475504091402414,17.300984472109416,16.74532540950402,20.40045748629815,0,115.18342022790229,-118.83855230469642,129.78114765149763,1,persistent_or_wider
nvdax,2026-07-09T13:05:00Z,60,premarket,0,7.660676694900559,9.08464871460346,-16.74532540950402,-14.475504091402414,17.300984472109416,16.74532540950402,23.130686559502678,0,233.79283641450144,-240.1781975645001,249.76619181719784,1,persistent_or_wider
nvdax,2026-07-09T13:25:00Z,5,premarket,0,3.438468022407548,20.668289303999998,-24.106757326407546,-37.28671473250067,22.13328253537138,24.106757326407546,27.744204782695903,0,48.349670096508035,-51.98711755279639,54.19137129410778,1,persistent_or_wider
nvdax,2026-07-09T13:25:00Z,15,premarket,0,3.438468022407548,20.668289303999998,-24.106757326407546,-37.28671473250067,22.13328253537138,24.106757326407546,17.98484066359407,1,134.64017772850667,-128.5182610656932,137.8924636380052,1,p1a_catchup
nvdax,2026-07-09T13:25:00Z,30,premarket,0,3.438468022407548,20.668289303999998,-24.106757326407546,-37.28671473250067,22.13328253537138,24.106757326407546,0.5984797804003961,1,138.90693493050497,-115.39865738449784,116.59214598710221,1,p1a_catchup
nvdax,2026-07-09T13:25:00Z,60,premarket,0,3.438468022407548,20.668289303999998,-24.106757326407546,-37.28671473250067,22.13328253537138,24.106757326407546,9.43936276979862,1,240.70833746160147,-207.1622173653953,208.80680553060137,1,p1a_catchup
nvdax,2026-07-09T13:30:00Z,5,regular,0,1.2342142810961576,26.509990501599745,-27.744204782695903,-76.71717322160099,24.406135212547564,27.744204782695903,20.40045748629815,1,45.70171906899567,-38.35797177259792,42.87410470559472,1,p1a_catchup
nvdax,2026-07-09T13:30:00Z,15,regular,0,1.2342142810961576,26.509990501599745,-27.744204782695903,-76.71717322160099,24.406135212547564,27.744204782695903,0.14204281580276756,1,101.30967580659345,-73.70751383970031,74.77915866659579,1,p1a_catchup
nvdax,2026-07-09T13:30:00Z,30,regular,0,1.2342142810961576,26.509990501599745,-27.744204782695903,-76.71717322160099,24.406135212547564,27.744204782695903,16.014266518995512,1,112.62154863469931,-100.89161037099892,115.7368805915926,1,p1a_catchup
nvdax,2026-07-09T13:30:00Z,60,regular,0,1.2342142810961576,26.509990501599745,-27.744204782695903,-76.71717322160099,24.406135212547564,27.744204782695903,8.170014703203776,1,197.17848930259407,-177.60429922310195,172.36033723459167,1,p1a_catchup
nvdax,2026-07-09T13:35:00Z,5,regular,0,3.2819186519006394,23.68237613819879,-20.40045748629815,-125.19213956419861,25.968784814421063,20.40045748629815,17.98484066359407,1,40.588788563002964,-38.17317174029888,40.826987638302725,1,p1a_catchup
nvdax,2026-07-09T13:35:00Z,15,regular,0,3.2819186519006394,23.68237613819879,-20.40045748629815,-125.19213956419861,25.968784814421063,20.40045748629815,8.281405586503254,1,43.65789433720124,-14.976031264399836,20.51637703489817,1,p1a_catchup
nvdax,2026-07-09T13:35:00Z,30,regular,0,3.2819186519006394,23.68237613819879,-20.40045748629815,-125.19213956419861,25.968784814421063,20.40045748629815,23.130686559502678,0,118.60941618659915,-121.33964525980367,119.98504416570022,1,persistent_or_wider
nvdax,2026-07-09T13:35:00Z,60,regular,0,3.2819186519006394,23.68237613819879,-20.40045748629815,-125.19213956419861,25.968784814421063,20.40045748629815,9.122257956404312,1,139.37514950740137,-109.85243406469891,105.25106470000267,1,p1a_catchup
nvdax,2026-07-09T14:05:00Z,5,regular,0,1.9273175577971813,25.05800411729986,-23.130686559502678,-106.36361399540384,29.6338246062996,23.130686559502678,1.1423945974975425,1,17.16562239310271,4.822669568902427,-8.987812602301304,1,p1a_catchup
nvdax,2026-07-09T14:05:00Z,15,regular,0,1.9273175577971813,25.05800411729986,-23.130686559502678,-106.36361399540384,29.6338246062996,23.130686559502678,2.9321992241992945,1,44.24080625650362,-18.177920472801645,15.006005216902096,1,p1a_catchup
nvdax,2026-07-09T14:05:00Z,30,regular,0,1.9273175577971813,25.05800411729986,-23.130686559502678,-106.36361399540384,29.6338246062996,23.130686559502678,9.122257956404312,1,20.765733320802227,11.487211195104763,-14.733979465697544,0,p1a_catchup
nvdax,2026-07-09T14:05:00Z,60,regular,0,1.9273175577971813,25.05800411729986,-23.130686559502678,-106.36361399540384,29.6338246062996,23.130686559502678,7.8854480959034134,1,-47.725267039995245,78.74140169540134,-89.56125187579822,0,xstock_reversion
nvdax,2026-07-09T20:00:00Z,5,afterhours,1,14.46331431839809,6.143542757204301,-20.60685707560239,-79.7137752207977,17.651370929572742,20.60685707560239,1.4823699681976166,1,2.257456457099849,19.83177058670016,-16.253450774401657,0,xstock_reversion
nvdax,2026-07-09T20:00:00Z,15,afterhours,1,14.46331431839809,6.143542757204301,-20.60685707560239,-79.7137752207977,17.651370929572742,20.60685707560239,5.7827915454033985,1,-4.294701993199368,19.11876752339836,-12.338064489298972,0,xstock_reversion
nvdax,2026-07-09T20:00:00Z,30,afterhours,1,14.46331431839809,6.143542757204301,-20.60685707560239,-79.7137752207977,17.651370929572742,20.60685707560239,9.782578931893937,1,-2.337780967200942,32.72721697469727,-22.843025734005096,0,xstock_reversion
nvdax,2026-07-09T20:00:00Z,60,afterhours,1,14.46331431839809,6.143542757204301,-20.60685707560239,-79.7137752207977,17.651370929572742,20.60685707560239,1.075079839294446,1,3.243538111004085,16.28823912530386,-9.378317032799899,0,xstock_reversion
nvdax,2026-07-09T21:50:00Z,15,afterhours,1,27.06253387009916,7.072666071001876,-19.989867799097283,-31.514611461194164,10.760385435173013,19.989867799097283,1.2487196424970648,1,-3.0330255856014787,24.271613027195826,3.7505305467000483,0,xstock_reversion
nvdax,2026-07-09T21:50:00Z,30,afterhours,1,27.06253387009916,7.072666071001876,-19.989867799097283,-31.514611461194164,10.760385435173013,19.989867799097283,4.191064146805701,1,7.328050535395647,8.470753116895935,18.074703799300096,1,xstock_reversion
nvdax,2026-07-09T21:50:00Z,60,afterhours,1,27.06253387009916,7.072666071001876,-19.989867799097283,-31.514611461194164,10.760385435173013,19.989867799097283,1.3626199283933715,1,16.75435735440267,1.87289051630124,14.615265676400924,0,p1a_catchup
nvdax,2026-07-09T22:30:00Z,5,afterhours,1,36.861078293393135,13.441508597100693,23.41956969629244,36.970612084097354,17.362262910270573,23.41956969629244,8.673439236197567,1,-9.339513203903138,41.432522136393146,7.910610518298,0,xstock_reversion
nvdax,2026-07-09T22:30:00Z,15,afterhours,1,36.861078293393135,13.441508597100693,23.41956969629244,36.970612084097354,17.362262910270573,23.41956969629244,6.086658497901354,1,-11.274392179299042,40.78062037349284,0.0,0,xstock_reversion
nvdax,2026-07-09T22:30:00Z,30,afterhours,1,36.861078293393135,13.441508597100693,23.41956969629244,36.970612084097354,17.362262910270573,23.41956969629244,1.516460043902157,1,-8.239207540201576,33.175237280396175,10.875476873994927,0,xstock_reversion
nvdax,2026-07-09T22:30:00Z,60,afterhours,1,36.861078293393135,13.441508597100693,23.41956969629244,36.970612084097354,17.362262910270573,23.41956969629244,7.487165015200858,1,2.866827834200336,28.039906877292964,12.851566199696407,0,xstock_reversion
nvdax,2026-07-10T08:00:00Z,5,premarket,1,11.028409706499431,6.02844944679326,17.05685915329269,31.605615606595805,13.269458430770815,17.05685915329269,2.4992443678950593,1,1.9404741762940603,17.61562934489369,-1.4881321488946497,0,xstock_reversion
nvdax,2026-07-10T08:00:00Z,15,premarket,1,11.028409706499431,6.02844944679326,17.05685915329269,31.605615606595805,13.269458430770815,17.05685915329269,4.312670381798611,1,14.360573286298361,-1.616384514804281,14.373871771704572,1,p1a_catchup
nvdax,2026-07-10T08:00:00Z,30,premarket,1,11.028409706499431,6.02844944679326,17.05685915329269,31.605615606595805,13.269458430770815,17.05685915329269,2.244983985200122,1,-0.10791438550761256,19.409757524000426,-7.442876270795651,0,xstock_reversion
nvdax,2026-07-10T08:00:00Z,60,premarket,1,11.028409706499431,6.02844944679326,17.05685915329269,31.605615606595805,13.269458430770815,17.05685915329269,10.06371552880303,1,1.5019689776973877,25.618605704398334,-13.157801940000269,0,xstock_reversion
nvdax,2026-07-10T13:30:00Z,5,regular,0,10.910206628800267,52.64088877959594,41.73068215079567,99.54059610249644,50.23223409683559,41.73068215079567,10.456765965001225,1,17.35136174930041,34.83608636649649,-29.1885072141973,1,xstock_reversion
nvdax,2026-07-10T13:30:00Z,15,regular,0,10.910206628800267,52.64088877959594,41.73068215079567,99.54059610249644,50.23223409683559,41.73068215079567,36.43581086970826,1,117.31563608809559,-112.02076480700818,110.58179714950711,1,p1a_catchup
nvdax,2026-07-10T13:30:00Z,30,regular,0,10.910206628800267,52.64088877959594,41.73068215079567,99.54059610249644,50.23223409683559,41.73068215079567,1.5154888105950448,1,194.38619991309912,-151.14002895170842,146.1264285300068,1,p1a_catchup
nvdax,2026-07-10T13:30:00Z,60,regular,0,10.910206628800267,52.64088877959594,41.73068215079567,99.54059610249644,50.23223409683559,41.73068215079567,4.845635091399458,1,193.77474931039808,-147.19843206820292,148.7811569790054,1,p1a_catchup
nvdax,2026-07-10T13:45:00Z,5,regular,0,9.4712389712992,45.90704984100746,36.43581086970826,112.02076480700818,62.720193783475956,36.43581086970826,0.42817189879862383,1,29.048306471803897,6.9593324991057415,-3.6341171313036824,1,p1a_catchup
nvdax,2026-07-10T13:45:00Z,15,regular,0,9.4712389712992,45.90704984100746,36.43581086970826,112.02076480700818,62.720193783475956,36.43581086970826,1.5154888105950448,1,77.07056382500355,-39.11926414470024,35.54463138049968,1,p1a_catchup
nvdax,2026-07-10T13:45:00Z,30,regular,0,9.4712389712992,45.90704984100746,36.43581086970826,112.02076480700818,62.720193783475956,36.43581086970826,23.234278649608697,1,76.8384795487087,-17.168390029391745,25.648353123495227,1,p1a_catchup
nvdax,2026-07-10T13:45:00Z,60,regular,0,9.4712389712992,45.90704984100746,36.43581086970826,112.02076480700818,62.720193783475956,36.43581086970826,2.533192837201881,1,67.00599853360245,-28.036994826692307,25.749828797296814,1,p1a_catchup
nvdax,2026-07-10T14:15:00Z,5,regular,1,17.951202065402683,5.283076584206015,-23.234278649608697,-21.950874115308494,35.38338298474422,23.234278649608697,7.654670289198862,1,14.30584391810541,1.2737644423044259,7.497551320394535,1,p1a_catchup
nvdax,2026-07-10T14:15:00Z,15,regular,1,17.951202065402683,5.283076584206015,-23.234278649608697,-21.950874115308494,35.38338298474422,23.234278649608697,4.845635091399458,1,0.37936632640622747,18.00927723180301,-12.551006706003065,0,xstock_reversion
nvdax,2026-07-10T14:15:00Z,30,regular,1,17.951202065402683,5.283076584206015,-23.234278649608697,-21.950874115308494,35.38338298474422,23.234278649608697,2.533192837201881,1,9.832481015106254,10.868604797300563,-0.10147567380158762,0,xstock_reversion
nvdax,2026-07-10T14:15:00Z,60,regular,1,17.951202065402683,5.283076584206015,-23.234278649608697,-21.950874115308494,35.38338298474422,23.234278649608697,9.47014400700219,1,-15.40994654779304,48.11436920440393,-40.26286944680102,0,xstock_reversion
nvdax,2026-07-10T15:05:00Z,5,regular,0,10.059862917604079,28.871277086706115,18.811414169102036,24.00885082569637,30.268316369162562,18.811414169102036,0.3003983493954365,1,17.44752086960233,1.6642916488951442,2.4134186192004137,1,p1a_catchup
nvdax,2026-07-10T15:05:00Z,15,regular,0,10.059862917604079,28.871277086706115,18.811414169102036,24.00885082569637,30.268316369162562,18.811414169102036,3.817768680400846,1,57.291179284302274,-42.29753379560108,53.92146327519498,1,p1a_catchup
nvdax,2026-07-10T15:05:00Z,30,regular,0,10.059862917604079,28.871277086706115,18.811414169102036,24.00885082569637,30.268316369162562,18.811414169102036,1.2839357061000811,1,102.2556022645027,-84.72812380150074,99.90956827749642,1,p1a_catchup
nvdax,2026-07-10T15:05:00Z,60,regular,0,10.059862917604079,28.871277086706115,18.811414169102036,24.00885082569637,30.268316369162562,18.811414169102036,3.3532315332962526,1,122.91408069319942,-100.74943499080113,101.34329429489775,1,p1a_catchup
nvdax,2026-07-10T15:40:00Z,5,regular,0,1.1534223710008007,19.35242923090108,-20.50585160190188,-10.797394898300894,22.722487382080264,20.50585160190188,16.601782175804658,1,-11.945545614198139,49.05317939190468,-60.442259554500666,0,xstock_reversion
nvdax,2026-07-10T15:40:00Z,15,regular,0,1.1534223710008007,19.35242923090108,-20.50585160190188,-10.797394898300894,22.722487382080264,20.50585160190188,3.064866472204386,1,-17.611972632600725,35.05295776229822,-48.87579088360461,0,xstock_reversion
nvdax,2026-07-10T15:40:00Z,30,regular,0,1.1534223710008007,19.35242923090108,-20.50585160190188,-10.797394898300894,22.722487382080264,20.50585160190188,6.224473005094211,1,-29.33831795659536,43.61969655340303,-50.88498438579947,0,xstock_reversion
nvdax,2026-07-10T15:40:00Z,60,regular,0,1.1534223710008007,19.35242923090108,-20.50585160190188,-10.797394898300894,22.722487382080264,20.50585160190188,5.822815397902303,1,-60.396885107802945,75.07992131180252,-86.69087271160336,0,xstock_reversion
nvdax,2026-07-10T22:00:00Z,5,afterhours,1,32.59707498799891,14.661722553102052,-17.935352434896856,-16.231738929297634,8.442543917949633,17.935352434896856,2.1628824904951216,1,-5.5782138189997,21.350683763401435,-5.2257774532993295,0,xstock_reversion
nvdax,2026-07-10T22:00:00Z,15,afterhours,1,32.59707498799891,14.661722553102052,-17.935352434896856,-16.231738929297634,8.442543917949633,17.935352434896856,13.492540633404104,1,-8.737479471703224,13.180291273195976,-0.0,0,xstock_reversion
nvdax,2026-07-10T22:00:00Z,60,afterhours,1,32.59707498799891,14.661722553102052,-17.935352434896856,-16.231738929297634,8.442543917949633,17.935352434896856,4.866703953698703,1,-16.046262253199828,29.11491073439798,-7.125383290800258,0,xstock_reversion
nvdax,2026-07-13T13:25:00Z,5,premarket,0,0.9928803430003796,23.074865615706486,24.067745958706865,41.462121788802264,20.18943589730578,24.067745958706865,28.71592895579589,0,50.84198209930335,-55.490165096392374,63.079631890499144,1,persistent_or_wider
nvdax,2026-07-13T13:25:00Z,15,premarket,0,0.9928803430003796,23.074865615706486,24.067745958706865,41.462121788802264,20.18943589730578,24.067745958706865,20.923903619394224,1,13.447766094101254,31.543883483999835,-23.517565013504438,0,xstock_reversion
nvdax,2026-07-13T13:25:00Z,30,premarket,0,0.9928803430003796,23.074865615706486,24.067745958706865,41.462121788802264,20.18943589730578,24.067745958706865,24.839263082601093,0,-3.2422288184008607,2.470711694506633,5.511424363398021,1,persistent_or_wider
nvdax,2026-07-13T13:25:00Z,60,premarket,0,0.9928803430003796,23.074865615706486,24.067745958706865,41.462121788802264,20.18943589730578,24.067745958706865,10.14704185780424,1,29.81039881720271,4.404388999308395,1.4380557510929037,1,p1a_catchup
nvdax,2026-07-13T13:30:00Z,5,regular,0,6.59658645110639,35.31251540690228,28.71592895579589,97.7008330586937,28.499696632010437,28.71592895579589,16.944740238704625,1,-2.6612528940983537,48.32192208859887,-45.35804763710516,0,xstock_reversion
nvdax,2026-07-13T13:30:00Z,15,regular,0,6.59658645110639,35.31251540690228,28.71592895579589,97.7008330586937,28.499696632010437,28.71592895579589,3.9312729718954387,1,-40.33003093559806,65.11468691949851,-64.99736130470168,0,xstock_reversion
nvdax,2026-07-13T13:30:00Z,30,regular,0,6.59658645110639,35.31251540690228,28.71592895579589,97.7008330586937,28.499696632010437,28.71592895579589,2.1915270002992315,1,-31.21319238830189,57.73759434379855,-55.16809311489901,0,xstock_reversion
nvdax,2026-07-13T13:30:00Z,60,regular,0,6.59658645110639,35.31251540690228,28.71592895579589,97.7008330586937,28.499696632010437,28.71592895579589,10.85255100779392,1,-39.95597663510431,79.52445659869412,-78.43177461020368,0,xstock_reversion
nvdax,2026-07-13T13:40:00Z,5,regular,0,7.0334381274950175,13.890465491899207,-20.923903619394224,-31.543883483999835,41.04586006224318,20.923903619394224,3.9312729718954387,1,2.9358149303959635,21.9193616608937,-21.599835599301898,0,xstock_reversion
nvdax,2026-07-13T13:40:00Z,15,regular,0,7.0334381274950175,13.890465491899207,-20.923903619394224,-31.543883483999835,41.04586006224318,20.923903619394224,24.839263082601093,0,16.689994912502115,29.073171789493202,-29.02898937690246,0,persistent_or_wider
nvdax,2026-07-13T13:40:00Z,30,regular,0,7.0334381274950175,13.890465491899207,-20.923903619394224,-31.543883483999835,41.04586006224318,20.923903619394224,6.544248379096729,1,-34.72935850670211,49.10901374699961,-47.93643233390377,0,xstock_reversion
nvdax,2026-07-13T13:40:00Z,60,regular,0,7.0334381274950175,13.890465491899207,-20.923903619394224,-31.543883483999835,41.04586006224318,20.923903619394224,18.254477139603154,1,35.50790531329895,-32.83847883350788,38.51528520299574,1,p1a_catchup
nvdax,2026-07-13T13:50:00Z,5,regular,0,3.0413261518003054,25.12049252130666,-28.161818673106964,-82.88734428870015,51.09287218994949,28.161818673106964,24.839263082601093,1,-20.247307830691952,73.24838958640001,-77.19631914950398,0,xstock_reversion
nvdax,2026-07-13T13:50:00Z,15,regular,0,3.0413261518003054,25.12049252130666,-28.161818673106964,-82.88734428870015,51.09287218994949,28.161818673106964,11.3190501112026,1,-66.46832043549544,105.949189219805,-115.21417831859893,0,xstock_reversion
nvdax,2026-07-13T13:50:00Z,30,regular,0,3.0413261518003054,25.12049252130666,-28.161818673106964,-82.88734428870015,51.09287218994949,28.161818673106964,6.242646798799711,1,-64.50968529649437,98.91415076840104,-95.1472819527055,0,xstock_reversion
nvdax,2026-07-13T13:50:00Z,60,regular,0,3.0413261518003054,25.12049252130666,-28.161818673106964,-82.88734428870015,51.09287218994949,28.161818673106964,16.42813033229551,1,29.505260673206024,-17.77157233239457,15.704469336199622,1,p1a_catchup
nvdax,2026-07-13T13:55:00Z,5,regular,0,6.989255714904274,31.828518797505367,24.839263082601093,29.073171789493202,58.52530450649669,24.839263082601093,2.1915270002992315,1,22.87101852940232,-0.22328244710045908,2.4001144122021145,1,p1a_catchup
nvdax,2026-07-13T13:55:00Z,15,regular,0,6.989255714904274,31.828518797505367,24.839263082601093,29.073171789493202,58.52530450649669,24.839263082601093,6.544248379096729,1,51.41935341920423,-20.035841957506406,18.907442957001308,1,p1a_catchup
nvdax,2026-07-13T13:55:00Z,30,regular,0,6.989255714904274,31.828518797505367,24.839263082601093,29.073171789493202,58.52530450649669,24.839263082601093,10.14704185780424,1,33.05262763560357,1.933677304801762,-4.073368612305117,1,p1a_catchup
nvdax,2026-07-13T13:55:00Z,60,regular,0,6.989255714904274,31.828518797505367,24.839263082601093,29.073171789493202,58.52530450649669,24.839263082601093,8.385322064405898,1,-44.67593414339888,61.12987516159407,-63.44497502039914,0,xstock_reversion
nvdax,2026-07-13T14:40:00Z,5,regular,0,1.356631758007154,16.897845381596,-18.254477139603154,-59.97797331819932,21.55044143394329,18.254477139603154,1.6849062494994627,1,8.036426874999947,11.90295651410267,-10.124630231098664,0,xstock_reversion
nvdax,2026-07-13T14:40:00Z,15,regular,0,1.356631758007154,16.897845381596,-18.254477139603154,-59.97797331819932,21.55044143394329,18.254477139603154,8.385322064405898,1,25.858023742602043,0.7817754614070083,-4.099299559499059,1,p1a_catchup
nvdax,2026-07-13T14:40:00Z,30,regular,0,1.356631758007154,16.897845381596,-18.254477139603154,-59.97797331819932,21.55044143394329,18.254477139603154,0.9832973207046791,1,20.72407528709519,-3.452895468196715,-5.304656165696642,1,p1a_catchup
nvdax,2026-07-13T14:40:00Z,60,regular,0,1.356631758007154,16.897845381596,-18.254477139603154,-59.97797331819932,21.55044143394329,18.254477139603154,7.247118863400459,1,21.68491784890314,-10.677559572700446,7.238159893301344,1,p1a_catchup
nvdax,2026-07-13T16:35:00Z,5,regular,1,31.74071825389646,13.430846597897173,-18.309871655999288,-67.52436302149611,18.481871567290654,18.309871655999288,7.3074790097038544,1,-18.851449980097357,44.4688006458005,-8.046523970302033,0,xstock_reversion
nvdax,2026-07-13T16:35:00Z,15,regular,1,31.74071825389646,13.430846597897173,-18.309871655999288,-67.52436302149611,18.481871567290654,18.309871655999288,2.407655790994667,1,-0.48210062109532714,16.384316486099948,19.75361133410125,0,xstock_reversion
nvdax,2026-07-13T16:35:00Z,30,regular,1,31.74071825389646,13.430846597897173,-18.309871655999288,-67.52436302149611,18.481871567290654,18.309871655999288,7.294625551201861,1,-6.567789454896555,32.172286662097704,-3.1706157357991316,0,xstock_reversion
nvdax,2026-07-13T16:35:00Z,60,regular,1,31.74071825389646,13.430846597897173,-18.309871655999288,-67.52436302149611,18.481871567290654,18.309871655999288,14.764138698799556,1,45.26249311409991,-41.71676015690018,54.54536741969385,1,p1a_catchup
nvdax,2026-07-13T20:00:00Z,5,afterhours,0,9.868750065304965,17.101831313794946,-26.97058137909991,-62.76792646620066,21.050784212321734,26.97058137909991,0.3815774330995225,1,7.805071944195774,19.54708686800366,-9.445512705195114,0,xstock_reversion
nvdax,2026-07-13T20:00:00Z,15,afterhours,0,9.868750065304965,17.101831313794946,-26.97058137909991,-62.76792646620066,21.050784212321734,26.97058137909991,0.0439316685962865,1,-0.40454727930239187,27.41906032699859,-19.516475215093365,0,xstock_reversion
nvdax,2026-07-13T20:00:00Z,30,afterhours,0,9.868750065304965,17.101831313794946,-26.97058137909991,-62.76792646620066,21.050784212321734,26.97058137909991,5.669659317000253,1,-6.120105606699511,27.42102766879917,-17.549326590700076,0,xstock_reversion
nvdax,2026-07-13T20:00:00Z,60,afterhours,0,9.868750065304965,17.101831313794946,-26.97058137909991,-62.76792646620066,21.050784212321734,26.97058137909991,8.574965083205655,1,-17.417290567900423,52.96283703020599,-41.129608689898234,0,xstock_reversion
nvdax,2026-07-14T08:05:00Z,5,premarket,0,6.361885058696615,13.573862920202018,-19.935747978898632,-33.44585776270392,14.650256036383373,19.935747978898632,3.520043772899939,1,4.81277442720085,18.64301732459772,-10.253156184703016,0,xstock_reversion
nvdax,2026-07-14T08:05:00Z,15,premarket,0,6.361885058696615,13.573862920202018,-19.935747978898632,-33.44585776270392,14.650256036383373,19.935747978898632,2.076428404800268,1,-0.22691931840235213,18.086238892500717,-16.10738603289974,0,xstock_reversion
nvdax,2026-07-14T08:05:00Z,30,premarket,0,6.361885058696615,13.573862920202018,-19.935747978898632,-33.44585776270392,14.650256036383373,19.935747978898632,1.6286298228962437,1,-8.310970293798903,26.61808844980129,-20.98329426740264,0,xstock_reversion
nvdax,2026-07-14T08:05:00Z,60,premarket,0,6.361885058696615,13.573862920202018,-19.935747978898632,-33.44585776270392,14.650256036383373,19.935747978898632,4.0360952783924375,1,7.109147458095322,16.86269579919575,-8.789063065801628,0,xstock_reversion
nvdax,2026-07-14T11:10:00Z,5,premarket,0,5.52078126400346,22.509838098505597,16.989056834502136,34.97154829360305,13.025897563834636,16.989056834502136,10.859461512096047,1,15.98875760480567,-9.85916228239958,7.787404267798337,1,p1a_catchup
nvdax,2026-07-14T11:10:00Z,15,premarket,0,5.52078126400346,22.509838098505597,16.989056834502136,34.97154829360305,13.025897563834636,16.989056834502136,7.904434012200312,1,41.10229900920359,-32.01767618690177,31.92871841769751,1,p1a_catchup
nvdax,2026-07-14T11:10:00Z,30,premarket,0,5.52078126400346,22.509838098505597,16.989056834502136,34.97154829360305,13.025897563834636,16.989056834502136,0.13465253389632892,1,51.332000617501095,-34.20829124910263,30.627895305395114,1,p1a_catchup
nvdax,2026-07-14T11:10:00Z,60,premarket,0,5.52078126400346,22.509838098505597,16.989056834502136,34.97154829360305,13.025897563834636,16.989056834502136,4.945413829204881,1,45.94141672490615,-24.00694606119913,18.047780425298754,1,p1a_catchup
nvdax,2026-07-14T12:30:00Z,5,premarket,0,2.6219082185008347,43.28145796780092,40.65954974930008,84.1850450596926,25.346955919807503,40.65954974930008,3.062946834901936,1,19.053561257704743,24.668935326497277,-19.92412128259957,1,xstock_reversion
nvdax,2026-07-14T12:30:00Z,15,premarket,0,2.6219082185008347,43.28145796780092,40.65954974930008,84.1850450596926,25.346955919807503,40.65954974930008,4.31959661369774,1,27.328147709502204,17.65099865349562,-12.683166125597722,1,p1a_catchup
nvdax,2026-07-14T12:30:00Z,30,premarket,0,2.6219082185008347,43.28145796780092,40.65954974930008,84.1850450596926,25.346955919807503,40.65954974930008,13.077302765394094,1,20.61503635069961,33.121816163994566,-30.094444867696524,0,xstock_reversion
nvdax,2026-07-14T12:30:00Z,60,premarket,0,2.6219082185008347,43.28145796780092,40.65954974930008,84.1850450596926,25.346955919807503,40.65954974930008,61.216602126998865,0,-26.99112908500112,128.86728096130008,-124.4817781977936,0,persistent_or_wider
nvdax,2026-07-14T13:25:00Z,5,premarket,0,18.915737268798694,50.37797736580529,31.4622400970066,51.642899537505116,21.30863592973745,31.4622400970066,61.216602126998865,0,-61.112146752000385,153.79098897600585,-165.69931526279726,0,persistent_or_wider
nvdax,2026-07-14T13:25:00Z,15,premarket,0,18.915737268798694,50.37797736580529,31.4622400970066,51.642899537505116,21.30863592973745,31.4622400970066,6.5026574861004605,1,-149.96498151669257,187.92987909979962,-200.94966639430112,0,xstock_reversion
nvdax,2026-07-14T13:25:00Z,30,premarket,0,18.915737268798694,50.37797736580529,31.4622400970066,51.642899537505116,21.30863592973745,31.4622400970066,3.082757463195307,1,-111.67096484699712,146.21596240719902,-162.09378730049906,0,xstock_reversion
nvdax,2026-07-14T13:25:00Z,60,premarket,0,18.915737268798694,50.37797736580529,31.4622400970066,51.642899537505116,21.30863592973745,31.4622400970066,4.177432199998776,1,-100.02372407379667,127.3085319708045,-136.16645209360456,0,xstock_reversion
nvdax,2026-07-14T13:30:00Z,5,regular,0,7.0074109820073005,54.209191144991564,-61.216602126998865,-101.59282299860628,69.89976289508348,61.216602126998865,22.955146171499408,1,66.43507022239703,-28.173614266897573,33.29172705860195,1,p1a_catchup
nvdax,2026-07-14T13:30:00Z,15,regular,0,7.0074109820073005,54.209191144991564,-61.216602126998865,-101.59282299860628,69.89976289508348,61.216602126998865,16.11061400660141,1,66.00571758299978,11.321498550600495,-6.775757098900215,1,p1a_catchup
nvdax,2026-07-14T13:30:00Z,30,regular,0,7.0074109820073005,54.209191144991564,-61.216602126998865,-101.59282299860628,69.89976289508348,61.216602126998865,9.267670169696984,1,63.94560666289628,-11.996674705594401,22.27671818040733,1,p1a_catchup
nvdax,2026-07-14T13:30:00Z,60,regular,0,7.0074109820073005,54.209191144991564,-61.216602126998865,-101.59282299860628,69.89976289508348,61.216602126998865,26.62689692360054,1,-8.286304752100904,96.12980380270031,-101.17674935079535,0,xstock_reversion
nvdax,2026-07-14T13:35:00Z,5,regular,0,1.8892981903029238,21.065847981196484,-22.955146171499408,-134.66811149799975,69.57558210969806,22.955146171499408,6.5026574861004605,1,22.41776454229516,-5.965275856896213,1.9586240729019266,1,p1a_catchup
nvdax,2026-07-14T13:35:00Z,15,regular,0,1.8892981903029238,21.065847981196484,-22.955146171499408,-134.66811149799975,69.57558210969806,22.955146171499408,3.037141703901014,1,-16.309453347398417,42.30174122279884,-43.850934338598435,0,xstock_reversion
nvdax,2026-07-14T13:35:00Z,30,regular,0,1.8892981903029238,21.065847981196484,-22.955146171499408,-134.66811149799975,69.57558210969806,22.955146171499408,4.745240322696631,1,12.117080076601283,6.092825772201493,-9.542802637598768,1,p1a_catchup
nvdax,2026-07-14T13:35:00Z,60,regular,0,1.8892981903029238,21.065847981196484,-22.955146171499408,-134.66811149799975,69.57558210969806,22.955146171499408,0.8994635097980819,1,-97.38087091410108,119.4365535758024,-118.0306463689007,0,xstock_reversion
nvdax,2026-07-14T14:30:00Z,5,regular,0,12.05435653010234,38.68125345370288,26.62689692360054,91.39057624249602,26.90438152928382,26.62689692360054,0.8994635097980819,1,22.659495939603147,4.866864493795475,-16.437830040496593,1,p1a_catchup
nvdax,2026-07-14T14:30:00Z,15,regular,0,12.05435653010234,38.68125345370288,26.62689692360054,91.39057624249602,26.90438152928382,26.62689692360054,4.4782439432999865,1,6.893760237902669,24.21138062899786,-25.151161988796744,1,xstock_reversion
nvdax,2026-07-14T14:30:00Z,30,regular,0,12.05435653010234,38.68125345370288,26.62689692360054,91.39057624249602,26.90438152928382,26.62689692360054,2.7179154020995355,1,56.5720785958046,-27.227266270104522,23.88334488720112,1,p1a_catchup
nvdax,2026-07-14T14:30:00Z,60,regular,0,12.05435653010234,38.68125345370288,26.62689692360054,91.39057624249602,26.90438152928382,26.62689692360054,4.669392493399371,1,128.54409032230228,-97.24780090530238,92.32166356899718,1,p1a_catchup
nvdax,2026-07-14T15:45:00Z,5,regular,1,41.225081684999054,19.193902464298418,-22.031179220700636,-38.40545340930035,32.641377624970815,22.031179220700636,1.2666945854000744,1,-10.061256120001971,30.825740755302533,-0.4070018687052368,0,xstock_reversion
nvdax,2026-07-14T15:45:00Z,15,regular,1,41.225081684999054,19.193902464298418,-22.031179220700636,-38.40545340930035,32.641377624970815,22.031179220700636,7.7035518626988875,1,-18.779244443196674,33.10687180119842,-0.4788240083009043,0,xstock_reversion
nvdax,2026-07-14T15:45:00Z,30,regular,1,41.225081684999054,19.193902464298418,-22.031179220700636,-38.40545340930035,32.641377624970815,22.031179220700636,7.591669456203931,1,-18.49483869809987,48.11768737500444,-15.311007775800078,0,xstock_reversion
nvdax,2026-07-14T15:45:00Z,60,regular,1,41.225081684999054,19.193902464298418,-22.031179220700636,-38.40545340930035,32.641377624970815,22.031179220700636,0.6057366652001406,1,-69.51969858140394,90.94514113690444,-60.38997216769815,0,xstock_reversion
nvdax,2026-07-15T08:00:00Z,5,premarket,0,8.407261195797489,28.075208819897668,-19.66794762410018,-31.992133880898166,16.47224196034358,19.66794762410018,8.840880076892432,1,19.467489630002888,-8.64042208279514,-3.313374228595123,1,p1a_catchup
nvdax,2026-07-15T08:00:00Z,15,premarket,0,8.407261195797489,28.075208819897668,-19.66794762410018,-31.992133880898166,16.47224196034358,19.66794762410018,7.581274440102703,1,45.08927472699931,-33.00260154300183,25.122663890098096,1,p1a_catchup
nvdax,2026-07-15T08:00:00Z,30,premarket,0,8.407261195797489,28.075208819897668,-19.66794762410018,-31.992133880898166,16.47224196034358,19.66794762410018,0.23542785469565786,1,47.97673965700078,-28.544219887596256,18.954656672498515,1,p1a_catchup
nvdax,2026-07-15T08:00:00Z,60,premarket,0,8.407261195797489,28.075208819897668,-19.66794762410018,-31.992133880898166,16.47224196034358,19.66794762410018,7.134606288996537,1,35.055226655895666,-8.25267274279895,-3.313374228595123,1,p1a_catchup
nvdax,2026-07-15T08:10:00Z,5,premarket,0,0.4489020224962559,19.81218455060052,-20.261086573096776,-67.37589018589674,15.691671265205677,20.261086573096776,7.581274440102703,1,13.127310557399241,-0.4474984244051683,1.4237239897951781,1,p1a_catchup
nvdax,2026-07-15T08:10:00Z,15,premarket,0,0.4489020224962559,19.81218455060052,-20.261086573096776,-67.37589018589674,15.691671265205677,20.261086573096776,9.142243906401504,1,20.081272354897095,9.322058124601185,-8.5380898840004,1,p1a_catchup
nvdax,2026-07-15T08:10:00Z,30,premarket,0,0.4489020224962559,19.81218455060052,-20.261086573096776,-67.37589018589674,15.691671265205677,20.261086573096776,1.9342515190068355,1,14.570253386194665,3.7565816678952757,-6.641366468000953,1,p1a_catchup
nvdax,2026-07-15T08:10:00Z,60,premarket,0,0.4489020224962559,19.81218455060052,-20.261086573096776,-67.37589018589674,15.691671265205677,20.261086573096776,0.9380582152029859,1,5.118584066599041,14.204444291294749,-11.382500636099024,0,xstock_reversion
nvdax,2026-07-15T13:05:00Z,5,premarket,1,12.728516384692412,3.406206617100338,-16.13472300179275,-10.174014524597652,12.067620862747985,16.13472300179275,24.687907818199406,0,13.669998648300208,-22.223183464706864,13.263229645499308,1,persistent_or_wider
nvdax,2026-07-15T13:05:00Z,15,premarket,1,12.728516384692412,3.406206617100338,-16.13472300179275,-10.174014524597652,12.067620862747985,16.13472300179275,4.9980487794965,1,15.88840770639699,-4.75173348410074,13.69932011349384,1,p1a_catchup
nvdax,2026-07-15T13:05:00Z,30,premarket,1,12.728516384692412,3.406206617100338,-16.13472300179275,-10.174014524597652,12.067620862747985,16.13472300179275,24.59227589990398,0,-47.457627778406675,39.00007488029544,-38.741426136903456,0,persistent_or_wider
nvdax,2026-07-15T13:05:00Z,60,premarket,1,12.728516384692412,3.406206617100338,-16.13472300179275,-10.174014524597652,12.067620862747985,16.13472300179275,11.531229620995731,1,7.066259779993089,20.599692842795392,-11.31667115460644,0,xstock_reversion
nvdax,2026-07-15T13:10:00Z,5,premarket,1,21.688470203899968,2.9994376142994383,-24.687907818199406,-35.260431814005955,14.720308026243307,24.687907818199406,1.1936381929000817,1,2.0067982864002687,21.487471338899056,-5.686395452499937,0,xstock_reversion
nvdax,2026-07-15T13:10:00Z,15,premarket,1,21.688470203899968,2.9994376142994383,-24.687907818199406,-35.260431814005955,14.720308026243307,24.687907818199406,25.2916000744996,0,-9.55128142800632,59.530789320705324,-44.929016910799646,0,persistent_or_wider
nvdax,2026-07-15T13:10:00Z,30,premarket,1,21.688470203899968,2.9994376142994383,-24.687907818199406,-35.260431814005955,14.720308026243307,24.687907818199406,8.417056269696133,1,-41.48844020980036,57.75929175830363,-49.15613392910245,0,xstock_reversion
nvdax,2026-07-15T13:10:00Z,60,premarket,1,21.688470203899968,2.9994376142994383,-24.687907818199406,-35.260431814005955,14.720308026243307,24.687907818199406,0.5795295350008445,1,-15.043739714704074,39.152117997902636,-18.232409005003447,0,xstock_reversion
nvdax,2026-07-15T13:25:00Z,5,premarket,0,7.08669779399429,32.37829786849389,25.2916000744996,59.530789320705324,25.660675319542946,25.2916000744996,36.9866812869013,0,66.74714569809836,-78.44222691050007,67.25164670200456,1,persistent_or_wider
nvdax,2026-07-15T13:25:00Z,15,premarket,0,7.08669779399429,32.37829786849389,25.2916000744996,59.530789320705324,25.660675319542946,25.2916000744996,8.417056269696133,1,31.93715878179404,1.7714975624016915,4.227117018302806,1,p1a_catchup
nvdax,2026-07-15T13:25:00Z,30,premarket,0,7.08669779399429,32.37829786849389,25.2916000744996,59.530789320705324,25.660675319542946,25.2916000744996,14.162647083599822,1,8.989589594099456,2.13936339680032,2.8308563530021758,1,p1a_catchup
nvdax,2026-07-15T13:25:00Z,60,premarket,0,7.08669779399429,32.37829786849389,25.2916000744996,59.530789320705324,25.660675319542946,25.2916000744996,6.49053385369136,1,-43.39408173399839,62.19514795480663,-58.684503486192696,0,xstock_reversion
nvdax,2026-07-15T13:30:00Z,5,regular,0,4.103882414501214,32.88279887240009,36.9866812869013,116.48554489230634,40.035325975334175,36.9866812869013,24.59227589990398,1,-15.170800699397802,76.74975788620308,-60.176007830401446,0,xstock_reversion
nvdax,2026-07-15T13:30:00Z,15,regular,0,4.103882414501214,32.88279887240009,36.9866812869013,116.48554489230634,40.035325975334175,36.9866812869013,15.05334935499647,1,-53.61770968200119,105.65774032389896,-94.63905938139838,0,xstock_reversion
nvdax,2026-07-15T13:30:00Z,30,regular,0,4.103882414501214,32.88279887240009,36.9866812869013,116.48554489230634,40.035325975334175,36.9866812869013,21.331256778998053,1,-72.26752188500107,130.58545995090043,-127.83494445960386,0,xstock_reversion
nvdax,2026-07-15T13:30:00Z,60,regular,0,4.103882414501214,32.88279887240009,36.9866812869013,116.48554489230634,40.035325975334175,36.9866812869013,0.11924140039809572,1,-99.38649656420218,136.2539364507054,-129.73409934129876,0,xstock_reversion
nvdax,2026-07-15T13:35:00Z,5,regular,1,12.469867641300425,12.122408258603556,-24.59227589990398,43.75180836439618,53.90900682807338,24.59227589990398,8.417056269696133,1,19.639186216906523,-3.4639665866986746,2.848521853300312,1,p1a_catchup
nvdax,2026-07-15T13:35:00Z,15,regular,1,12.469867641300425,12.122408258603556,-24.59227589990398,43.75180836439618,53.90900682807338,24.59227589990398,17.348882195298287,1,68.49506179320564,-61.25166808859994,47.50265942639942,1,p1a_catchup
nvdax,2026-07-15T13:35:00Z,30,regular,1,12.469867641300425,12.122408258603556,-24.59227589990398,43.75180836439618,53.90900682807338,24.59227589990398,11.531229620995731,1,54.523887558399764,-18.40038203750005,27.424754982297017,1,p1a_catchup
nvdax,2026-07-15T13:35:00Z,60,regular,1,12.469867641300425,12.122408258603556,-24.59227589990398,43.75180836439618,53.90900682807338,24.59227589990398,14.997896112207698,1,104.26453134829927,-94.67015156060299,110.23901690050408,1,p1a_catchup
nvdax,2026-07-15T14:00:00Z,5,regular,0,1.3533669232046464,22.6846237022027,-21.331256778998053,-24.927719627001466,45.93771245182757,21.331256778998053,11.531229620995731,1,-2.572833627203508,35.43532002719729,-40.2341816469054,0,xstock_reversion
nvdax,2026-07-15T14:00:00Z,15,regular,0,1.3533669232046464,22.6846237022027,-21.331256778998053,-24.927719627001466,45.93771245182757,21.331256778998053,2.7032320794972975,1,-15.026641649198424,39.061130507693775,-48.30698477530149,0,xstock_reversion
nvdax,2026-07-15T14:00:00Z,30,regular,0,1.3533669232046464,22.6846237022027,-21.331256778998053,-24.927719627001466,45.93771245182757,21.331256778998053,0.11924140039809572,1,27.118974679201102,-5.668476499804953,1.8991548816948978,1,p1a_catchup
nvdax,2026-07-15T14:00:00Z,60,regular,0,1.3533669232046464,22.6846237022027,-21.331256778998053,-24.927719627001466,45.93771245182757,21.331256778998053,12.028352127604336,1,69.47301613799972,-60.170111486606004,55.21768404340044,1,p1a_catchup
nvdax,2026-07-15T14:20:00Z,5,regular,0,16.698563571493352,21.714057720902957,-38.41262129239631,-86.2983311003962,54.57388462258783,38.41262129239631,6.49053385369136,1,4.092058987295033,40.81109615879264,-34.70987484990751,0,xstock_reversion
nvdax,2026-07-15T14:20:00Z,15,regular,0,16.698563571493352,21.714057720902957,-38.41262129239631,-86.2983311003962,54.57388462258783,38.41262129239631,14.997896112207698,1,13.386163602895351,10.02856157729326,9.768999692800762,1,p1a_catchup
nvdax,2026-07-15T14:20:00Z,30,regular,0,16.698563571493352,21.714057720902957,-38.41262129239631,-86.2983311003962,54.57388462258783,38.41262129239631,10.318114262002354,1,16.15798998379603,11.936517046597928,-8.089130369306474,0,p1a_catchup
nvdax,2026-07-15T14:20:00Z,60,regular,0,16.698563571493352,21.714057720902957,-38.41262129239631,-86.2983311003962,54.57388462258783,38.41262129239631,2.61256340860605,1,73.0717601010955,-37.27170221730525,48.940712426999156,1,p1a_catchup
nvdax,2026-07-15T16:00:00Z,5,regular,1,19.703966974802256,4.382554171593611,-24.086521146395867,-74.24228835420266,25.45541962692611,24.086521146395867,13.444754552098814,1,22.09433257410076,-11.452565979803708,22.062622453704606,1,p1a_catchup
nvdax,2026-07-15T16:00:00Z,15,regular,1,19.703966974802256,4.382554171593611,-24.086521146395867,-74.24228835420266,25.45541962692611,24.086521146395867,1.588270435606276,1,41.206996289400166,-15.532204707398023,41.22623580730789,1,p1a_catchup
nvdax,2026-07-15T16:00:00Z,30,regular,1,19.703966974802256,4.382554171593611,-24.086521146395867,-74.24228835420266,25.45541962692611,24.086521146395867,9.168583736105518,1,65.16024268589327,-50.24230527560292,70.78695268950774,1,p1a_catchup
nvdax,2026-07-15T16:00:00Z,60,regular,1,19.703966974802256,4.382554171593611,-24.086521146395867,-74.24228835420266,25.45541962692611,24.086521146395867,6.137243634096734,1,22.747295875698015,7.4764689047945865,5.294443364807222,0,p1a_catchup
nvdax,2026-07-15T19:00:00Z,5,regular,0,6.1568834986047705,25.47606570250771,19.31918220390294,42.31576663009662,22.606477075282758,19.31918220390294,7.056045929498822,1,25.948852861308325,-13.685716586904206,11.782206450892119,1,p1a_catchup
nvdax,2026-07-15T19:00:00Z,15,regular,0,6.1568834986047705,25.47606570250771,19.31918220390294,42.31576663009662,22.606477075282758,19.31918220390294,15.572213359602571,1,12.952805637507225,21.938589925998286,-21.34921348090124,0,xstock_reversion
nvdax,2026-07-15T19:00:00Z,30,regular,0,6.1568834986047705,25.47606570250771,19.31918220390294,42.31576663009662,22.606477075282758,19.31918220390294,0.11045429210376767,1,1.4959941504066876,17.93364234560002,-15.661739987606893,1,xstock_reversion
nvdax,2026-07-15T19:00:00Z,60,regular,0,6.1568834986047705,25.47606570250771,19.31918220390294,42.31576663009662,22.606477075282758,19.31918220390294,5.51618700809442,1,69.74143954850298,-44.90607033650562,50.454203335492664,1,p1a_catchup
nvdax,2026-07-15T20:45:00Z,5,afterhours,0,6.255800953898216,10.900677584100293,-17.15647853799851,-23.22027505520019,10.454971803289466,17.15647853799851,9.338547805999298,1,8.487929875498068,-0.6699991434988561,-3.300719115202355,0,p1a_catchup
nvdax,2026-07-15T20:45:00Z,15,afterhours,0,6.255800953898216,10.900677584100293,-17.15647853799851,-23.22027505520019,10.454971803289466,17.15647853799851,1.7181239128039039,1,8.988557981099987,6.449796644094619,-12.254325896003948,0,p1a_catchup
nvdax,2026-07-15T20:45:00Z,30,afterhours,0,6.255800953898216,10.900677584100293,-17.15647853799851,-23.22027505520019,10.454971803289466,17.15647853799851,11.356271238804894,1,10.785012241996128,-4.984804942802512,5.189046511295814,1,p1a_catchup
nvdax,2026-07-15T20:45:00Z,60,afterhours,0,6.255800953898216,10.900677584100293,-17.15647853799851,-23.22027505520019,10.454971803289466,17.15647853799851,4.6036637954038895,1,19.511699585201825,2.248442748200574,6.132798871298917,1,p1a_catchup
nvdax,2026-07-16T08:00:00Z,5,premarket,0,8.96167342439469,22.415535127402464,-31.377208551797153,-56.070138035799744,23.432268932690338,31.377208551797153,22.740888851302543,1,23.5306817361014,-14.89436203560679,6.201254760194175,1,p1a_catchup
nvdax,2026-07-16T08:00:00Z,15,premarket,0,8.96167342439469,22.415535127402464,-31.377208551797153,-56.070138035799744,23.432268932690338,31.377208551797153,6.027020974705977,1,44.86354402770232,-7.459314501199188,16.589814530201252,1,p1a_catchup
nvdax,2026-07-16T08:00:00Z,30,premarket,0,8.96167342439469,22.415535127402464,-31.377208551797153,-56.070138035799744,23.432268932690338,31.377208551797153,2.3759827586999904,1,40.266116322404955,-11.264890529307792,3.815701658398396,1,p1a_catchup
nvdax,2026-07-16T08:00:00Z,60,premarket,0,8.96167342439469,22.415535127402464,-31.377208551797153,-56.070138035799744,23.432268932690338,31.377208551797153,9.474145797803146,1,7.119716207402149,33.73163814219815,-28.0959255274027,0,xstock_reversion
nvdax,2026-07-16T08:05:00Z,5,premarket,1,17.654780699807304,5.086108151495239,-22.740888851302543,-68.11417484410498,23.54435141307932,22.740888851302543,20.759046632994327,1,12.638522697203669,-10.656680478895453,32.02143869330598,1,p1a_catchup
nvdax,2026-07-16T08:05:00Z,15,premarket,1,17.654780699807304,5.086108151495239,-22.740888851302543,-68.11417484410498,23.54435141307932,22.740888851302543,1.649515218797859,1,17.745533662596458,6.644870407503944,10.871011542201714,1,p1a_catchup
nvdax,2026-07-16T08:05:00Z,30,premarket,1,17.654780699807304,5.086108151495239,-22.740888851302543,-68.11417484410498,23.54435141307932,22.740888851302543,9.762121940601887,1,5.306093315997629,27.1969174759068,-12.398666347497311,0,xstock_reversion
nvdax,2026-07-16T08:05:00Z,60,premarket,1,17.654780699807304,5.086108151495239,-22.740888851302543,-68.11417484410498,23.54435141307932,22.740888851302543,3.4743576192930448,1,-20.791917244897817,40.058448476907316,-23.353917627799703,0,xstock_reversion
nvdax,2026-07-16T08:10:00Z,5,premarket,0,3.7099775146032243,24.46902414759755,-20.759046632994327,-79.52937535459448,20.75545365920509,20.759046632994327,6.027020974705977,1,8.694339594397249,18.091728013303054,-21.632878923298904,0,xstock_reversion
nvdax,2026-07-16T08:10:00Z,15,premarket,0,3.7099775146032243,24.46902414759755,-20.759046632994327,-79.52937535459448,20.75545365920509,20.759046632994327,0.07824699300051918,1,4.219692916294093,16.617600709700753,-22.951143286897846,0,xstock_reversion
nvdax,2026-07-16T08:10:00Z,30,premarket,0,3.7099775146032243,24.46902414759755,-20.759046632994327,-79.52937535459448,20.75545365920509,20.759046632994327,10.130671269106273,1,-8.377569378508198,19.005944742396252,-23.90629873920247,0,xstock_reversion
nvdax,2026-07-16T08:10:00Z,60,premarket,0,3.7099775146032243,24.46902414759755,-20.759046632994327,-79.52937535459448,20.75545365920509,20.759046632994327,3.2846140259934486,1,-30.628486012300726,48.102918619301605,-63.4650091452027,0,xstock_reversion
nvdax,2026-07-16T09:55:00Z,5,premarket,0,1.2115680407998042,14.516588459603241,-15.728156500403045,-28.045085120398383,9.375963224316083,15.728156500403045,2.2097431485956776,1,7.970913043706673,5.547500308100695,-0.9557488299005712,1,p1a_catchup
nvdax,2026-07-16T09:55:00Z,15,premarket,0,1.2115680407998042,14.516588459603241,-15.728156500403045,-28.045085120398383,9.375963224316083,15.728156500403045,1.6538067321025807,1,0.3966203636007748,13.67772940469969,-16.712430773004883,0,xstock_reversion
nvdax,2026-07-16T09:55:00Z,30,premarket,0,1.2115680407998042,14.516588459603241,-15.728156500403045,-28.045085120398383,9.375963224316083,15.728156500403045,0.1021304038939519,1,4.721773865705714,10.90425223080338,-15.45758105150341,0,xstock_reversion
nvdax,2026-07-16T09:55:00Z,60,premarket,0,1.2115680407998042,14.516588459603241,-15.728156500403045,-28.045085120398383,9.375963224316083,15.728156500403045,6.897104747896066,1,-11.747749355199844,34.373010603498955,-30.53874587940264,0,xstock_reversion
nvdax,2026-07-16T10:30:00Z,5,premarket,0,2.133640208903387,24.347549780499023,22.213909571595636,38.42770796409489,15.35175224445481,22.213909571595636,6.4391687015952215,1,8.41593569999688,20.237142573193978,-11.897681355899081,1,xstock_reversion
nvdax,2026-07-16T10:30:00Z,15,premarket,0,2.133640208903387,24.347549780499023,22.213909571595636,38.42770796409489,15.35175224445481,22.213909571595636,16.0715979140047,1,1.1143155091986046,37.17119197640173,-35.73559490869904,0,xstock_reversion
nvdax,2026-07-16T10:30:00Z,30,premarket,0,2.133640208903387,24.347549780499023,22.213909571595636,38.42770796409489,15.35175224445481,22.213909571595636,24.32586709510076,0,-6.910698099504842,53.45047476620124,-56.243482722404536,0,persistent_or_wider
nvdax,2026-07-16T10:30:00Z,60,premarket,0,2.133640208903387,24.347549780499023,22.213909571595636,38.42770796409489,15.35175224445481,22.213909571595636,8.017557579300671,1,-30.850932491501837,61.082399642398144,-60.108949229000785,0,xstock_reversion
nvdax,2026-07-16T10:45:00Z,5,premarket,0,3.5692372766060743,12.502360637398624,-16.0715979140047,-37.17119197640173,20.58146276784142,16.0715979140047,3.667367182398351,1,4.1453609428021565,15.593604153600893,-13.832910216997618,0,xstock_reversion
nvdax,2026-07-16T10:45:00Z,15,premarket,0,3.5692372766060743,12.502360637398624,-16.0715979140047,-37.17119197640173,20.58146276784142,16.0715979140047,24.32586709510076,0,8.025013608703446,-16.27928278979951,20.507887813705494,1,persistent_or_wider
nvdax,2026-07-16T10:45:00Z,30,premarket,0,3.5692372766060743,12.502360637398624,-16.0715979140047,-37.17119197640173,20.58146276784142,16.0715979140047,11.342439814496785,1,35.10577723160324,-30.37661913209533,35.86375631220662,1,p1a_catchup
nvdax,2026-07-16T10:45:00Z,60,premarket,0,3.5692372766060743,12.502360637398624,-16.0715979140047,-37.17119197640173,20.58146276784142,16.0715979140047,10.58130101370125,1,47.52343639459866,-42.03313949429521,44.490230536506914,1,p1a_catchup
nvdax,2026-07-16T11:00:00Z,5,premarket,0,0.6593677472999104,24.985234842400672,-24.32586709510076,-16.27928278979951,21.71840980305363,24.32586709510076,17.844656813599258,1,20.574236074297758,-14.093025792796254,11.524267321396664,1,p1a_catchup
nvdax,2026-07-16T11:00:00Z,15,premarket,0,0.6593677472999104,24.985234842400672,-24.32586709510076,-16.27928278979951,21.71840980305363,24.32586709510076,11.342439814496785,1,27.080763622899795,-14.097336342295819,15.355868498501124,1,p1a_catchup
nvdax,2026-07-16T11:00:00Z,30,premarket,0,0.6593677472999104,24.985234842400672,-24.32586709510076,-16.27928278979951,21.71840980305363,24.32586709510076,8.017557579300671,1,23.940234391996995,-7.631924876196905,3.865466506596249,1,p1a_catchup
nvdax,2026-07-16T11:00:00Z,60,premarket,0,0.6593677472999104,24.985234842400672,-24.32586709510076,-16.27928278979951,21.71840980305363,24.32586709510076,5.036758363603511,1,28.47589844909848,-9.18678971760123,7.215470127199808,1,p1a_catchup
nvdax,2026-07-16T11:05:00Z,5,premarket,0,1.90939072409968,15.935266089499578,-17.844656813599258,-45.96591273619666,21.216479520146944,17.844656813599258,5.791217634900647,1,4.7383359220010135,18.89753852649889,-19.13601502479878,0,xstock_reversion
nvdax,2026-07-16T11:05:00Z,15,premarket,0,1.90939072409968,15.935266089499578,-17.844656813599258,-45.96591273619666,21.216479520146944,17.844656813599258,8.630709805199643,1,8.588616573401708,17.886750045397193,-22.00326153209531,0,xstock_reversion
nvdax,2026-07-16T11:05:00Z,30,premarket,0,1.90939072409968,15.935266089499578,-17.844656813599258,-45.96591273619666,21.216479520146944,17.844656813599258,0.7666011952078833,1,6.071621179195574,11.0064344391958,-9.596504833000452,0,xstock_reversion
nvdax,2026-07-16T11:05:00Z,60,premarket,0,1.90939072409968,15.935266089499578,-17.844656813599258,-45.96591273619666,21.216479520146944,17.844656813599258,4.3699533186014605,1,11.803547663395975,1.6711558316018227,-0.9576709449987675,1,p1a_catchup
nvdax,2026-07-16T11:55:00Z,5,premarket,0,2.1529708959988625,13.726468295001126,15.879439190999989,23.205708975897466,14.425715970774704,15.879439190999989,5.036758363603511,1,4.057988588801464,16.858208965802035,-13.393286226701662,0,xstock_reversion
nvdax,2026-07-16T11:55:00Z,15,premarket,0,2.1529708959988625,13.726468295001126,15.879439190999989,23.205708975897466,14.425715970774704,15.879439190999989,3.705740518995526,1,0.45831786060546165,11.715380811399001,-9.564802259598437,0,xstock_reversion
nvdax,2026-07-16T11:55:00Z,30,premarket,0,2.1529708959988625,13.726468295001126,15.879439190999989,23.205708975897466,14.425715970774704,15.879439190999989,4.515196269094801,1,8.503635983903024,2.8606069380021637,8.600507004397073,1,p1a_catchup
nvdax,2026-07-16T11:55:00Z,60,premarket,0,2.1529708959988625,13.726468295001126,15.879439190999989,23.205708975897466,14.425715970774704,15.879439190999989,2.54204333079322,1,6.9455724699984955,11.475910051794713,-7.1727438820001765,0,xstock_reversion
nvdax,2026-07-16T12:50:00Z,5,premarket,0,1.714397918100019,14.114842064900657,15.829239983000676,20.57017308429998,12.040238437597997,15.829239983000676,2.54204333079322,1,5.460316803898024,12.910966509895871,-9.046373318000178,0,xstock_reversion
nvdax,2026-07-16T12:50:00Z,15,premarket,0,1.714397918100019,14.114842064900657,15.829239983000676,20.57017308429998,12.040238437597997,15.829239983000676,11.938040530896643,1,16.18765760210472,-12.296458150000689,15.319994056497421,1,p1a_catchup
nvdax,2026-07-16T12:50:00Z,30,premarket,0,1.714397918100019,14.114842064900657,15.829239983000676,20.57017308429998,12.040238437597997,15.829239983000676,13.693394414397986,1,42.7574277057996,-40.62158213719691,48.667650133200624,1,p1a_catchup
nvdax,2026-07-16T12:50:00Z,60,premarket,0,1.714397918100019,14.114842064900657,15.829239983000676,20.57017308429998,12.040238437597997,15.829239983000676,4.988009901305546,1,-64.17395193690112,75.01518201859625,-68.05774709869539,0,xstock_reversion
nvdax,2026-07-16T13:35:00Z,5,regular,0,11.995116555594265,12.868257101201763,-24.86337365679603,-90.77205044489389,29.515562029144387,24.86337365679603,16.34817476439565,1,31.533208683800495,-23.018009791400118,33.30108484359329,1,p1a_catchup
nvdax,2026-07-16T13:35:00Z,15,regular,0,11.995116555594265,12.868257101201763,-24.86337365679603,-90.77205044489389,29.515562029144387,24.86337365679603,4.988009901305546,1,54.71609726900084,-24.864713710899267,31.61679326469269,1,p1a_catchup
nvdax,2026-07-16T13:35:00Z,30,regular,0,11.995116555594265,12.868257101201763,-24.86337365679603,-90.77205044489389,29.515562029144387,24.86337365679603,14.79398268290133,1,31.958781725798246,7.698574613899112,5.666468739793373,1,p1a_catchup
nvdax,2026-07-16T13:35:00Z,60,regular,0,11.995116555594265,12.868257101201763,-24.86337365679603,-90.77205044489389,29.515562029144387,24.86337365679603,12.888975070399766,1,14.736977749798541,-2.762579163402279,9.026603176796044,1,p1a_catchup
nvdax,2026-07-16T14:50:00Z,5,regular,0,5.833367825598401,18.83854947060115,-24.671917296199553,-85.92729582930225,30.552927128580247,24.671917296199553,11.03158699629958,1,27.568712337195933,-13.928382037295961,1.2106684114954192,1,p1a_catchup
nvdax,2026-07-16T14:50:00Z,15,regular,0,5.833367825598401,18.83854947060115,-24.671917296199553,-85.92729582930225,30.552927128580247,24.671917296199553,0.9673808033028308,1,25.593292973598025,0.046005125904358124,3.874654961997237,1,p1a_catchup
nvdax,2026-07-16T14:50:00Z,30,regular,0,5.833367825598401,18.83854947060115,-24.671917296199553,-85.92729582930225,30.552927128580247,24.671917296199553,2.817774693699704,1,15.845945304198139,11.643746685701117,-5.809168968102796,1,p1a_catchup
nvdax,2026-07-16T14:50:00Z,60,regular,0,5.833367825598401,18.83854947060115,-24.671917296199553,-85.92729582930225,30.552927128580247,24.671917296199553,2.899049117797148,1,-34.54301714650221,62.11398356049891,-56.495961370304215,0,xstock_reversion
nvdax,2026-07-17T08:15:00Z,5,premarket,0,0.31010019779564857,29.454255068301904,-29.764355266097553,-44.39761947869769,22.889409740917877,29.764355266097553,5.02611537270603,1,16.44131503569568,8.296924857695842,-2.49594410380638,1,p1a_catchup
nvdax,2026-07-17T08:15:00Z,15,premarket,0,0.31010019779564857,29.454255068301904,-29.764355266097553,-44.39761947869769,22.889409740917877,29.764355266097553,6.2578621009024005,1,16.983385639299797,6.523107525895355,-12.972111782705298,1,p1a_catchup
nvdax,2026-07-17T08:15:00Z,30,premarket,0,0.31010019779564857,29.454255068301904,-29.764355266097553,-44.39761947869769,22.889409740917877,29.764355266097553,10.476068733193955,1,5.95821423429399,34.28220976499752,-34.88665387310519,0,xstock_reversion
nvdax,2026-07-17T08:15:00Z,60,premarket,0,0.31010019779564857,29.454255068301904,-29.764355266097553,-44.39761947869769,22.889409740917877,29.764355266097553,6.492193644493938,1,-15.409557268997176,38.68171889060079,-41.35222493360402,0,xstock_reversion
nvdax,2026-07-17T09:35:00Z,5,premarket,0,4.6435189554028256,12.847161771993854,17.49068072739668,29.52918304430341,14.215743349304246,17.49068072739668,1.0357805683014476,1,6.605175259997154,9.849724899098078,-4.961301947394858,0,xstock_reversion
nvdax,2026-07-17T09:35:00Z,15,premarket,0,4.6435189554028256,12.847161771993854,17.49068072739668,29.52918304430341,14.215743349304246,17.49068072739668,6.773071418599841,1,15.000713538295685,-4.283104229498846,10.410728947602976,1,p1a_catchup
nvdax,2026-07-17T09:35:00Z,30,premarket,0,4.6435189554028256,12.847161771993854,17.49068072739668,29.52918304430341,14.215743349304246,17.49068072739668,5.761638197103736,1,30.437010807293774,-18.70796827700083,27.737894846202593,1,p1a_catchup
nvdax,2026-07-17T09:35:00Z,60,premarket,0,4.6435189554028256,12.847161771993854,17.49068072739668,29.52918304430341,14.215743349304246,17.49068072739668,11.358086506101372,1,53.25885136359787,-47.12625714230256,51.452149327007035,1,p1a_catchup
nvdax,2026-07-17T12:40:00Z,5,premarket,1,42.8574823161032,23.365108639001875,-19.492373677101327,-20.844787418301536,16.562210030794677,19.492373677101327,1.697961976798723,1,-10.264190452398125,28.05860215270073,4.448948391404528,0,xstock_reversion
nvdax,2026-07-17T12:40:00Z,15,premarket,1,42.8574823161032,23.365108639001875,-19.492373677101327,-20.844787418301536,16.562210030794677,19.492373677101327,0.5573360426947005,1,-22.690037024499787,41.625074658906414,-0.4942054412993002,0,xstock_reversion
nvdax,2026-07-17T12:40:00Z,30,premarket,1,42.8574823161032,23.365108639001875,-19.492373677101327,-20.844787418301536,16.562210030794677,19.492373677101327,11.895347718100524,1,-4.325784381800091,11.922810340800893,30.192811314799783,0,xstock_reversion
nvdax,2026-07-17T12:40:00Z,60,premarket,1,42.8574823161032,23.365108639001875,-19.492373677101327,-20.844787418301536,16.562210030794677,19.492373677101327,24.754573321494888,0,146.73156850410152,-151.99376814849506,199.41512100840163,1,persistent_or_wider
nvdax,2026-07-17T13:00:00Z,5,premarket,1,10.950084225598289,8.625780707598452,-19.57586493319674,-14.453996636598632,24.21092116201703,19.57586493319674,0.5476574646934296,1,4.3626675967001205,14.66553987180319,-5.964453519800017,0,xstock_reversion
nvdax,2026-07-17T13:00:00Z,15,premarket,1,10.950084225598289,8.625780707598452,-19.57586493319674,-14.453996636598632,24.21092116201703,19.57586493319674,0.687722632006782,1,14.993450314992884,3.894691986197074,7.930063303795976,1,p1a_catchup
nvdax,2026-07-17T13:00:00Z,30,premarket,1,10.950084225598289,8.625780707598452,-19.57586493319674,-14.453996636598632,24.21092116201703,19.57586493319674,43.77035876450108,0,47.25904353139576,-71.4535373627001,86.7743731055004,1,persistent_or_wider
nvdax,2026-07-17T13:00:00Z,60,premarket,1,10.950084225598289,8.625780707598452,-19.57586493319674,-14.453996636598632,24.21092116201703,19.57586493319674,22.020372170095115,0,4.081429496194389,37.51480760709747,-35.116760273306014,0,persistent_or_wider
nvdax,2026-07-17T13:25:00Z,5,premarket,0,15.459571748994705,45.26941478319557,29.809843034200867,43.11306076660415,26.849423796114106,29.809843034200867,43.77035876450108,0,-39.3046011553011,112.88480295400305,-132.71512622019975,0,persistent_or_wider
nvdax,2026-07-17T13:25:00Z,15,premarket,0,15.459571748994705,45.26941478319557,29.809843034200867,43.11306076660415,26.849423796114106,29.809843034200867,24.754573321494888,1,-152.46522290020437,207.02963925590012,-227.05308154869817,0,xstock_reversion
nvdax,2026-07-17T13:25:00Z,30,premarket,0,15.459571748994705,45.26941478319557,29.809843034200867,43.11306076660415,26.849423796114106,29.809843034200867,26.334151954499063,1,-47.5286035840039,51.00429466370571,-61.053419659993224,0,xstock_reversion
nvdax,2026-07-17T13:25:00Z,60,premarket,0,15.459571748994705,45.26941478319557,29.809843034200867,43.11306076660415,26.849423796114106,29.809843034200867,20.825047060499813,1,105.47813300549436,-54.84324291079368,44.25873956850346,1,p1a_catchup
nvdax,2026-07-17T13:30:00Z,5,regular,0,4.3707515172020095,48.14111028170309,-43.77035876450108,-75.34822934889718,54.29793749524559,43.77035876450108,21.42071042239735,1,60.4891764456017,-38.139528103497966,39.784366446200536,1,p1a_catchup
nvdax,2026-07-17T13:30:00Z,15,regular,0,4.3707515172020095,48.14111028170309,-43.77035876450108,-75.34822934889718,54.29793749524559,43.77035876450108,14.815201724598381,1,109.96246017920264,-51.37689969010317,49.06510957169985,1,p1a_catchup
nvdax,2026-07-17T13:30:00Z,30,regular,0,4.3707515172020095,48.14111028170309,-43.77035876450108,-75.34822934889718,54.29793749524559,43.77035876450108,22.020372170095115,1,-43.17761403520137,108.96834496979757,-121.89113337880642,0,xstock_reversion
nvdax,2026-07-17T13:30:00Z,60,regular,0,4.3707515172020095,48.14111028170309,-43.77035876450108,-75.34822934889718,54.29793749524559,43.77035876450108,6.286065430796128,1,-125.84346864449536,163.32776197820033,-166.17805021709842,0,xstock_reversion
nvdax,2026-07-17T13:35:00Z,5,regular,0,6.01558985990458,27.43630028230193,-21.42071042239735,-103.6957729044996,53.4012049656753,21.42071042239735,24.754573321494888,0,52.67144529930157,-56.005308198399106,54.55358888229789,1,persistent_or_wider
nvdax,2026-07-17T13:35:00Z,15,regular,0,6.01558985990458,27.43630028230193,-21.42071042239735,-103.6957729044996,53.4012049656753,21.42071042239735,23.232345143195943,0,8.084506356897947,36.568549208695345,-55.504305306506296,0,persistent_or_wider
nvdax,2026-07-17T13:35:00Z,30,regular,0,6.01558985990458,27.43630028230193,-21.42071042239735,-103.6957729044996,53.4012049656753,21.42071042239735,42.36869233840146,0,-183.6738233560986,247.46322611689743,-257.8904026540041,0,persistent_or_wider
nvdax,2026-07-17T13:35:00Z,60,regular,0,6.01558985990458,27.43630028230193,-21.42071042239735,-103.6957729044996,53.4012049656753,21.42071042239735,16.919073909900106,1,-205.88615251550203,244.22593684779946,-253.0025781274059,0,xstock_reversion
nvdax,2026-07-17T13:40:00Z,5,regular,0,4.563870543803361,29.31844386529825,-24.754573321494888,-207.02963925590012,55.1780065334072,24.754573321494888,14.815201724598381,1,-3.19816156570063,42.7679366117939,-45.272845756798574,0,xstock_reversion
nvdax,2026-07-17T13:40:00Z,15,regular,0,4.563870543803361,29.31844386529825,-24.754573321494888,-207.02963925590012,55.1780065334072,24.754573321494888,26.334151954499063,0,-104.93661931620046,156.02534459219441,-165.99966188870496,0,persistent_or_wider
nvdax,2026-07-17T13:40:00Z,30,regular,0,4.563870543803361,29.31844386529825,-24.754573321494888,-207.02963925590012,55.1780065334072,24.754573321494888,2.861161187404093,1,-269.44145212420165,297.0571866331006,-305.6003680596042,0,xstock_reversion
nvdax,2026-07-17T13:40:00Z,60,regular,0,4.563870543803361,29.31844386529825,-24.754573321494888,-207.02963925590012,55.1780065334072,24.754573321494888,22.875107287605445,1,-237.77222684410404,239.65169287799347,-244.28809751020353,0,xstock_reversion
nvdax,2026-07-17T13:50:00Z,5,regular,0,12.920166237906372,36.152511381102315,23.232345143195943,36.568549208695345,68.01897494073508,23.232345143195943,26.334151954499063,0,60.34968037379684,-63.451487185099964,55.94176769990078,1,persistent_or_wider
nvdax,2026-07-17T13:50:00Z,15,regular,0,12.920166237906372,36.152511381102315,23.232345143195943,36.568549208695345,68.01897494073508,23.232345143195943,42.36869233840146,0,191.75832971299656,-210.8946769082021,202.3860973474978,1,persistent_or_wider
nvdax,2026-07-17T13:50:00Z,30,regular,0,12.920166237906372,36.152511381102315,23.232345143195943,36.568549208695345,68.01897494073508,23.232345143195943,4.288683581492592,1,247.66605986619618,-220.14503114150762,204.58483918750048,1,p1a_catchup
nvdax,2026-07-17T13:50:00Z,60,regular,0,12.920166237906372,36.152511381102315,23.232345143195943,36.568549208695345,68.01897494073508,23.232345143195943,4.895451247897142,1,191.01043369230018,-162.88263730120713,150.94439460809463,1,p1a_catchup
nvdax,2026-07-17T13:55:00Z,5,regular,0,5.410446752707188,31.74459870720625,26.334151954499063,156.02534459219441,71.0442696496506,26.334151954499063,22.020372170095115,1,51.401616463904176,-47.08783667950023,50.229426818599876,1,p1a_catchup
nvdax,2026-07-17T13:55:00Z,15,regular,0,5.410446752707188,31.74459870720625,26.334151954499063,156.02534459219441,71.0442696496506,26.334151954499063,2.861161187404093,1,164.5048328080012,-141.03184204090624,139.60070617089926,1,p1a_catchup
nvdax,2026-07-17T13:55:00Z,30,regular,0,5.410446752707188,31.74459870720625,26.334151954499063,156.02534459219441,71.0442696496506,26.334151954499063,20.825047060499813,1,153.00673658949825,-105.84753757449938,105.31215922849668,1,p1a_catchup
nvdax,2026-07-17T13:55:00Z,60,regular,0,5.410446752707188,31.74459870720625,26.334151954499063,156.02534459219441,71.0442696496506,26.334151954499063,13.258805800395734,1,109.12493628739917,-69.53197853250437,65.9807417601943,1,p1a_catchup
nvdax,2026-07-17T14:00:00Z,5,regular,0,8.552036891806836,30.57240906190195,22.020372170095115,160.34524465990074,51.31331832360888,22.020372170095115,42.36869233840146,0,80.00703287529554,-100.35535304360188,96.21490282899714,1,persistent_or_wider
nvdax,2026-07-17T14:00:00Z,15,regular,0,8.552036891806836,30.57240906190195,22.020372170095115,160.34524465990074,51.31331832360888,22.020372170095115,11.588784334097824,1,134.0444698031007,-123.6128819671034,116.47388289659943,1,p1a_catchup
nvdax,2026-07-17T14:00:00Z,30,regular,0,8.552036891806836,30.57240906190195,22.020372170095115,160.34524465990074,51.31331832360888,22.020372170095115,6.286065430796128,1,82.66585460929399,-54.359417008402744,44.286916838292,1,p1a_catchup
nvdax,2026-07-17T14:00:00Z,60,regular,0,8.552036891806836,30.57240906190195,22.020372170095115,160.34524465990074,51.31331832360888,22.020372170095115,10.92247553299508,1,34.918974098197,-1.976126395106803,-10.144254125803442,1,p1a_catchup
nvdax,2026-07-17T14:05:00Z,5,regular,0,4.411586677202095,46.780279015603554,42.36869233840146,210.8946769082021,52.06636493616116,42.36869233840146,2.861161187404093,1,33.0961834688015,6.411347682195867,-6.843623476697758,1,p1a_catchup
nvdax,2026-07-17T14:05:00Z,15,regular,0,4.411586677202095,46.780279015603554,42.36869233840146,210.8946769082021,52.06636493616116,42.36869233840146,4.288683581492592,1,55.90773015319961,-9.250354233305558,2.1987418400026826,1,p1a_catchup
nvdax,2026-07-17T14:05:00Z,30,regular,0,4.411586677202095,46.780279015603554,42.36869233840146,210.8946769082021,52.06636493616116,42.36869233840146,16.919073909900106,1,22.21232915940341,3.2372892690979427,-4.8878245265981946,1,p1a_catchup
nvdax,2026-07-17T14:05:00Z,60,regular,0,4.411586677202095,46.780279015603554,42.36869233840146,210.8946769082021,52.06636493616116,42.36869233840146,10.637036500300567,1,-38.72959261889797,70.46124845699886,-71.1083593561046,0,xstock_reversion
nvdax,2026-07-17T14:25:00Z,5,regular,0,4.875068406704486,15.949978653795327,-20.825047060499813,-35.18430446640686,53.14892781326933,20.825047060499813,6.286065430796128,1,18.939265516300097,-4.400283886596412,10.795815571604805,1,p1a_catchup
nvdax,2026-07-17T14:25:00Z,15,regular,0,4.875068406704486,15.949978653795327,-20.825047060499813,-35.18430446640686,53.14892781326933,20.825047060499813,22.875107287605445,0,20.171129061594684,-22.221189288700316,27.023723606998118,1,persistent_or_wider
nvdax,2026-07-17T14:25:00Z,30,regular,0,4.875068406704486,15.949978653795327,-20.825047060499813,-35.18430446640686,53.14892781326933,20.825047060499813,13.258805800395734,1,43.881800302099094,-36.315559041995016,39.33141746830238,1,p1a_catchup
nvdax,2026-07-17T14:25:00Z,60,regular,0,4.875068406704486,15.949978653795327,-20.825047060499813,-35.18430446640686,53.14892781326933,20.825047060499813,10.377724568897406,1,17.008690540096794,14.194081089300425,-6.131583980195643,0,p1a_catchup
nvdax,2026-07-17T14:40:00Z,5,regular,0,0.07253408840668385,22.80257319919876,-22.875107287605445,-22.221189288700316,41.54533493363931,22.875107287605445,7.2857568607975765,1,3.619911923298247,26.540952225104775,-32.91011639939612,0,xstock_reversion
nvdax,2026-07-17T14:40:00Z,15,regular,0,0.07253408840668385,22.80257319919876,-22.875107287605445,-22.221189288700316,41.54533493363931,22.875107287605445,13.258805800395734,1,23.71067124050441,-14.0943697532947,12.307693861304259,1,p1a_catchup
nvdax,2026-07-17T14:40:00Z,30,regular,0,0.07253408840668385,22.80257319919876,-22.875107287605445,-22.221189288700316,41.54533493363931,22.875107287605445,4.361723308496934,1,24.950150503997293,2.2866800921050867,-1.4759058398983171,1,p1a_catchup
nvdax,2026-07-17T14:40:00Z,60,regular,0,0.07253408840668385,22.80257319919876,-22.875107287605445,-22.221189288700316,41.54533493363931,22.875107287605445,7.777593510995828,1,-33.88832074829651,48.985834524906124,-57.64411620119425,0,xstock_reversion
nvdax,2026-07-17T16:20:00Z,5,regular,0,4.471593266197615,15.25797151270325,-19.729564778900865,-24.769583551602636,30.548210116789107,19.729564778900865,9.38565243179923,1,-4.07952864160066,33.194745852300755,-27.42868920360131,0,xstock_reversion
nvdax,2026-07-17T16:20:00Z,15,regular,0,4.471593266197615,15.25797151270325,-19.729564778900865,-24.769583551602636,30.548210116789107,19.729564778900865,1.9871375480029485,1,-21.21103080390263,38.95345803480055,-35.43286742130114,0,xstock_reversion
nvdax,2026-07-17T16:20:00Z,30,regular,0,4.471593266197615,15.25797151270325,-19.729564778900865,-24.769583551602636,30.548210116789107,19.729564778900865,6.224568420805099,1,-66.50172109869956,92.45585429840553,-86.77055514260346,0,xstock_reversion
nvdax,2026-07-17T16:20:00Z,60,regular,0,4.471593266197615,15.25797151270325,-19.729564778900865,-24.769583551602636,30.548210116789107,19.729564778900865,4.380975640803086,1,-60.83660494049958,76.18519407859736,-70.98369866940679,0,xstock_reversion
nvdax,2026-07-17T19:25:00Z,5,regular,0,6.108079252902243,13.089616252495162,19.197695505397405,39.91457379020069,24.78863478793748,19.197695505397405,0.13196464480280667,1,8.296872129998079,10.76885873059652,-0.2512780073971044,1,xstock_reversion
nvdax,2026-07-17T19:25:00Z,15,regular,0,6.108079252902243,13.089616252495162,19.197695505397405,39.91457379020069,24.78863478793748,19.197695505397405,8.277302714603252,1,9.271090744595867,1.6493020461982866,3.9457147020982575,1,p1a_catchup
nvdax,2026-07-17T19:25:00Z,30,regular,0,6.108079252902243,13.089616252495162,19.197695505397405,39.91457379020069,24.78863478793748,19.197695505397405,13.90034324050049,1,17.775654778100503,15.322383967797393,-16.025446903000784,0,p1a_catchup
nvdax,2026-07-17T19:25:00Z,60,regular,0,6.108079252902243,13.089616252495162,19.197695505397405,39.91457379020069,24.78863478793748,19.197695505397405,1.763543621899899,1,-12.597281086099699,30.031432969597205,-22.936638371300333,0,xstock_reversion
nvdax,2026-07-17T20:00:00Z,5,afterhours,0,3.7182959038961627,13.337811958997747,-17.05610786289391,-46.09798192929837,22.724156427239596,17.05610786289391,7.881960029996193,1,9.40929427890147,-0.23514644600375334,5.4370660954017325,1,p1a_catchup
nvdax,2026-07-17T20:00:00Z,15,afterhours,0,3.7182959038961627,13.337811958997747,-17.05610786289391,-46.09798192929837,22.724156427239596,17.05610786289391,3.2718140938037266,1,13.644211157801678,6.683710798895959,-3.952373946001231,1,p1a_catchup
nvdax,2026-07-17T20:00:00Z,30,afterhours,0,3.7182959038961627,13.337811958997747,-17.05610786289391,-46.09798192929837,22.724156427239596,17.05610786289391,1.8124250896001115,1,7.740323088798462,11.12820986369556,-7.409420181403448,0,xstock_reversion
nvdax,2026-07-17T20:00:00Z,60,afterhours,0,3.7182959038961627,13.337811958997747,-17.05610786289391,-46.09798192929837,22.724156427239596,17.05610786289391,3.4265129255039994,1,-3.2292635799979763,23.711884368395886,-19.746266967999304,0,xstock_reversion
nvdax,2026-07-20T08:30:00Z,5,premarket,0,6.701712688901296,9.630463673495626,-16.332176362396922,-23.221077188599892,12.828004722728357,16.332176362396922,9.973886053602499,1,-0.2970294142023988,26.60309183020182,2.4573043495035307,1,xstock_reversion
nvdax,2026-07-20T08:30:00Z,15,premarket,0,6.701712688901296,9.630463673495626,-16.332176362396922,-23.221077188599892,12.828004722728357,16.332176362396922,0.8216462286991799,1,14.683206544798821,0.8273235888989205,-9.332253433997906,0,p1a_catchup
nvdax,2026-07-20T08:30:00Z,30,premarket,0,6.701712688901296,9.630463673495626,-16.332176362396922,-23.221077188599892,12.828004722728357,16.332176362396922,0.18838745639904175,1,14.185780590096897,2.3347832286990666,-4.9127979371998975,0,p1a_catchup
nvdax,2026-07-20T08:30:00Z,60,premarket,0,6.701712688901296,9.630463673495626,-16.332176362396922,-23.221077188599892,12.828004722728357,16.332176362396922,17.901031436799997,0,9.35738314630008,-10.926238220703155,-15.221824156395058,0,persistent_or_wider
nvdax,2026-07-20T09:30:00Z,5,premarket,1,32.84977506599951,14.948743629199512,-17.901031436799997,-14.562041562005135,7.845755978450343,17.901031436799997,2.951211667605591,1,-8.538124580601547,29.390367685007135,-0.4906410226013236,0,xstock_reversion
nvdax,2026-07-20T09:30:00Z,15,premarket,1,32.84977506599951,14.948743629199512,-17.901031436799997,-14.562041562005135,7.845755978450343,17.901031436799997,0.7534107255047218,1,-16.514348668099643,35.16879083040436,-14.218825175102978,0,xstock_reversion
nvdax,2026-07-20T09:30:00Z,30,premarket,1,32.84977506599951,14.948743629199512,-17.901031436799997,-14.562041562005135,7.845755978450343,17.901031436799997,6.348583907094252,1,-20.06229518769942,31.614742717405164,-1.9624196697076712,0,xstock_reversion
nvdax,2026-07-20T09:30:00Z,60,premarket,1,32.84977506599951,14.948743629199512,-17.901031436799997,-14.562041562005135,7.845755978450343,17.901031436799997,7.060680150594578,1,-27.31603536620497,52.27774695359955,-29.395935136005136,0,xstock_reversion
nvdax,2026-07-20T11:30:00Z,5,premarket,0,14.883470856599246,38.57229629669945,23.688825440100203,45.06536115600035,18.516307468548053,23.688825440100203,7.861006125704506,1,14.475325135601125,17.074506430203584,-4.367977938395384,1,xstock_reversion
nvdax,2026-07-20T11:30:00Z,15,premarket,0,14.883470856599246,38.57229629669945,23.688825440100203,45.06536115600035,18.516307468548053,23.688825440100203,12.526929668705833,1,29.73132928760336,6.484425821202677,-15.539264040800305,1,p1a_catchup
nvdax,2026-07-20T11:30:00Z,30,premarket,0,14.883470856599246,38.57229629669945,23.688825440100203,45.06536115600035,18.516307468548053,23.688825440100203,12.521650978802867,1,13.35633261460245,22.85414380430062,-28.688791210402798,0,xstock_reversion
nvdax,2026-07-20T11:30:00Z,60,premarket,0,14.883470856599246,38.57229629669945,23.688825440100203,45.06536115600035,18.516307468548053,23.688825440100203,8.88427131609859,1,29.08726808859896,-14.282713964597349,24.71590102119947,1,p1a_catchup
nvdax,2026-07-20T12:40:00Z,5,premarket,0,5.529634223400137,19.43560578659742,-24.965240009997558,-9.497130993105785,15.11269008988974,24.965240009997558,7.169283073302779,1,12.7276192381931,5.068337698501679,-20.278296596103473,0,p1a_catchup
nvdax,2026-07-20T12:40:00Z,15,premarket,0,5.529634223400137,19.43560578659742,-24.965240009997558,-9.497130993105785,15.11269008988974,24.965240009997558,6.0266703751032935,1,4.823729071592453,14.114840563301811,-17.628033714300884,0,xstock_reversion
nvdax,2026-07-20T12:40:00Z,30,premarket,0,5.529634223400137,19.43560578659742,-24.965240009997558,-9.497130993105785,15.11269008988974,24.965240009997558,7.287963849398338,1,38.98290808759697,-21.305631926997748,18.930774968595188,1,p1a_catchup
nvdax,2026-07-20T12:40:00Z,60,premarket,0,5.529634223400137,19.43560578659742,-24.965240009997558,-9.497130993105785,15.11269008988974,24.965240009997558,3.238575133996946,1,-43.9540555485074,72.1578706925019,-76.19689834780452,0,xstock_reversion
nvdax,2026-07-20T13:00:00Z,5,premarket,0,1.2277716517949955,17.47931749060072,-18.707089142395716,-11.334862621596997,15.139687155436903,18.707089142395716,21.00640783009311,0,18.554211358301487,-20.85353004599888,10.228685044699759,1,persistent_or_wider
nvdax,2026-07-20T13:00:00Z,15,premarket,0,1.2277716517949955,17.47931749060072,-18.707089142395716,-11.334862621596997,15.139687155436903,18.707089142395716,1.4744828599955184,1,25.44566760909639,-5.264095606705155,1.4606003092954012,1,p1a_catchup
nvdax,2026-07-20T13:00:00Z,30,premarket,0,1.2277716517949955,17.47931749060072,-18.707089142395716,-11.334862621596997,15.139687155436903,18.707089142395716,12.260697865800196,1,-13.207359089104642,44.175146097300555,-65.02352102720543,0,xstock_reversion
nvdax,2026-07-20T13:00:00Z,60,premarket,0,1.2277716517949955,17.47931749060072,-18.707089142395716,-11.334862621596997,15.139687155436903,18.707089142395716,1.686119684700671,1,-7.170039796902117,27.563248623998504,-39.35578288720265,0,xstock_reversion
nvdax,2026-07-20T13:05:00Z,5,premarket,1,11.852616653094117,9.153791176998993,-21.00640783009311,-44.3089876361924,15.992867502556368,21.00640783009311,7.287963849398338,1,7.904020938598322,5.8144230420964504,-1.8662975708050311,0,p1a_catchup
nvdax,2026-07-20T13:05:00Z,15,premarket,1,11.852616653094117,9.153791176998993,-21.00640783009311,-44.3089876361924,15.992867502556368,21.00640783009311,3.1291334653005265,1,5.330361035200681,12.546913329591902,-7.0637813653018355,0,xstock_reversion
nvdax,2026-07-20T13:05:00Z,30,premarket,1,11.852616653094117,9.153791176998993,-21.00640783009311,-44.3089876361924,15.992867502556368,21.00640783009311,4.933342439903399,1,-60.00729091049983,85.94704118049634,-85.88741929520083,0,xstock_reversion
nvdax,2026-07-20T13:05:00Z,60,premarket,1,11.852616653094117,9.153791176998993,-21.00640783009311,-44.3089876361924,15.992867502556368,21.00640783009311,2.499749276001495,1,-31.22892274200595,49.735581296097564,-49.099537155701256,0,xstock_reversion
nvdax,2026-07-20T13:50:00Z,5,regular,0,9.30874926740266,10.24110764149988,-19.54985690890254,-32.36405461300329,29.33929854281781,19.54985690890254,14.675455938402138,1,27.49665886049968,-22.622257889999275,19.41276998880248,1,p1a_catchup
nvdax,2026-07-20T13:50:00Z,15,regular,0,9.30874926740266,10.24110764149988,-19.54985690890254,-32.36405461300329,29.33929854281781,19.54985690890254,2.499749276001495,1,20.897512904296534,-3.8474052713954876,1.9395820261003394,1,p1a_catchup
nvdax,2026-07-20T13:50:00Z,30,regular,0,9.30874926740266,10.24110764149988,-19.54985690890254,-32.36405461300329,29.33929854281781,19.54985690890254,7.036427134705647,1,50.47138971270293,-23.88510566909474,35.94330661959688,1,p1a_catchup
nvdax,2026-07-20T13:50:00Z,60,regular,0,9.30874926740266,10.24110764149988,-19.54985690890254,-32.36405461300329,29.33929854281781,19.54985690890254,2.693776079798482,1,54.385801325196326,-32.1421683364953,74.4583336325988,1,p1a_catchup
nvdax,2026-07-20T15:45:00Z,5,regular,0,0.09829136669914362,22.56618550510403,-22.467894138404887,-53.84462447300287,25.24099029234147,22.467894138404887,6.824642921499091,1,4.138191755602705,25.154345304301273,-32.40230381759801,0,xstock_reversion
nvdax,2026-07-20T15:45:00Z,15,regular,0,0.09829136669914362,22.56618550510403,-22.467894138404887,-53.84462447300287,25.24099029234147,22.467894138404887,2.7866346662008823,1,-27.55802842309585,52.81255722770162,-51.84196196980295,0,xstock_reversion
nvdax,2026-07-20T15:45:00Z,30,regular,0,0.09829136669914362,22.56618550510403,-22.467894138404887,-53.84462447300287,25.24099029234147,22.467894138404887,5.403630476497057,1,-18.742236555295833,35.80650021720366,-37.02264556189938,0,xstock_reversion
nvdax,2026-07-20T15:45:00Z,60,regular,0,0.09829136669914362,22.56618550510403,-22.467894138404887,-53.84462447300287,25.24099029234147,22.467894138404887,4.37604544920589,1,37.68445546640464,-10.840515878793866,12.20852306439646,1,p1a_catchup
nvdax,2026-07-20T20:05:00Z,5,afterhours,0,2.217729380902256,15.468514643997011,-17.686244024899267,-21.454945668697434,10.789480997581162,17.686244024899267,10.39344965110267,1,10.992405572096686,-3.69961119830009,5.360868697605881,1,p1a_catchup
nvdax,2026-07-20T20:05:00Z,15,afterhours,0,2.217729380902256,15.468514643997011,-17.686244024899267,-21.454945668697434,10.789480997581162,17.686244024899267,4.963001600000183,1,26.293040281100133,-13.569797856201049,14.086437782703243,1,p1a_catchup
nvdax,2026-07-20T20:05:00Z,30,afterhours,0,2.217729380902256,15.468514643997011,-17.686244024899267,-21.454945668697434,10.789480997581162,17.686244024899267,2.6393030630966763,1,24.667889936598186,-9.620948974795596,11.840159252001214,1,p1a_catchup
nvdax,2026-07-20T20:05:00Z,60,afterhours,0,2.217729380902256,15.468514643997011,-17.686244024899267,-21.454945668697434,10.789480997581162,17.686244024899267,3.274958641297232,1,24.52390398899773,-10.112618605395696,8.92321874160551,1,p1a_catchup
nvdax,2026-07-21T13:25:00Z,5,premarket,0,7.638517031498537,54.36022562519405,46.72170859369551,70.71339298920343,28.947728851782355,46.72170859369551,6.45407800769604,1,16.84406522609372,36.33172137529783,-50.12541823539607,0,xstock_reversion
nvdax,2026-07-21T13:25:00Z,15,premarket,0,7.638517031498537,54.36022562519405,46.72170859369551,70.71339298920343,28.947728851782355,46.72170859369551,8.67619023559918,1,15.528859710096654,39.869039119198035,-38.62872983029675,0,xstock_reversion
nvdax,2026-07-21T13:25:00Z,30,premarket,0,7.638517031498537,54.36022562519405,46.72170859369551,70.71339298920343,28.947728851782355,46.72170859369551,7.885919187993196,1,-41.97922039020696,96.58684817189567,-99.77319169149901,0,xstock_reversion
nvdax,2026-07-21T13:25:00Z,60,premarket,0,7.638517031498537,54.36022562519405,46.72170859369551,70.71339298920343,28.947728851782355,46.72170859369551,7.506901801699328,1,-61.61692524630169,100.83173203829787,-102.20728853189698,0,xstock_reversion
nvdax,2026-07-21T14:00:00Z,5,regular,0,2.933876144899372,17.68735128429455,-20.621227429193922,-82.18297808289421,20.04980099844339,20.621227429193922,9.071477296300756,1,24.03032523149662,-12.480575098603452,14.681056736502995,1,p1a_catchup
nvdax,2026-07-21T14:00:00Z,15,regular,0,2.933876144899372,17.68735128429455,-20.621227429193922,-82.18297808289421,20.04980099844339,20.621227429193922,14.617282309901114,1,-1.3805909628050728,36.61910070190011,-35.39049127859961,0,xstock_reversion
nvdax,2026-07-21T14:00:00Z,30,regular,0,2.933876144899372,17.68735128429455,-20.621227429193922,-82.18297808289421,20.04980099844339,20.621227429193922,6.196720766400432,1,-11.809229325203674,26.233735987997164,-23.201016598397572,0,xstock_reversion
nvdax,2026-07-21T14:00:00Z,60,regular,0,2.933876144899372,17.68735128429455,-20.621227429193922,-82.18297808289421,20.04980099844339,20.621227429193922,1.1013964184058977,1,-39.25019337520652,58.770024385994546,-53.462058023798775,0,xstock_reversion
nvdax,2026-07-21T20:00:00Z,5,afterhours,0,0.6860017949072983,16.151861156394887,-16.837862951302185,-10.882399462106562,12.853853323964865,16.837862951302185,5.408114813700848,1,5.321410974197249,16.924566790805784,-15.029408819300372,0,xstock_reversion
nvdax,2026-07-21T20:00:00Z,15,afterhours,0,0.6860017949072983,16.151861156394887,-16.837862951302185,-10.882399462106562,12.853853323964865,16.837862951302185,4.84825294480018,1,-5.179186167598715,17.16879617410072,-20.343290251592094,0,xstock_reversion
nvdax,2026-07-21T20:00:00Z,30,afterhours,0,0.6860017949072983,16.151861156394887,-16.837862951302185,-10.882399462106562,12.853853323964865,16.837862951302185,4.8373126699008395,1,1.3821378604017553,10.61841242099959,-11.162993421498513,0,xstock_reversion
nvdax,2026-07-21T20:00:00Z,60,afterhours,0,0.6860017949072983,16.151861156394887,-16.837862951302185,-10.882399462106562,12.853853323964865,16.837862951302185,6.226598765399771,1,7.7810971593983425,15.283364557303614,-15.029408819300372,0,xstock_reversion
nvdax,2026-07-22T08:00:00Z,5,premarket,0,4.893371798599944,13.17945585050495,-18.072827649104894,-30.00127991850121,12.740336905434036,18.072827649104894,3.7497867658053963,1,5.1148931200017955,16.707721294908495,-14.87387958150066,0,xstock_reversion
nvdax,2026-07-22T08:00:00Z,15,premarket,0,4.893371798599944,13.17945585050495,-18.072827649104894,-30.00127991850121,12.740336905434036,18.072827649104894,1.819484526599524,1,11.423967507999677,4.829375614505693,-5.610782607403664,0,p1a_catchup
nvdax,2026-07-22T08:00:00Z,30,premarket,0,4.893371798599944,13.17945585050495,-18.072827649104894,-30.00127991850121,12.740336905434036,18.072827649104894,2.631422808301309,1,-2.1373608965014057,17.57876573730499,-14.87387958150066,0,xstock_reversion
nvdax,2026-07-22T08:00:00Z,60,premarket,0,4.893371798599944,13.17945585050495,-18.072827649104894,-30.00127991850121,12.740336905434036,18.072827649104894,3.776307398100087,1,-1.3325715948031558,23.181706642008137,-18.284437728102176,0,xstock_reversion
nvdax,2026-07-22T12:25:00Z,5,premarket,1,21.094244543400364,2.6474285362976246,23.74167307969799,28.6562522476963,19.690828849021578,23.74167307969799,0.06015360920486046,1,1.2275630253011371,22.574263663601712,4.389494546996886,0,xstock_reversion
nvdax,2026-07-22T12:25:00Z,15,premarket,1,21.094244543400364,2.6474285362976246,23.74167307969799,28.6562522476963,19.690828849021578,23.74167307969799,4.98090238369997,1,8.16085760909857,10.599913086899448,17.546429417700793,1,xstock_reversion
nvdax,2026-07-22T12:25:00Z,30,premarket,1,21.094244543400364,2.6474285362976246,23.74167307969799,28.6562522476963,19.690828849021578,23.74167307969799,13.866794213601707,1,8.148074545397677,29.46039274790202,2.9265437726966326,0,xstock_reversion
nvdax,2026-07-22T12:25:00Z,60,premarket,1,21.094244543400364,2.6474285362976246,23.74167307969799,28.6562522476963,19.690828849021578,23.74167307969799,4.35788828699657,1,25.201194719199904,-5.817409926498485,41.13679506430046,1,p1a_catchup
nvdax,2026-07-22T14:55:00Z,5,regular,0,8.448970199896877,27.61166786830138,19.162697668404505,80.14349508820295,17.84905018479726,19.162697668404505,17.214512554195593,1,41.91453852990357,-39.966353415694655,29.1190505777017,1,p1a_catchup
nvdax,2026-07-22T14:55:00Z,15,regular,0,8.448970199896877,27.61166786830138,19.162697668404505,80.14349508820295,17.84905018479726,19.162697668404505,30.247399138101372,0,173.18001802740568,-184.26471949710253,180.80138832019975,1,persistent_or_wider
nvdax,2026-07-22T14:55:00Z,30,regular,0,8.448970199896877,27.61166786830138,19.162697668404505,80.14349508820295,17.84905018479726,19.162697668404505,6.5570049513041795,1,171.5889968435036,-145.8692942237949,143.81225096840035,1,p1a_catchup
nvdax,2026-07-22T14:55:00Z,60,regular,0,8.448970199896877,27.61166786830138,19.162697668404505,80.14349508820295,17.84905018479726,19.162697668404505,7.5446248670019145,1,208.5653422941025,-196.94726949269992,191.29371196210167,1,p1a_catchup
nvdax,2026-07-22T15:05:00Z,5,regular,0,3.461180108095263,40.507973745897985,37.04679363780272,172.08933352409696,31.23637746552506,37.04679363780272,30.247399138101372,1,68.6879074969049,-61.88851299720355,63.41297191210238,1,p1a_catchup
nvdax,2026-07-22T15:05:00Z,15,regular,0,3.461180108095263,40.507973745897985,37.04679363780272,172.08933352409696,31.23637746552506,37.04679363780272,7.229223152496189,1,76.86838179339794,-32.59236500309903,35.844022718602986,1,p1a_catchup
nvdax,2026-07-22T15:05:00Z,30,regular,0,3.461180108095263,40.507973745897985,37.04679363780272,172.08933352409696,31.23637746552506,37.04679363780272,8.731399550301333,1,60.57266048780541,-14.794467299701353,13.692487797607455,1,p1a_catchup
nvdax,2026-07-22T15:05:00Z,60,regular,0,3.461180108095263,40.507973745897985,37.04679363780272,172.08933352409696,31.23637746552506,37.04679363780272,4.938432633396772,1,118.28022372410096,-76.29499745290147,72.02912294060226,1,p1a_catchup
nvdax,2026-07-22T15:10:00Z,5,regular,0,4.985639022994093,35.233038161095465,30.247399138101372,184.26471949710253,26.482731623694917,30.247399138101372,6.1157230254060835,1,13.004898664199516,23.35822349930794,-13.192019051500026,1,xstock_reversion
nvdax,2026-07-22T15:10:00Z,15,regular,0,4.985639022994093,35.233038161095465,30.247399138101372,184.26471949710253,26.482731623694917,30.247399138101372,6.5570049513041795,1,-1.591021183902086,38.39542527330764,-36.98913735179943,0,xstock_reversion
nvdax,2026-07-22T15:10:00Z,30,regular,0,4.985639022994093,35.233038161095465,30.247399138101372,184.26471949710253,26.482731623694917,30.247399138101372,2.2263119067034154,1,-15.270820749400116,47.7445317942049,-47.59746706339385,0,xstock_reversion
nvdax,2026-07-22T15:10:00Z,60,regular,0,4.985639022994093,35.233038161095465,30.247399138101372,184.26471949710253,26.482731623694917,30.247399138101372,4.965491974298075,1,53.1930668786984,-27.911159714895106,22.215118646604637,1,p1a_catchup
nvdax,2026-07-22T20:05:00Z,5,afterhours,0,6.109732646901733,21.795577331200633,15.6858446842989,15.14564666500462,12.545508019200643,15.6858446842989,5.2339284381996976,1,11.742586096099572,-1.29066985000037,-4.233003379106037,1,p1a_catchup
nvdax,2026-07-22T20:05:00Z,15,afterhours,0,6.109732646901733,21.795577331200633,15.6858446842989,15.14564666500462,12.545508019200643,15.6858446842989,2.5143648749015313,1,26.570241573198317,-13.398761763800948,7.051026216400302,1,p1a_catchup
nvdax,2026-07-22T20:05:00Z,30,afterhours,0,6.109732646901733,21.795577331200633,15.6858446842989,15.14564666500462,12.545508019200643,15.6858446842989,6.735097900998355,1,17.71037780729401,4.710564778003246,-10.251655735604714,1,p1a_catchup
nvdax,2026-07-22T20:05:00Z,60,afterhours,0,6.109732646901733,21.795577331200633,15.6858446842989,15.14564666500462,12.545508019200643,15.6858446842989,30.619056704201952,0,37.59703777509671,-52.53024979499976,62.346387351199795,1,persistent_or_wider
nvdax,2026-07-22T21:05:00Z,5,afterhours,0,15.925870203101766,46.54492690730372,30.619056704201952,54.65229706819841,16.57012492567986,30.619056704201952,11.268280351792725,1,24.899401535405374,-5.5486251829961475,-5.67944791399988,1,p1a_catchup
nvdax,2026-07-22T21:05:00Z,15,afterhours,0,15.925870203101766,46.54492690730372,30.619056704201952,54.65229706819841,16.57012492567986,30.619056704201952,11.88766275039832,1,25.878986885503608,16.627732569096665,-29.95275324050084,1,p1a_catchup
nvdax,2026-07-22T21:05:00Z,30,afterhours,0,15.925870203101766,46.54492690730372,30.619056704201952,54.65229706819841,16.57012492567986,30.619056704201952,55.01964079609678,0,-35.585115919598564,121.2238134198973,-131.2373312595039,0,persistent_or_wider
nvdax,2026-07-22T21:05:00Z,60,afterhours,0,15.925870203101766,46.54492690730372,30.619056704201952,54.65229706819841,16.57012492567986,30.619056704201952,10.430521741202625,1,-103.66016688819535,144.70974533359993,-161.1114554762061,0,xstock_reversion
nvdax,2026-07-22T21:25:00Z,5,afterhours,0,1.9184409388017798,20.363513958798762,-18.445073019996983,-40.124283900793145,21.388708754746006,18.445073019996983,16.851674427105223,1,15.620877243396336,-14.027478650504577,24.043402566205074,1,p1a_catchup
nvdax,2026-07-22T21:25:00Z,15,afterhours,0,1.9184409388017798,20.363513958798762,-18.445073019996983,-40.124283900793145,21.388708754746006,18.445073019996983,46.56971100200025,0,90.09579877949925,-118.22043676150251,117.24336755159825,1,persistent_or_wider
nvdax,2026-07-22T21:25:00Z,30,afterhours,0,1.9184409388017798,20.363513958798762,-18.445073019996983,-40.124283900793145,21.388708754746006,18.445073019996983,3.1413973697969055,1,108.95041582689835,-87.36394543710446,83.5533311781056,1,p1a_catchup
nvdax,2026-07-22T21:25:00Z,60,afterhours,0,1.9184409388017798,20.363513958798762,-18.445073019996983,-40.124283900793145,21.388708754746006,18.445073019996983,3.5482557637056544,1,105.33055847940176,-83.33722969569912,78.3438877604059,1,p1a_catchup
nvdax,2026-07-22T21:30:00Z,5,afterhours,0,11.934364854502277,28.7860392816075,-16.851674427105223,-45.120260014002156,22.254509001309657,16.851674427105223,55.01964079609678,0,34.452709682604166,-72.62067605159572,54.77395883359826,1,persistent_or_wider
nvdax,2026-07-22T21:30:00Z,15,afterhours,0,11.934364854502277,28.7860392816075,-16.851674427105223,-45.120260014002156,22.254509001309657,16.851674427105223,5.377508425103983,1,93.19788364910764,-70.96870079689843,58.65728850609209,1,p1a_catchup
nvdax,2026-07-22T21:30:00Z,30,afterhours,0,11.934364854502277,28.7860392816075,-16.851674427105223,-45.120260014002156,22.254509001309657,16.851674427105223,10.198238435403795,1,95.1639182138031,-88.51048222210167,73.73131048259651,1,p1a_catchup
nvdax,2026-07-22T21:30:00Z,60,afterhours,0,11.934364854502277,28.7860392816075,-16.851674427105223,-45.120260014002156,22.254509001309657,16.851674427105223,0.29161544100375636,1,86.68676921150364,-69.54347934339467,57.14166335519799,1,p1a_catchup
nvdax,2026-07-22T21:35:00Z,5,afterhours,0,5.912352363495188,49.10728843260159,-55.01964079609678,-104.59608085080063,26.939195021247006,55.01964079609678,46.56971100200025,1,40.022211853498746,-31.572282059402212,38.42600615179492,1,p1a_catchup
nvdax,2026-07-22T21:35:00Z,15,afterhours,0,5.912352363495188,49.10728843260159,-55.01964079609678,-104.59608085080063,26.939195021247006,55.01964079609678,8.208113788894522,1,59.47393007730284,-12.66240307010058,11.844132617602199,1,p1a_catchup
nvdax,2026-07-22T21:35:00Z,30,afterhours,0,5.912352363495188,49.10728843260159,-55.01964079609678,-104.59608085080063,26.939195021247006,55.01964079609678,10.430521741202625,1,68.07505096859678,-23.48593191370263,29.874124216702214,1,p1a_catchup
nvdax,2026-07-22T21:35:00Z,60,afterhours,0,5.912352363495188,49.10728843260159,-55.01964079609678,-104.59608085080063,26.939195021247006,55.01964079609678,4.117213948600096,1,53.53345747900029,-2.631030631503606,4.262271855397515,1,p1a_catchup
nvdax,2026-07-22T21:40:00Z,5,afterhours,0,0.9413717288975221,47.51108273089777,-46.56971100200025,-118.22043676150251,23.93734860584149,46.56971100200025,5.377508425103983,1,18.722962113004726,33.2242573140995,-34.54267647930109,0,xstock_reversion
nvdax,2026-07-22T21:40:00Z,15,afterhours,0,0.9413717288975221,47.51108273089777,-46.56971100200025,-118.22043676150251,23.93734860584149,46.56971100200025,3.1413973697969055,1,18.854617047399103,30.85649132439805,-33.69003637349266,0,xstock_reversion
nvdax,2026-07-22T21:40:00Z,30,afterhours,0,0.9413717288975221,47.51108273089777,-46.56971100200025,-118.22043676150251,23.93734860584149,46.56971100200025,2.422179519498968,1,31.87979326940038,17.112097252098835,-18.51984288859576,1,p1a_catchup
nvdax,2026-07-22T21:40:00Z,60,afterhours,0,0.9413717288975221,47.51108273089777,-46.56971100200025,-118.22043676150251,23.93734860584149,46.56971100200025,6.8040682591963275,1,16.13731302680499,23.62832971599893,-22.855177785192637,1,xstock_reversion
nvdax,2026-07-23T08:20:00Z,5,premarket,0,4.735718330799443,11.403191026397863,-16.138909357197306,-17.7639577507005,16.595042814253677,16.138909357197306,6.251704478401621,1,8.466253880898833,1.4209509978968526,-0.0,1,p1a_catchup
nvdax,2026-07-23T08:20:00Z,15,premarket,0,4.735718330799443,11.403191026397863,-16.138909357197306,-17.7639577507005,16.595042814253677,16.138909357197306,1.7986031789973822,1,8.79186269860277,5.548443479597154,0.4739448803015023,1,p1a_catchup
nvdax,2026-07-23T08:20:00Z,30,premarket,0,4.735718330799443,11.403191026397863,-16.138909357197306,-17.7639577507005,16.595042814253677,16.138909357197306,2.9372037126940143,1,10.072111468097944,9.004001601793377,-7.087535142096257,0,p1a_catchup
nvdax,2026-07-23T08:20:00Z,60,premarket,0,4.735718330799443,11.403191026397863,-16.138909357197306,-17.7639577507005,16.595042814253677,16.138909357197306,3.606493829604318,1,3.9997877823960692,8.532627745196919,-0.0,1,xstock_reversion
nvdax,2026-07-23T08:55:00Z,5,premarket,0,2.8385781337991745,15.100820788900293,17.939398922699468,34.077357769595196,11.659204611180453,17.939398922699468,8.50855063140088,1,11.323416023802935,-1.8925677325043466,5.197382526196392,1,p1a_catchup
nvdax,2026-07-23T08:55:00Z,15,premarket,0,2.8385781337991745,15.100820788900293,17.939398922699468,34.077357769595196,11.659204611180453,17.939398922699468,3.6642908973050226,1,11.443324203304073,10.160365616700417,-13.241903093597074,0,p1a_catchup
nvdax,2026-07-23T08:55:00Z,30,premarket,0,2.8385781337991745,15.100820788900293,17.939398922699468,34.077357769595196,11.659204611180453,17.939398922699468,1.9727747023967623,1,-9.896907365103402,29.809080990199632,-28.870976345398702,0,xstock_reversion
nvdax,2026-07-23T08:55:00Z,60,premarket,0,2.8385781337991745,15.100820788900293,17.939398922699468,34.077357769595196,11.659204611180453,17.939398922699468,1.9950888516984122,1,-18.408700732504002,38.34318850690188,-39.77843006230053,0,xstock_reversion
nvdax,2026-07-23T11:35:00Z,5,premarket,0,1.4324856801017916,21.273246253095124,-19.840760572993332,-36.622544924993505,15.963729586955616,19.840760572993332,0.7846907960029625,1,10.483077927796458,8.572991849193912,-12.797412354697002,0,p1a_catchup
nvdax,2026-07-23T11:35:00Z,15,premarket,0,1.4324856801017916,21.273246253095124,-19.840760572993332,-36.622544924993505,15.963729586955616,19.840760572993332,7.691513603802491,1,5.380554213898492,22.15171996289733,-19.996197864600163,0,xstock_reversion
nvdax,2026-07-23T11:35:00Z,30,premarket,0,1.4324856801017916,21.273246253095124,-19.840760572993332,-36.622544924993505,15.963729586955616,19.840760572993332,5.818809970197236,1,-9.537184291703582,23.559134894499678,-26.65272150330189,0,xstock_reversion
nvdax,2026-07-23T11:35:00Z,60,premarket,0,1.4324856801017916,21.273246253095124,-19.840760572993332,-36.622544924993505,15.963729586955616,19.840760572993332,9.456846667399432,1,38.7766481236973,-28.3927342181034,23.107265783304243,1,p1a_catchup
nvdax,2026-07-23T13:25:00Z,5,premarket,0,6.14994655970591,28.891986798598168,22.74204023889226,25.646229111799812,17.742694818471097,22.74204023889226,0.5227905012006318,1,14.44332643509405,7.775923302597576,-17.44096200130052,1,p1a_catchup
nvdax,2026-07-23T13:25:00Z,15,premarket,0,6.14994655970591,28.891986798598168,22.74204023889226,25.646229111799812,17.742694818471097,22.74204023889226,19.284045791598814,1,26.320553169796312,-22.862558722502868,10.49768670149831,1,p1a_catchup
nvdax,2026-07-23T13:25:00Z,30,premarket,0,6.14994655970591,28.891986798598168,22.74204023889226,25.646229111799812,17.742694818471097,22.74204023889226,21.548654307999016,1,23.312128722796643,20.97856582409463,-25.33522710840508,0,p1a_catchup
nvdax,2026-07-23T13:25:00Z,60,premarket,0,6.14994655970591,28.891986798598168,22.74204023889226,25.646229111799812,17.742694818471097,22.74204023889226,0.5393786079999074,1,-17.967851186702077,41.24927003359424,-42.29307129899773,0,xstock_reversion
nvdax,2026-07-23T13:40:00Z,5,regular,0,6.214925461298648,13.069120330300166,19.284045791598814,22.862558722502868,27.69936569682412,19.284045791598814,12.76187832529807,1,-10.301853053400478,42.34777717029736,-32.96155084989927,0,xstock_reversion
nvdax,2026-07-23T13:40:00Z,15,regular,0,6.214925461298648,13.069120330300166,19.284045791598814,22.862558722502868,27.69936569682412,19.284045791598814,21.548654307999016,0,-3.008424446999669,43.8411245465975,-35.83291380990339,0,persistent_or_wider
nvdax,2026-07-23T13:40:00Z,30,regular,0,6.214925461298648,13.069120330300166,19.284045791598814,22.862558722502868,27.69936569682412,19.284045791598814,2.2263769300945313,1,-23.389431176701336,44.89985389839468,-50.202108733703454,0,xstock_reversion
nvdax,2026-07-23T13:40:00Z,60,regular,0,6.214925461298648,13.069120330300166,19.284045791598814,22.862558722502868,27.69936569682412,19.284045791598814,11.287301997100485,1,-44.8915886630008,75.4629364517001,-70.3537324805037,0,xstock_reversion
nvdax,2026-07-23T13:50:00Z,5,regular,0,2.9159021462987766,19.454496336397398,22.370398482696174,68.7045741153991,41.76115548753778,22.370398482696174,21.548654307999016,1,-19.01307280069986,62.93212559139505,-58.22293816970081,0,xstock_reversion
nvdax,2026-07-23T13:50:00Z,15,regular,0,2.9159021462987766,19.454496336397398,22.370398482696174,68.7045741153991,41.76115548753778,22.370398482696174,0.6776871427049969,1,-35.87451853669599,58.92260416209716,-55.83007845159749,0,xstock_reversion
nvdax,2026-07-23T13:50:00Z,30,regular,0,2.9159021462987766,19.454496336397398,22.370398482696174,68.7045741153991,41.76115548753778,22.370398482696174,0.35642137610203406,1,-64.04215694939985,86.056134055994,-76.18766029639623,0,xstock_reversion
nvdax,2026-07-23T13:50:00Z,60,regular,0,2.9159021462987766,19.454496336397398,22.370398482696174,68.7045741153991,41.76115548753778,22.370398482696174,17.984331175400214,1,-93.87212633780173,134.22685599589812,-134.3748886669971,0,xstock_reversion
nvdax,2026-07-23T13:55:00Z,5,regular,0,1.793285275395462,19.755369032603554,-21.548654307999016,-43.8411245465975,49.67330427939225,21.548654307999016,1.4039708567015197,1,14.258651843297443,5.886031608000053,-2.87136296000412,1,p1a_catchup
nvdax,2026-07-23T13:55:00Z,15,regular,0,1.793285275395462,19.755369032603554,-21.548654307999016,-43.8411245465975,49.67330427939225,21.548654307999016,2.2263769300945313,1,20.381006729701667,-1.058729351797183,14.369194923800066,1,p1a_catchup
nvdax,2026-07-23T13:55:00Z,30,regular,0,1.793285275395462,19.755369032603554,-21.548654307999016,-43.8411245465975,49.67330427939225,21.548654307999016,0.5393786079999074,1,41.27997990949872,-20.270704209499613,16.957844190592652,1,p1a_catchup
nvdax,2026-07-23T13:55:00Z,60,regular,0,1.793285275395462,19.755369032603554,-21.548654307999016,-43.8411245465975,49.67330427939225,21.548654307999016,1.109395568796856,1,89.4938014640001,-69.05454272479794,78.08128849919882,1,p1a_catchup
nvdax,2026-07-23T14:35:00Z,5,regular,0,1.3213638645037662,20.41575310899546,21.737116973499226,28.152991182999187,28.81914009635989,21.737116973499226,11.287301997100485,1,-3.6263756529031355,36.65079462350285,-36.43515224910132,0,xstock_reversion
nvdax,2026-07-23T14:35:00Z,15,regular,0,1.3213638645037662,20.41575310899546,21.737116973499226,28.152991182999187,28.81914009635989,21.737116973499226,17.984331175400214,1,-36.60226497400387,76.32371312290331,-78.0662840757973,0,xstock_reversion
nvdax,2026-07-23T14:35:00Z,30,regular,0,1.3213638645037662,20.41575310899546,21.737116973499226,28.152991182999187,28.81914009635989,21.737116973499226,1.3853636585992035,1,-75.0963686581052,98.21884929020364,-104.86915426339394,0,xstock_reversion
nvdax,2026-07-23T14:35:00Z,60,regular,0,1.3213638645037662,20.41575310899546,21.737116973499226,28.152991182999187,28.81914009635989,21.737116973499226,15.035267572898192,1,-71.48694185589832,78.18879125649936,-80.23681550279882,0,xstock_reversion
nvdax,2026-07-23T16:00:00Z,5,regular,0,6.109217947800616,27.660735424595018,21.5515174767944,80.92501075910086,21.542080146148287,21.5515174767944,6.657363212196898,1,7.534471723493752,20.67440896549755,-27.743249402796266,0,xstock_reversion
nvdax,2026-07-23T16:00:00Z,15,regular,0,6.109217947800616,27.660735424595018,21.5515174767944,80.92501075910086,21.542080146148287,21.5515174767944,2.7282783389015464,1,1.1198992077954273,23.15989660790052,-19.359544324597522,0,xstock_reversion
nvdax,2026-07-23T16:00:00Z,30,regular,0,6.109217947800616,27.660735424595018,21.5515174767944,80.92501075910086,21.542080146148287,21.5515174767944,0.7380096971942862,1,40.39913756399116,-18.109610390002473,16.34679424020291,1,p1a_catchup
nvdax,2026-07-23T16:00:00Z,60,regular,0,6.109217947800616,27.660735424595018,21.5515174767944,80.92501075910086,21.542080146148287,21.5515174767944,5.0424026903961305,1,42.94684493059364,-16.35292476340311,15.43112586600337,1,p1a_catchup
nvdax,2026-07-23T19:55:00Z,5,regular,0,3.1257869688960938,16.73701343509748,19.862800403993575,86.50976948889166,28.041379050543192,19.862800403993575,41.76537507230016,0,29.660515622698114,-51.5630902910047,61.14474003640069,1,persistent_or_wider
nvdax,2026-07-23T19:55:00Z,15,regular,0,3.1257869688960938,16.73701343509748,19.862800403993575,86.50976948889166,28.041379050543192,19.862800403993575,7.670565416697528,1,51.94461385669591,-39.75237886939986,38.73656836759665,1,p1a_catchup
nvdax,2026-07-23T19:55:00Z,30,regular,0,3.1257869688960938,16.73701343509748,19.862800403993575,86.50976948889166,28.041379050543192,19.862800403993575,30.498073555396132,0,53.901856739297926,-64.53712989070048,26.318952864299305,1,persistent_or_wider
nvdax,2026-07-23T19:55:00Z,60,regular,0,3.1257869688960938,16.73701343509748,19.862800403993575,86.50976948889166,28.041379050543192,19.862800403993575,4.115415897700814,1,41.19707702829878,-17.21886072660439,21.06070087280365,1,p1a_catchup
nvdax,2026-07-23T20:00:00Z,5,afterhours,0,6.455862776499899,48.22123784880006,41.76537507230016,125.46877220129815,30.282652707516853,41.76537507230016,4.90466716220439,1,20.452574340801277,26.217467893703272,-30.52563660060237,0,xstock_reversion
nvdax,2026-07-23T20:00:00Z,15,afterhours,0,6.455862776499899,48.22123784880006,41.76537507230016,125.46877220129815,30.282652707516853,41.76537507230016,7.6090348036927935,1,20.816478934095883,28.55793094189707,-37.97562608560234,0,xstock_reversion
nvdax,2026-07-23T20:00:00Z,30,afterhours,0,6.455862776499899,48.22123784880006,41.76537507230016,125.46877220129815,30.282652707516853,41.76537507230016,0.1712789129015846,1,19.54835283440204,22.045743324996536,-33.392198179704735,0,xstock_reversion
nvdax,2026-07-23T20:00:00Z,60,afterhours,0,6.455862776499899,48.22123784880006,41.76537507230016,125.46877220129815,30.282652707516853,41.76537507230016,6.051153754400573,1,12.44384751429628,23.270373803603306,-44.388302842302,0,xstock_reversion
nvdax,2026-07-23T20:25:00Z,5,afterhours,1,41.34396399529727,10.84589043990114,30.498073555396132,24.78475102130062,31.59850223022808,30.498073555396132,0.1712789129015846,1,-4.692988282197774,35.01978292469232,1.4335889923966505,0,xstock_reversion
nvdax,2026-07-23T20:25:00Z,15,afterhours,1,41.34396399529727,10.84589043990114,30.498073555396132,24.78475102130062,31.59850223022808,30.498073555396132,14.287022400596427,1,-9.708489567703538,54.4935855236961,-14.347204756699483,0,xstock_reversion
nvdax,2026-07-23T20:25:00Z,30,afterhours,1,41.34396399529727,10.84589043990114,30.498073555396132,24.78475102130062,31.59850223022808,30.498073555396132,4.115415897700814,1,-12.704779710999148,47.318269164096094,-5.258251991495655,0,xstock_reversion
nvdax,2026-07-23T20:25:00Z,60,afterhours,1,41.34396399529727,10.84589043990114,30.498073555396132,24.78475102130062,31.59850223022808,30.498073555396132,2.1719902272021585,1,-38.042137566201006,70.7122013487993,-49.34496322979598,0,xstock_reversion
nvdax,2026-07-23T20:35:00Z,5,afterhours,1,27.0261703063035,9.569728052900572,17.456442253402926,30.129432731600403,28.076380315556204,17.456442253402926,14.287022400596427,1,-9.86591617309962,41.609380827098974,-15.780793749096134,0,xstock_reversion
nvdax,2026-07-23T20:35:00Z,15,afterhours,1,27.0261703063035,9.569728052900572,17.456442253402926,30.129432731600403,28.076380315556204,17.456442253402926,26.184981349395287,0,-8.042077219494459,-0.6864618764979014,-5.735589488997661,0,persistent_or_wider
nvdax,2026-07-23T20:35:00Z,30,afterhours,1,27.0261703063035,9.569728052900572,17.456442253402926,30.129432731600403,28.076380315556204,17.456442253402926,2.430386173699617,1,-16.698455488599606,36.58528391570215,-10.996104662597261,0,xstock_reversion
nvdax,2026-07-23T20:35:00Z,60,afterhours,1,27.0261703063035,9.569728052900572,17.456442253402926,30.129432731600403,28.076380315556204,17.456442253402926,0.53452119139763,1,-53.918317232595214,70.84023829460051,-47.13403344919875,0,xstock_reversion
nvdax,2026-07-23T20:50:00Z,5,afterhours,1,33.44822167179906,7.2632403224037745,26.184981349395287,0.6864618764979014,36.29137302857122,26.184981349395287,4.115415897700814,1,-4.8201290969007715,35.12052634399687,-0.9562514948946443,0,xstock_reversion
nvdax,2026-07-23T20:50:00Z,15,afterhours,1,33.44822167179906,7.2632403224037745,26.184981349395287,0.6864618764979014,36.29137302857122,26.184981349395287,2.430386173699617,1,-8.656378269105147,37.27174579220005,-5.2605151735996,0,xstock_reversion
nvdax,2026-07-23T20:50:00Z,30,afterhours,1,33.44822167179906,7.2632403224037745,26.184981349395287,0.6864618764979014,36.29137302857122,26.184981349395287,3.4751105802044435,1,-23.931022179999317,53.59111410959905,-28.890420906995118,0,xstock_reversion
nvdax,2026-07-23T20:50:00Z,60,afterhours,1,33.44822167179906,7.2632403224037745,26.184981349395287,0.6864618764979014,36.29137302857122,26.184981349395287,2.3983274413996725,1,-44.361171950999534,72.9444807417945,-39.76148379639888,0,xstock_reversion
nvdax,2026-07-24T13:25:00Z,5,premarket,0,3.3711813687009595,18.88957607690145,-22.260757445602408,-28.88959687850523,13.654535976749221,22.260757445602408,7.178616282699224,1,-1.0028689278041014,30.442242656105734,-31.765921691802035,0,xstock_reversion
nvdax,2026-07-24T13:25:00Z,15,premarket,0,3.3711813687009595,18.88957607690145,-22.260757445602408,-28.88959687850523,13.654535976749221,22.260757445602408,6.772347618602126,1,5.193467253601369,23.839637810603165,-17.51742858489891,0,xstock_reversion
nvdax,2026-07-24T13:25:00Z,30,premarket,0,3.3711813687009595,18.88957607690145,-22.260757445602408,-28.88959687850523,13.654535976749221,22.260757445602408,5.543366311302478,1,77.05978986369821,-60.34239872939828,55.88765885479852,1,p1a_catchup
nvdax,2026-07-24T13:25:00Z,60,premarket,0,3.3711813687009595,18.88957607690145,-22.260757445602408,-28.88959687850523,13.654535976749221,22.260757445602408,5.846866891099367,1,-8.471469898401196,36.57909423510297,-32.24644834910251,0,xstock_reversion
nvdax,2026-07-24T13:50:00Z,5,regular,0,2.183924775494006,46.07144041600009,-43.88751564050608,-62.1596835779048,55.901669364944304,43.88751564050608,5.543366311302478,1,36.52348887260182,1.8206604566017859,-11.830506475396518,1,p1a_catchup
nvdax,2026-07-24T13:50:00Z,15,regular,0,2.183924775494006,46.07144041600009,-43.88751564050608,-62.1596835779048,55.901669364944304,43.88751564050608,17.556724915097632,1,-23.50742778990167,84.95166834550538,-99.48408702199707,0,xstock_reversion
nvdax,2026-07-24T13:50:00Z,30,regular,0,2.183924775494006,46.07144041600009,-43.88751564050608,-62.1596835779048,55.901669364944304,43.88751564050608,15.344486683899206,1,-32.99778532429798,92.22978764870327,-91.31159900610086,0,xstock_reversion
nvdax,2026-07-24T13:50:00Z,60,regular,0,2.183924775494006,46.07144041600009,-43.88751564050608,-62.1596835779048,55.901669364944304,43.88751564050608,2.056031048605078,1,-44.09884547389886,85.93033006579986,-92.75428818130038,0,xstock_reversion
nvdax,2026-07-24T14:55:00Z,5,regular,0,7.963437721398847,35.22635377100514,27.26291604960629,82.66257050379977,32.86161295729409,27.26291604960629,2.5662563982020714,1,18.11718811130625,11.711984336502113,-23.17775018799928,0,p1a_catchup
nvdax,2026-07-24T14:55:00Z,15,regular,0,7.963437721398847,35.22635377100514,27.26291604960629,82.66257050379977,32.86161295729409,27.26291604960629,19.680879752197455,1,28.018019322306742,-20.435983024897908,11.211164630600123,1,p1a_catchup
nvdax,2026-07-24T14:55:00Z,30,regular,0,7.963437721398847,35.22635377100514,27.26291604960629,82.66257050379977,32.86161295729409,27.26291604960629,7.25837553589237,1,28.608797225100346,5.912494360398313,-13.613405333803286,1,p1a_catchup
nvdax,2026-07-24T14:55:00Z,60,regular,0,7.963437721398847,35.22635377100514,27.26291604960629,82.66257050379977,32.86161295729409,27.26291604960629,10.767967611498008,1,60.45691609890547,-43.961967660797185,32.69191523820325,1,p1a_catchup
nvdax,2026-07-24T15:10:00Z,5,regular,0,1.2613806728989374,18.419499079298518,19.680879752197455,20.435983024897908,36.899154236502255,19.680879752197455,4.144636890499598,1,5.433202365194845,18.39231427750221,-15.746907555600487,0,xstock_reversion
nvdax,2026-07-24T15:10:00Z,15,regular,0,1.2613806728989374,18.419499079298518,19.680879752197455,20.435983024897908,36.899154236502255,19.680879752197455,7.25837553589237,1,0.5907779027936044,26.34847738529622,-24.82456996440341,0,xstock_reversion
nvdax,2026-07-24T15:10:00Z,30,regular,0,1.2613806728989374,18.419499079298518,19.680879752197455,20.435983024897908,36.899154236502255,19.680879752197455,4.249519449395223,1,2.0374851182936027,21.892914083299075,-23.86863840840192,0,xstock_reversion
nvdax,2026-07-24T15:10:00Z,60,regular,0,1.2613806728989374,18.419499079298518,19.680879752197455,20.435983024897908,36.899154236502255,19.680879752197455,7.533555979000184,1,83.05980155359549,-55.84536582239785,54.208406639197904,1,p1a_catchup
nvdax,2026-07-24T19:55:00Z,5,regular,0,0.1163275029991695,19.41430021540569,19.29797271240652,57.66786716070449,17.896596623055505,19.29797271240652,3.8173038026023676,1,13.78718344399843,1.693485465805722,1.9470466190973923,1,p1a_catchup
nvdax,2026-07-24T19:55:00Z,15,regular,0,0.1163275029991695,19.41430021540569,19.29797271240652,57.66786716070449,17.896596623055505,19.29797271240652,1.6153415095043755,1,18.52491805220069,-0.8422868492985458,0.9663236225954108,1,p1a_catchup
nvdax,2026-07-24T19:55:00Z,30,regular,0,0.1163275029991695,19.41430021540569,19.29797271240652,57.66786716070449,17.896596623055505,19.29797271240652,7.314175204404805,1,12.899186021106956,13.712961895704368,-9.184734650906634,1,xstock_reversion
nvdax,2026-07-24T19:55:00Z,60,regular,0,0.1163275029991695,19.41430021540569,19.29797271240652,57.66786716070449,17.896596623055505,19.29797271240652,0.9181889517062558,1,17.328707067099103,1.0510766936011606,1.932553875994003,1,p1a_catchup
nvdax,2026-07-24T22:30:00Z,5,afterhours,1,33.47250194210005,13.589111970500056,-19.883389971599996,-30.572083778794834,10.707551414804774,19.883389971599996,7.191568086497568,1,-8.8166957571989,35.891653815296465,0.24172981859749143,0,xstock_reversion
nvdax,2026-07-24T22:30:00Z,15,afterhours,1,33.47250194210005,13.589111970500056,-19.883389971599996,-30.572083778794834,10.707551414804774,19.883389971599996,0.0777906585991417,1,-10.405354098699249,30.210953411700103,4.579355793197237,0,xstock_reversion
nvdax,2026-07-24T22:30:00Z,30,afterhours,1,33.47250194210005,13.589111970500056,-19.883389971599996,-30.572083778794834,10.707551414804774,19.883389971599996,1.7059186359968947,1,-9.347761109097519,30.93706971669441,2.175778756097202,0,xstock_reversion
nvdax,2026-07-24T22:30:00Z,60,afterhours,1,33.47250194210005,13.589111970500056,-19.883389971599996,-30.572083778794834,10.707551414804774,19.883389971599996,3.910394917001625,1,-2.0182167815008256,17.991211836099197,14.272066671106032,0,xstock_reversion
nvdax,2026-07-27T13:30:00Z,5,regular,0,1.8626307463964764,50.48428758789747,-48.62165684150099,-124.20659989360594,43.46528022151493,48.62165684150099,25.084437340900934,1,67.20816646289762,-43.67094696229756,48.23747994509908,1,p1a_catchup
nvdax,2026-07-27T13:30:00Z,15,regular,0,1.8626307463964764,50.48428758789747,-48.62165684150099,-124.20659989360594,43.46528022151493,48.62165684150099,0.5914112719995757,1,194.06677767690007,-144.8537095633995,144.67639529730292,1,p1a_catchup
nvdax,2026-07-27T13:30:00Z,30,regular,0,1.8626307463964764,50.48428758789747,-48.62165684150099,-124.20659989360594,43.46528022151493,48.62165684150099,2.2110239680017685,1,235.2638150887998,-184.43113427929703,185.94005909959856,1,p1a_catchup
nvdax,2026-07-27T13:30:00Z,60,regular,0,1.8626307463964764,50.48428758789747,-48.62165684150099,-124.20659989360594,43.46528022151493,48.62165684150099,4.315990462693264,1,380.58200235790093,-336.27633597909323,344.41407101430065,1,p1a_catchup
nvdax,2026-07-27T13:35:00Z,5,regular,0,6.429163729197995,31.51360107009893,-25.084437340900934,-164.7598012404039,44.23899114042991,25.084437340900934,46.92540813850066,0,87.15399184749728,-108.994962645097,121.12723797730318,1,persistent_or_wider
nvdax,2026-07-27T13:35:00Z,15,regular,0,6.429163729197995,31.51360107009893,-25.084437340900934,-164.7598012404039,44.23899114042991,25.084437340900934,10.977385342298973,1,143.3595958071976,-129.25254380859565,114.70240826129796,1,p1a_catchup
nvdax,2026-07-27T13:35:00Z,30,regular,0,6.429163729197995,31.51360107009893,-25.084437340900934,-164.7598012404039,44.23899114042991,25.084437340900934,12.809227775791854,1,150.3103442579956,-112.41667914130282,111.45696771859726,1,p1a_catchup
nvdax,2026-07-27T13:35:00Z,60,regular,0,6.429163729197995,31.51360107009893,-25.084437340900934,-164.7598012404039,44.23899114042991,25.084437340900934,4.521023817307679,1,315.7233350936028,-286.11787393539424,277.8300372105047,1,p1a_catchup
nvdax,2026-07-27T13:40:00Z,5,regular,0,18.561439061404172,65.48684719990483,-46.92540813850066,-262.03377487649783,51.73877537297574,46.92540813850066,0.5914112719995757,1,39.704619366505156,7.812200043995077,-24.688322625099346,1,p1a_catchup
nvdax,2026-07-27T13:40:00Z,15,regular,0,18.561439061404172,65.48684719990483,-46.92540813850066,-262.03377487649783,51.73877537297574,46.92540813850066,10.618806900692945,1,73.28126593340478,-36.97466469559707,25.245038652395024,1,p1a_catchup
nvdax,2026-07-27T13:40:00Z,30,regular,0,18.561439061404172,65.48684719990483,-46.92540813850066,-262.03377487649783,51.73877537297574,46.92540813850066,21.831922397996806,1,90.08062446570264,-64.98713872519879,56.493474047094594,1,p1a_catchup
nvdax,2026-07-27T13:40:00Z,60,regular,0,18.561439061404172,65.48684719990483,-46.92540813850066,-262.03377487649783,51.73877537297574,46.92540813850066,19.977909198800603,1,253.41571665499885,-226.4682177152988,229.7859601354979,1,p1a_catchup
nvdax,2026-07-27T14:10:00Z,5,regular,0,10.067774383299977,31.899696781296782,-21.831922397996806,-28.01247402960172,31.765735849818384,21.831922397996806,0.46041613949832083,1,20.41976601470097,0.9517402437975164,5.744046926006163,1,p1a_catchup
nvdax,2026-07-27T14:10:00Z,15,regular,0,10.067774383299977,31.899696781296782,-21.831922397996806,-28.01247402960172,31.765735849818384,21.831922397996806,23.287551704402887,0,111.23181446899721,-112.6874437754033,109.50405674760688,1,persistent_or_wider
nvdax,2026-07-27T14:10:00Z,30,regular,0,10.067774383299977,31.899696781296782,-21.831922397996806,-28.01247402960172,31.765735849818384,21.831922397996806,19.977909198800603,1,163.3350921892962,-161.4810789901,173.2924860884033,1,p1a_catchup
nvdax,2026-07-27T14:10:00Z,60,regular,0,10.067774383299977,31.899696781296782,-21.831922397996806,-28.01247402960172,31.765735849818384,21.831922397996806,6.260436058500574,1,184.97041126489756,-169.39892492540133,161.6642838629989,1,p1a_catchup
nvdax,2026-07-27T14:20:00Z,5,regular,0,8.440272829792761,16.697720576805963,-25.137993406598724,-132.1939168021924,39.514496776941606,25.137993406598724,23.287551704402887,1,43.909390904399714,-42.05894920220388,57.3836093875002,1,p1a_catchup
nvdax,2026-07-27T14:20:00Z,15,regular,0,8.440272829792761,16.697720576805963,-25.137993406598724,-132.1939168021924,39.514496776941606,25.137993406598724,4.521023817307679,1,71.16629521580542,-41.50727799189902,48.08887782600024,1,p1a_catchup
nvdax,2026-07-27T14:20:00Z,30,regular,0,8.440272829792761,16.697720576805963,-25.137993406598724,-132.1939168021924,39.514496776941606,25.137993406598724,9.235852284996682,1,67.1978936335016,-32.82404794190619,41.56260936469813,1,p1a_catchup
nvdax,2026-07-27T14:20:00Z,60,regular,0,8.440272829792761,16.697720576805963,-25.137993406598724,-132.1939168021924,39.514496776941606,25.137993406598724,8.444401350597985,1,150.84637362810406,-134.15278157210332,138.893113718499,1,p1a_catchup
nvdax,2026-07-27T14:25:00Z,5,regular,0,6.884387355503563,30.17193905990645,-23.287551704402887,-112.6874437754033,40.53387182144392,23.287551704402887,4.315990462693264,1,24.907405112806202,-5.93584387109658,9.05182229719692,1,p1a_catchup
nvdax,2026-07-27T14:25:00Z,15,regular,0,6.884387355503563,30.17193905990645,-23.287551704402887,-112.6874437754033,40.53387182144392,23.287551704402887,19.977909198800603,1,52.10327772029899,-48.79363521469671,63.78842934079643,1,p1a_catchup
nvdax,2026-07-27T14:25:00Z,30,regular,0,6.884387355503563,30.17193905990645,-23.287551704402887,-112.6874437754033,40.53387182144392,23.287551704402887,11.290090947007059,1,1.4790361377059469,33.098606513704,-41.633286461006946,0,xstock_reversion
nvdax,2026-07-27T14:25:00Z,60,regular,0,6.884387355503563,30.17193905990645,-23.287551704402887,-112.6874437754033,40.53387182144392,23.287551704402887,8.17705539379432,1,121.66225094640382,-106.55175463579525,94.94781059139257,1,p1a_catchup
nvdax,2026-07-27T14:40:00Z,5,regular,0,21.879181481603283,41.857090680403886,-19.977909198800603,-48.79363521469671,31.811473556599807,19.977909198800603,22.332061591407992,0,-6.267971022992924,48.57794181320152,-63.03442368539969,0,persistent_or_wider
nvdax,2026-07-27T14:40:00Z,15,regular,0,21.879181481603283,41.857090680403886,-19.977909198800603,-48.79363521469671,31.811473556599807,19.977909198800603,11.290090947007059,1,-50.624241582593044,81.8922417284007,-105.42171580180337,0,xstock_reversion
nvdax,2026-07-27T14:40:00Z,30,regular,0,21.879181481603283,41.857090680403886,-19.977909198800603,-48.79363521469671,31.811473556599807,19.977909198800603,6.260436058500574,1,21.635319075601345,-7.917845935301315,-11.628202225404394,1,p1a_catchup
nvdax,2026-07-27T14:40:00Z,60,regular,0,21.879181481603283,41.857090680403886,-19.977909198800603,-48.79363521469671,31.811473556599807,19.977909198800603,5.82382788629765,1,94.3570118598025,-68.55527477470424,43.09149655449929,1,p1a_catchup
nvdax,2026-07-27T14:45:00Z,5,regular,0,7.4226996094051145,14.909361982002878,22.332061591407992,5.720150469601393,43.827603547872066,22.332061591407992,9.235852284996682,1,22.546803968204188,-9.450594661792877,16.575005678198806,1,p1a_catchup
nvdax,2026-07-27T14:45:00Z,15,regular,0,7.4226996094051145,14.909361982002878,22.332061591407992,5.720150469601393,43.827603547872066,22.332061591407992,16.071405556097318,1,29.20414128610105,9.199325861404262,-17.609624434395954,0,p1a_catchup
nvdax,2026-07-27T14:45:00Z,30,regular,0,7.4226996094051145,14.909361982002878,22.332061591407992,5.720150469601393,43.827603547872066,22.332061591407992,5.4287528597996015,1,-41.0508051727998,68.81161962400739,-68.68150551869512,0,xstock_reversion
nvdax,2026-07-27T14:45:00Z,60,regular,0,7.4226996094051145,14.909361982002878,22.332061591407992,5.720150469601393,43.827603547872066,22.332061591407992,4.644759327101511,1,-101.49341996149808,128.47024088000757,-119.3440207917984,0,xstock_reversion
nvdax,2026-07-27T15:55:00Z,5,regular,0,5.863708609004092,25.57756312040027,19.71385451139618,36.76462101830147,31.149057604988524,19.71385451139618,14.566816859300502,1,36.838219871997424,-31.691182219901748,24.262041824592018,1,p1a_catchup
nvdax,2026-07-27T15:55:00Z,15,regular,0,5.863708609004092,25.57756312040027,19.71385451139618,36.76462101830147,31.149057604988524,19.71385451139618,9.56520268349692,1,41.113452629595315,-11.834395434702216,4.553618940796866,1,p1a_catchup
nvdax,2026-07-27T15:55:00Z,30,regular,0,5.863708609004092,25.57756312040027,19.71385451139618,36.76462101830147,31.149057604988524,19.71385451139618,10.571348748600329,1,29.49233350249436,-20.34982773969851,9.105165280791638,1,p1a_catchup
nvdax,2026-07-27T15:55:00Z,60,regular,0,5.863708609004092,25.57756312040027,19.71385451139618,36.76462101830147,31.149057604988524,19.71385451139618,7.380302937205485,1,-24.38144810540166,51.47560555400332,-64.72826693480371,0,xstock_reversion
nvdax,2026-07-27T19:35:00Z,5,regular,0,0.7252640313026859,17.502701692801992,-18.227965724104678,-57.05709090130462,22.616482942878935,18.227965724104678,1.8963911078984097,1,13.573338039405414,2.7582365768008543,0.5081171720000555,1,p1a_catchup
nvdax,2026-07-27T19:35:00Z,15,regular,0,0.7252640313026859,17.502701692801992,-18.227965724104678,-57.05709090130462,22.616482942878935,18.227965724104678,3.0903209760957395,1,3.8393700226002636,17.478916677600154,-14.724178233196383,0,xstock_reversion
nvdax,2026-07-27T19:35:00Z,30,regular,0,0.7252640313026859,17.502701692801992,-18.227965724104678,-57.05709090130462,22.616482942878935,18.227965724104678,0.3177956782973723,1,28.367926154304612,-10.457756108497307,9.912944829100212,1,p1a_catchup
nvdax,2026-07-27T19:35:00Z,60,regular,0,0.7252640313026859,17.502701692801992,-18.227965724104678,-57.05709090130462,22.616482942878935,18.227965724104678,4.361201052400787,1,15.148593957103884,7.440572819401581,-11.852127076794616,0,p1a_catchup
nvdax,2026-07-27T23:45:00Z,5,afterhours,1,28.01032150010485,0.03459959009965985,-28.04492109020451,-46.353507981997666,15.188746981051287,28.04492109020451,6.374303687604055,1,-2.512409265493787,36.93163404330235,-7.6462346021966,0,xstock_reversion
nvdax,2026-07-28T08:15:00Z,5,premarket,0,3.352763668500458,26.203249451102195,29.556013119602653,37.21424238589677,24.886172970107516,29.556013119602653,13.915934702701804,1,19.237894953700874,-3.597816536800025,8.233841552103272,1,p1a_catchup
nvdax,2026-07-28T08:15:00Z,15,premarket,0,3.352763668500458,26.203249451102195,29.556013119602653,37.21424238589677,24.886172970107516,29.556013119602653,10.606615503903072,1,34.069211129699184,-15.119813513999603,13.37655187369613,1,p1a_catchup
nvdax,2026-07-28T08:15:00Z,30,premarket,0,3.352763668500458,26.203249451102195,29.556013119602653,37.21424238589677,24.886172970107516,29.556013119602653,3.497423783906939,1,53.61896751030493,-20.565530606795335,21.59939127220234,1,p1a_catchup
nvdax,2026-07-28T08:15:00Z,60,premarket,0,3.352763668500458,26.203249451102195,29.556013119602653,37.21424238589677,24.886172970107516,29.556013119602653,1.8394563091028715,1,29.076939755805498,2.318529672900027,0.5148137663013586,1,p1a_catchup
nvdax,2026-07-28T09:25:00Z,5,premarket,0,3.7022903330985457,13.201282942798542,16.903573275897088,22.94914145140048,9.138040094940106,16.903573275897088,0.3978500795032147,1,6.0733936819001855,11.228029673500117,-8.735644552304578,0,xstock_reversion
nvdax,2026-07-28T09:25:00Z,15,premarket,0,3.7022903330985457,13.201282942798542,16.903573275897088,22.94914145140048,9.138040094940106,16.903573275897088,2.667150083404124,1,6.367028124900642,13.20369523440057,-9.763869323204943,0,xstock_reversion
nvdax,2026-07-28T09:25:00Z,30,premarket,0,3.7022903330985457,13.201282942798542,16.903573275897088,22.94914145140048,9.138040094940106,16.903573275897088,5.326406895900249,1,4.0599630447957225,7.517203335201117,-8.735644552304578,0,xstock_reversion
nvdax,2026-07-28T09:25:00Z,60,premarket,0,3.7022903330985457,13.201282942798542,16.903573275897088,22.94914145140048,9.138040094940106,16.903573275897088,4.227167477903748,1,4.612128764494017,8.064277033499323,-4.428531942100022,1,xstock_reversion
nvdax,2026-07-28T11:15:00Z,5,premarket,0,4.261616924097211,22.18424599349511,17.9226290693979,32.497051958104706,13.684750707084412,17.9226290693979,13.686425550893944,1,17.214319757199448,-12.978116238695492,5.637486199905339,1,p1a_catchup
nvdax,2026-07-28T11:15:00Z,15,premarket,0,4.261616924097211,22.18424599349511,17.9226290693979,32.497051958104706,13.684750707084412,17.9226290693979,10.579931099599094,1,10.27126802929601,18.231292139700983,-34.44272777549884,0,xstock_reversion
nvdax,2026-07-28T11:15:00Z,30,premarket,0,4.261616924097211,22.18424599349511,17.9226290693979,32.497051958104706,13.684750707084412,17.9226290693979,17.94639185860092,0,2.0285189197988274,-2.0522817090018464,-2.0577815903966012,1,persistent_or_wider
nvdax,2026-07-28T11:15:00Z,60,premarket,0,4.261616924097211,22.18424599349511,17.9226290693979,32.497051958104706,13.684750707084412,17.9226290693979,2.900958818896626,1,60.75648668799616,-45.734816437494885,41.470644582704,1,p1a_catchup
nvdax,2026-07-28T11:45:00Z,5,premarket,0,0.15155362469876366,18.097945483299682,17.94639185860092,20.28357384870283,17.098432709593418,17.94639185860092,7.250164557595085,1,12.132019731501131,-1.4357924304952974,2.565747287999187,1,p1a_catchup
nvdax,2026-07-28T11:45:00Z,15,premarket,0,0.15155362469876366,18.097945483299682,17.94639185860092,20.28357384870283,17.098432709593418,17.94639185860092,11.029278998195835,1,47.02466105920067,-40.107548198795584,40.973168717002295,1,p1a_catchup
nvdax,2026-07-28T11:45:00Z,30,premarket,0,0.15155362469876366,18.097945483299682,17.94639185860092,20.28357384870283,17.098432709593418,17.94639185860092,2.900958818896626,1,58.72796776819733,-43.68253472849304,43.5284261731006,1,p1a_catchup
nvdax,2026-07-28T11:45:00Z,60,premarket,0,0.15155362469876366,18.097945483299682,17.94639185860092,20.28357384870283,17.098432709593418,17.94639185860092,8.7504207518041,1,63.554665150897804,-36.857852540492786,36.781132501895186,1,p1a_catchup
nvdax,2026-07-28T11:55:00Z,5,premarket,0,5.88244235020241,23.45382095199966,29.33626330220207,69.23457318720239,20.94719949288407,29.33626330220207,11.029278998195835,1,16.519842359903336,1.787141944102899,5.112474549004986,1,p1a_catchup
nvdax,2026-07-28T11:55:00Z,15,premarket,0,5.88244235020241,23.45382095199966,29.33626330220207,69.23457318720239,20.94719949288407,29.33626330220207,5.1009040857952215,1,30.859496493800265,3.577670894197027,-1.1302096089949032,1,p1a_catchup
nvdax,2026-07-28T11:55:00Z,30,premarket,0,5.88244235020241,23.45382095199966,29.33626330220207,69.23457318720239,20.94719949288407,29.33626330220207,4.16523962360138,1,30.789252659300104,-5.6182289806994135,13.287001137198828,1,p1a_catchup
nvdax,2026-07-28T11:55:00Z,60,premarket,0,5.88244235020241,23.45382095199966,29.33626330220207,69.23457318720239,20.94719949288407,29.33626330220207,3.9288860486053068,1,25.851563558703106,7.413585792104271,-5.1150896255958145,1,p1a_catchup
nvdax,2026-07-28T13:25:00Z,5,premarket,0,0.27011919070396573,33.69259503140043,-33.422475840696464,-47.514906482497565,23.55468013698427,33.422475840696464,23.04677048680759,1,48.00850259659484,-37.63279724270596,34.9934355806969,1,p1a_catchup
nvdax,2026-07-28T13:25:00Z,15,premarket,0,0.27011919070396573,33.69259503140043,-33.422475840696464,-47.514906482497565,23.55468013698427,33.422475840696464,4.212333686606229,1,65.71335425629599,-36.50321210220575,31.85861591919803,1,p1a_catchup
nvdax,2026-07-28T13:25:00Z,30,premarket,0,0.27011919070396573,33.69259503140043,-33.422475840696464,-47.514906482497565,23.55468013698427,33.422475840696464,2.1242439223989606,1,102.91210281979879,-67.36538305670337,66.40096459999967,1,p1a_catchup
nvdax,2026-07-28T13:25:00Z,60,premarket,0,0.27011919070396573,33.69259503140043,-33.422475840696464,-47.514906482497565,23.55468013698427,33.422475840696464,13.882393077002675,1,93.33904733759724,-46.0341784198981,42.67248962669612,1,p1a_catchup
nvdax,2026-07-28T13:30:00Z,5,regular,0,2.3692424713050997,20.67752801550249,-23.04677048680759,-95.42511468460191,26.562240308069352,23.04677048680759,1.149149196306709,1,11.076075843305944,13.119843839808354,-8.70197789460292,1,xstock_reversion
nvdax,2026-07-28T13:30:00Z,15,regular,0,2.3692424713050997,20.67752801550249,-23.04677048680759,-95.42511468460191,26.562240308069352,23.04677048680759,8.520889208103455,1,29.886984018503426,-15.361102739799293,14.379221800897568,1,p1a_catchup
nvdax,2026-07-28T13:30:00Z,30,regular,0,2.3692424713050997,20.67752801550249,-23.04677048680759,-95.42511468460191,26.562240308069352,23.04677048680759,15.320009397106205,1,31.074776776707225,7.292003107206568,1.0760513456986587,1,p1a_catchup
nvdax,2026-07-28T13:30:00Z,60,regular,0,2.3692424713050997,20.67752801550249,-23.04677048680759,-95.42511468460191,26.562240308069352,23.04677048680759,5.87047203650215,1,26.356169340404634,2.5610731829051048,-10.337577600099124,0,p1a_catchup
nvdax,2026-07-28T14:35:00Z,5,regular,0,2.2727543536937844,29.144299614101143,26.87154526040736,123.32158223360423,39.26516009322225,26.87154526040736,8.751828065003409,1,30.66506962290383,-12.545352427499878,18.89394424080315,1,p1a_catchup
nvdax,2026-07-28T14:35:00Z,15,regular,0,2.2727543536937844,29.144299614101143,26.87154526040736,123.32158223360423,39.26516009322225,26.87154526040736,8.543468258599418,1,102.82608748980238,-84.49801048799443,87.78347275660181,1,p1a_catchup
nvdax,2026-07-28T14:35:00Z,30,regular,0,2.2727543536937844,29.144299614101143,26.87154526040736,123.32158223360423,39.26516009322225,26.87154526040736,1.9163418983048075,1,58.657250107305714,-29.869362948593547,35.20591421430019,1,p1a_catchup
nvdax,2026-07-28T14:35:00Z,60,regular,0,2.2727543536937844,29.144299614101143,26.87154526040736,123.32158223360423,39.26516009322225,26.87154526040736,12.69422815569854,1,108.97038891580557,-94.79307181109675,88.82207717710422,1,p1a_catchup
nvdax,2026-07-28T14:45:00Z,5,regular,0,0.4050734226002106,24.102617517902658,23.697544095302447,142.06436577220316,30.126155988287145,23.697544095302447,8.543468258599418,1,27.242316218396567,-12.088240381693538,17.241383581394487,1,p1a_catchup
nvdax,2026-07-28T14:45:00Z,15,regular,0,0.4050734226002106,24.102617517902658,23.697544095302447,142.06436577220316,30.126155988287145,23.697544095302447,13.545730417101609,1,-5.253947838603779,42.497222351007835,-43.7437116658046,0,xstock_reversion
nvdax,2026-07-28T14:45:00Z,30,regular,0,0.4050734226002106,24.102617517902658,23.697544095302447,142.06436577220316,30.126155988287145,23.697544095302447,10.639968418502121,1,9.570354896997202,3.487220779803124,11.41306539289566,1,p1a_catchup
nvdax,2026-07-28T14:45:00Z,60,regular,0,0.4050734226002106,24.102617517902658,23.697544095302447,142.06436577220316,30.126155988287145,23.697544095302447,14.014999954694574,1,77.64214048630258,-67.9595963456947,65.25886319059815,1,p1a_catchup
nvdax,2026-07-28T20:00:00Z,5,afterhours,0,8.037425804996445,27.917135123498582,-19.879709318502137,-39.56315995470305,25.230182437291788,19.879709318502137,12.109855610296094,1,17.91237404829893,-10.142520340092886,-1.9651696651035166,1,p1a_catchup
nvdax,2026-07-28T20:00:00Z,15,afterhours,0,8.037425804996445,27.917135123498582,-19.879709318502137,-39.56315995470305,25.230182437291788,19.879709318502137,11.41786840060277,1,9.408554726997309,21.8890229921076,-31.954772033504497,0,xstock_reversion
nvdax,2026-07-28T20:00:00Z,30,afterhours,0,8.037425804996445,27.917135123498582,-19.879709318502137,-39.56315995470305,25.230182437291788,19.879709318502137,11.588965913595928,1,-16.524480526598495,24.815223931504704,-44.63515211500457,0,xstock_reversion
nvdax,2026-07-28T20:00:00Z,60,afterhours,0,8.037425804996445,27.917135123498582,-19.879709318502137,-39.56315995470305,25.230182437291788,19.879709318502137,2.2240473135948235,1,-11.200392075005894,33.304148707102854,-40.32055560609926,0,xstock_reversion
nvdax,2026-07-28T23:10:00Z,5,afterhours,0,8.545014766401238,11.660596667200096,20.205611433601334,12.84860937570187,18.60488663361522,20.205611433601334,6.5132203806061995,1,2.535813738004933,24.1830180762026,-7.717646960800906,0,xstock_reversion
nvdax,2026-07-28T23:10:00Z,15,afterhours,0,8.545014766401238,11.660596667200096,20.205611433601334,12.84860937570187,18.60488663361522,20.205611433601334,12.077614937799908,1,4.383917342201116,27.899309029200126,-1.5839317817967213,0,xstock_reversion
nvdax,2026-07-28T23:10:00Z,30,afterhours,0,8.545014766401238,11.660596667200096,20.205611433601334,12.84860937570187,18.60488663361522,20.205611433601334,28.889025428604498,0,32.663792845299966,-41.34720684030313,48.87617681590406,1,persistent_or_wider
nvdax,2026-07-28T23:40:00Z,5,afterhours,0,1.0160447908003079,27.87298063780419,28.889025428604498,69.24651586950326,25.160508307201397,28.889025428604498,30.485291981996454,0,24.32333306120249,-25.919599614594446,23.86696575380043,1,persistent_or_wider
nvdax,2026-07-28T23:40:00Z,15,afterhours,0,1.0160447908003079,27.87298063780419,28.889025428604498,69.24651586950326,25.160508307201397,28.889025428604498,7.9995989135994705,1,58.730021812101185,-37.84059529709616,47.6771039053947,1,p1a_catchup
nvdax,2026-07-28T23:45:00Z,5,afterhours,0,3.0686786515943254,27.41661333040213,30.485291981996454,68.96471435680063,20.70434748265041,30.485291981996454,14.96457671150253,1,17.968592197794564,-2.4478769273006407,20.77370088129804,1,p1a_catchup
nvdax,2026-07-28T23:50:00Z,5,afterhours,0,15.257145302403075,30.221722013905605,14.96457671150253,60.55675948839934,21.07924750801078,14.96457671150253,7.9995989135994705,1,16.43809655310413,-9.473118755201071,3.036437270296233,1,p1a_catchup
nvdax,2026-07-29T12:10:00Z,5,premarket,1,37.579053311898036,5.9586776732967195,-31.620375638601317,-54.91025512309733,17.964008932999032,31.620375638601317,14.851628947400997,1,4.421649843804332,12.347096847395989,26.76313694269794,1,xstock_reversion
nvdax,2026-07-29T12:10:00Z,15,premarket,1,37.579053311898036,5.9586776732967195,-31.620375638601317,-54.91025512309733,17.964008932999032,31.620375638601317,2.368511539296847,1,18.589288651904567,15.399598525993596,31.853490832203235,1,p1a_catchup
nvdax,2026-07-29T12:10:00Z,30,premarket,1,37.579053311898036,5.9586776732967195,-31.620375638601317,-54.91025512309733,17.964008932999032,31.620375638601317,10.562080126703677,1,13.822396263307724,28.36005950199727,7.443389207901774,0,xstock_reversion
nvdax,2026-07-29T12:10:00Z,60,premarket,1,37.579053311898036,5.9586776732967195,-31.620375638601317,-54.91025512309733,17.964008932999032,31.620375638601317,11.20221231120766,1,14.2814914878997,6.136671839493957,29.81703832549698,1,p1a_catchup
nvdax,2026-07-29T13:25:00Z,5,premarket,0,3.711864124893438,21.30055580940038,-25.012419934293817,-34.20891953599181,15.61394706888802,25.012419934293817,19.339729270999584,1,-16.750072485800516,61.102221691093916,-49.92369003760544,0,xstock_reversion
nvdax,2026-07-29T13:25:00Z,15,premarket,0,3.711864124893438,21.30055580940038,-25.012419934293817,-34.20891953599181,15.61394706888802,25.012419934293817,12.41615658609696,1,3.3519695020967077,34.07660701829407,-31.104224143900794,0,xstock_reversion
nvdax,2026-07-29T13:25:00Z,30,premarket,0,3.711864124893438,21.30055580940038,-25.012419934293817,-34.20891953599181,15.61394706888802,25.012419934293817,20.309187725597866,1,119.86277864870054,-115.15954644000459,124.87636259839618,1,p1a_catchup
nvdax,2026-07-29T13:25:00Z,60,premarket,0,3.711864124893438,21.30055580940038,-25.012419934293817,-34.20891953599181,15.61394706888802,25.012419934293817,3.4887279493922563,1,236.11631549590228,-214.59262351100074,215.5228022719946,1,p1a_catchup
nvdax,2026-07-29T13:30:00Z,5,regular,0,7.466667528595039,11.873061742404545,19.339729270999584,26.79016811829804,32.742787319077955,19.339729270999584,27.942598643697636,0,-32.93132327740089,80.21365119209811,-52.98835448090067,0,persistent_or_wider
nvdax,2026-07-29T13:30:00Z,15,regular,0,7.466667528595039,11.873061742404545,19.339729270999584,26.79016811829804,32.742787319077955,19.339729270999584,15.095343290800756,1,-33.713917768798396,68.14899033059874,-65.00067494179973,0,xstock_reversion
nvdax,2026-07-29T13:30:00Z,30,regular,0,7.466667528595039,11.873061742404545,19.339729270999584,26.79016811829804,32.742787319077955,19.339729270999584,12.723083040899752,1,-171.24957064289958,203.31238295479892,-185.14773567850364,0,xstock_reversion
nvdax,2026-07-29T13:30:00Z,60,regular,0,7.466667528595039,11.873061742404545,19.339729270999584,26.79016811829804,32.742787319077955,19.339729270999584,11.841363280700179,1,-236.23537125029515,243.73373724059456,-246.9440384153021,0,xstock_reversion
nvdax,2026-07-29T13:35:00Z,5,regular,1,19.758629182602405,8.18396946109523,-27.942598643697636,-56.476322338498974,46.95878542129092,27.942598643697636,12.41615658609696,1,-12.829281289503669,53.188036519298265,-34.16888858719602,0,xstock_reversion
nvdax,2026-07-29T13:35:00Z,15,regular,1,19.758629182602405,8.18396946109523,-27.942598643697636,-56.476322338498974,46.95878542129092,27.942598643697636,24.27036389919479,1,47.790727755501194,-44.11849301099835,82.5827149476055,1,p1a_catchup
nvdax,2026-07-29T13:35:00Z,30,regular,1,19.758629182602405,8.18396946109523,-27.942598643697636,-56.476322338498974,46.95878542129092,27.942598643697636,7.7431605841038476,1,150.73392167949783,-130.53448361990405,159.1135754143025,1,p1a_catchup
nvdax,2026-07-29T13:35:00Z,60,regular,1,19.758629182602405,8.18396946109523,-27.942598643697636,-56.476322338498974,46.95878542129092,27.942598643697636,7.235687805602353,1,213.01290136139352,-192.30599052329822,216.89463724250402,1,p1a_catchup
nvdax,2026-07-29T13:50:00Z,5,regular,0,18.70559275400474,42.97595665319953,-24.27036389919479,-44.11849301099835,59.251902536055006,24.27036389919479,20.309187725597866,1,55.89080010159897,-51.929623928002044,39.22898320749546,1,p1a_catchup
nvdax,2026-07-29T13:50:00Z,15,regular,0,18.70559275400474,42.97595665319953,-24.27036389919479,-44.11849301099835,59.251902536055006,24.27036389919479,7.7431605841038476,1,102.94319392399665,-86.4159906089057,76.53086046669699,1,p1a_catchup
nvdax,2026-07-29T13:50:00Z,30,regular,0,18.70559275400474,42.97595665319953,-24.27036389919479,-44.11849301099835,59.251902536055006,24.27036389919479,7.34897433269488,1,159.05721756920065,-142.13582800270075,129.0927154958954,1,p1a_catchup
nvdax,2026-07-29T13:50:00Z,60,regular,0,18.70559275400474,42.97595665319953,-24.27036389919479,-44.11849301099835,59.251902536055006,24.27036389919479,8.450806055204652,1,157.27404080140062,-124.55287084700117,97.57447526249408,1,p1a_catchup
nvdax,2026-07-29T13:55:00Z,5,regular,0,6.0049520334981565,26.314139759096022,-20.309187725597866,-149.23615345829865,60.548751187362576,20.309187725597866,12.723083040899752,1,34.63671950839853,-27.050614823700414,10.347683042501998,1,p1a_catchup
nvdax,2026-07-29T13:55:00Z,15,regular,0,6.0049520334981565,26.314139759096022,-20.309187725597866,-149.23615345829865,60.548751187362576,20.309187725597866,19.44727671640223,1,85.34311658209504,-84.4812055728994,82.56141608650402,1,p1a_catchup
nvdax,2026-07-29T13:55:00Z,30,regular,0,6.0049520334981565,26.314139759096022,-20.309187725597866,-149.23615345829865,60.548751187362576,20.309187725597866,3.4887279493922563,1,116.25353684720174,-99.43307707099613,90.64643967359842,1,p1a_catchup
nvdax,2026-07-29T13:55:00Z,60,regular,0,6.0049520334981565,26.314139759096022,-20.309187725597866,-149.23615345829865,60.548751187362576,20.309187725597866,6.780043332899055,1,81.2527996957968,-54.163568637299875,46.38936441570429,1,p1a_catchup
nvdax,2026-07-29T14:10:00Z,5,regular,0,4.085162547102783,23.53243926350501,-19.44727671640223,-84.4812055728994,18.58444193922781,19.44727671640223,4.385129662107801,1,8.25308232620614,15.579324052303889,-16.931276104203974,0,xstock_reversion
nvdax,2026-07-29T14:10:00Z,15,regular,0,4.085162547102783,23.53243926350501,-19.44727671640223,-84.4812055728994,18.58444193922781,19.44727671640223,3.4887279493922563,1,30.91042026510671,-14.951871498096736,8.085023587094398,1,p1a_catchup
nvdax,2026-07-29T14:10:00Z,30,regular,0,4.085162547102783,23.53243926350501,-19.44727671640223,-84.4812055728994,18.58444193922781,19.44727671640223,1.0615825201032436,1,32.9910123580035,-14.605318161704517,35.518449458598056,1,p1a_catchup
nvdax,2026-07-29T14:10:00Z,60,regular,0,4.085162547102783,23.53243926350501,-19.44727671640223,-84.4812055728994,18.58444193922781,19.44727671640223,15.77460088920013,1,-12.300565003995345,15.973240831197444,-31.235383821304197,0,xstock_reversion
nvdax,2026-07-29T18:00:00Z,5,regular,0,8.73168059710494,10.49912565759925,19.23080625470419,50.38575837260417,29.827838705131512,19.23080625470419,16.363506292700336,1,30.089718597503534,-27.22241863549968,47.829044500105056,1,p1a_catchup
nvdax,2026-07-29T18:00:00Z,15,regular,0,8.73168059710494,10.49912565759925,19.23080625470419,50.38575837260417,29.827838705131512,19.23080625470419,6.143740477604354,1,2.094633542801816,23.27991318950673,-16.859255183199195,0,xstock_reversion
nvdax,2026-07-29T18:00:00Z,30,regular,0,8.73168059710494,10.49912565759925,19.23080625470419,50.38575837260417,29.827838705131512,19.23080625470419,0.1783143367983797,1,20.651278575902765,-1.242157984400194,8.030568399997051,1,p1a_catchup
nvdax,2026-07-29T18:00:00Z,60,regular,0,8.73168059710494,10.49912565759925,19.23080625470419,50.38575837260417,29.827838705131512,19.23080625470419,8.024049485202411,1,152.2878252908999,-125.0329695509933,137.18412986269968,1,p1a_catchup
nvdax,2026-07-29T18:10:00Z,5,regular,0,1.3229797975000679,16.848295933300506,-18.171275730800573,49.031896637599104,37.98279453730527,18.171275730800573,6.143740477604354,1,19.290454265998846,-7.262919012802627,10.896921401100101,1,p1a_catchup
nvdax,2026-07-29T18:10:00Z,15,regular,0,1.3229797975000679,16.848295933300506,-18.171275730800573,49.031896637599104,37.98279453730527,18.171275730800573,4.711782644699625,1,5.872435557598976,17.010622817901222,-19.688105421797886,0,xstock_reversion
nvdax,2026-07-29T18:10:00Z,30,regular,0,1.3229797975000679,16.848295933300506,-18.171275730800573,49.031896637599104,37.98279453730527,18.171275730800573,28.02996782819811,0,-86.20816719550284,132.40941075450152,-136.49292141099778,0,persistent_or_wider
nvdax,2026-07-29T18:10:00Z,60,regular,0,1.3229797975000679,16.848295933300506,-18.171275730800573,49.031896637599104,37.98279453730527,18.171275730800573,3.0400409739073098,1,-85.3802561345951,106.59157283930298,-106.26873285289662,0,xstock_reversion
nvdax,2026-07-29T18:35:00Z,5,regular,0,0.646477162300485,22.76796525690017,23.414442419200654,72.30689221790598,32.36110148909265,23.414442419200654,28.02996782819811,0,54.50483284660024,-59.120358255597694,65.1733258718945,1,persistent_or_wider
nvdax,2026-07-29T18:35:00Z,15,regular,0,0.646477162300485,22.76796525690017,23.414442419200654,72.30689221790598,32.36110148909265,23.414442419200654,3.0636208119005914,1,110.86352330459626,-90.5127016972962,91.23542417519559,1,p1a_catchup
nvdax,2026-07-29T18:35:00Z,30,regular,0,0.646477162300485,22.76796525690017,23.414442419200654,72.30689221790598,32.36110148909265,23.414442419200654,21.279774422202635,1,65.67367108019972,-20.979454238796436,16.45914745439292,1,p1a_catchup
nvdax,2026-07-29T18:35:00Z,60,regular,0,0.646477162300485,22.76796525690017,23.414442419200654,72.30689221790598,32.36110148909265,23.414442419200654,19.743338270101773,1,-98.43995229609881,141.59773298540125,-143.14627190030293,0,xstock_reversion
nvdax,2026-07-29T18:40:00Z,5,regular,0,5.4064904539963266,33.43645828219444,28.02996782819811,115.3987879366003,28.601500611053673,28.02996782819811,14.292750460498382,1,41.310327111094836,-27.573109743395108,25.041533930298954,1,p1a_catchup
nvdax,2026-07-29T18:40:00Z,15,regular,0,5.4064904539963266,33.43645828219444,28.02996782819811,115.3987879366003,28.601500611053673,28.02996782819811,2.76133248950039,1,54.32290759049607,-23.531607272797572,24.01576178709952,1,p1a_catchup
nvdax,2026-07-29T18:40:00Z,30,regular,0,5.4064904539963266,33.43645828219444,28.02996782819811,115.3987879366003,28.601500611053673,28.02996782819811,3.0400409739073098,1,-0.8279110609077378,25.817837915198538,-30.22418855810116,0,xstock_reversion
nvdax,2026-07-29T18:40:00Z,60,regular,0,5.4064904539963266,33.43645828219444,28.02996782819811,115.3987879366003,28.601500611053673,28.02996782819811,2.5750001564972536,1,-162.81985713160196,188.2748248033028,-206.2303885302974,0,xstock_reversion
nvdax,2026-07-29T19:05:00Z,5,regular,0,5.166783946704001,26.446558368906636,-21.279774422202635,-69.53324745849976,36.520577286196335,21.279774422202635,3.0400409739073098,1,11.996749294507225,12.32306610160272,-18.489989859400424,0,xstock_reversion
nvdax,2026-07-29T19:05:00Z,15,regular,0,5.166783946704001,26.446558368906636,-21.279774422202635,-69.53324745849976,36.520577286196335,21.279774422202635,19.069635920194727,1,63.796337201207365,-61.58619869919946,70.67896423299302,1,p1a_catchup
nvdax,2026-07-29T19:05:00Z,30,regular,0,5.166783946704001,26.446558368906636,-21.279774422202635,-69.53324745849976,36.520577286196335,21.279774422202635,19.743338270101773,1,164.11362337629853,-162.57718722419767,159.60541935469587,1,p1a_catchup
nvdax,2026-07-29T19:05:00Z,60,regular,0,5.166783946704001,26.446558368906636,-21.279774422202635,-69.53324745849976,36.520577286196335,21.279774422202635,33.915132541499915,0,268.40389771060734,-281.0392558299046,271.33255615929386,1,persistent_or_wider
nvdax,2026-07-29T19:20:00Z,5,regular,0,14.259549480497569,33.329185400692296,-19.069635920194727,-61.58619869919946,22.425824598312374,19.069635920194727,2.1556640226982893,1,23.748714873095267,-6.834742975598829,-11.38362950209526,1,p1a_catchup
nvdax,2026-07-29T19:20:00Z,15,regular,0,14.259549480497569,33.329185400692296,-19.069635920194727,-61.58619869919946,22.425824598312374,19.069635920194727,19.743338270101773,0,100.31728617509117,-100.99098852499822,88.92645512170283,1,persistent_or_wider
nvdax,2026-07-29T19:20:00Z,30,regular,0,14.259549480497569,33.329185400692296,-19.069635920194727,-61.58619869919946,22.425824598312374,19.069635920194727,12.842419281904327,1,109.74468601329335,-103.51746937500295,92.5836219032039,1,p1a_catchup
nvdax,2026-07-29T19:20:00Z,60,regular,0,14.259549480497569,33.329185400692296,-19.069635920194727,-61.58619869919946,22.425824598312374,19.069635920194727,7.522679858702475,1,213.68282389649272,-202.13586783500048,189.19765774080054,1,p1a_catchup
nvdax,2026-07-29T19:30:00Z,5,regular,0,4.4216686830989005,20.794184024000018,-25.215852707098918,-105.60094151260024,26.54936887541769,25.215852707098918,19.743338270101773,1,41.337552174498526,-35.86503773750138,42.481722497802465,1,p1a_catchup
nvdax,2026-07-29T19:30:00Z,15,regular,0,4.4216686830989005,20.794184024000018,-25.215852707098918,-105.60094151260024,26.54936887541769,25.215852707098918,9.496522580700884,1,43.700860783300044,-8.988485495500242,4.422189055599546,1,p1a_catchup
nvdax,2026-07-29T19:30:00Z,30,regular,0,4.4216686830989005,20.794184024000018,-25.215852707098918,-105.60094151260024,26.54936887541769,25.215852707098918,17.480031775400917,1,129.19481031170577,-121.45898938000776,114.11250276140095,1,p1a_catchup
nvdax,2026-07-29T19:30:00Z,60,regular,0,4.4216686830989005,20.794184024000018,-25.215852707098918,-105.60094151260024,26.54936887541769,25.215852707098918,5.905294366801428,1,171.29476178320502,-140.17361470930467,143.78711566850555,1,p1a_catchup
nvdax,2026-07-29T19:35:00Z,5,regular,0,2.195016077202183,21.938354347303957,-19.743338270101773,-100.99098852499822,25.430648566824864,19.743338270101773,2.5750001564972536,1,9.875071988902917,12.44326643769611,-2.0892092419000363,1,xstock_reversion
nvdax,2026-07-29T19:35:00Z,15,regular,0,2.195016077202183,21.938354347303957,-19.743338270101773,-100.99098852499822,25.430648566824864,19.743338270101773,12.842419281904327,1,9.427399838202177,-2.526480850004731,3.6571667815010755,1,p1a_catchup
nvdax,2026-07-29T19:35:00Z,30,regular,0,2.195016077202183,21.938354347303957,-19.743338270101773,-100.99098852499822,25.430648566824864,19.743338270101773,33.915132541499915,0,104.29027433430882,-118.46206860570696,111.727136804598,1,persistent_or_wider
nvdax,2026-07-29T19:35:00Z,60,regular,0,2.195016077202183,21.938354347303957,-19.743338270101773,-100.99098852499822,25.430648566824864,19.743338270101773,14.744829841797369,1,121.16353164030258,-86.67536352840344,84.4550879766981,1,p1a_catchup
nvdax,2026-07-29T19:55:00Z,5,regular,0,10.628782225303723,36.71522932440219,-26.086447099098464,-75.82968266329537,33.10340013121428,26.086447099098464,17.480031775400917,1,30.813950740604668,-22.20753541690712,-0.18940211010232133,1,p1a_catchup
nvdax,2026-07-29T19:55:00Z,15,regular,0,10.628782225303723,36.71522932440219,-26.086447099098464,-75.82968266329537,33.10340013121428,26.086447099098464,11.515350497006693,1,55.68143570930495,-18.079638113199792,16.32836534979809,1,p1a_catchup
nvdax,2026-07-29T19:55:00Z,30,regular,0,10.628782225303723,36.71522932440219,-26.086447099098464,-75.82968266329537,33.10340013121428,26.086447099098464,19.077523689192688,1,67.76944262380624,-60.760519213900466,48.108380205400536,1,p1a_catchup
nvdax,2026-07-29T19:55:00Z,60,regular,0,10.628782225303723,36.71522932440219,-26.086447099098464,-75.82968266329537,33.10340013121428,26.086447099098464,4.723153214092335,1,50.42173836640629,-29.05844448140016,21.594299071701073,1,p1a_catchup
nvdax,2026-07-29T20:00:00Z,5,afterhours,1,11.768155301705718,5.711876473695199,-17.480031775400917,-112.47050388450752,29.16294195955828,17.480031775400917,33.915132541499915,0,16.43301619710158,-32.86811696320058,40.09635654099952,1,persistent_or_wider
nvdax,2026-07-29T20:00:00Z,15,afterhours,1,11.768155301705718,5.711876473695199,-17.480031775400917,-112.47050388450752,29.16294195955828,17.480031775400917,2.387876949301315,1,22.760346248196228,-2.892437523493996,16.5124976440012,1,p1a_catchup
nvdax,2026-07-29T20:00:00Z,30,afterhours,1,11.768155301705718,5.711876473695199,-17.480031775400917,-112.47050388450752,29.16294195955828,17.480031775400917,5.905294366801428,1,42.09995147149925,-18.714625329296908,29.674612907104603,1,p1a_catchup
nvdax,2026-07-29T20:00:00Z,60,afterhours,1,11.768155301705718,5.711876473695199,-17.480031775400917,-112.47050388450752,29.16294195955828,17.480031775400917,2.091737297797991,1,22.24074995659464,-2.668980883395733,5.525702286304224,1,p1a_catchup
nvdax,2026-07-29T20:05:00Z,5,afterhours,0,4.539915723906773,29.37521681759314,-33.915132541499915,-115.93558775570223,28.86601981553858,33.915132541499915,11.515350497006693,1,8.434468771598702,36.996014266907906,-23.57858908109911,0,xstock_reversion
nvdax,2026-07-29T20:05:00Z,15,afterhours,0,4.539915723906773,29.37521681759314,-33.915132541499915,-115.93558775570223,28.86601981553858,33.915132541499915,7.522679858702475,1,9.075263387092747,17.317189295704694,-11.455934185500283,1,xstock_reversion
nvdax,2026-07-29T20:05:00Z,30,afterhours,0,4.539915723906773,29.37521681759314,-33.915132541499915,-115.93558775570223,28.86601981553858,33.915132541499915,14.744829841797369,1,16.87325730599376,31.786705077303523,-27.27204882789991,0,xstock_reversion
nvdax,2026-07-29T20:05:00Z,60,afterhours,0,4.539915723906773,29.37521681759314,-33.915132541499915,-115.93558775570223,28.86601981553858,33.915132541499915,1.5580176101970267,1,1.5956190796995173,30.76149585160337,-25.691562561700465,0,xstock_reversion
nvdax,2026-07-29T20:25:00Z,5,afterhours,0,2.0233567831962063,17.05416690599648,-19.077523689192688,-42.680881100700674,24.760868688758222,19.077523689192688,5.905294366801428,1,5.1444595882976785,19.838358467696438,-18.623169408398255,0,xstock_reversion
nvdax,2026-07-29T20:25:00Z,15,afterhours,0,2.0233567831962063,17.05416690599648,-19.077523689192688,-42.680881100700674,24.760868688758222,19.077523689192688,4.237421030701682,1,-11.81290777580557,35.12785249569994,-36.52699335599863,0,xstock_reversion
nvdax,2026-07-29T20:25:00Z,30,afterhours,0,2.0233567831962063,17.05416690599648,-19.077523689192688,-42.680881100700674,24.760868688758222,19.077523689192688,4.723153214092335,1,-17.347704257399954,31.702074732500307,-26.514081133699463,0,xstock_reversion
nvdax,2026-07-29T20:25:00Z,60,afterhours,0,2.0233567831962063,17.05416690599648,-19.077523689192688,-42.680881100700674,24.760868688758222,19.077523689192688,5.308877996306194,1,-24.695666914400505,49.08206859989939,-44.424848182798016,0,xstock_reversion
nvdax,2026-07-29T21:35:00Z,5,afterhours,0,5.209816046303217,27.44504837460582,-22.2352323283026,-37.798143381202465,14.144741661817699,22.2352323283026,11.781631093796818,1,16.718943346702986,-6.265342112197203,1.5865041413931635,1,p1a_catchup
nvdax,2026-07-29T21:35:00Z,15,afterhours,0,5.209816046303217,27.44504837460582,-22.2352323283026,-37.798143381202465,14.144741661817699,22.2352323283026,0.5225054234969662,1,30.608693622298233,-7.850955870498666,-0.43360066760200766,1,p1a_catchup
nvdax,2026-07-29T21:35:00Z,30,afterhours,0,5.209816046303217,27.44504837460582,-22.2352323283026,-37.798143381202465,14.144741661817699,22.2352323283026,50.34616867950703,0,-29.25396771429334,101.83536872210297,-108.34228201749951,0,persistent_or_wider
nvdax,2026-07-29T21:35:00Z,60,afterhours,0,5.209816046303217,27.44504837460582,-22.2352323283026,-37.798143381202465,14.144741661817699,22.2352323283026,10.13314699179979,1,-100.36527528659356,112.46736062309637,-117.75355532530618,0,xstock_reversion
nvdax,2026-07-29T22:00:00Z,5,afterhours,0,5.254994172601002,41.647593111093784,36.39259893849278,55.89297960509221,25.212435850592364,36.39259893849278,50.34616867950703,0,38.245205173792485,-52.198774914806734,48.24087799129906,1,persistent_or_wider
nvdax,2026-07-29T22:00:00Z,15,afterhours,0,5.254994172601002,41.647593111093784,36.39259893849278,55.89297960509221,25.212435850592364,36.39259893849278,36.87379205600472,0,85.32203593519583,-85.80322905270776,83.617888524401,1,persistent_or_wider
nvdax,2026-07-29T22:00:00Z,30,afterhours,0,5.254994172601002,41.647593111093784,36.39259893849278,55.89297960509221,25.212435850592364,36.39259893849278,1.8620525960955092,1,115.2657735791962,-77.01112204460792,69.30984272540464,1,p1a_catchup
nvdax,2026-07-29T22:00:00Z,60,afterhours,0,5.254994172601002,41.647593111093784,36.39259893849278,55.89297960509221,25.212435850592364,36.39259893849278,6.003037607795747,1,84.06990111359924,-53.68033978290221,48.763958938202734,1,p1a_catchup
nvdax,2026-07-29T22:05:00Z,5,afterhours,0,1.2970972490933264,51.64326592860036,50.34616867950703,109.68632459260164,26.037910991004853,50.34616867950703,12.639557352098763,1,27.681102072101282,10.025509255306986,-13.085924032294471,1,p1a_catchup
nvdax,2026-07-29T22:05:00Z,15,afterhours,0,1.2970972490933264,51.64326592860036,50.34616867950703,109.68632459260164,26.037910991004853,50.34616867950703,5.597863895197008,1,66.8299837069064,-22.08167892259638,24.033449394700312,1,p1a_catchup
nvdax,2026-07-29T22:05:00Z,30,afterhours,0,1.2970972490933264,51.64326592860036,50.34616867950703,109.68632459260164,26.037910991004853,50.34616867950703,10.13314699179979,1,71.11130757230022,-10.631991900993398,9.411273307806667,1,p1a_catchup
nvdax,2026-07-29T22:05:00Z,60,afterhours,0,1.2970972490933264,51.64326592860036,50.34616867950703,109.68632459260164,26.037910991004853,50.34616867950703,4.803250914795498,1,50.51303394890461,-4.970116184193074,11.809731408600754,1,p1a_catchup
nvdax,2026-07-29T22:15:00Z,5,afterhours,0,3.0696536442942346,39.94344570029895,36.87379205600472,85.80322905270776,27.337880151401333,36.87379205600472,5.597863895197008,1,19.75315294550306,11.522775215304648,-11.343561138401625,1,p1a_catchup
nvdax,2026-07-29T22:15:00Z,15,afterhours,0,3.0696536442942346,39.94344570029895,36.87379205600472,85.80322905270776,27.337880151401333,36.87379205600472,1.8620525960955092,1,29.94373764400038,8.792107008099848,-14.30804579899636,1,p1a_catchup
nvdax,2026-07-29T22:15:00Z,30,afterhours,0,3.0696536442942346,39.94344570029895,36.87379205600472,85.80322905270776,27.337880151401333,36.87379205600472,8.564530810799553,1,11.305983851004342,34.13233901579993,-43.22650987649723,0,xstock_reversion
nvdax,2026-07-29T22:15:00Z,60,afterhours,0,3.0696536442942346,39.94344570029895,36.87379205600472,85.80322905270776,27.337880151401333,36.87379205600472,7.040008444407775,1,7.203439901797282,22.63034370979966,-24.9205867226987,0,xstock_reversion
nvdax,2026-07-30T08:05:00Z,5,premarket,0,9.253089525405045,13.853799624099494,23.10688914950454,-0.1704793681955863,15.003559821526432,23.10688914950454,16.925650836494555,1,14.981754261702562,-8.800515948692578,-5.236973149296276,0,p1a_catchup
nvdax,2026-07-30T08:05:00Z,15,premarket,0,9.253089525405045,13.853799624099494,23.10688914950454,-0.1704793681955863,15.003559821526432,23.10688914950454,11.758821495400085,1,21.29815126440171,-9.950083610297256,23.82499905929869,1,p1a_catchup
nvdax,2026-07-30T08:05:00Z,30,premarket,0,9.253089525405045,13.853799624099494,23.10688914950454,-0.1704793681955863,15.003559821526432,23.10688914950454,3.9374381228984845,1,45.24174662210001,-18.197419349696986,27.1881376303007,1,p1a_catchup
nvdax,2026-07-30T08:05:00Z,60,premarket,0,9.253089525405045,13.853799624099494,23.10688914950454,-0.1704793681955863,15.003559821526432,23.10688914950454,7.13541746270252,1,48.77771441449852,-32.8062427276965,40.75453678909824,1,p1a_catchup
nvdax,2026-07-30T08:10:00Z,5,premarket,1,23.2905786233939,6.364927786899344,16.925650836494555,25.64143114499373,14.35977081205841,16.925650836494555,1.8066758935031402,1,-2.144871142002458,17.263846084993872,9.947905215801356,0,xstock_reversion
nvdax,2026-07-30T08:10:00Z,15,premarket,1,23.2905786233939,6.364927786899344,16.925650836494555,25.64143114499373,14.35977081205841,16.925650836494555,5.761495979506037,1,16.90655995579604,-5.742405098807524,29.814076534098177,1,p1a_catchup
nvdax,2026-07-30T08:10:00Z,30,premarket,1,23.2905786233939,6.364927786899344,16.925650836494555,25.64143114499373,14.35977081205841,16.925650836494555,0.4726370397989399,1,28.496776513895483,-12.043762717199868,32.9472358286953,1,p1a_catchup
nvdax,2026-07-30T08:10:00Z,60,premarket,1,23.2905786233939,6.364927786899344,16.925650836494555,25.64143114499373,14.35977081205841,16.925650836494555,17.743853232898843,0,45.22686935970022,-46.045071756104505,65.26586279149704,1,persistent_or_wider
nvdax,2026-07-30T09:10:00Z,5,premarket,0,4.069787588001361,13.674065644897482,17.743853232898843,33.51277730570423,8.986741702076717,17.743853232898843,9.236504616900731,1,11.001422197898236,-2.4940735819001247,5.202913749000615,1,p1a_catchup
nvdax,2026-07-30T09:10:00Z,15,premarket,0,4.069787588001361,13.674065644897482,17.743853232898843,33.51277730570423,8.986741702076717,17.743853232898843,1.9092221623928651,1,29.448392205901897,-13.613761135395919,17.185328846300862,1,p1a_catchup
nvdax,2026-07-30T09:10:00Z,30,premarket,0,4.069787588001361,13.674065644897482,17.743853232898843,33.51277730570423,8.986741702076717,17.743853232898843,11.7006486811011,1,24.413517989501088,5.030983924498855,-1.5614021423004942,1,p1a_catchup
nvdax,2026-07-30T09:10:00Z,60,premarket,0,4.069787588001361,13.674065644897482,17.743853232898843,33.51277730570423,8.986741702076717,17.743853232898843,5.493859637901721,1,-1.1462146538043783,24.383927524604943,-18.231545615101652,0,xstock_reversion
nvdax,2026-07-30T10:15:00Z,5,premarket,0,2.4258993988013344,20.92863628179842,18.502736882997084,30.88871832879647,16.837731924428414,18.502736882997084,10.878312846402949,1,15.247247318495027,-7.622823281900892,5.195884975996989,1,p1a_catchup
nvdax,2026-07-30T10:15:00Z,15,premarket,0,2.4258993988013344,20.92863628179842,18.502736882997084,30.88871832879647,16.837731924428414,18.502736882997084,1.2371150315004797,1,28.344109636995185,-11.07848778549858,5.221857619099879,1,p1a_catchup
nvdax,2026-07-30T10:15:00Z,30,premarket,0,2.4258993988013344,20.92863628179842,18.502736882997084,30.88871832879647,16.837731924428414,18.502736882997084,2.54122292619563,1,27.84564887240215,-11.884134915600697,5.195884975996989,1,p1a_catchup
nvdax,2026-07-30T10:15:00Z,60,premarket,0,2.4258993988013344,20.92863628179842,18.502736882997084,30.88871832879647,16.837731924428414,18.502736882997084,8.496746560302526,1,52.89148218719397,-42.885491864499414,39.42118285269913,1,p1a_catchup
nvdax,2026-07-30T11:00:00Z,5,premarket,0,8.359304657092892,13.036970100506196,21.396274757599087,23.298288540196666,15.08055301708769,21.396274757599087,10.975194588001003,1,11.547787104300156,-1.1267069347020708,7.048531502293898,1,p1a_catchup
nvdax,2026-07-30T11:00:00Z,15,premarket,0,8.359304657092892,13.036970100506196,21.396274757599087,23.298288540196666,15.08055301708769,21.396274757599087,8.496746560302526,1,20.602596605998613,-7.703068408702052,15.023963452795996,1,p1a_catchup
nvdax,2026-07-30T11:00:00Z,30,premarket,0,8.359304657092892,13.036970100506196,21.396274757599087,23.298288540196666,15.08055301708769,21.396274757599087,11.564083592503493,1,28.491576338502966,4.468782011599615,6.21955031969712,1,p1a_catchup
nvdax,2026-07-30T11:00:00Z,60,premarket,0,8.359304657092892,13.036970100506196,21.396274757599087,23.298288540196666,15.08055301708769,21.396274757599087,16.766174660798328,1,47.31527580550399,-42.68517570870323,50.09208139009402,1,p1a_catchup
nvdax,2026-07-30T12:00:00Z,5,premarket,0,0.9523989757020956,15.813775685096232,16.766174660798328,18.43284480799845,11.705750805980456,16.766174660798328,12.560439559194947,1,13.640070810900795,-9.434335709297414,14.505957253501123,1,p1a_catchup
nvdax,2026-07-30T12:00:00Z,15,premarket,0,0.9523989757020956,15.813775685096232,16.766174660798328,18.43284480799845,11.705750805980456,16.766174660798328,13.662725511798257,1,22.43554270870085,7.993357463895734,-4.571622071498638,1,p1a_catchup
nvdax,2026-07-30T12:00:00Z,30,premarket,0,0.9523989757020956,15.813775685096232,16.766174660798328,18.43284480799845,11.705750805980456,16.766174660798328,0.5298916175977553,1,5.527372884195358,11.768693394200724,-3.539470550695256,1,xstock_reversion
nvdax,2026-07-30T12:00:00Z,60,premarket,0,0.9523989757020956,15.813775685096232,16.766174660798328,18.43284480799845,11.705750805980456,16.766174660798328,16.514331679200467,1,33.97171166239943,-33.71986868080157,33.54721046569864,1,p1a_catchup
nvdax,2026-07-30T13:00:00Z,5,premarket,0,1.1250571908050233,15.389274488395444,16.514331679200467,37.17711323010242,7.726094235813857,16.514331679200467,2.0654305955947194,1,6.298070171597558,12.281692103197628,-16.465991164995586,0,xstock_reversion
nvdax,2026-07-30T13:00:00Z,15,premarket,0,1.1250571908050233,15.389274488395444,16.514331679200467,37.17711323010242,7.726094235813857,16.514331679200467,2.675686386606202,1,4.7440893922967575,9.094555900297507,-7.200535207996239,0,xstock_reversion
nvdax,2026-07-30T13:00:00Z,30,premarket,0,1.1250571908050233,15.389274488395444,16.514331679200467,37.17711323010242,7.726094235813857,16.514331679200467,25.071162620600163,0,-67.2236507771995,108.80914507700012,-122.59936814889905,0,persistent_or_wider
nvdax,2026-07-30T13:00:00Z,60,premarket,0,1.1250571908050233,15.389274488395444,16.514331679200467,37.17711323010242,7.726094235813857,16.514331679200467,14.936212891596412,1,74.95535701409928,-73.37723822649522,82.94553724530473,1,p1a_catchup
nvdax,2026-07-30T13:25:00Z,5,premarket,0,8.608154422899972,25.85849742059665,-17.250342997696677,-44.02223171509512,16.44223298196175,17.250342997696677,25.071162620600163,0,47.10097143719949,-54.921791060102976,61.22891689990695,1,persistent_or_wider
nvdax,2026-07-30T13:25:00Z,15,premarket,0,8.608154422899972,25.85849742059665,-17.250342997696677,-44.02223171509512,16.44223298196175,17.250342997696677,1.751969174597079,1,64.19237822170132,-45.19006604940756,45.1070110235019,1,p1a_catchup
nvdax,2026-07-30T13:25:00Z,30,premarket,0,8.608154422899972,25.85849742059665,-17.250342997696677,-44.02223171509512,16.44223298196175,17.250342997696677,29.405192643494615,0,-49.91804418340351,96.5735798245948,-113.93130554079534,0,persistent_or_wider
nvdax,2026-07-30T13:25:00Z,60,premarket,0,8.608154422899972,25.85849742059665,-17.250342997696677,-44.02223171509512,16.44223298196175,17.250342997696677,8.835477639097533,1,-147.05503844130163,173.14085907809584,-179.43678401749708,0,xstock_reversion
nvdax,2026-07-30T13:30:00Z,5,regular,0,14.915280262703945,39.98644288330411,-25.071162620600163,-99.71458917670262,20.996127582112923,25.071162620600163,4.1636050462035,1,18.623186794801683,10.61158087200198,-19.758741869200236,1,p1a_catchup
nvdax,2026-07-30T13:30:00Z,15,regular,0,14.915280262703945,39.98644288330411,-25.071162620600163,-99.71458917670262,20.996127582112923,25.071162620600163,20.492241605003514,1,-8.252696133697057,53.816100359300734,-64.33225818890165,0,xstock_reversion
nvdax,2026-07-30T13:30:00Z,30,regular,0,14.915280262703945,39.98644288330411,-25.071162620600163,-99.71458917670262,20.996127582112923,25.071162620600163,14.936212891596412,1,-142.17900779129877,182.18638330349535,-205.5449053942038,0,xstock_reversion
nvdax,2026-07-30T13:30:00Z,60,regular,0,14.915280262703945,39.98644288330411,-25.071162620600163,-99.71458917670262,20.996127582112923,25.071162620600163,7.491698355801546,1,-208.99499756700024,241.55785854340195,-262.2368496338012,0,xstock_reversion
nvdax,2026-07-30T13:45:00Z,5,regular,0,4.399122433103031,16.093119171900483,20.492241605003514,53.816100359300734,33.84036563547772,20.492241605003514,14.009443344207284,1,30.16088715599885,-23.67808889520262,40.25604115180492,1,p1a_catchup
nvdax,2026-07-30T13:45:00Z,15,regular,0,4.399122433103031,16.093119171900483,20.492241605003514,53.816100359300734,33.84036563547772,20.492241605003514,14.936212891596412,1,133.92631165760173,-128.37028294419463,141.21264720530212,1,p1a_catchup
nvdax,2026-07-30T13:45:00Z,30,regular,0,4.399122433103031,16.093119171900483,20.492241605003514,53.816100359300734,33.84036563547772,20.492241605003514,4.073147613201655,1,130.68835754419973,-106.12296832599455,116.70783608660251,1,p1a_catchup
nvdax,2026-07-30T13:45:00Z,60,regular,0,4.399122433103031,16.093119171900483,20.492241605003514,53.816100359300734,33.84036563547772,20.492241605003514,8.595485386502233,1,139.6542911670018,-110.56656417549604,114.66305538220034,1,p1a_catchup
nvdax,2026-07-30T13:55:00Z,5,regular,0,8.749571293300562,38.15476393679518,29.405192643494615,141.76364587400235,43.71643276336856,29.405192643494615,14.936212891596412,1,45.15999217069577,-30.69101241879757,30.384682953501496,1,p1a_catchup
nvdax,2026-07-30T13:55:00Z,15,regular,0,8.749571293300562,38.15476393679518,29.405192643494615,141.76364587400235,43.71643276336856,29.405192643494615,9.477069732701793,1,42.27052199749615,-22.342399086703324,13.033313455999007,1,p1a_catchup
nvdax,2026-07-30T13:55:00Z,30,regular,0,8.749571293300562,38.15476393679518,29.405192643494615,141.76364587400235,43.71643276336856,29.405192643494615,8.835477639097533,1,97.13699425789812,-76.56727925350104,65.50547847670174,1,p1a_catchup
nvdax,2026-07-30T13:55:00Z,60,regular,0,8.749571293300562,38.15476393679518,29.405192643494615,141.76364587400235,43.71643276336856,29.405192643494615,2.5359380143985533,1,8.008611003296195,23.932519654596973,-33.181187419302205,0,xstock_reversion
nvdax,2026-07-30T14:20:00Z,5,regular,0,4.350529916301582,16.93502871169983,21.28555862800141,71.40002592100458,41.81356151614853,21.28555862800141,8.835477639097533,1,23.224212399801658,-10.77413141089778,12.812431843700622,1,p1a_catchup
nvdax,2026-07-30T14:20:00Z,15,regular,0,4.350529916301582,16.93502871169983,21.28555862800141,71.40002592100458,41.81356151614853,21.28555862800141,21.46341372560201,0,15.333785261102406,27.415187092501014,-14.153419292801672,0,persistent_or_wider
nvdax,2026-07-30T14:20:00Z,30,regular,0,4.350529916301582,16.93502871169983,21.28555862800141,71.40002592100458,41.81356151614853,21.28555862800141,15.98762379600771,1,-51.581172061396785,88.8543544854059,-85.74081765869934,0,xstock_reversion
nvdax,2026-07-30T14:20:00Z,60,regular,0,4.350529916301582,16.93502871169983,21.28555862800141,71.40002592100458,41.81356151614853,21.28555862800141,5.60417249530154,1,-123.3101498115019,150.19988093480487,-137.3464736469021,0,xstock_reversion
nvdax,2026-07-30T14:35:00Z,5,regular,0,8.91123788339776,12.55217584220425,-21.46341372560201,-27.415187092501014,37.17618579093253,21.46341372560201,10.500964665505208,1,22.910567744700572,-11.94811868460377,15.295980140299648,1,p1a_catchup
nvdax,2026-07-30T14:35:00Z,15,regular,0,8.91123788339776,12.55217584220425,-21.46341372560201,-27.415187092501014,37.17618579093253,21.46341372560201,15.98762379600771,1,66.91495732249919,-61.43916739290489,71.58739836589767,1,p1a_catchup
nvdax,2026-07-30T14:35:00Z,30,regular,0,8.91123788339776,12.55217584220425,-21.46341372560201,-27.415187092501014,37.17618579093253,21.46341372560201,5.098894898996065,1,69.93436475370096,-43.37205612910289,53.126402027494635,1,p1a_catchup
nvdax,2026-07-30T14:35:00Z,60,regular,0,8.91123788339776,12.55217584220425,-21.46341372560201,-27.415187092501014,37.17618579093253,21.46341372560201,6.4679277531976,1,168.57510588660142,-153.579619914197,159.1981447054991,1,p1a_catchup
nvdax,2026-07-30T15:10:00Z,5,regular,0,1.879046833996867,20.10813716140092,-18.22909032740405,-28.03045255240555,25.408622455524743,18.22909032740405,7.287296401292664,1,22.95773128680345,-12.015937360692064,25.507917415898973,1,p1a_catchup
nvdax,2026-07-30T15:10:00Z,15,regular,0,1.879046833996867,20.10813716140092,-18.22909032740405,-28.03045255240555,25.408622455524743,18.22909032740405,4.331168549498443,1,49.51667990679809,-35.61875812889248,40.99898733190166,1,p1a_catchup
nvdax,2026-07-30T15:10:00Z,30,regular,0,1.879046833996867,20.10813716140092,-18.22909032740405,-28.03045255240555,25.408622455524743,18.22909032740405,1.402621000394788,1,74.9444927125964,-55.31278138479756,59.620003419595946,1,p1a_catchup
nvdax,2026-07-30T15:10:00Z,60,regular,0,1.879046833996867,20.10813716140092,-18.22909032740405,-28.03045255240555,25.408622455524743,18.22909032740405,3.42419445460429,1,29.550618898701586,-7.897334116693244,4.375522880399885,1,p1a_catchup
nvdax,2026-07-30T21:15:00Z,5,afterhours,0,1.0054608995080372,25.9620513051928,26.96751220470084,40.48876090770648,18.83245328782165,26.96751220470084,25.92911428079603,1,21.677861023698952,-20.639463099794142,22.91535057510785,1,p1a_catchup
nvdax,2026-07-30T21:15:00Z,15,afterhours,0,1.0054608995080372,25.9620513051928,26.96751220470084,40.48876090770648,18.83245328782165,26.96751220470084,5.51646778470527,1,28.42222746759937,4.0617525218067385,-2.54939453259162,1,p1a_catchup
nvdax,2026-07-30T21:15:00Z,30,afterhours,0,1.0054608995080372,25.9620513051928,26.96751220470084,40.48876090770648,18.83245328782165,26.96751220470084,5.489526664499422,1,16.64946409460022,4.828521445601197,-4.706689935094488,1,p1a_catchup
nvdax,2026-07-30T21:15:00Z,60,afterhours,0,1.0054608995080372,25.9620513051928,26.96751220470084,40.48876090770648,18.83245328782165,26.96751220470084,9.25472500180824,1,14.671432099992998,3.041355102899601,-0.18353469469545303,1,p1a_catchup
nvdax,2026-07-30T21:20:00Z,5,afterhours,0,1.270426575805672,27.1995408566017,25.92911428079603,61.743820931896565,18.557140505584766,25.92911428079603,2.0456326170048555,1,11.128263611599465,16.84648328620142,-21.075091669402468,0,xstock_reversion
nvdax,2026-07-30T21:20:00Z,15,afterhours,0,1.270426575805672,27.1995408566017,25.92911428079603,61.743820931896565,18.557140505584766,25.92911428079603,11.822786078399261,1,-0.1426962706041479,37.89459662979944,-38.22147601230341,0,xstock_reversion
nvdax,2026-07-30T21:20:00Z,30,afterhours,0,1.270426575805672,27.1995408566017,25.92911428079603,61.743820931896565,18.557140505584766,25.92911428079603,6.4659807859968055,1,-5.570557792005104,37.96565285879794,-44.86652226260546,0,xstock_reversion
nvdax,2026-07-30T21:20:00Z,60,afterhours,0,1.270426575805672,27.1995408566017,25.92911428079603,61.743820931896565,18.557140505584766,25.92911428079603,5.634228771898009,1,-4.3650372077053134,35.92838026039935,-38.73208389109983,0,xstock_reversion
nvdax,2026-07-31T11:15:00Z,5,premarket,0,0.8211552854930915,17.808581925002898,-18.62973721049599,-41.45775566430032,14.887960269676771,18.62973721049599,2.079760480802051,1,9.470407728997543,7.079569000696395,-8.28190956740471,1,p1a_catchup
nvdax,2026-07-31T11:15:00Z,15,premarket,0,0.8211552854930915,17.808581925002898,-18.62973721049599,-41.45775566430032,14.887960269676771,18.62973721049599,0.43314670250538256,1,16.795825963402677,2.267057949598694,-0.684087244202658,1,p1a_catchup
nvdax,2026-07-31T11:15:00Z,30,premarket,0,0.8211552854930915,17.808581925002898,-18.62973721049599,-41.45775566430032,14.887960269676771,18.62973721049599,8.886083235406517,1,16.385619298802112,11.130201147100394,-11.825585408704598,0,p1a_catchup
nvdax,2026-07-31T11:15:00Z,60,premarket,0,0.8211552854930915,17.808581925002898,-18.62973721049599,-41.45775566430032,14.887960269676771,18.62973721049599,12.867655851502846,1,41.46884287229646,-35.70676151330332,47.5699746406999,1,p1a_catchup
nvdax,2026-07-31T13:25:00Z,5,premarket,0,12.885370081798797,39.12398464029465,26.238614558495854,50.28748811789718,12.983868371537401,26.238614558495854,20.05371451939908,1,46.42980916020001,-40.244909121103234,50.233691809502545,1,p1a_catchup
nvdax,2026-07-31T13:25:00Z,15,premarket,0,12.885370081798797,39.12398464029465,26.238614558495854,50.28748811789718,12.983868371537401,26.238614558495854,24.0097034248965,1,12.254833134397458,37.993484848994896,-53.266456841498666,0,xstock_reversion
nvdax,2026-07-31T13:25:00Z,30,premarket,0,12.885370081798797,39.12398464029465,26.238614558495854,50.28748811789718,12.983868371537401,26.238614558495854,0.3162111060994732,1,-1.838109797205334,27.760513249601715,-44.41535591089618,0,xstock_reversion
nvdax,2026-07-31T13:25:00Z,60,premarket,0,12.885370081798797,39.12398464029465,26.238614558495854,50.28748811789718,12.983868371537401,26.238614558495854,6.319334695792378,1,-48.908817826998074,68.82809768970155,-79.6333509370939,0,xstock_reversion
nvdax,2026-07-31T13:30:00Z,5,regular,0,22.87415277019811,42.92786728959719,20.05371451939908,81.38748564269882,17.315674251866792,20.05371451939908,9.596595589700385,1,12.609889807597696,17.04042030150177,-49.981894606903055,0,xstock_reversion
nvdax,2026-07-31T13:30:00Z,15,regular,0,22.87415277019811,42.92786728959719,20.05371451939908,81.38748564269882,17.315674251866792,20.05371451939908,1.3471948037935277,1,-52.46520780290531,73.86611712609792,-95.15490299540019,0,xstock_reversion
nvdax,2026-07-31T13:30:00Z,30,regular,0,22.87415277019811,42.92786728959719,20.05371451939908,81.38748564269882,17.315674251866792,20.05371451939908,22.496263104700986,0,-82.83414868690109,125.38412631100115,-171.32446843720396,0,persistent_or_wider
nvdax,2026-07-31T13:30:00Z,60,regular,0,22.87415277019811,42.92786728959719,20.05371451939908,81.38748564269882,17.315674251866792,20.05371451939908,2.6228667482985912,1,-86.35591730549841,103.7867650765989,-123.01642401999935,0,xstock_reversion
nvdax,2026-07-31T13:40:00Z,5,regular,0,2.387601910704973,26.397305335601473,-24.0097034248965,-37.993484848994896,37.78851723645801,24.0097034248965,1.3471948037935277,1,18.29023177710276,4.372276844000211,-8.345245655601019,1,p1a_catchup
nvdax,2026-07-31T13:40:00Z,15,regular,0,2.387601910704973,26.397305335601473,-24.0097034248965,-37.993484848994896,37.78851723645801,24.0097034248965,0.3162111060994732,1,14.092942931602792,10.232971599393181,-8.851100930602485,1,p1a_catchup
nvdax,2026-07-31T13:40:00Z,30,regular,0,2.387601910704973,26.397305335601473,-24.0097034248965,-37.993484848994896,37.78851723645801,24.0097034248965,7.051707180698585,1,123.8864659667982,-106.92846972260028,104.59282204100084,1,p1a_catchup
nvdax,2026-07-31T13:40:00Z,60,regular,0,2.387601910704973,26.397305335601473,-24.0097034248965,-37.993484848994896,37.78851723645801,24.0097034248965,4.018027501304644,1,16.126955251500874,11.90077567470027,-17.952122895605882,0,p1a_catchup
nvdax,2026-07-31T14:00:00Z,5,regular,0,23.066189356004685,45.56245246070567,-22.496263104700986,-51.518009184903235,30.89663419802761,22.496263104700986,21.07402732000274,1,58.59515543670035,-57.17291965200211,23.475387152496197,1,p1a_catchup
nvdax,2026-07-31T14:00:00Z,15,regular,0,23.066189356004685,45.56245246070567,-22.496263104700986,-51.518009184903235,30.89663419802761,22.496263104700986,10.07090526659482,1,65.10987692809778,-32.54270855680197,4.078719338691528,1,p1a_catchup
nvdax,2026-07-31T14:00:00Z,30,regular,0,23.066189356004685,45.56245246070567,-22.496263104700986,-51.518009184903235,30.89663419802761,22.496263104700986,2.6228667482985912,1,3.5217686185973207,21.597361234402257,-48.3080444172046,0,xstock_reversion
nvdax,2026-07-31T14:00:00Z,60,regular,0,23.066189356004685,45.56245246070567,-22.496263104700986,-51.518009184903235,30.89663419802761,22.496263104700986,8.967898249201411,1,-40.66354212890033,54.19190698439991,-76.16956544180375,0,xstock_reversion
nvdax,2026-07-31T14:05:00Z,5,regular,1,10.631343143501226,10.442684176501515,-21.07402732000274,-107.81126976720401,34.0752533902538,21.07402732000274,7.051707180698585,1,16.63213786899931,-2.609817729695152,13.293115102301911,1,p1a_catchup
nvdax,2026-07-31T14:05:00Z,15,regular,1,10.631343143501226,10.442684176501515,-21.07402732000274,-107.81126976720401,34.0752533902538,21.07402732000274,14.945922156801572,1,-24.609355924400944,60.62930540120526,-55.029181972301444,0,xstock_reversion
nvdax,2026-07-31T14:05:00Z,30,regular,1,10.631343143501226,10.442684176501515,-21.07402732000274,-107.81126976720401,34.0752533902538,21.07402732000274,14.222658534901456,1,-79.45633683739572,114.75302269229992,-99.39201536069753,0,xstock_reversion
nvdax,2026-07-31T14:05:00Z,60,regular,1,10.631343143501226,10.442684176501515,-21.07402732000274,-107.81126976720401,34.0752533902538,21.07402732000274,6.4808892479994995,1,-83.68858846489857,98.28172653690181,-90.53517920260212,0,xstock_reversion
nvdax,2026-07-31T15:20:00Z,5,regular,0,1.3380617420999386,20.550133816197302,-19.212072074097364,-80.53532725919688,16.885463211921753,19.212072074097364,7.768248179296222,1,23.92474306230241,-12.48091916750127,10.887639977799068,1,p1a_catchup
nvdax,2026-07-31T15:20:00Z,15,regular,0,1.3380617420999386,20.550133816197302,-19.212072074097364,-80.53532725919688,16.885463211921753,19.212072074097364,14.71495767729536,1,2.0818543069989204,31.845175444393803,-33.48773568969676,0,xstock_reversion
nvdax,2026-07-31T15:20:00Z,30,regular,0,1.3380617420999386,20.550133816197302,-19.212072074097364,-80.53532725919688,16.885463211921753,19.212072074097364,6.417707119901195,1,5.157790639298554,20.471988554700005,-28.651714876994916,0,xstock_reversion
nvdax,2026-07-31T15:20:00Z,60,regular,0,1.3380617420999386,20.550133816197302,-19.212072074097364,-80.53532725919688,16.885463211921753,19.212072074097364,20.010691924303714,0,-44.956950473498125,84.1797144718992,-83.24414615000109,0,persistent_or_wider
nvdax,2026-07-31T16:20:00Z,5,regular,0,2.2736300639980556,17.73706186030566,20.010691924303714,42.46613862630255,22.22224164606599,20.010691924303714,11.05302093879601,1,26.91743624500198,-17.959765259494276,28.313538936597382,1,p1a_catchup
nvdax,2026-07-31T16:20:00Z,15,regular,0,2.2736300639980556,17.73706186030566,20.010691924303714,42.46613862630255,22.22224164606599,20.010691924303714,0.8971999746965054,1,41.897038024698574,-20.989146125698355,25.78835016529446,1,p1a_catchup
nvdax,2026-07-31T16:20:00Z,30,regular,0,2.2736300639980556,17.73706186030566,20.010691924303714,42.46613862630255,22.22224164606599,20.010691924303714,5.5330535477970955,1,45.81925223670069,-31.341613860194073,32.60489696479851,1,p1a_catchup
nvdax,2026-07-31T16:20:00Z,60,regular,0,2.2736300639980556,17.73706186030566,20.010691924303714,42.46613862630255,22.22224164606599,20.010691924303714,3.214453105897519,1,98.48104743680253,-81.68480861839633,83.70697295449148,1,p1a_catchup
nvdax,2026-07-31T19:15:00Z,5,regular,0,1.699602688303159,38.88775756299978,37.18815487469662,92.03257411550148,39.54649119210308,37.18815487469662,2.661662410297083,1,20.247241185193943,19.602576099799762,-12.406472718806683,1,p1a_catchup
nvdax,2026-07-31T19:15:00Z,15,regular,0,1.699602688303159,38.88775756299978,37.18815487469662,92.03257411550148,39.54649119210308,37.18815487469662,1.292104553600737,1,30.406427844091866,5.489622477004019,-5.916855877599048,1,p1a_catchup
nvdax,2026-07-31T19:15:00Z,30,regular,0,1.699602688303159,38.88775756299978,37.18815487469662,92.03257411550148,39.54649119210308,37.18815487469662,9.052060516596683,1,76.39634554969632,-48.26025119159638,55.07896503089249,1,p1a_catchup
nvdax,2026-07-31T19:15:00Z,60,regular,0,1.699602688303159,38.88775756299978,37.18815487469662,92.03257411550148,39.54649119210308,37.18815487469662,1.8751545623985066,1,14.115448267997266,24.947861169097862,-27.64866404820765,0,xstock_reversion
nvdax,2026-07-31T20:00:00Z,5,afterhours,0,0.9993497231963744,34.75422367900549,-35.753573402201866,-75.70879981269485,33.15730129716065,35.753573402201866,7.363087271095026,1,19.166825991305814,9.223660139801027,-7.999200506603188,1,p1a_catchup
nvdax,2026-07-31T20:00:00Z,15,afterhours,0,0.9993497231963744,34.75422367900549,-35.753573402201866,-75.70879981269485,33.15730129716065,35.753573402201866,1.8751545623985066,1,31.377731387802754,2.500687452000605,-0.5001375379976025,1,p1a_catchup
nvdax,2026-07-31T20:00:00Z,30,afterhours,0,0.9993497231963744,34.75422367900549,-35.753573402201866,-75.70879981269485,33.15730129716065,35.753573402201866,1.6668402802011428,1,35.67011686330446,1.7502968190985513,-1.5003375788058548,1,p1a_catchup
nvdax,2026-07-31T20:00:00Z,60,afterhours,0,0.9993497231963744,34.75422367900549,-35.753573402201866,-75.70879981269485,33.15730129716065,35.753573402201866,7.401204065802247,1,45.62632294850211,-2.471545480497994,0.5001625528944231,1,p1a_catchup
nvdax,2026-07-31T21:35:00Z,5,afterhours,1,44.230024794504885,20.103298146505466,24.12672664799942,19.441511708198078,18.52664667394776,24.12672664799942,10.409665859798523,1,-12.952209871599507,47.48860237939745,-4.588438469399492,0,xstock_reversion
nvdax,2026-07-31T21:35:00Z,15,afterhours,1,44.230024794504885,20.103298146505466,24.12672664799942,19.441511708198078,18.52664667394776,24.12672664799942,11.054982141205372,1,-28.617737405101096,63.79944619430589,-20.074281557995732,0,xstock_reversion
nvdax,2026-07-31T21:35:00Z,30,afterhours,1,44.230024794504885,20.103298146505466,24.12672664799942,19.441511708198078,18.52664667394776,24.12672664799942,2.671356702705907,1,-41.02135897420034,67.81944232490567,-21.079054228998473,0,xstock_reversion
nvdax,2026-07-31T21:35:00Z,60,afterhours,1,44.230024794504885,20.103298146505466,24.12672664799942,19.441511708198078,18.52664667394776,24.12672664799942,3.7858268296009356,1,-38.36005858760316,58.70095840600165,-15.513882815794133,0,xstock_reversion
nvdax,2026-08-03T08:00:00Z,5,premarket,0,2.330045428902139,15.51231783560425,-17.84236326450639,-30.672459322804713,18.342590080507055,17.84236326450639,11.147457746805145,1,13.946145189400738,-7.251239671699494,0.4978220287021884,1,p1a_catchup
nvdax,2026-08-03T08:00:00Z,15,premarket,0,2.330045428902139,15.51231783560425,-17.84236326450639,-30.672459322804713,18.342590080507055,17.84236326450639,22.8604976636948,0,25.99238041690377,-31.010514816092183,35.90668130729391,1,persistent_or_wider
nvdax,2026-08-03T08:00:00Z,30,premarket,0,2.330045428902139,15.51231783560425,-17.84236326450639,-30.672459322804713,18.342590080507055,17.84236326450639,9.938190617599929,1,61.98092361640484,-54.07675096949838,52.40709756130002,1,p1a_catchup
nvdax,2026-08-03T08:00:00Z,60,premarket,0,2.330045428902139,15.51231783560425,-17.84236326450639,-30.672459322804713,18.342590080507055,17.84236326450639,0.6568523014038874,1,29.364102206406173,-10.864886640495897,11.456181364000173,1,p1a_catchup
nvdax,2026-08-03T08:15:00Z,5,premarket,0,2.5661210622995867,25.426618725994388,-22.8604976636948,-31.010514816092183,20.76411203767631,22.8604976636948,23.477188360896406,0,23.537339601000795,-24.1540302982024,12.307730777605386,1,persistent_or_wider
nvdax,2026-08-03T08:15:00Z,15,premarket,0,2.5661210622995867,25.426618725994388,-22.8604976636948,-31.010514816092183,20.76411203767631,22.8604976636948,9.938190617599929,1,35.988543199501066,-23.066236153406194,16.50041625400611,1,p1a_catchup
nvdax,2026-08-03T08:15:00Z,30,premarket,0,2.5661210622995867,25.426618725994388,-22.8604976636948,-31.010514816092183,20.76411203767631,22.8604976636948,2.1486522163005617,1,21.57587190089849,3.4332779790968715,-6.991959531692515,1,p1a_catchup
nvdax,2026-08-03T08:15:00Z,60,premarket,0,2.5661210622995867,25.426618725994388,-22.8604976636948,-31.010514816092183,20.76411203767631,22.8604976636948,3.474676727401871,1,5.941561993898503,20.39361239719817,-27.435352213993625,0,xstock_reversion
nvdax,2026-08-03T08:20:00Z,5,premarket,0,9.280178458297428,14.197009902598978,-23.477188360896406,-47.91330544259509,21.442990078964353,23.477188360896406,5.854941050200679,1,9.599019824495514,8.023227486200213,-8.80991687560062,0,p1a_catchup
nvdax,2026-08-03T08:20:00Z,15,premarket,0,9.280178458297428,14.197009902598978,-23.477188360896406,-47.91330544259509,21.442990078964353,23.477188360896406,10.337647338598543,1,10.223729834599737,23.591105864895212,-18.301138209002588,0,xstock_reversion
nvdax,2026-08-03T08:20:00Z,30,premarket,0,9.280178458297428,14.197009902598978,-23.477188360896406,-47.91330544259509,21.442990078964353,23.477188360896406,5.805249221495501,1,-6.286999894502543,35.56943747689445,-23.79194125210482,0,xstock_reversion
nvdax,2026-08-03T08:20:00Z,60,premarket,0,9.280178458297428,14.197009902598978,-23.477188360896406,-47.91330544259509,21.442990078964353,23.477188360896406,3.148002606208067,1,-22.907250140198343,49.532441107302816,-44.694278452803715,0,xstock_reversion
nvdax,2026-08-03T11:00:00Z,5,premarket,0,4.0107099957964465,20.11809769720152,-16.107387701405074,-13.500856937298522,11.062405028445669,16.107387701405074,19.722645612105794,0,19.180293567302442,-22.795551478003162,14.463520963801102,1,persistent_or_wider
nvdax,2026-08-03T11:00:00Z,15,premarket,0,4.0107099957964465,20.11809769720152,-16.107387701405074,-13.500856937298522,11.062405028445669,16.107387701405074,3.59265642369877,1,30.46823077370142,-10.768186648597577,3.5049946531984233,1,p1a_catchup
nvdax,2026-08-03T11:00:00Z,30,premarket,0,4.0107099957964465,20.11809769720152,-16.107387701405074,-13.500856937298522,11.062405028445669,16.107387701405074,11.777368642995611,1,30.88975971760277,-3.0050033732020864,-2.502815680696102,1,p1a_catchup
nvdax,2026-08-03T11:00:00Z,60,premarket,0,4.0107099957964465,20.11809769720152,-16.107387701405074,-13.500856937298522,11.062405028445669,16.107387701405074,7.977932355505146,1,81.96669193550221,-73.83723658960228,76.89059667820075,1,p1a_catchup
nvdax,2026-08-03T11:05:00Z,5,premarket,0,4.321320518405614,15.40132509370018,-19.722645612105794,-42.04013302090637,14.088550793913496,19.722645612105794,6.31871019789898,1,10.396991311498738,3.0069441027080757,0.5665419858047471,1,p1a_catchup
nvdax,2026-08-03T11:05:00Z,15,premarket,0,4.321320518405614,15.40132509370018,-19.722645612105794,-42.04013302090637,14.088550793913496,19.722645612105794,1.1146229570968558,1,8.58221007490556,10.025812580103377,-5.949259061699408,0,xstock_reversion
nvdax,2026-08-03T11:05:00Z,30,premarket,0,4.321320518405614,15.40132509370018,-19.722645612105794,-42.04013302090637,14.088550793913496,19.722645612105794,10.6331851190955,1,10.598288102903197,-1.5088276098929043,7.086591367997386,1,p1a_catchup
nvdax,2026-08-03T11:05:00Z,60,premarket,0,4.321320518405614,15.40132509370018,-19.722645612105794,-42.04013302090637,14.088550793913496,19.722645612105794,0.8998665373027848,1,70.36727286109823,-51.54449378629522,49.822773458299,1,p1a_catchup
nvdax,2026-08-03T11:50:00Z,5,premarket,0,0.2547208675984791,27.286372027299777,-27.031651159701298,-44.745664213303726,18.873643032940887,27.031651159701298,6.326221070604987,1,16.043370473397545,4.662059615698766,-3.0229746299959004,1,p1a_catchup
nvdax,2026-08-03T11:50:00Z,15,premarket,0,0.2547208675984791,27.286372027299777,-27.031651159701298,-44.745664213303726,18.873643032940887,27.031651159701298,0.8998665373027848,1,31.421786585497102,-5.2900019630985895,-1.0077597509017266,1,p1a_catchup
nvdax,2026-08-03T11:50:00Z,30,premarket,0,0.2547208675984791,27.286372027299777,-27.031651159701298,-44.745664213303726,18.873643032940887,27.031651159701298,0.013801303895277783,1,16.945075989101,10.07277386670502,-8.49223585709602,1,p1a_catchup
nvdax,2026-08-03T11:50:00Z,60,premarket,0,0.2547208675984791,27.286372027299777,-27.031651159701298,-44.745664213303726,18.873643032940887,27.031651159701298,4.6029827010052315,1,21.81380742370287,9.82082643700366,-9.589756619199363,1,p1a_catchup
nvdax,2026-08-03T13:15:00Z,5,premarket,0,2.0099390651040494,13.984662990598196,15.994602055702245,20.09596664209745,11.114432793179082,15.994602055702245,0.9764530912992342,1,7.116267246498609,7.901881717904402,-11.050834960197875,0,xstock_reversion
nvdax,2026-08-03T13:15:00Z,15,premarket,0,2.0099390651040494,13.984662990598196,15.994602055702245,20.09596664209745,11.114432793179082,15.994602055702245,26.197385338804224,0,-0.6349962171015022,-9.567787066000477,14.29772107160332,1,persistent_or_wider
nvdax,2026-08-03T13:15:00Z,30,premarket,0,2.0099390651040494,13.984662990598196,15.994602055702245,20.09596664209745,11.114432793179082,15.994602055702245,16.438460808094746,0,23.343625142704383,-23.787483895096884,26.57242545230254,1,persistent_or_wider
nvdax,2026-08-03T13:15:00Z,60,premarket,0,2.0099390651040494,13.984662990598196,15.994602055702245,20.09596664209745,11.114432793179082,15.994602055702245,2.152364174907717,1,260.7708850966972,-246.92864721590269,256.9739856434072,1,p1a_catchup
nvdax,2026-08-03T13:25:00Z,5,premarket,0,5.973148615403545,46.802605231999195,-40.82945661659565,-46.246231917699276,30.332704969098895,40.82945661659565,26.197385338804224,1,-14.167694353597327,81.1945363089972,-89.88767986489954,0,xstock_reversion
nvdax,2026-08-03T13:25:00Z,15,premarket,0,5.973148615403545,46.802605231999195,-40.82945661659565,-46.246231917699276,30.332704969098895,40.82945661659565,6.610932621704535,1,-18.92023618170313,53.138760176594246,-58.50624445850272,0,xstock_reversion
nvdax,2026-08-03T13:25:00Z,30,premarket,0,5.973148615403545,46.802605231999195,-40.82945661659565,-46.246231917699276,30.332704969098895,40.82945661659565,32.253565985902455,1,-121.98258238449888,195.065604986997,-228.65717110930106,0,xstock_reversion
nvdax,2026-08-03T13:25:00Z,60,premarket,0,5.973148615403545,46.802605231999195,-40.82945661659565,-46.246231917699276,30.332704969098895,40.82945661659565,0.16598475729878714,1,-328.26389805459934,368.9273699138962,-381.6177456230019,0,xstock_reversion
nvdax,2026-08-03T13:30:00Z,5,regular,0,2.7199949404987933,28.917380279303018,26.197385338804224,9.567787066000477,47.39528001022067,26.197385338804224,0.2761025779030035,1,17.406616779105377,9.06687113760185,-16.55712585360014,0,p1a_catchup
nvdax,2026-08-03T13:30:00Z,15,regular,0,2.7199949404987933,28.917380279303018,26.197385338804224,9.567787066000477,47.39528001022067,26.197385338804224,16.438460808094746,1,23.978621359805885,-14.219696829096407,12.27470438069922,1,p1a_catchup
nvdax,2026-08-03T13:30:00Z,30,regular,0,2.7199949404987933,28.917380279303018,26.197385338804224,9.567787066000477,47.39528001022067,26.197385338804224,7.355066625800433,1,155.49681858070485,-136.65449986770108,145.57022218969706,1,p1a_catchup
nvdax,2026-08-03T13:30:00Z,60,regular,0,2.7199949404987933,28.917380279303018,26.197385338804224,9.567787066000477,47.39528001022067,26.197385338804224,5.068855781704684,1,325.46008778940205,-304.33155823230254,296.11122683579794,1,p1a_catchup
nvdax,2026-08-03T13:55:00Z,5,regular,0,27.618417506900528,59.87198349280298,32.253565985902455,141.92684481040274,41.27412978991975,32.253565985902455,7.355066625800433,1,47.6819305498033,-22.783431189701275,6.800730945295541,1,p1a_catchup
nvdax,2026-08-03T13:55:00Z,15,regular,0,27.618417506900528,59.87198349280298,32.253565985902455,141.92684481040274,41.27412978991975,32.253565985902455,10.512737778300973,1,142.00647154059885,-120.26564333299739,95.8301180919019,1,p1a_catchup
nvdax,2026-08-03T13:55:00Z,30,regular,0,27.618417506900528,59.87198349280298,32.253565985902455,141.92684481040274,41.27412978991975,32.253565985902455,0.16598475729878714,1,206.28131567010044,-173.86176492689918,152.9605745137008,1,p1a_catchup
nvdax,2026-08-03T13:55:00Z,60,regular,0,27.618417506900528,59.87198349280298,32.253565985902455,141.92684481040274,41.27412978991975,32.253565985902455,4.177639817601886,1,253.1086235063018,-225.03269733800124,197.17081486139597,1,p1a_catchup
nvdax,2026-08-03T14:05:00Z,5,regular,0,17.397889289396673,44.879964542596795,27.482075253200122,167.26121950170204,34.50251498178629,27.482075253200122,10.512737778300973,1,42.94875639639706,-25.97941892149791,11.764421897906274,1,p1a_catchup
nvdax,2026-08-03T14:05:00Z,15,regular,0,17.397889289396673,44.879964542596795,27.482075253200122,167.26121950170204,34.50251498178629,27.482075253200122,21.097606137203684,1,91.25419985649863,-84.86973074050219,72.54597916720229,1,p1a_catchup
nvdax,2026-08-03T14:05:00Z,30,regular,0,17.397889289396673,44.879964542596795,27.482075253200122,167.26121950170204,34.50251498178629,27.482075253200122,8.366577298000166,1,130.38038237089822,-111.26488441569826,93.21040846370643,1,p1a_catchup
nvdax,2026-08-03T14:05:00Z,60,regular,0,17.397889289396673,44.879964542596795,27.482075253200122,167.26121950170204,34.50251498178629,27.482075253200122,11.812804729798287,1,170.19686137150103,-130.90198138850263,120.85818393920533,1,p1a_catchup
nvdax,2026-08-03T14:20:00Z,5,regular,0,5.0741377160967716,26.171743853300455,21.097606137203684,84.86973074050219,28.796279353244863,21.097606137203684,0.16598475729878714,1,15.969400669400002,5.294190225102469,-3.6511008474970907,1,p1a_catchup
nvdax,2026-08-03T14:20:00Z,15,regular,0,5.0741377160967716,26.171743853300455,21.097606137203684,84.86973074050219,28.796279353244863,21.097606137203684,8.366577298000166,1,39.12618251439959,-26.39515367519607,20.66442929650414,1,p1a_catchup
nvdax,2026-08-03T14:20:00Z,30,regular,0,5.0741377160967716,26.171743853300455,21.097606137203684,84.86973074050219,28.796279353244863,21.097606137203684,3.812981175501662,1,51.62211681490447,-26.711529502199127,33.77027298009594,1,p1a_catchup
nvdax,2026-08-03T14:20:00Z,60,regular,0,5.0741377160967716,26.171743853300455,21.097606137203684,84.86973074050219,28.796279353244863,21.097606137203684,1.5237266613965517,1,99.66278058310074,-80.08890110729361,72.50186339840425,1,p1a_catchup
nvdax,2026-08-04T11:00:00Z,5,premarket,0,9.654499480697964,31.606307121103683,21.95180764040572,28.128153939004363,14.628735102456277,21.95180764040572,2.489473747102622,1,16.22123516200169,3.241098731301406,-12.897988269102711,1,p1a_catchup
nvdax,2026-08-04T11:00:00Z,15,premarket,0,9.654499480697964,31.606307121103683,21.95180764040572,28.128153939004363,14.628735102456277,21.95180764040572,1.7192264238996557,1,26.547142659101297,-6.3145614425952346,-4.268825273703314,1,p1a_catchup
nvdax,2026-08-04T11:00:00Z,30,premarket,0,9.654499480697964,31.606307121103683,21.95180764040572,28.128153939004363,14.628735102456277,21.95180764040572,2.7078343700015495,1,31.58809188380296,-6.928449873395692,-2.1580597408021873,1,p1a_catchup
nvdax,2026-08-04T11:00:00Z,60,premarket,0,9.654499480697964,31.606307121103683,21.95180764040572,28.128153939004363,14.628735102456277,21.95180764040572,2.2106821089984408,1,76.07602287420079,-51.91353312479663,39.94018339639638,1,p1a_catchup
nvdax,2026-08-04T11:50:00Z,5,premarket,0,7.169545526597432,24.047897755696823,16.87835222909939,45.707213180801176,9.492639702435191,16.87835222909939,9.926025680506712,1,16.263278165293826,-9.310951616701146,4.237235865600653,1,p1a_catchup
nvdax,2026-08-04T11:50:00Z,15,premarket,0,7.169545526597432,24.047897755696823,16.87835222909939,45.707213180801176,9.492639702435191,16.87835222909939,9.345608243798154,1,14.17857221169605,12.045388261201495,-13.873828382298115,1,p1a_catchup
nvdax,2026-08-04T11:50:00Z,30,premarket,0,7.169545526597432,24.047897755696823,16.87835222909939,45.707213180801176,9.492639702435191,16.87835222909939,4.029986427900312,1,7.799722536994125,5.048643264204955,1.425279713602734,1,p1a_catchup
nvdax,2026-08-04T11:50:00Z,60,premarket,0,7.169545526597432,24.047897755696823,16.87835222909939,45.707213180801176,9.492639702435191,16.87835222909939,4.116996278193952,1,-3.0027886416039706,23.998137148897314,-27.595411935497083,0,xstock_reversion
nvdax,2026-08-04T13:25:00Z,5,premarket,0,2.3455716128051307,37.28958808089544,39.63515969370057,57.355661722606754,20.572507756347328,39.63515969370057,6.780942391797495,1,8.28535188089674,38.13075020460133,-26.520189818901585,0,xstock_reversion
nvdax,2026-08-04T13:25:00Z,15,premarket,0,2.3455716128051307,37.28958808089544,39.63515969370057,57.355661722606754,20.572507756347328,39.63515969370057,1.2661730476004607,1,14.053701889897852,24.31528475620226,-10.173542571196847,1,xstock_reversion
nvdax,2026-08-04T13:25:00Z,30,premarket,0,2.3455716128051307,37.28958808089544,39.63515969370057,57.355661722606754,20.572507756347328,39.63515969370057,20.677089491298872,1,-17.089420043303605,77.40166922830305,-66.43281526369726,0,xstock_reversion
nvdax,2026-08-04T13:25:00Z,60,premarket,0,2.3455716128051307,37.28958808089544,39.63515969370057,57.355661722606754,20.572507756347328,39.63515969370057,8.782640416296061,1,-39.62944773220123,70.48196700960574,-55.84995774220225,0,xstock_reversion
nvdax,2026-08-04T13:55:00Z,5,regular,0,8.623282351800654,12.053807139498218,-20.677089491298872,-53.08638447210079,28.83309615246222,20.677089491298872,4.600584630898297,1,14.096731642299076,1.9797732181014993,2.380782336297571,1,p1a_catchup
nvdax,2026-08-04T13:55:00Z,15,regular,0,8.623282351800654,12.053807139498218,-20.677089491298872,-53.08638447210079,28.83309615246222,20.677089491298872,3.182620999897523,1,5.271045313799405,12.223423177601944,-8.56612625550035,0,xstock_reversion
nvdax,2026-08-04T13:55:00Z,30,regular,0,8.623282351800654,12.053807139498218,-20.677089491298872,-53.08638447210079,28.83309615246222,20.677089491298872,8.782640416296061,1,22.540027688897624,6.91970221869731,-10.582857521495015,0,p1a_catchup
nvdax,2026-08-04T13:55:00Z,60,regular,0,8.623282351800654,12.053807139498218,-20.677089491298872,-53.08638447210079,28.83309615246222,20.677089491298872,7.053636507503569,1,36.4575841778958,-22.834131194100493,22.87894229640486,1,p1a_catchup
nvdax,2026-08-04T14:50:00Z,5,regular,0,13.662891278896083,13.930187148503137,-27.59307842739922,-47.61789174880349,38.3287012214622,27.59307842739922,7.053636507503569,1,18.794796248196022,1.7446456716996295,3.339774357700165,1,p1a_catchup
nvdax,2026-08-04T14:50:00Z,15,regular,0,13.662891278896083,13.930187148503137,-27.59307842739922,-47.61789174880349,38.3287012214622,27.59307842739922,2.164210760300378,1,7.016296154596091,18.41257151250275,-6.223317133402517,0,xstock_reversion
nvdax,2026-08-04T14:50:00Z,30,regular,0,13.662891278896083,13.930187148503137,-27.59307842739922,-47.61789174880349,38.3287012214622,27.59307842739922,6.757264779997385,1,-0.6330110212005025,21.468824668602338,-21.443385787005553,0,xstock_reversion
nvdax,2026-08-04T14:50:00Z,60,regular,0,13.662891278896083,13.930187148503137,-27.59307842739922,-47.61789174880349,38.3287012214622,27.59307842739922,0.028250810197860687,1,-30.86276366039975,58.48409289799683,-50.67518130380755,0,xstock_reversion
nvdax,2026-08-04T20:00:00Z,5,afterhours,0,3.4648946374993272,21.95757796379816,-18.49268332629883,-56.53052357240007,19.86722956504176,18.49268332629883,8.091310055204914,1,13.506390543795987,-3.105017272702071,-1.8929534862976993,1,p1a_catchup
nvdax,2026-08-04T20:00:00Z,15,afterhours,0,3.4648946374993272,21.95757796379816,-18.49268332629883,-56.53052357240007,19.86722956504176,18.49268332629883,44.35747681919899,0,27.230761061796116,-53.09555455469628,52.67290987980289,1,persistent_or_wider
nvdax,2026-08-04T20:00:00Z,30,afterhours,0,3.4648946374993272,21.95757796379816,-18.49268332629883,-56.53052357240007,19.86722956504176,18.49268332629883,20.338304748497293,0,64.7573345213015,-66.60295594349996,66.95658606919785,1,persistent_or_wider
nvdax,2026-08-04T20:00:00Z,60,afterhours,0,3.4648946374993272,21.95757796379816,-18.49268332629883,-56.53052357240007,19.86722956504176,18.49268332629883,35.525614743905365,0,-74.04362493359962,128.06192300380383,-136.78560588219923,0,persistent_or_wider
nvdax,2026-08-04T20:15:00Z,5,afterhours,0,3.0422499626059363,47.39972678180493,-44.35747681919899,-53.09555455469628,22.47619129796289,44.35747681919899,4.632196678997502,1,22.648595346304035,17.076684793897456,-12.362704251600576,1,p1a_catchup
nvdax,2026-08-04T20:15:00Z,15,afterhours,0,3.0422499626059363,47.39972678180493,-44.35747681919899,-53.09555455469628,22.47619129796289,44.35747681919899,20.338304748497293,1,37.526573459505386,-13.507401388803686,14.283676189394967,1,p1a_catchup
nvdax,2026-08-04T20:15:00Z,30,afterhours,0,3.0422499626059363,47.39972678180493,-44.35747681919899,-53.09555455469628,22.47619129796289,44.35747681919899,24.843107801997277,1,-19.449046601396347,88.64963122259262,-95.1779327855995,0,xstock_reversion
nvdax,2026-08-04T20:15:00Z,60,afterhours,0,3.0422499626059363,47.39972678180493,-44.35747681919899,-53.09555455469628,22.47619129796289,44.35747681919899,17.635431521396683,1,-189.22320029809646,251.21610863869216,-264.8181054443022,0,xstock_reversion
nvdax,2026-08-04T20:30:00Z,5,afterhours,0,3.8185247631972175,24.15682951169451,-20.338304748497293,-13.507401388803686,27.396561921948127,20.338304748497293,0.8273263501035188,1,10.275750434098896,10.889880664501916,-3.3346831168934443,1,xstock_reversion
nvdax,2026-08-04T20:30:00Z,15,afterhours,0,3.8185247631972175,24.15682951169451,-20.338304748497293,-13.507401388803686,27.396561921948127,20.338304748497293,24.843107801997277,0,-56.97562006090173,102.1570326113963,-109.46160897499446,0,persistent_or_wider
nvdax,2026-08-04T20:30:00Z,30,afterhours,0,3.8185247631972175,24.15682951169451,-20.338304748497293,-13.507401388803686,27.396561921948127,20.338304748497293,35.525614743905365,0,-138.80095945490112,194.66487894730378,-203.7421919513971,0,persistent_or_wider
nvdax,2026-08-04T20:30:00Z,60,afterhours,0,3.8185247631972175,24.15682951169451,-20.338304748497293,-13.507401388803686,27.396561921948127,20.338304748497293,17.203423775500326,1,-240.16650892000337,277.708237444001,-278.6245213486005,0,xstock_reversion
nvdax,2026-08-04T20:40:00Z,5,afterhours,0,9.778183455297906,78.88477343589884,69.10658998060093,70.80887031400529,50.357924981533934,69.10658998060093,24.843107801997277,1,44.4780041843984,-0.21452200579474834,-6.077609849102217,1,p1a_catchup
nvdax,2026-08-04T20:40:00Z,15,afterhours,0,9.778183455297906,78.88477343589884,69.10658998060093,70.80887031400529,50.357924981533934,69.10658998060093,32.78004202690532,1,85.73956112379655,-49.41301317010094,67.17247115950009,1,p1a_catchup
nvdax,2026-08-04T20:40:00Z,30,afterhours,0,9.778183455297906,78.88477343589884,69.10658998060093,70.80887031400529,50.357924981533934,69.10658998060093,38.87060985159785,1,192.4376517045978,-162.20167157559473,147.31828015220216,1,p1a_catchup
nvdax,2026-08-04T20:40:00Z,60,afterhours,0,9.778183455297906,78.88477343589884,69.10658998060093,70.80887031400529,50.357924981533934,69.10658998060093,9.516199918904178,1,239.31145274099563,-179.72106267929888,154.27738410050296,1,p1a_catchup
nvdax,2026-08-04T20:45:00Z,5,afterhours,0,3.486051600400941,28.32915940239822,24.843107801997277,102.1570326113963,40.891668633583194,24.843107801997277,10.981443328299534,1,16.78973198780298,-2.928067514105237,14.598886484602502,1,p1a_catchup
nvdax,2026-08-04T20:45:00Z,15,afterhours,0,3.486051600400941,28.32915940239822,24.843107801997277,102.1570326113963,40.891668633583194,24.843107801997277,35.525614743905365,0,81.82533939399939,-92.50784633590747,94.28058297640263,1,persistent_or_wider
nvdax,2026-08-04T20:45:00Z,30,afterhours,0,3.486051600400941,28.32915940239822,24.843107801997277,102.1570326113963,40.891668633583194,24.843107801997277,17.635431521396683,1,169.77415369670013,-162.56647741609953,169.64017265870268,1,p1a_catchup
nvdax,2026-08-04T20:45:00Z,60,afterhours,0,3.486051600400941,28.32915940239822,24.843107801997277,102.1570326113963,40.891668633583194,24.843107801997277,15.474165598794443,1,185.99821802889772,-145.68094462810598,136.2093655767005,1,p1a_catchup
nvdax,2026-08-04T20:55:00Z,5,afterhours,0,27.53764144469706,60.31768347160238,32.78004202690532,49.41301317010094,42.70635230727931,32.78004202690532,35.525614743905365,0,40.56378245460124,-43.30935517160128,21.03050196780032,1,persistent_or_wider
nvdax,2026-08-04T20:55:00Z,15,afterhours,0,27.53764144469706,60.31768347160238,32.78004202690532,49.41301317010094,42.70635230727931,32.78004202690532,38.87060985159785,0,106.69809058080126,-112.78865840549379,80.14580899270207,1,persistent_or_wider
nvdax,2026-08-04T20:55:00Z,30,afterhours,0,27.53764144469706,60.31768347160238,32.78004202690532,49.41301317010094,42.70635230727931,32.78004202690532,7.838222279001883,1,137.09262415390276,-96.47435984799557,72.25296553450278,1,p1a_catchup
nvdax,2026-08-04T20:55:00Z,60,afterhours,0,27.53764144469706,60.31768347160238,32.78004202690532,49.41301317010094,42.70635230727931,32.78004202690532,1.0752374559963584,1,123.36507527890284,-91.66027070799387,65.28351467739668,1,p1a_catchup
nvdax,2026-08-04T21:00:00Z,5,afterhours,0,5.258788240896095,40.78440298480146,35.525614743905365,92.50784633590747,34.98201543657436,35.525614743905365,32.52325675079604,1,30.79899877460157,-27.796640781492243,35.39945480540041,1,p1a_catchup
nvdax,2026-08-04T21:00:00Z,15,afterhours,0,5.258788240896095,40.78440298480146,35.525614743905365,92.50784633590747,34.98201543657436,35.525614743905365,17.635431521396683,1,87.94881430270074,-70.05863108019206,75.35958968230005,1,p1a_catchup
nvdax,2026-08-04T21:00:00Z,30,afterhours,0,5.258788240896095,40.78440298480146,35.525614743905365,92.50784633590747,34.98201543657436,35.525614743905365,17.203423775500326,1,101.36554946510223,-83.0433584966972,74.8823293972034,1,p1a_catchup
nvdax,2026-08-04T21:00:00Z,60,afterhours,0,5.258788240896095,40.78440298480146,35.525614743905365,92.50784633590747,34.98201543657436,35.525614743905365,6.73059251149688,1,81.11397772189832,-38.85777046649608,41.928782600297865,1,p1a_catchup
nvdax,2026-08-04T21:05:00Z,5,afterhours,0,12.861602264804262,45.3848590156003,32.52325675079604,117.37641960329448,33.55020178103635,32.52325675079604,38.87060985159785,0,35.335309351598454,-41.682662452400265,23.715852219501343,1,persistent_or_wider
nvdax,2026-08-04T21:05:00Z,15,afterhours,0,12.861602264804262,45.3848590156003,32.52325675079604,117.37641960329448,33.55020178103635,32.52325675079604,5.001405153697291,1,67.54307088109535,-30.018408976602018,25.108060496101814,1,p1a_catchup
nvdax,2026-08-04T21:05:00Z,30,afterhours,0,12.861602264804262,45.3848590156003,32.52325675079604,117.37641960329448,33.55020178103635,32.52325675079604,1.382081197807139,1,77.39218397249559,-46.25100841950669,34.384499009201264,1,p1a_catchup
nvdax,2026-08-04T21:05:00Z,60,afterhours,0,12.861602264804262,45.3848590156003,32.52325675079604,117.37641960329448,33.55020178103635,32.52325675079604,13.450615627599305,1,56.35052237979998,-37.27788125660325,24.64401260629856,1,p1a_catchup
nvdax,2026-08-04T21:10:00Z,5,afterhours,0,5.1052079680946605,33.76540188350319,38.87060985159785,112.78865840549379,20.73871979371108,38.87060985159785,17.635431521396683,1,21.814506176500714,-0.5793278462995488,16.2442826573983,1,p1a_catchup
nvdax,2026-08-04T21:10:00Z,15,afterhours,0,5.1052079680946605,33.76540188350319,38.87060985159785,112.78865840549379,20.73871979371108,38.87060985159785,7.838222279001883,1,30.394533573101512,16.31429855749822,-7.892843458199295,1,p1a_catchup
nvdax,2026-08-04T21:10:00Z,30,afterhours,0,5.1052079680946605,33.76540188350319,38.87060985159785,112.78865840549379,20.73871979371108,38.87060985159785,9.516199918904178,1,46.87380103639782,-17.51939110370415,6.959103948300793,1,p1a_catchup
nvdax,2026-08-04T21:10:00Z,60,afterhours,0,5.1052079680946605,33.76540188350319,38.87060985159785,112.78865840549379,20.73871979371108,38.87060985159785,0.5732702410021773,1,26.792095621601675,12.65178447099835,11.999109971299049,1,p1a_catchup
nvdax,2026-08-04T21:15:00Z,5,afterhours,0,10.559746843004092,28.195178364400775,17.635431521396683,70.05863108019206,20.644688783700094,17.635431521396683,5.001405153697291,1,10.393255352996178,12.243581322097796,-14.85207438079783,1,xstock_reversion
nvdax,2026-08-04T21:15:00Z,15,afterhours,0,10.559746843004092,28.195178364400775,17.635431521396683,70.05863108019206,20.644688783700094,17.635431521396683,17.203423775500326,1,13.416735162401494,-12.984727416505137,-0.47726028509664786,1,p1a_catchup
nvdax,2026-08-04T21:15:00Z,30,afterhours,0,10.559746843004092,28.195178364400775,17.635431521396683,70.05863108019206,20.644688783700094,17.635431521396683,15.474165598794443,1,16.224064332197585,16.88553278799354,-33.43080708200219,0,xstock_reversion
nvdax,2026-08-04T21:15:00Z,60,afterhours,0,10.559746843004092,28.195178364400775,17.635431521396683,70.05863108019206,20.644688783700094,17.635431521396683,6.242252130199688,1,15.7808904322021,-4.387711041005105,-12.068239165801131,1,p1a_catchup
nvdax,2026-08-04T21:30:00Z,5,afterhours,0,2.9022408585976933,14.301182916902633,17.203423775500326,12.984727416505137,22.02412710372392,17.203423775500326,1.382081197807139,1,6.825633281994925,8.995709295698262,-5.098375582601733,1,xstock_reversion
nvdax,2026-08-04T21:30:00Z,15,afterhours,0,2.9022408585976933,14.301182916902633,17.203423775500326,12.984727416505137,22.02412710372392,17.203423775500326,15.474165598794443,1,2.807329169796091,29.870260204498678,-32.95354679690554,0,xstock_reversion
nvdax,2026-08-04T21:30:00Z,30,afterhours,0,2.9022408585976933,14.301182916902633,17.203423775500326,12.984727416505137,22.02412710372392,17.203423775500326,6.73059251149688,1,-20.25157174320391,44.18558803020112,-32.95354679690554,0,xstock_reversion
nvdax,2026-08-04T21:30:00Z,60,afterhours,0,2.9022408585976933,14.301182916902633,17.203423775500326,12.984727416505137,22.02412710372392,17.203423775500326,3.0817036533026254,1,-12.93569789219795,33.2208253210009,-12.054897602302717,0,xstock_reversion
nvdax,2026-08-04T21:45:00Z,5,afterhours,0,5.9855274510045575,21.459693049799,-15.474165598794443,-29.870260204498678,21.95243645079439,15.474165598794443,14.44714468459729,1,15.148586186599644,-14.121565272402492,8.83700436559387,1,p1a_catchup
nvdax,2026-08-04T21:45:00Z,15,afterhours,0,5.9855274510045575,21.459693049799,-15.474165598794443,-29.870260204498678,21.95243645079439,15.474165598794443,6.73059251149688,1,23.058900913000002,-14.31532782570244,-0.0,1,p1a_catchup
nvdax,2026-08-04T21:45:00Z,30,afterhours,0,5.9855274510045575,21.459693049799,-15.474165598794443,-29.870260204498678,21.95243645079439,15.474165598794443,6.242252130199688,1,0.44317389999548595,21.273243828998645,-21.36256791620106,0,xstock_reversion
nvdax,2026-08-04T21:45:00Z,60,afterhours,0,5.9855274510045575,21.459693049799,-15.474165598794443,-29.870260204498678,21.95243645079439,15.474165598794443,2.1057010702918433,1,13.130779211101284,0.23768531740131493,-4.647920139504436,1,p1a_catchup
nvdax,2026-08-04T22:40:00Z,5,afterhours,1,7.752898057500346,7.220995494900961,-14.973893552401307,-4.966858768398197,18.179004866650622,14.973893552401307,2.1057010702918433,1,4.0046750143041265,8.863517467805337,0.4646732185964453,1,xstock_reversion
nvdax,2026-08-04T22:40:00Z,15,afterhours,1,7.752898057500346,7.220995494900961,-14.973893552401307,-4.966858768398197,18.179004866650622,14.973893552401307,24.224855441206117,0,-17.836012391097,57.034761384704424,-64.38038957400138,0,persistent_or_wider
nvdax,2026-08-04T22:40:00Z,30,afterhours,1,7.752898057500346,7.220995494900961,-14.973893552401307,-4.966858768398197,18.179004866650622,14.973893552401307,13.756532938202781,1,-58.62902891239585,87.35945540299994,-78.21661181280248,0,xstock_reversion
nvdax,2026-08-04T22:40:00Z,60,afterhours,1,7.752898057500346,7.220995494900961,-14.973893552401307,-4.966858768398197,18.179004866650622,14.973893552401307,0.1406701119055498,1,-44.07260898320331,58.90583242369907,-63.91869839910136,0,xstock_reversion
nvdax,2026-08-04T22:50:00Z,5,afterhours,0,1.1576568088944583,17.12736509150048,15.969708282606021,9.52055987039735,15.869418615413716,15.969708282606021,24.224855441206117,0,17.124029437001198,-25.379176595601294,39.32004603350414,1,persistent_or_wider
nvdax,2026-08-04T22:50:00Z,15,afterhours,0,1.1576568088944583,17.12736509150048,15.969708282606021,9.52055987039735,15.869418615413716,15.969708282606021,11.39993174560594,1,44.64976778700169,-40.07999125000161,45.32009236770662,1,p1a_catchup
nvdax,2026-08-04T22:50:00Z,30,afterhours,0,1.1576568088944583,17.12736509150048,15.969708282606021,9.52055987039735,15.869418615413716,15.969708282606021,13.776303533798995,1,54.846248048603385,-25.10023623219837,30.913928471800745,1,p1a_catchup
nvdax,2026-08-04T22:50:00Z,60,afterhours,0,1.1576568088944583,17.12736509150048,15.969708282606021,9.52055987039735,15.869418615413716,15.969708282606021,3.0524157383027273,1,46.5694947983053,-27.54737077739655,31.930428110005238,1,p1a_catchup
nvdax,2026-08-04T22:55:00Z,5,afterhours,0,15.098526246797306,39.32338168800342,24.224855441206117,57.034761384704424,17.689569498918583,24.224855441206117,2.219190667203108,1,16.38128208310441,10.062764025304816,-7.851650404502308,1,p1a_catchup
nvdax,2026-08-04T22:55:00Z,15,afterhours,0,15.098526246797306,39.32338168800342,24.224855441206117,57.034761384704424,17.689569498918583,24.224855441206117,13.756532938202781,1,40.79301652129885,-30.324694018295517,13.8362222388011,1,p1a_catchup
nvdax,2026-08-04T22:55:00Z,30,afterhours,0,15.098526246797306,39.32338168800342,24.224855441206117,57.034761384704424,17.689569498918583,24.224855441206117,1.5748794780989783,1,35.35962485880617,-12.709648895699033,-15.598493583697248,1,p1a_catchup
nvdax,2026-08-04T22:55:00Z,60,afterhours,0,15.098526246797306,39.32338168800342,24.224855441206117,57.034761384704424,17.689569498918583,24.224855441206117,2.654136329800494,1,31.59016255530389,-10.019443443898268,-3.6941263811041125,1,p1a_catchup
nvdax,2026-08-05T08:00:00Z,5,premarket,0,5.1751010151068755,16.605828104996334,21.78092912010321,44.347820603407584,12.98889474461198,21.78092912010321,8.112340738692936,1,4.719157782595573,25.174112076200572,-22.565576362598705,0,xstock_reversion
nvdax,2026-08-05T08:00:00Z,15,premarket,0,5.1751010151068755,16.605828104996334,21.78092912010321,44.347820603407584,12.98889474461198,21.78092912010321,3.592332289805711,1,-9.778638555797414,35.151899965706335,-40.12824650749813,0,xstock_reversion
nvdax,2026-08-05T08:00:00Z,30,premarket,0,5.1751010151068755,16.605828104996334,21.78092912010321,44.347820603407584,12.98889474461198,21.78092912010321,8.904654850603322,1,-42.19726442049598,72.88284839120251,-71.09253467599608,0,xstock_reversion
nvdax,2026-08-05T08:00:00Z,60,premarket,0,5.1751010151068755,16.605828104996334,21.78092912010321,44.347820603407584,12.98889474461198,21.78092912010321,7.617171758695918,1,-54.93696417850025,69.10072153990754,-69.23956760719996,0,xstock_reversion
nvdax,2026-08-05T08:20:00Z,5,premarket,0,1.7369044376991383,18.551417355494593,-20.28832179319373,-43.10617917909987,23.397122858398678,20.28832179319373,3.280341988505242,1,10.409487709193144,6.598492095495345,-5.552470992196135,1,p1a_catchup
nvdax,2026-08-05T08:20:00Z,15,premarket,0,1.7369044376991383,18.551417355494593,-20.28832179319373,-43.10617917909987,23.397122858398678,20.28832179319373,4.116542796799294,1,23.83066242759746,-7.658883431203023,14.358169253005926,1,p1a_catchup
nvdax,2026-08-05T08:20:00Z,30,premarket,0,1.7369044376991383,18.551417355494593,-20.28832179319373,-43.10617917909987,23.397122858398678,20.28832179319373,6.842061243901298,1,26.48946761059534,0.6409154264996886,9.260974916402986,1,p1a_catchup
nvdax,2026-08-05T08:20:00Z,60,premarket,0,1.7369044376991383,18.551417355494593,-20.28832179319373,-43.10617917909987,23.397122858398678,20.28832179319373,9.623211078393368,1,28.8571280934935,1.0544047780935983,5.555555698402159,1,p1a_catchup
nvdax,2026-08-05T10:30:00Z,5,premarket,1,41.33218119019233,18.19717620839434,-23.13500498179799,-32.123640062193815,18.222896684942665,23.13500498179799,8.911242293603294,1,-12.990082399895186,45.03632967529647,-6.4748869157060795,0,xstock_reversion
nvdax,2026-08-05T10:30:00Z,15,premarket,1,41.33218119019233,18.19717620839434,-23.13500498179799,-32.123640062193815,18.222896684942665,23.13500498179799,7.241409622098516,1,-28.462067829595483,44.35566318929496,-10.172940857007262,0,xstock_reversion
nvdax,2026-08-05T10:30:00Z,30,premarket,1,41.33218119019233,18.19717620839434,-23.13500498179799,-32.123640062193815,18.222896684942665,23.13500498179799,10.795747624294805,1,-27.642754284293858,39.982011641797044,2.313476008000137,0,xstock_reversion
nvdax,2026-08-05T10:30:00Z,60,premarket,1,41.33218119019233,18.19717620839434,-23.13500498179799,-32.123640062193815,18.222896684942665,23.13500498179799,0.6821397890011127,1,7.756867065999984,14.695998126796894,24.08635191059716,0,xstock_reversion
nvdax,2026-08-05T13:25:00Z,5,premarket,0,0.8626698033964431,46.87996904680247,47.742638850198915,83.05216515789304,25.934107054765807,47.742638850198915,37.3414115852011,1,74.12488634139791,-63.7236590764001,69.85001516899736,1,p1a_catchup
nvdax,2026-08-05T13:25:00Z,15,premarket,0,0.8626698033964431,46.87996904680247,47.742638850198915,83.05216515789304,25.934107054765807,47.742638850198915,6.35999427999856,1,203.47201227550295,-149.36937914530546,139.67027279339737,1,p1a_catchup
nvdax,2026-08-05T13:25:00Z,30,premarket,0,0.8626698033964431,46.87996904680247,47.742638850198915,83.05216515789304,25.934107054765807,47.742638850198915,21.579791667001302,1,216.58859075509795,-190.42574357190034,196.57942866230016,1,p1a_catchup
nvdax,2026-08-05T13:25:00Z,60,premarket,0,0.8626698033964431,46.87996904680247,47.742638850198915,83.05216515789304,25.934107054765807,47.742638850198915,20.414625685596377,1,234.9477559766999,-166.79049144090465,177.24397894149922,1,p1a_catchup
nvdax,2026-08-05T13:30:00Z,5,regular,0,5.26368628920082,42.60509787440192,37.3414115852011,143.2890444715973,31.272242397356806,37.3414115852011,50.60538238989665,0,99.11095035720408,-112.37492116189962,120.13910282040463,1,persistent_or_wider
nvdax,2026-08-05T13:30:00Z,15,regular,0,5.26368628920082,42.60509787440192,37.3414115852011,143.2890444715973,31.272242397356806,37.3414115852011,8.587507088995139,1,131.24576370320716,-102.49185920700121,100.69569079719898,1,p1a_catchup
nvdax,2026-08-05T13:30:00Z,30,regular,0,5.26368628920082,42.60509787440192,37.3414115852011,143.2890444715973,31.272242397356806,37.3414115852011,1.6905114225984619,1,156.66849756460266,-117.6365745568031,113.38144820710383,1,p1a_catchup
nvdax,2026-08-05T13:30:00Z,60,regular,0,5.26368628920082,42.60509787440192,37.3414115852011,143.2890444715973,31.272242397356806,37.3414115852011,10.619673101999183,1,138.81159920810404,-90.85051452090376,89.80936113640148,1,p1a_catchup
nvdax,2026-08-05T13:35:00Z,5,regular,0,13.027867947705829,63.633250337602476,50.60538238989665,240.6599193603931,45.42273982822083,50.60538238989665,6.35999427999856,1,30.236175576900948,26.72920109299426,-50.3188451960046,0,p1a_catchup
nvdax,2026-08-05T13:35:00Z,15,regular,0,13.027867947705829,63.633250337602476,50.60538238989665,240.6599193603931,45.42273982822083,50.60538238989665,14.792044367100132,1,18.2785176251965,47.11890913180028,-55.0948832221998,0,xstock_reversion
nvdax,2026-08-05T13:35:00Z,30,regular,0,13.027867947705829,63.633250337602476,50.60538238989665,240.6599193603931,45.42273982822083,50.60538238989665,12.866784039298196,1,75.68221069409908,-37.94361234350063,28.496619188294048,1,p1a_catchup
nvdax,2026-08-05T13:35:00Z,60,regular,0,13.027867947705829,63.633250337602476,50.60538238989665,240.6599193603931,45.42273982822083,50.60538238989665,11.051044821295264,1,19.809091582496663,41.84733562869525,-54.639924168400356,0,xstock_reversion
nvdax,2026-08-05T13:55:00Z,5,regular,0,5.2910152870033755,26.870806954004678,21.579791667001302,41.05636442659488,57.97505968560032,21.579791667001302,1.6905114225984619,1,14.204793150902617,9.065509938697147,-13.34796528619897,1,p1a_catchup
nvdax,2026-08-05T13:55:00Z,15,regular,0,5.2910152870033755,26.870806954004678,21.579791667001302,41.05636442659488,57.97505968560032,21.579791667001302,7.4835425504993225,1,53.3030654588007,-39.20681634229872,35.43261924809471,1,p1a_catchup
nvdax,2026-08-05T13:55:00Z,30,regular,0,5.2910152870033755,26.870806954004678,21.579791667001302,41.05636442659488,57.97505968560032,21.579791667001302,20.414625685596377,1,18.35916522160197,23.63525213099571,-19.335449720800924,0,xstock_reversion
nvdax,2026-08-05T13:55:00Z,60,regular,0,5.2910152870033755,26.870806954004678,21.579791667001302,41.05636442659488,57.97505968560032,21.579791667001302,1.1205159893989958,1,-71.41221160659406,94.11251926299435,-107.05742599780521,0,xstock_reversion
nvdax,2026-08-05T14:25:00Z,5,regular,0,9.590817697198162,10.823807988398215,-20.414625685596377,-62.84206847329443,25.52311376364326,20.414625685596377,10.619673101999183,1,22.01127042719797,-12.216317843600777,17.5846026361004,1,p1a_catchup
nvdax,2026-08-05T14:25:00Z,15,regular,0,9.590817697198162,10.823807988398215,-20.414625685596377,-62.84206847329443,25.52311376364326,20.414625685596377,3.304823214094199,1,53.365022660400996,-36.25522018889882,37.569158627599464,1,p1a_catchup
nvdax,2026-08-05T14:25:00Z,30,regular,0,9.590817697198162,10.823807988398215,-20.414625685596377,-62.84206847329443,25.52311376364326,20.414625685596377,1.1205159893989958,1,89.77137682819603,-70.47726713199864,87.72197627700429,1,p1a_catchup
nvdax,2026-08-05T14:25:00Z,60,regular,0,9.590817697198162,10.823807988398215,-20.414625685596377,-62.84206847329443,25.52311376364326,20.414625685596377,0.9114064706050584,1,84.38858383839509,-64.88536462340377,73.563813559403,1,p1a_catchup
nvdax,2026-08-05T14:50:00Z,5,regular,0,5.260227063796918,15.289056768503784,-20.549283832300702,-46.28279900240173,18.900882434261742,20.549283832300702,1.1205159893989958,1,11.083989141198458,8.344778701703248,4.569339809901152,1,p1a_catchup
nvdax,2026-08-05T14:50:00Z,15,regular,0,5.260227063796918,15.289056768503784,-20.549283832300702,-46.28279900240173,18.900882434261742,20.549283832300702,4.786582169602482,1,0.40610679060471,24.929759211298474,-20.075768899499025,0,xstock_reversion
nvdax,2026-08-05T14:50:00Z,30,regular,0,5.260227063796918,15.289056768503784,-20.549283832300702,-46.28279900240173,18.900882434261742,20.549283832300702,0.669556620600531,1,0.024056617604628627,21.194783835296604,-8.219553867006013,0,xstock_reversion
nvdax,2026-08-05T14:50:00Z,60,regular,0,5.260227063796918,15.289056768503784,-20.549283832300702,-46.28279900240173,18.900882434261742,20.549283832300702,8.071786010201976,1,-9.626027209899135,22.10352503199786,-18.07410874590687,0,xstock_reversion
nvdax,2026-08-05T19:55:00Z,5,regular,0,3.3146770846048668,17.614047050793502,-20.92872413539837,-48.559985101004344,20.729036177091512,20.92872413539837,0.3872072429977891,1,11.087600190897717,9.453916701502862,-10.946973475691735,0,p1a_catchup
nvdax,2026-08-05T19:55:00Z,15,regular,0,3.3146770846048668,17.614047050793502,-20.92872413539837,-48.559985101004344,20.729036177091512,20.92872413539837,16.248049556200073,1,-5.5212681265981445,42.698041818196586,-40.036529741396265,0,xstock_reversion
nvdax,2026-08-05T19:55:00Z,30,regular,0,3.3146770846048668,17.614047050793502,-20.92872413539837,-48.559985101004344,20.729036177091512,20.92872413539837,5.03774362010212,1,-8.904722861302616,24.795703376598865,-31.154375876294438,0,xstock_reversion
nvdax,2026-08-05T19:55:00Z,60,regular,0,3.3146770846048668,17.614047050793502,-20.92872413539837,-48.559985101004344,20.729036177091512,20.92872413539837,0.3388556390948594,1,-17.335252659700373,37.92512115600388,-34.60998946389182,0,xstock_reversion
nvdax,2026-08-05T20:10:00Z,5,afterhours,0,0.6531650078045459,16.90121456400462,16.248049556200073,42.698041818196586,26.79501891069754,16.248049556200073,1.520354253097267,1,8.033608564605998,6.694086738496807,-17.708480548099814,0,p1a_catchup
nvdax,2026-08-05T20:10:00Z,15,afterhours,0,0.6531650078045459,16.90121456400462,16.248049556200073,42.698041818196586,26.79501891069754,16.248049556200073,5.03774362010212,1,3.383454734704472,17.90233844159772,-8.882153865101827,0,xstock_reversion
nvdax,2026-08-05T20:10:00Z,30,afterhours,0,0.6531650078045459,16.90121456400462,16.248049556200073,42.698041818196586,26.79501891069754,16.248049556200073,7.690259949999501,1,10.256003384201406,13.682306121998167,-1.3359100361043375,1,xstock_reversion
nvdax,2026-08-05T20:10:00Z,60,afterhours,0,0.6531650078045459,16.90121456400462,16.248049556200073,42.698041818196586,26.79501891069754,16.248049556200073,10.42930979449963,1,8.972555017203732,17.70480433349597,-2.6992675333037397,1,xstock_reversion
nvdax,2026-08-05T23:45:00Z,5,afterhours,1,9.614409924898482,5.914176467003429,-15.52858639190191,-22.139214684697706,13.560397115060104,15.52858639190191,0.9529519066031611,1,2.2181932987042075,14.263344999800864,-4.429656828399686,0,xstock_reversion
nvdax,2026-08-06T08:30:00Z,5,premarket,0,1.344989499596494,19.23905954959615,17.894070049999655,47.32401587070001,15.937029467072866,17.894070049999655,2.781470795500951,1,7.776276052497977,12.89926479300263,-11.377859914398769,0,xstock_reversion
nvdax,2026-08-06T08:30:00Z,15,premarket,0,1.344989499596494,19.23905954959615,17.894070049999655,47.32401587070001,15.937029467072866,17.894070049999655,2.062570397596275,1,5.150089829299986,14.806550618295944,-20.489477856893146,0,xstock_reversion
nvdax,2026-08-06T08:30:00Z,30,premarket,0,1.344989499596494,19.23905954959615,17.894070049999655,47.32401587070001,15.937029467072866,17.894070049999655,13.708019616096578,1,0.5305915053988031,31.07149816069743,-29.60940552959812,0,xstock_reversion
nvdax,2026-08-06T08:30:00Z,60,premarket,0,1.344989499596494,19.23905954959615,17.894070049999655,47.32401587070001,15.937029467072866,17.894070049999655,0.39461116459804657,1,-24.12396865000055,42.41264986459825,-44.675493708297154,0,xstock_reversion
nvdax,2026-08-06T11:30:00Z,5,premarket,0,9.088281731992609,30.023659939395486,20.935378207402877,59.3240067339007,6.23704341338965,20.935378207402877,25.752593651304778,0,26.82706326149642,-31.64427870539832,30.219425964501667,1,persistent_or_wider
nvdax,2026-08-06T11:30:00Z,15,premarket,0,9.088281731992609,30.023659939395486,20.935378207402877,59.3240067339007,6.23704341338965,20.935378207402877,0.9697267997044179,1,52.65504811629462,-32.68939670859616,17.01276231820259,1,p1a_catchup
nvdax,2026-08-06T11:30:00Z,30,premarket,0,9.088281731992609,30.023659939395486,20.935378207402877,59.3240067339007,6.23704341338965,20.935378207402877,5.492188867100012,1,48.77541126219853,-22.347844187695642,13.544868821302458,1,p1a_catchup
nvdax,2026-08-06T11:30:00Z,60,premarket,0,9.088281731992609,30.023659939395486,20.935378207402877,59.3240067339007,6.23704341338965,20.935378207402877,10.348794582402121,1,30.851618353997523,-20.265034728996767,16.70164803080354,1,p1a_catchup
nvdax,2026-08-06T11:35:00Z,5,premarket,0,7.663428991095955,33.41602264240073,25.752593651304778,75.29911132420075,7.239405586493589,25.752593651304778,9.22237424969552,1,20.36749324200393,-3.8372738403946727,-2.544451926400626,1,p1a_catchup
nvdax,2026-08-06T11:35:00Z,15,premarket,0,7.663428991095955,33.41602264240073,25.752593651304778,75.29911132420075,7.239405586493589,25.752593651304778,1.3686559190961844,1,23.828594884802712,0.5553428474058819,-9.911250079301936,1,p1a_catchup
nvdax,2026-08-06T11:35:00Z,30,premarket,0,7.663428991095955,33.41602264240073,25.752593651304778,75.29911132420075,7.239405586493589,25.752593651304778,39.7347790018987,0,0.0774408031034568,65.40993185010002,-29.546488635796564,0,persistent_or_wider
nvdax,2026-08-06T11:35:00Z,60,premarket,0,7.663428991095955,33.41602264240073,25.752593651304778,75.29911132420075,7.239405586493589,25.752593651304778,5.893851371903125,1,14.438393603199984,5.4203486762016695,-3.152514156097297,1,p1a_catchup
nvdax,2026-08-06T12:05:00Z,5,premarket,1,43.526872205399414,3.7920932035007127,-39.7347790018987,-64.85458900269414,22.49093746289444,39.7347790018987,14.288213015500872,1,5.175224161799719,20.27134182459811,18.29833294220151,0,xstock_reversion
nvdax,2026-08-06T12:05:00Z,15,premarket,1,43.526872205399414,3.7920932035007127,-39.7347790018987,-64.85458900269414,22.49093746289444,39.7347790018987,16.429261122095085,1,13.544150004500821,42.619890119492965,3.3786927671020095,0,xstock_reversion
nvdax,2026-08-06T12:05:00Z,30,premarket,1,43.526872205399414,3.7920932035007127,-39.7347790018987,-64.85458900269414,22.49093746289444,39.7347790018987,5.893851371903125,1,-14.360952800096527,59.98958317389835,-26.393974479699267,0,xstock_reversion
nvdax,2026-08-06T12:05:00Z,60,premarket,1,43.526872205399414,3.7920932035007127,-39.7347790018987,-64.85458900269414,22.49093746289444,39.7347790018987,7.387453146696643,1,3.195681235501624,29.151644619700434,10.04908955960282,0,xstock_reversion
nvdax,2026-08-06T12:20:00Z,5,premarket,0,2.4717106811955603,13.957550440899524,16.429261122095085,42.619890119492965,30.263086834273153,16.429261122095085,4.2424148434960784,1,8.697861702300358,3.488984576298648,2.6199413825001017,1,p1a_catchup
nvdax,2026-08-06T12:20:00Z,15,premarket,0,2.4717106811955603,13.957550440899524,16.429261122095085,42.619890119492965,30.263086834273153,16.429261122095085,5.893851371903125,1,27.905102804597348,-17.36969305440539,29.772667246801277,1,p1a_catchup
nvdax,2026-08-06T12:20:00Z,30,premarket,0,2.4717106811955603,13.957550440899524,16.429261122095085,42.619890119492965,30.263086834273153,16.429261122095085,7.87250762289915,1,32.218155032799345,-7.9163862878051106,12.64165593429567,1,p1a_catchup
nvdax,2026-08-06T12:20:00Z,60,premarket,0,2.4717106811955603,13.957550440899524,16.429261122095085,42.619890119492965,30.263086834273153,16.429261122095085,5.723349469093364,1,3.2189656553960333,18.933644935792415,-20.80319129410313,0,xstock_reversion
nvdax,2026-08-06T13:25:00Z,5,premarket,0,0.2315657950990868,17.935607244199403,18.16717303929849,19.35112337779543,14.43745116087865,18.16717303929849,11.020566942692156,1,23.82300905800605,-16.676402961399717,27.26424329450694,1,p1a_catchup
nvdax,2026-08-06T13:25:00Z,15,premarket,0,0.2315657950990868,17.935607244199403,18.16717303929849,19.35112337779543,14.43745116087865,18.16717303929849,12.555027387000095,1,44.01759160150398,-13.295391175205395,20.466406635506473,1,p1a_catchup
nvdax,2026-08-06T13:25:00Z,30,premarket,0,0.2315657950990868,17.935607244199403,18.16717303929849,19.35112337779543,14.43745116087865,18.16717303929849,13.653030019193935,1,53.791420545898916,-21.97121748740649,25.238881254106005,1,p1a_catchup
nvdax,2026-08-06T13:25:00Z,60,premarket,0,0.2315657950990868,17.935607244199403,18.16717303929849,19.35112337779543,14.43745116087865,18.16717303929849,16.682934029494945,1,-57.998951927400455,92.84905899619389,-80.87671374060079,0,xstock_reversion
nvdax,2026-08-06T13:45:00Z,5,regular,0,4.429866543400607,28.233969425395244,23.804102881994638,63.813040356102135,39.77563766951617,23.804102881994638,11.86751810109854,1,0.3792332990926184,35.29238768400056,-30.696520894100132,0,xstock_reversion
nvdax,2026-08-06T13:45:00Z,15,regular,0,4.429866543400607,28.233969425395244,23.804102881994638,63.813040356102135,39.77563766951617,23.804102881994638,4.477053881606352,1,-34.08987517460105,62.37103193820204,-69.3691115868944,0,xstock_reversion
nvdax,2026-08-06T13:45:00Z,30,regular,0,4.429866543400607,28.233969425395244,23.804102881994638,63.813040356102135,39.77563766951617,23.804102881994638,2.698474843798593,1,-68.6040745026073,95.10665222840053,-116.28231622979435,0,xstock_reversion
nvdax,2026-08-06T13:45:00Z,60,regular,0,4.429866543400607,28.233969425395244,23.804102881994638,63.813040356102135,39.77563766951617,23.804102881994638,0.7114860613999241,1,-163.44433359040346,186.53695041099814,-185.0206620219996,0,xstock_reversion
nvdax,2026-08-06T15:00:00Z,5,regular,0,6.950584704599194,30.206163208097436,-23.255578503498242,-58.82360212559945,30.051462371441637,23.255578503498242,5.0224440636004175,1,11.467581345998568,16.810441221100092,-16.513007742897656,1,xstock_reversion
nvdax,2026-08-06T15:00:00Z,15,regular,0,6.950584704599194,30.206163208097436,-23.255578503498242,-58.82360212559945,30.051462371441637,23.255578503498242,3.697271698195337,1,12.716102898799875,6.8422039065030305,-7.571846859697473,1,p1a_catchup
nvdax,2026-08-06T15:00:00Z,30,regular,0,6.950584704599194,30.206163208097436,-23.255578503498242,-58.82360212559945,30.051462371441637,23.255578503498242,5.544159580193053,1,22.200258887101754,-4.488839963796565,5.969738197704189,1,p1a_catchup
nvdax,2026-08-06T15:00:00Z,60,regular,0,6.950584704599194,30.206163208097436,-23.255578503498242,-58.82360212559945,30.051462371441637,23.255578503498242,4.613437228702111,1,36.156537205398465,-17.514395930602333,5.740066972004243,1,p1a_catchup
nvdax,2026-08-07T11:25:00Z,5,premarket,0,2.044224393005223,14.661067195396171,16.705291588401394,30.798433130199143,8.498921352979696,16.705291588401394,5.513644227699288,1,9.652496856400461,1.5391505043016451,3.2264571580054024,1,p1a_catchup
nvdax,2026-08-07T11:25:00Z,15,premarket,0,2.044224393005223,14.661067195396171,16.705291588401394,30.798433130199143,8.498921352979696,16.705291588401394,0.14388345750404596,1,18.3758772818976,-1.814469151000253,4.991265389300281,1,p1a_catchup
nvdax,2026-08-07T11:25:00Z,30,premarket,0,2.044224393005223,14.661067195396171,16.705291588401394,30.798433130199143,8.498921352979696,16.705291588401394,12.256627531295194,1,3.9276194089943317,25.034299710702257,-25.448775379794952,0,xstock_reversion
nvdax,2026-08-07T11:25:00Z,60,premarket,0,2.044224393005223,14.661067195396171,16.705291588401394,30.798433130199143,8.498921352979696,16.705291588401394,2.260665782696236,1,-9.161343882304607,28.127301253402237,-19.535249153799228,0,xstock_reversion
nvdax,2026-08-07T12:30:00Z,5,premarket,0,4.02001542449959,27.648620546996128,31.668635971495718,43.51224329489867,22.793909502612234,31.668635971495718,20.101822624001286,1,22.94070770659573,-11.3738943591013,15.825312166697358,1,p1a_catchup
nvdax,2026-08-07T12:30:00Z,15,premarket,0,4.02001542449959,27.648620546996128,31.668635971495718,43.51224329489867,22.793909502612234,31.668635971495718,12.46831775040036,1,48.67791991239656,-29.477601691301203,37.05530410510249,1,p1a_catchup
nvdax,2026-08-07T12:30:00Z,30,premarket,0,4.02001542449959,27.648620546996128,31.668635971495718,43.51224329489867,22.793909502612234,31.668635971495718,13.096297984196426,1,42.02825396619758,2.7366799894945615,2.7034352132027095,1,p1a_catchup
nvdax,2026-08-07T12:30:00Z,60,premarket,0,4.02001542449959,27.648620546996128,31.668635971495718,43.51224329489867,22.793909502612234,31.668635971495718,30.165910341599655,1,92.66453954150045,-91.16181391160438,97.33710076019975,1,p1a_catchup
nvdax,2026-08-07T12:35:00Z,5,premarket,0,0.4314023830964686,20.533225007097755,20.101822624001286,61.79825525689964,21.60171684005015,20.101822624001286,6.100081032105464,1,12.726748020597256,1.274993571298566,6.775908672800313,1,p1a_catchup
nvdax,2026-08-07T12:35:00Z,15,premarket,0,0.4314023830964686,20.533225007097755,20.101822624001286,61.79825525689964,21.60171684005015,20.101822624001286,3.3805349333970725,1,31.695541692400298,-8.213184135001939,9.491311643303746,1,p1a_catchup
nvdax,2026-08-07T12:35:00Z,30,premarket,0,0.4314023830964686,20.533225007097755,20.101822624001286,61.79825525689964,21.60171684005015,20.101822624001286,0.579396086504147,1,13.826855399399207,5.695571138097932,-5.427654029892537,1,p1a_catchup
nvdax,2026-08-07T12:35:00Z,60,premarket,0,0.4314023830964686,20.533225007097755,20.101822624001286,61.79825525689964,21.60171684005015,20.101822624001286,16.754660738405036,1,65.49457671690462,-28.638093354498295,24.162510203105114,1,p1a_catchup
nvdax,2026-08-07T13:25:00Z,5,premarket,0,7.199770815997653,24.822779978794784,17.623009162797132,28.5114812008036,17.465462677087206,17.623009162797132,30.165910341599655,0,53.685881218701326,-66.22878239750385,61.18428300560197,1,persistent_or_wider
nvdax,2026-08-07T13:25:00Z,15,premarket,0,7.199770815997653,24.822779978794784,17.623009162797132,28.5114812008036,17.465462677087206,17.623009162797132,7.827874885304453,1,47.860691424395085,-38.06555714690241,30.413991340703106,1,p1a_catchup
nvdax,2026-08-07T13:25:00Z,30,premarket,0,7.199770815997653,24.822779978794784,17.623009162797132,28.5114812008036,17.465462677087206,17.623009162797132,2.43605148379622,1,59.69711807259692,-39.63805742600357,40.53146733170365,1,p1a_catchup
nvdax,2026-08-07T13:25:00Z,60,premarket,0,7.199770815997653,24.822779978794784,17.623009162797132,28.5114812008036,17.465462677087206,17.623009162797132,21.202225197800573,0,71.80963846919575,-75.38885450419919,78.65645197120408,1,persistent_or_wider
nvdax,2026-08-07T13:30:00Z,5,regular,0,2.1552714240957727,32.32118176569543,30.165910341599655,104.59676364240167,28.150987317256067,30.165910341599655,16.754660738405036,1,-4.229255118000097,51.14982619800479,-57.349278390397274,0,xstock_reversion
nvdax,2026-08-07T13:30:00Z,15,regular,0,2.1552714240957727,32.32118176569543,30.165910341599655,104.59676364240167,28.150987317256067,30.165910341599655,2.1403778499973214,1,-4.342334661107117,36.648622852704094,-35.04519020109953,0,xstock_reversion
nvdax,2026-08-07T13:30:00Z,30,regular,0,2.1552714240957727,32.32118176569543,30.165910341599655,104.59676364240167,28.150987317256067,30.165910341599655,8.608569112995568,1,-2.8941393032066998,41.66861875780192,-47.65553235140274,0,xstock_reversion
nvdax,2026-08-07T13:30:00Z,60,regular,0,2.1552714240957727,32.32118176569543,30.165910341599655,104.59676364240167,28.150987317256067,30.165910341599655,3.4882582606954315,1,32.70914294079219,0.9450256615028962,13.89418236660056,1,p1a_catchup
nvdax,2026-08-07T14:25:00Z,5,regular,0,10.467368283002543,31.669593480803115,21.202225197800573,72.97308901930144,32.626404521268654,21.202225197800573,3.4882582606954315,1,14.58538569029777,10.105097768198235,-3.577986599001548,1,p1a_catchup
nvdax,2026-08-07T14:25:00Z,15,regular,0,10.467368283002543,31.669593480803115,21.202225197800573,72.97308901930144,32.626404521268654,21.202225197800573,1.6454070787030872,1,9.921003187605137,12.926629088898522,-23.977693282297707,0,xstock_reversion
nvdax,2026-08-07T14:25:00Z,30,regular,0,10.467368283002543,31.669593480803115,21.202225197800573,72.97308901930144,32.626404521268654,21.202225197800573,0.054192508294192976,1,22.54596510280038,-1.2895473967056148,-7.609793126901465,1,p1a_catchup
nvdax,2026-08-07T14:25:00Z,60,regular,0,10.467368283002543,31.669593480803115,21.202225197800573,72.97308901930144,32.626404521268654,21.202225197800573,1.0360549060983715,1,68.15512042700256,-47.98895013530036,37.98910567810232,1,p1a_catchup
nvdax,2026-08-10T14:20:00Z,5,regular,0,2.6760882654031093,15.670707536692419,-18.346795802095528,-65.0721838522994,23.619422844711163,18.346795802095528,0.004565965907588065,1,9.698587358100141,8.652774409902975,3.6245682612001673,1,p1a_catchup
nvdax,2026-08-10T14:20:00Z,15,regular,0,2.6760882654031093,15.670707536692419,-18.346795802095528,-65.0721838522994,23.619422844711163,18.346795802095528,2.842335141099994,1,22.11788546839344,-0.9287545251979168,1.8143881026055908,1,p1a_catchup
nvdax,2026-08-10T14:20:00Z,30,regular,0,2.6760882654031093,15.670707536692419,-18.346795802095528,-65.0721838522994,23.619422844711163,18.346795802095528,12.594172501598777,1,16.29658147499491,-10.543958174498158,18.15871208970421,1,p1a_catchup
nvdax,2026-08-10T14:20:00Z,60,regular,0,2.6760882654031093,15.670707536692419,-18.346795802095528,-65.0721838522994,23.619422844711163,18.346795802095528,3.3058581562972478,1,71.16162620149247,-49.50897224309969,57.76813354049892,1,p1a_catchup
nvdax,2026-08-10T16:25:00Z,5,regular,0,22.80546747890355,41.81468212790307,-19.009214648999517,-28.250548994899205,31.525091475619785,19.009214648999517,14.865934671499659,1,47.325345998805446,-43.18206602130559,22.235730733699555,1,p1a_catchup
nvdax,2026-08-10T16:25:00Z,15,regular,0,22.80546747890355,41.81468212790307,-19.009214648999517,-28.250548994899205,31.525091475619785,19.009214648999517,0.9784821816971601,1,97.96845684060251,-79.93772437330016,54.87643643300011,1,p1a_catchup
nvdax,2026-08-10T16:25:00Z,30,regular,0,22.80546747890355,41.81468212790307,-19.009214648999517,-28.250548994899205,31.525091475619785,19.009214648999517,11.141180649705262,1,85.13580662330433,-54.98541132459955,34.40607105360094,1,p1a_catchup
nvdax,2026-08-10T16:25:00Z,60,regular,0,22.80546747890355,41.81468212790307,-19.009214648999517,-28.250548994899205,31.525091475619785,19.009214648999517,2.5734052042025723,1,31.893260546000946,-15.457451101204,-6.322419320996531,1,p1a_catchup
nvdax,2026-08-10T16:35:00Z,5,regular,0,0.3972097008997366,19.141785530596422,-18.744575829696686,-130.34865738990044,26.361588104557587,18.744575829696686,0.9784821816971601,1,13.265321130200292,4.500772517799234,-7.153802680095467,1,p1a_catchup
nvdax,2026-08-10T16:35:00Z,15,regular,0,0.3972097008997366,19.141785530596422,-18.744575829696686,-130.34865738990044,26.361588104557587,18.744575829696686,8.780850762599712,1,11.462178563297343,-1.4984534962003693,0.4423863239999548,1,p1a_catchup
nvdax,2026-08-10T16:35:00Z,30,regular,0,0.3972097008997366,19.141785530596422,-18.744575829696686,-130.34865738990044,26.361588104557587,18.744575829696686,15.082302915301327,1,-20.956249347996447,54.78312809299446,-52.408465673696725,0,xstock_reversion
nvdax,2026-08-10T16:35:00Z,60,regular,0,0.3972097008997366,19.141785530596422,-18.744575829696686,-130.34865738990044,26.361588104557587,18.744575829696686,4.565905726998665,1,-45.02704055919793,59.20571066189595,-59.28210553650004,0,xstock_reversion
nvdax,2026-08-10T20:05:00Z,5,afterhours,0,0.7622552316988163,21.93906992070005,22.701325152398866,12.999630865397904,29.418538316021127,22.701325152398866,3.4190115739995974,1,11.083734436700965,8.198579141698303,-10.539343460900241,1,p1a_catchup
nvdax,2026-08-10T20:05:00Z,15,afterhours,0,0.7622552316988163,21.93906992070005,22.701325152398866,12.999630865397904,29.418538316021127,22.701325152398866,28.467629400994454,0,38.68814237899976,-44.454446627595345,39.78330235109517,1,persistent_or_wider
nvdax,2026-08-10T20:05:00Z,30,afterhours,0,0.7622552316988163,21.93906992070005,22.701325152398866,12.999630865397904,29.418538316021127,22.701325152398866,10.903384620997159,1,51.96099071289595,-40.16305018149424,41.48542108239894,1,p1a_catchup
nvdax,2026-08-10T20:05:00Z,60,afterhours,0,0.7622552316988163,21.93906992070005,22.701325152398866,12.999630865397904,29.418538316021127,22.701325152398866,9.660665536896929,1,61.45352497629375,-29.091534286997955,29.386333110297258,1,p1a_catchup
nvdax,2026-08-10T20:15:00Z,5,afterhours,0,2.81345826549817,18.01753248639848,20.83099075189665,44.29339645770192,31.645135544375346,20.83099075189665,28.467629400994454,0,19.200261722698286,-26.83690037179609,24.216959129095272,1,persistent_or_wider
nvdax,2026-08-10T20:15:00Z,15,afterhours,0,2.81345826549817,18.01753248639848,20.83099075189665,44.29339645770192,31.645135544375346,20.83099075189665,8.01564958599954,1,26.13994864489655,2.706691692999641,12.700655347499534,1,p1a_catchup
nvdax,2026-08-10T20:15:00Z,30,afterhours,0,2.81345826549817,18.01753248639848,20.83099075189665,44.29339645770192,31.645135544375346,20.83099075189665,6.867876011602547,1,38.10537890009513,-24.14226415980103,27.867260319496268,1,p1a_catchup
nvdax,2026-08-10T20:15:00Z,60,afterhours,0,2.81345826549817,18.01753248639848,20.83099075189665,44.29339645770192,31.645135544375346,20.83099075189665,1.4863064088999067,1,36.71781003579788,-14.400512875001326,14.19002803650038,1,p1a_catchup
nvdax,2026-08-10T20:20:00Z,5,afterhours,0,5.433399508198988,23.034229892795466,28.467629400994454,44.454446627595345,21.979495069199174,28.467629400994454,3.368096449998248,1,11.447002923601346,13.65253002739486,-14.614544069901925,0,xstock_reversion
nvdax,2026-08-10T20:20:00Z,15,afterhours,0,5.433399508198988,23.034229892795466,28.467629400994454,44.454446627595345,21.979495069199174,28.467629400994454,10.903384620997159,1,13.272848333896192,4.291396446101103,1.70211873130377,1,p1a_catchup
nvdax,2026-08-10T20:20:00Z,30,afterhours,0,5.433399508198988,23.034229892795466,28.467629400994454,44.454446627595345,21.979495069199174,28.467629400994454,4.5392858331005925,1,20.5199828629965,12.486932371098547,11.329833426501068,1,p1a_catchup
nvdax,2026-08-10T20:20:00Z,60,afterhours,0,5.433399508198988,23.034229892795466,28.467629400994454,44.454446627595345,21.979495069199174,28.467629400994454,8.204878523798698,1,12.284271570397465,24.388236354395687,-21.559368203600826,0,xstock_reversion
nvdax,2026-08-11T08:45:00Z,5,premarket,0,4.327127085295146,20.51549723620205,16.188370150906906,37.92636440880237,11.716915608730083,16.188370150906906,1.879398670201482,1,10.657762856602915,3.651208624102509,-7.753175769700249,1,p1a_catchup
nvdax,2026-08-11T08:45:00Z,15,premarket,0,4.327127085295146,20.51549723620205,16.188370150906906,37.92636440880237,11.716915608730083,16.188370150906906,6.510951144598209,1,6.37817945910335,16.321141836401765,-14.142660720795064,0,xstock_reversion
nvdax,2026-08-11T08:45:00Z,30,premarket,0,4.327127085295146,20.51549723620205,16.188370150906906,37.92636440880237,11.716915608730083,16.188370150906906,14.449604939796856,1,17.12887181410494,-15.39010660299489,22.7686801459992,1,p1a_catchup
nvdax,2026-08-11T08:45:00Z,60,premarket,0,4.327127085295146,20.51549723620205,16.188370150906906,37.92636440880237,11.716915608730083,16.188370150906906,4.227577112398961,1,35.68033238180668,-15.264385118500812,12.756847144403949,1,p1a_catchup
nvdax,2026-08-11T13:25:00Z,5,premarket,0,13.26847593249525,43.31883120629598,30.050355273800733,37.796675686303516,24.446326546427912,30.050355273800733,17.268053287704532,1,-3.4187929175999443,50.73720147910521,-70.83428746649467,0,xstock_reversion
nvdax,2026-08-11T13:25:00Z,15,premarket,0,13.26847593249525,43.31883120629598,30.050355273800733,37.796675686303516,24.446326546427912,30.050355273800733,13.265008264502498,1,-46.185439882302504,62.97078689160074,-83.29337231619327,0,xstock_reversion
nvdax,2026-08-11T13:25:00Z,30,premarket,0,13.26847593249525,43.31883120629598,30.050355273800733,37.796675686303516,24.446326546427912,30.050355273800733,9.898408595798713,1,-76.45492296400214,96.60686964200416,-115.30502373179985,0,xstock_reversion
nvdax,2026-08-11T13:25:00Z,60,premarket,0,13.26847593249525,43.31883120629598,30.050355273800733,37.796675686303516,24.446326546427912,30.050355273800733,0.3775018998997126,1,-87.22739511440203,116.90024848830305,-129.1858556245984,0,xstock_reversion
nvdax,2026-08-11T13:35:00Z,5,regular,0,2.665503475896003,24.711239173296207,-22.045735697400204,-56.03415800059963,37.75743013731664,22.045735697400204,13.265008264502498,1,-3.818646987001628,39.12939094890433,-34.74078493270305,0,xstock_reversion
nvdax,2026-08-11T13:35:00Z,15,regular,0,2.665503475896003,24.711239173296207,-22.045735697400204,-56.03415800059963,37.75743013731664,22.045735697400204,17.63352962020015,1,32.31091056239421,-27.89870448519416,21.176076678504074,1,p1a_catchup
nvdax,2026-08-11T13:35:00Z,30,regular,0,2.665503475896003,24.711239173296207,-22.045735697400204,-56.03415800059963,37.75743013731664,22.045735697400204,3.437138617696789,1,26.933807590996395,-1.450933275899402,-2.0469199612982436,1,p1a_catchup
nvdax,2026-08-11T13:35:00Z,60,regular,0,2.665503475896003,24.711239173296207,-22.045735697400204,-56.03415800059963,37.75743013731664,22.045735697400204,0.19939559170012444,1,44.48254750049507,-22.237416211394745,40.113099643397376,1,p1a_catchup
nvdax,2026-08-11T15:10:00Z,5,regular,1,72.28334774420198,51.631831251697236,20.65151649250474,29.416351671800456,25.675035657034577,20.65151649250474,5.513246587600662,1,-39.92372887089424,66.08849195099964,0.0457006017029471,0,xstock_reversion
nvdax,2026-08-11T15:10:00Z,15,regular,1,72.28334774420198,51.631831251697236,20.65151649250474,29.416351671800456,25.675035657034577,20.65151649250474,3.788435789502387,1,-40.41830668199964,57.28138738500199,12.103359588504503,0,xstock_reversion
nvdax,2026-08-11T15:10:00Z,30,regular,1,72.28334774420198,51.631831251697236,20.65151649250474,29.416351671800456,25.675035657034577,20.65151649250474,3.1836181298050548,1,-50.80176794429292,74.63690256660271,0.22850091970560982,0,xstock_reversion
nvdax,2026-08-11T15:10:00Z,60,regular,1,72.28334774420198,51.631831251697236,20.65151649250474,29.416351671800456,25.675035657034577,20.65151649250474,9.518532392700507,1,-58.55089027349436,69.6838743732986,-16.69468559219567,0,xstock_reversion
nvdax,2026-08-12T11:50:00Z,5,premarket,1,27.72227446239839,11.037346717195362,-16.684927745203026,-29.66979974520001,10.282105575795624,16.684927745203026,4.131724551497129,1,-7.257384824699287,28.074037121399442,-1.2620961338072334,0,xstock_reversion
nvdax,2026-08-12T11:50:00Z,15,premarket,1,27.72227446239839,11.037346717195362,-16.684927745203026,-29.66979974520001,10.282105575795624,16.684927745203026,2.3713656212009937,1,-11.711010159700663,26.024572283702696,1.471887297093133,0,xstock_reversion
nvdax,2026-08-12T11:50:00Z,30,premarket,1,27.72227446239839,11.037346717195362,-16.684927745203026,-29.66979974520001,10.282105575795624,16.684927745203026,1.1988591006062421,1,-2.2818756917963867,20.165662537605655,5.118361652698411,0,xstock_reversion
nvdax,2026-08-12T11:50:00Z,60,premarket,1,27.72227446239839,11.037346717195362,-16.684927745203026,-29.66979974520001,10.282105575795624,16.684927745203026,8.798678014603212,1,-53.41769980179656,78.9013055616028,-65.18329246380183,0,xstock_reversion
nvdax,2026-08-12T13:25:00Z,5,premarket,1,60.58366421630268,44.07306596970528,-16.510598246597397,-29.775341457201066,13.53357494893119,16.510598246597397,21.034162692501468,0,-50.141354358803625,87.68611529790249,-30.489549902696922,0,persistent_or_wider
nvdax,2026-08-12T13:25:00Z,15,premarket,1,60.58366421630268,44.07306596970528,-16.510598246597397,-29.775341457201066,13.53357494893119,16.510598246597397,0.6151436889023643,1,-42.347209927005025,58.24266448470006,-12.414819262698273,0,xstock_reversion
nvdax,2026-08-12T13:25:00Z,30,premarket,1,60.58366421630268,44.07306596970528,-16.510598246597397,-29.775341457201066,13.53357494893119,16.510598246597397,18.571113291292463,0,-140.13043726430752,175.21214880219736,-116.2633827622006,0,persistent_or_wider
nvdax,2026-08-12T13:25:00Z,60,premarket,1,60.58366421630268,44.07306596970528,-16.510598246597397,-29.775341457201066,13.53357494893119,16.510598246597397,9.979612976698249,1,-170.68485376760202,197.17506499089765,-153.82549851730153,0,xstock_reversion
nvdax,2026-08-12T13:30:00Z,5,regular,0,3.387098821097112,24.42126151359858,21.034162692501468,53.30601279510461,40.8833348843784,21.034162692501468,8.26361831800071,1,3.1351765824005895,26.162604428101588,-37.503997689398716,0,xstock_reversion
nvdax,2026-08-12T13:30:00Z,15,regular,0,3.387098821097112,24.42126151359858,21.034162692501468,53.30601279510461,40.8833348843784,21.034162692501468,32.96492397730333,0,48.481149501196086,-60.41191078599795,60.925762588297516,1,persistent_or_wider
nvdax,2026-08-12T13:30:00Z,30,regular,0,3.387098821097112,24.42126151359858,21.034162692501468,53.30601279510461,40.8833348843784,21.034162692501468,10.099719551401876,1,87.94466786889998,-56.81078562499664,48.388769532605735,1,p1a_catchup
nvdax,2026-08-12T13:30:00Z,60,regular,0,3.387098821097112,24.42126151359858,21.034162692501468,53.30601279510461,40.8833348843784,21.034162692501468,11.619307431800507,1,120.64865502040334,-87.99518489610136,101.85854914820602,1,p1a_catchup
nvdax,2026-08-12T13:45:00Z,5,regular,0,3.9009506233966817,36.86587460070001,32.96492397730333,60.41191078599795,54.59145843826972,32.96492397730333,2.2207916933947303,1,19.63054787130325,15.555167799394809,-25.13466314259638,0,p1a_catchup
nvdax,2026-08-12T13:45:00Z,15,regular,0,3.9009506233966817,36.86587460070001,32.96492397730333,60.41191078599795,54.59145843826972,32.96492397730333,10.099719551401876,1,39.4635183677039,3.601125161001306,-12.53699305569178,1,p1a_catchup
nvdax,2026-08-12T13:45:00Z,30,regular,0,3.9009506233966817,36.86587460070001,32.96492397730333,60.41191078599795,54.59145843826972,32.96492397730333,3.1858511707039128,1,39.4965925654045,-9.717519758805082,8.513498890003746,1,p1a_catchup
nvdax,2026-08-12T13:45:00Z,60,regular,0,3.9009506233966817,36.86587460070001,32.96492397730333,60.41191078599795,54.59145843826972,32.96492397730333,10.257707835492624,1,95.92156782940009,-52.69893601660414,62.33890885520843,1,p1a_catchup
nvdax,2026-08-12T13:55:00Z,5,regular,0,1.63489817630591,20.206011467598373,18.571113291292463,116.96948431749732,51.77676840345936,18.571113291292463,10.099719551401876,1,-2.044415036603908,30.715247879298246,-37.38506332689795,0,xstock_reversion
nvdax,2026-08-12T13:55:00Z,15,regular,0,1.63489817630591,20.206011467598373,18.571113291292463,116.96948431749732,51.77676840345936,18.571113291292463,2.1733825759007175,1,-11.982544768001091,32.72704063519427,-23.503351651505966,0,xstock_reversion
nvdax,2026-08-12T13:55:00Z,30,regular,0,1.63489817630591,20.206011467598373,18.571113291292463,116.96948431749732,51.77676840345936,18.571113291292463,9.979612976698249,1,30.55441650329449,-21.962916188700277,37.56211575510093,1,p1a_catchup
nvdax,2026-08-12T13:55:00Z,60,regular,0,1.63489817630591,20.206011467598373,18.571113291292463,116.96948431749732,51.77676840345936,18.571113291292463,4.2107886127062955,1,28.45228296339819,-5.670381059399432,4.917519880995869,1,p1a_catchup
nvdax,2026-08-12T20:15:00Z,5,afterhours,0,0.4619290943974619,21.338053185395722,-20.87612409099826,-34.67038437950265,20.800038731125237,20.87612409099826,8.088378564599097,1,12.576413542699783,0.211331983699381,-1.7922752982979517,1,p1a_catchup
nvdax,2026-08-12T20:15:00Z,15,afterhours,0,0.4619290943974619,21.338053185395722,-20.87612409099826,-34.67038437950265,20.800038731125237,20.87612409099826,14.496111045003701,1,13.900000960802572,21.47223417519939,-25.956604414494322,0,xstock_reversion
nvdax,2026-08-12T20:15:00Z,30,afterhours,0,0.4619290943974619,21.338053185395722,-20.87612409099826,-34.67038437950265,20.800038731125237,20.87612409099826,3.268883924203436,1,9.109660171295886,8.497579995498938,-7.614952550500931,1,p1a_catchup
nvdax,2026-08-12T20:15:00Z,60,afterhours,0,0.4619290943974619,21.338053185395722,-20.87612409099826,-34.67038437950265,20.800038731125237,20.87612409099826,4.713380254806054,1,2.9992911839027414,22.590213161901573,-21.933269015299572,0,xstock_reversion
nvdax,2026-08-12T20:25:00Z,5,afterhours,1,30.688403259500063,9.76269355149384,-20.925709708006224,-49.120590182605284,10.730743099037683,20.925709708006224,14.496111045003701,1,-10.03357112779213,45.455391880802054,-18.78942976619946,0,xstock_reversion
nvdax,2026-08-12T20:25:00Z,15,afterhours,1,30.688403259500063,9.76269355149384,-20.925709708006224,-49.120590182605284,10.730743099037683,20.925709708006224,1.1146050514998507,1,-16.540950587193848,36.35205524370022,-5.819549373002886,0,xstock_reversion
nvdax,2026-08-12T20:25:00Z,30,afterhours,1,30.688403259500063,9.76269355149384,-20.925709708006224,-49.120590182605284,10.730743099037683,20.925709708006224,1.503022784596908,1,-12.739680884399363,35.168413377002494,-7.005426694304262,0,xstock_reversion
nvdax,2026-08-12T20:25:00Z,60,afterhours,1,30.688403259500063,9.76269355149384,-20.925709708006224,-49.120590182605284,10.730743099037683,20.925709708006224,14.855465412102475,1,-15.793601553495407,21.863845849399155,-10.29382237829779,0,xstock_reversion
nvdax,2026-08-12T21:40:00Z,5,afterhours,1,32.969161041105366,12.39475831719794,-20.574402723907426,-5.802131202701233,19.02518996194411,20.574402723907426,4.980126727298639,1,-7.415525524496758,32.97005497570282,-2.1094632745022324,0,xstock_reversion
nvdax,2026-08-12T21:40:00Z,15,afterhours,1,32.969161041105366,12.39475831719794,-20.574402723907426,-5.802131202701233,19.02518996194411,20.574402723907426,10.130160328696292,1,-10.882237467892963,21.326479863104097,-2.681444420700174,0,xstock_reversion
nvdax,2026-08-12T21:40:00Z,30,afterhours,1,32.969161041105366,12.39475831719794,-20.574402723907426,-5.802131202701233,19.02518996194411,20.574402723907426,0.3662570594986647,1,-6.665243236998464,27.605903020404554,3.576378061298513,0,xstock_reversion
nvdax,2026-08-12T21:40:00Z,60,afterhours,1,32.969161041105366,12.39475831719794,-20.574402723907426,-5.802131202701233,19.02518996194411,20.574402723907426,2.8620372237941893,1,-0.36680890040052816,23.803248848102143,8.943344512397644,0,xstock_reversion
nvdax,2026-08-13T11:20:00Z,5,premarket,1,35.0462383507999,10.17111568869744,-24.875122662102456,-46.64857727210148,14.1938845880048,24.875122662102456,0.160405238203154,1,-4.750671128297412,29.465388552196714,4.019023431398594,0,xstock_reversion
nvdax,2026-08-13T11:20:00Z,15,premarket,1,35.0462383507999,10.17111568869744,-24.875122662102456,-46.64857727210148,14.1938845880048,24.875122662102456,3.4194619623040268,1,-10.548370153591335,38.84295477799782,-5.271402585096396,0,xstock_reversion
nvdax,2026-08-13T11:20:00Z,30,premarket,1,35.0462383507999,10.17111568869744,-24.875122662102456,-46.64857727210148,14.1938845880048,24.875122662102456,1.2881963948974118,1,-9.898559879095714,33.48548614630076,3.1257675130014206,0,xstock_reversion
nvdax,2026-08-13T11:20:00Z,60,premarket,1,35.0462383507999,10.17111568869744,-24.875122662102456,-46.64857727210148,14.1938845880048,24.875122662102456,2.8660414572989623,1,20.63619321810428,7.104970901297136,28.16714356420391,1,p1a_catchup
nvdax,2026-08-13T12:30:00Z,5,premarket,1,32.74916561959884,16.757914963800857,-15.991250655797984,-13.84728011540659,13.50220803626869,15.991250655797984,4.714907049896411,1,-10.258076415308182,30.964234121002576,0.8942144331935964,0,xstock_reversion
nvdax,2026-08-13T12:30:00Z,15,premarket,1,32.74916561959884,16.757914963800857,-15.991250655797984,-13.84728011540659,13.50220803626869,15.991250655797984,0.7577242655010252,1,-13.989213708303083,30.738188629602092,3.1301004124006937,0,xstock_reversion
nvdax,2026-08-13T12:30:00Z,30,premarket,1,32.74916561959884,16.757914963800857,-15.991250655797984,-13.84728011540659,13.50220803626869,15.991250655797984,20.617862785501373,0,-34.78042616820609,71.38953960950545,-44.93399178870483,0,persistent_or_wider
nvdax,2026-08-13T12:30:00Z,60,premarket,1,32.74916561959884,16.757914963800857,-15.991250655797984,-13.84728011540659,13.50220803626869,15.991250655797984,22.575174373802298,0,-102.7965939911013,141.36301902070159,-103.63247950110122,0,persistent_or_wider
nvdax,2026-08-13T13:00:00Z,5,premarket,0,6.293617798798223,26.911480584299596,20.617862785501373,40.651350979903356,18.272747923922285,20.617862785501373,11.869583359906954,1,6.982054823501116,25.50539132190721,4.125066556897039,1,xstock_reversion
nvdax,2026-08-13T13:00:00Z,15,premarket,0,6.293617798798223,26.911480584299596,20.617862785501373,40.651350979903356,18.272747923922285,20.617862785501373,1.5442268719034757,1,23.70873770299653,-4.635101789398632,-3.4410819671037984,1,p1a_catchup
nvdax,2026-08-13T13:00:00Z,30,premarket,0,6.293617798798223,26.911480584299596,20.617862785501373,40.651350979903356,18.272747923922285,20.617862785501373,22.575174373802298,0,68.01616782289521,-69.97347941119614,58.698487712396386,1,persistent_or_wider
nvdax,2026-08-13T13:00:00Z,60,premarket,0,6.293617798798223,26.911480584299596,20.617862785501373,40.651350979903356,18.272747923922285,20.617862785501373,8.829296672905329,1,75.7625905153958,-63.974024402799756,66.65991942130134,1,p1a_catchup
nvdax,2026-08-13T13:30:00Z,5,regular,0,4.981373900001529,17.59380047380077,22.575174373802298,65.3383776217975,31.186268714933128,22.575174373802298,9.366251298601469,1,-2.656402591894036,34.5978282642978,-31.021518340894616,0,xstock_reversion
nvdax,2026-08-13T13:30:00Z,15,regular,0,4.981373900001529,17.59380047380077,22.575174373802298,65.3383776217975,31.186268714933128,22.575174373802298,8.901290558807062,1,-15.641135301001086,29.31501911599632,-16.60670185139601,0,xstock_reversion
nvdax,2026-08-13T13:30:00Z,30,regular,0,4.981373900001529,17.59380047380077,22.575174373802298,65.3383776217975,31.186268714933128,22.575174373802298,8.829296672905329,1,7.7464226925005875,5.999455008396382,7.9614317089049536,1,p1a_catchup
nvdax,2026-08-13T13:30:00Z,60,regular,0,4.981373900001529,17.59380047380077,22.575174373802298,65.3383776217975,31.186268714933128,22.575174373802298,1.5963391396933702,1,18.43090416590698,2.5479310682019474,4.20265658310548,1,p1a_catchup
nvdax,2026-08-13T16:00:00Z,5,regular,1,63.41301048999881,30.796197368605505,32.61681312139331,69.22588204739455,26.817014128640615,32.61681312139331,2.896442044599823,1,-23.247791945504304,58.76104711149743,16.802201977501596,0,xstock_reversion
nvdax,2026-08-13T16:00:00Z,15,regular,1,63.41301048999881,30.796197368605505,32.61681312139331,69.22588204739455,26.817014128640615,32.61681312139331,3.028641821307687,1,-31.887133688099922,67.53258863080092,4.800333579701999,0,xstock_reversion
nvdax,2026-08-13T16:00:00Z,30,regular,1,63.41301048999881,30.796197368605505,32.61681312139331,69.22588204739455,26.817014128640615,32.61681312139331,1.1952515570001765,1,-6.831201309100976,40.64326598749446,31.89520435429749,0,xstock_reversion
nvdax,2026-08-13T16:00:00Z,60,regular,1,63.41301048999881,30.796197368605505,32.61681312139331,69.22588204739455,26.817014128640615,32.61681312139331,30.728964316306673,1,36.89729766999328,-35.009448864906645,34.99976142550487,0,p1a_catchup
nvdax,2026-08-13T17:00:00Z,5,regular,1,63.422697929400584,32.69373361309391,30.728964316306673,70.79785586200593,34.062585967240445,30.728964316306673,21.09230762420644,1,10.155952383099631,-0.5192956909993995,-0.7095280755020639,0,p1a_catchup
nvdax,2026-08-13T17:00:00Z,15,regular,1,63.422697929400584,32.69373361309391,30.728964316306673,70.79785586200593,34.062585967240445,30.728964316306673,0.6380769386016283,1,-23.98578792360162,54.076675301306665,15.070010147795188,0,xstock_reversion
nvdax,2026-08-13T17:00:00Z,30,regular,1,63.422697929400584,32.69373361309391,30.728964316306673,70.79785586200593,34.062585967240445,30.728964316306673,35.34331238330246,0,-90.54458376769325,156.6168604673024,-6.431938120305958,0,persistent_or_wider
nvdax,2026-08-13T17:00:00Z,60,regular,1,63.422697929400584,32.69373361309391,30.728964316306673,70.79785586200593,34.062585967240445,30.728964316306673,3.4566874582964147,1,-46.16817091680048,80.35382269140356,-17.531211147501224,0,xstock_reversion
nvdax,2026-08-13T17:05:00Z,5,regular,1,64.65152169590205,43.55921407169561,21.09230762420644,82.60354948970594,33.37839255589756,21.09230762420644,3.823063679400107,1,-32.48786435979589,57.40323566340244,6.915752230698402,0,xstock_reversion
nvdax,2026-08-13T17:05:00Z,15,regular,1,64.65152169590205,43.55921407169561,21.09230762420644,82.60354948970594,33.37839255589756,21.09230762420644,4.7530218590985385,1,-37.052903096794765,62.898232580099744,1.1529575592028607,0,xstock_reversion
nvdax,2026-08-13T17:05:00Z,30,regular,1,64.65152169590205,43.55921407169561,21.09230762420644,82.60354948970594,33.37839255589756,21.09230762420644,5.0175955627995705,1,-61.62313545369891,77.69784751510578,-13.490607436903446,0,xstock_reversion
nvdax,2026-08-13T17:05:00Z,60,regular,1,64.65152169590205,43.55921407169561,21.09230762420644,82.60354948970594,33.37839255589756,21.09230762420644,1.4061284946986774,1,-60.86344491049722,83.36188102940234,-11.27050663519924,0,xstock_reversion
nvdax,2026-08-13T17:30:00Z,5,regular,1,86.76222441759585,51.418912034293385,-35.34331238330246,-102.54018516599572,34.668630295523954,35.34331238330246,5.0175955627995705,1,-39.07740069709398,79.43830864319601,7.768197392099552,0,xstock_reversion
nvdax,2026-08-13T17:30:00Z,15,regular,1,86.76222441759585,51.418912034293385,-35.34331238330246,-102.54018516599572,34.668630295523954,35.34331238330246,7.843679794499181,1,-54.88403516449303,98.07102734229467,-11.751794609597965,0,xstock_reversion
nvdax,2026-08-13T17:30:00Z,30,regular,1,86.76222441759585,51.418912034293385,-35.34331238330246,-102.54018516599572,34.668630295523954,35.34331238330246,3.4566874582964147,1,-44.37641285089278,76.26303777589882,11.099273027195267,0,xstock_reversion
nvdax,2026-08-13T17:30:00Z,60,regular,1,86.76222441759585,51.418912034293385,-35.34331238330246,-102.54018516599572,34.668630295523954,35.34331238330246,5.369365785998781,1,-66.90556958059979,107.61824774990103,-18.840537097801757,0,xstock_reversion
nvdax,2026-08-13T18:45:00Z,5,regular,1,73.3928439418996,44.46829845079492,28.92454549110468,59.41218821360117,34.15296992051411,28.92454549110468,1.970558044099846,1,-30.38055708150189,61.27566061670642,8.421426378095731,0,xstock_reversion
nvdax,2026-08-13T18:45:00Z,15,regular,1,73.3928439418996,44.46829845079492,28.92454549110468,59.41218821360117,34.15296992051411,28.92454549110468,18.504479091401294,1,-61.24504014869636,108.67406473120234,11.965169493795003,0,xstock_reversion
nvdax,2026-08-13T18:45:00Z,30,regular,1,73.3928439418996,44.46829845079492,28.92454549110468,59.41218821360117,34.15296992051411,28.92454549110468,2.2969786725024477,1,-31.073732259798703,57.701299078400936,23.031279557796935,0,xstock_reversion
nvdax,2026-08-13T18:45:00Z,60,regular,1,73.3928439418996,44.46829845079492,28.92454549110468,59.41218821360117,34.15296992051411,28.92454549110468,3.674574144998388,1,-39.47917593880135,72.07829557490442,0.44340982159774,0,xstock_reversion
nvdax,2026-08-13T19:00:00Z,5,regular,1,47.24639028309774,28.741911191696445,-18.504479091401294,-108.67406473120234,44.68352627098436,18.504479091401294,9.279632744796373,1,-31.176674345401167,58.960786181598834,-13.366323286199133,0,xstock_reversion
nvdax,2026-08-13T19:00:00Z,15,regular,1,47.24639028309774,28.741911191696445,-18.504479091401294,-108.67406473120234,44.68352627098436,18.504479091401294,2.2969786725024477,1,-30.17130788889766,50.9727656528014,-11.066110064001933,0,xstock_reversion
nvdax,2026-08-13T19:00:00Z,30,regular,1,47.24639028309774,28.741911191696445,-18.504479091401294,-108.67406473120234,44.68352627098436,18.504479091401294,13.129340268100975,1,-47.20674661499835,78.84056597450062,-3.5424877489997897,0,xstock_reversion
nvdax,2026-08-13T19:00:00Z,60,regular,1,47.24639028309774,28.741911191696445,-18.504479091401294,-108.67406473120234,44.68352627098436,18.504479091401294,3.7991040541918153,1,-9.875436042401375,32.179019187994484,16.400349413103754,0,xstock_reversion
nvdax,2026-08-13T20:25:00Z,5,afterhours,1,36.80846033090823,11.258013256600918,25.550447074307314,47.86124774880385,15.005066123002088,25.550447074307314,2.2803699533913147,1,-5.846046151400941,33.67686317909957,-3.1057967726955127,0,xstock_reversion
nvdax,2026-08-13T20:25:00Z,15,afterhours,1,36.80846033090823,11.258013256600918,25.550447074307314,47.86124774880385,15.005066123002088,25.550447074307314,2.3050629304943726,1,-12.003274178100654,39.85878418290234,1.330760531601527,0,xstock_reversion
nvdax,2026-08-13T20:25:00Z,30,afterhours,1,36.80846033090823,11.258013256600918,25.550447074307314,47.86124774880385,15.005066123002088,25.550447074307314,0.9021890483040806,1,-12.351187850496714,38.80382397310811,-2.932734147798044,0,xstock_reversion
nvdax,2026-08-13T20:25:00Z,60,afterhours,1,36.80846033090823,11.258013256600918,25.550447074307314,47.86124774880385,15.005066123002088,25.550447074307314,1.582444717405096,1,-10.64016421149283,37.77305600320524,3.548301288001099,0,xstock_reversion
nvdax,2026-08-13T22:00:00Z,5,afterhours,1,24.03775352550319,2.904292653003182,-21.13346087250001,-33.57253132690197,13.384006538713654,21.13346087250001,5.613020793404644,1,-3.5005844222979476,30.2470660882026,-7.095029342893966,0,xstock_reversion
nvdax,2026-08-13T22:00:00Z,15,afterhours,1,24.03775352550319,2.904292653003182,-21.13346087250001,-33.57253132690197,13.384006538713654,21.13346087250001,0.46911231780022433,1,-7.537236591801388,29.139809782101622,-7.095029342893966,0,xstock_reversion
nvdax,2026-08-13T22:00:00Z,30,afterhours,1,24.03775352550319,2.904292653003182,-21.13346087250001,-33.57253132690197,13.384006538713654,21.13346087250001,1.636370492299477,1,-13.27951036920183,36.04934173400132,-10.760300189600613,0,xstock_reversion
nvdax,2026-08-13T22:00:00Z,60,afterhours,1,24.03775352550319,2.904292653003182,-21.13346087250001,-33.57253132690197,13.384006538713654,21.13346087250001,2.9415385193054533,1,-8.153826919103935,26.34574927229849,-15.956742891996,0,xstock_reversion
nvdax,2026-08-13T22:20:00Z,5,afterhours,1,68.99645406969412,22.094102712300057,46.90235135739407,65.00487898029483,32.96330596472415,46.90235135739407,6.65186884579505,1,-12.336010653006824,65.89023085619594,4.633483764298063,0,xstock_reversion
nvdax,2026-08-13T22:20:00Z,15,afterhours,1,68.99645406969412,22.094102712300057,46.90235135739407,65.00487898029483,32.96330596472415,46.90235135739407,13.290776051100295,1,-19.03776762480547,79.23089503329983,6.207049633992767,0,xstock_reversion
nvdax,2026-08-13T22:20:00Z,30,afterhours,1,68.99645406969412,22.094102712300057,46.90235135739407,65.00487898029483,32.96330596472415,46.90235135739407,2.0240448944974787,1,-17.407648388907404,66.33404464079895,3.104006410392657,0,xstock_reversion
nvdax,2026-08-13T22:20:00Z,60,afterhours,1,68.99645406969412,22.094102712300057,46.90235135739407,65.00487898029483,32.96330596472415,46.90235135739407,12.441165403496157,1,-9.781934112806923,69.12545087369715,10.638298875695895,0,xstock_reversion
nvdax,2026-08-14T11:50:00Z,5,premarket,1,67.30854436860056,20.438977835395278,-46.86956653320529,-66.15631943020617,30.566834879437348,46.86956653320529,36.55933040610293,1,8.144639693803413,2.165596433298944,0.3365568989988077,0,p1a_catchup
nvdax,2026-08-14T11:50:00Z,15,premarket,1,67.30854436860056,20.438977835395278,-46.86956653320529,-66.15631943020617,30.566834879437348,46.86956653320529,1.3976059991005485,1,-14.589819114894098,60.06177964899884,1.917640236701601,0,xstock_reversion
nvdax,2026-08-14T11:50:00Z,30,premarket,1,67.30854436860056,20.438977835395278,-46.86956653320529,-66.15631943020617,30.566834879437348,46.86956653320529,1.3946804335951413,1,-1.3012405542944805,46.776126653904626,14.185062687195327,0,xstock_reversion
nvdax,2026-08-14T11:50:00Z,60,premarket,1,67.30854436860056,20.438977835395278,-46.86956653320529,-66.15631943020617,30.566834879437348,46.86956653320529,3.038350199595641,1,-25.817998926997987,69.64921526060763,-7.967775199100302,0,xstock_reversion
nvdax,2026-08-14T11:55:00Z,5,premarket,1,64.80639103630281,28.247060630199883,-36.55933040610293,-58.94316976990055,30.93866381354537,36.55933040610293,7.698091125503126,1,-17.169237679999227,61.42665921160528,-2.0811571662981976,0,xstock_reversion
nvdax,2026-08-14T11:55:00Z,15,premarket,1,64.80639103630281,28.247060630199883,-36.55933040610293,-58.94316976990055,30.93866381354537,36.55933040610293,14.378880021199691,1,-17.581165851101588,39.761616236004826,12.957192566194209,0,xstock_reversion
nvdax,2026-08-14T11:55:00Z,30,premarket,1,64.80639103630281,28.247060630199883,-36.55933040610293,-58.94316976990055,30.93866381354537,36.55933040610293,0.5983678861021247,1,-12.089409450402044,49.2471077426071,6.751243521794237,0,xstock_reversion
nvdax,2026-08-14T11:55:00Z,60,premarket,1,64.80639103630281,28.247060630199883,-36.55933040610293,-58.94316976990055,30.93866381354537,36.55933040610293,0.12662746690317306,1,-35.129891516705314,71.56259445590507,-7.419337186203023,0,xstock_reversion
nvdax,2026-08-14T15:10:00Z,5,regular,1,39.83214162570192,14.657625782694694,-25.174515843007228,-71.23030508060069,26.457167979358772,25.174515843007228,10.18057463640254,1,-23.752682410398407,59.107772889808174,-19.496638575704495,0,xstock_reversion
nvdax,2026-08-14T15:10:00Z,15,regular,1,39.83214162570192,14.657625782694694,-25.174515843007228,-71.23030508060069,26.457167979358772,25.174515843007228,2.5546769362971844,1,5.137967348005645,17.4818715587044,-3.90236985220227,0,xstock_reversion
nvdax,2026-08-14T15:10:00Z,30,regular,1,39.83214162570192,14.657625782694694,-25.174515843007228,-71.23030508060069,26.457167979358772,25.174515843007228,4.358350445201609,1,12.70555954750563,8.11060585029999,26.20302167649413,0,p1a_catchup
nvdax,2026-08-14T15:10:00Z,60,regular,1,39.83214162570192,14.657625782694694,-25.174515843007228,-71.23030508060069,26.457167979358772,25.174515843007228,2.9541087191020665,1,-2.164279476399855,24.384686600305017,-4.434393225904998,0,xstock_reversion
nvdax,2026-08-14T18:15:00Z,5,regular,1,88.68071891039442,49.676725497800334,-39.003993412594085,-81.29287950329633,40.2086912928687,39.003993412594085,3.0855497245951824,1,-35.21345625090433,77.3029993880936,7.10779443969578,0,xstock_reversion
nvdax,2026-08-14T18:15:00Z,15,regular,1,88.68071891039442,49.676725497800334,-39.003993412594085,-81.29287950329633,40.2086912928687,39.003993412594085,11.743313487100338,1,-14.436467601601777,41.697147527095524,14.443002655095682,0,xstock_reversion
nvdax,2026-08-14T18:15:00Z,30,regular,1,88.68071891039442,49.676725497800334,-39.003993412594085,-81.29287950329633,40.2086912928687,39.003993412594085,2.511377409497584,1,-50.25636006189771,86.74897606499421,1.4922178202958492,0,xstock_reversion
nvdax,2026-08-14T18:15:00Z,60,regular,1,88.68071891039442,49.676725497800334,-39.003993412594085,-81.29287950329633,40.2086912928687,39.003993412594085,0.9947882156957633,1,-41.01902244640243,81.01780407469228,9.10777222439485,0,xstock_reversion
nvdax,2026-08-14T21:35:00Z,5,afterhours,1,35.10951727870193,9.201773440796757,25.907743837905173,34.775396899400235,15.068213942037323,25.907743837905173,4.173984618507376,1,-5.694285098192253,35.7760135546048,-0.4444740760956023,0,xstock_reversion
nvdax,2026-08-14T21:35:00Z,15,afterhours,1,35.10951727870193,9.201773440796757,25.907743837905173,34.775396899400235,15.068213942037323,25.907743837905173,0.648755239600618,1,-9.775036061991926,36.33153513949772,-1.3334814998966493,0,xstock_reversion
nvdax,2026-08-14T21:35:00Z,30,afterhours,1,35.10951727870193,9.201773440796757,25.907743837905173,34.775396899400235,15.068213942037323,25.907743837905173,0.15618498369285305,1,-11.802143497092743,37.55370235130506,-1.778014851101517,0,xstock_reversion
nvdax,2026-08-14T21:35:00Z,60,afterhours,1,35.10951727870193,9.201773440796757,25.907743837905173,34.775396899400235,15.068213942037323,25.907743837905173,0.36743410629647144,1,-13.501635734796125,39.77681367899777,-4.000978070202166,0,xstock_reversion
nvdax,2026-08-17T08:40:00Z,5,premarket,1,18.2931804899944,1.5921257288997737,-16.701054761094625,-27.36121676980119,14.896414427685471,16.701054761094625,2.494748348995657,1,-1.9738547249037453,21.169657834994027,-2.6538104450057887,0,xstock_reversion
nvdax,2026-08-17T08:40:00Z,15,premarket,1,18.2931804899944,1.5921257288997737,-16.701054761094625,-27.36121676980119,14.896414427685471,16.701054761094625,0.4844735699993663,1,-7.742626498705718,24.92815482979971,-4.864781291304965,0,xstock_reversion
nvdax,2026-08-17T08:40:00Z,30,premarket,1,18.2931804899944,1.5921257288997737,-16.701054761094625,-27.36121676980119,14.896414427685471,16.701054761094625,0.7776530786074431,1,-4.228316165706403,20.151717848193584,-2.2115576089998257,0,xstock_reversion
nvdax,2026-08-17T08:40:00Z,60,premarket,1,18.2931804899944,1.5921257288997737,-16.701054761094625,-27.36121676980119,14.896414427685471,16.701054761094625,1.438616908897572,1,1.327911176494112,16.811760493498085,1.769598305898512,0,xstock_reversion
nvdax,2026-08-17T12:20:00Z,5,premarket,1,51.87500102699971,25.115471095000785,-26.759529931998927,-36.001205914004686,16.448655894721636,26.759529931998927,3.2534765905012364,1,-13.512546282905546,43.52555280540571,3.0848555871987315,0,xstock_reversion
nvdax,2026-08-17T12:20:00Z,15,premarket,1,51.87500102699971,25.115471095000785,-26.759529931998927,-36.001205914004686,16.448655894721636,26.759529931998927,3.5153453413983016,1,-13.672567276801217,36.91675186740184,24.2638257345007,0,xstock_reversion
nvdax,2026-08-17T12:20:00Z,30,premarket,1,51.87500102699971,25.115471095000785,-26.759529931998927,-36.001205914004686,16.448655894721636,26.759529931998927,1.307816713795873,1,6.216686218394329,21.85066042740047,27.802437615100928,0,xstock_reversion
nvdax,2026-08-17T12:20:00Z,60,premarket,1,51.87500102699971,25.115471095000785,-26.759529931998927,-36.001205914004686,16.448655894721636,26.759529931998927,2.40142120250475,1,2.556107184394918,21.80200154509926,30.144529794595698,0,xstock_reversion
nvdax,2026-08-17T13:00:00Z,5,premarket,1,51.5873217486007,19.52241223929896,-32.06490950930174,-40.6807971887968,19.444111097897945,32.06490950930174,9.561662575796603,1,-13.936810139698608,55.56338222479695,-3.091941101098783,0,xstock_reversion
nvdax,2026-08-17T13:00:00Z,15,premarket,1,51.5873217486007,19.52241223929896,-32.06490950930174,-40.6807971887968,19.444111097897945,32.06490950930174,1.8483235664046305,1,-20.224067857093075,54.13730093279945,1.7628342886055748,0,xstock_reversion
nvdax,2026-08-17T13:00:00Z,30,premarket,1,51.5873217486007,19.52241223929896,-32.06490950930174,-40.6807971887968,19.444111097897945,32.06490950930174,4.28675389259503,1,-1.9505883014936387,29.72874391820035,26.92701411300291,0,xstock_reversion
nvdax,2026-08-17T13:00:00Z,60,premarket,1,51.5873217486007,19.52241223929896,-32.06490950930174,-40.6807971887968,19.444111097897945,32.06490950930174,8.415132676997672,1,6.970892446105381,16.67888438619869,32.96645499029971,0,xstock_reversion
nvdax,2026-08-17T15:10:00Z,5,regular,1,81.40762117169409,47.309514999698266,-34.09810617199582,-56.61977622659187,42.70860188822708,34.09810617199582,17.358272424399246,1,-54.321016886502704,105.77739548289777,-29.504392013297576,0,xstock_reversion
nvdax,2026-08-17T15:10:00Z,15,regular,1,81.40762117169409,47.309514999698266,-34.09810617199582,-56.61977622659187,42.70860188822708,34.09810617199582,2.130436558296367,1,-75.63220900239642,107.59987861609588,-30.823450207604353,0,xstock_reversion
nvdax,2026-08-17T15:10:00Z,30,regular,1,81.40762117169409,47.309514999698266,-34.09810617199582,-56.61977622659187,42.70860188822708,34.09810617199582,3.9598928278028467,1,-61.44965287059989,99.50765187039856,-23.346485506801073,0,xstock_reversion
nvdax,2026-08-17T15:10:00Z,60,regular,1,81.40762117169409,47.309514999698266,-34.09810617199582,-56.61977622659187,42.70860188822708,34.09810617199582,8.29288832539632,1,-67.31008388309867,93.11530172969817,-20.046046518498173,0,xstock_reversion
nvdax,2026-08-17T17:00:00Z,5,regular,1,97.78944092749597,59.17346963760117,38.6159712898948,91.994578277097,45.92197951463889,38.6159712898948,11.75762712920303,1,-53.59546108960167,103.9690595086995,-7.716815322700299,0,xstock_reversion
nvdax,2026-08-17T17:00:00Z,15,regular,1,97.78944092749597,59.17346963760117,38.6159712898948,91.994578277097,45.92197951463889,38.6159712898948,1.4062669702941122,1,-85.35496156389932,122.56466588350001,-35.32558372950412,0,xstock_reversion
nvdax,2026-08-17T17:00:00Z,30,regular,1,97.78944092749597,59.17346963760117,38.6159712898948,91.994578277097,45.92197951463889,38.6159712898948,2.166894152102472,1,-96.4086256799046,132.85770281769692,-34.66207976480007,0,xstock_reversion
nvdax,2026-08-17T17:00:00Z,60,regular,1,97.78944092749597,59.17346963760117,38.6159712898948,91.994578277097,45.92197951463889,38.6159712898948,1.9786190460990838,1,-105.55572195750429,146.1503122934982,-48.4720357493984,0,xstock_reversion
nvdax,2026-08-18T08:00:00Z,5,premarket,0,12.111234905898272,28.841524045200018,-16.730289139301746,-30.524351008303086,10.426589220104631,16.730289139301746,12.367234106900327,1,21.672069121096982,-17.309014088695562,3.617290688699981,1,p1a_catchup
nvdax,2026-08-18T08:00:00Z,15,premarket,0,12.111234905898272,28.841524045200018,-16.730289139301746,-30.524351008303086,10.426589220104631,16.730289139301746,4.182938156596094,1,37.832837950002585,-25.285486967296933,-0.6780963578023602,1,p1a_catchup
nvdax,2026-08-18T08:00:00Z,30,premarket,0,12.111234905898272,28.841524045200018,-16.730289139301746,-30.524351008303086,10.426589220104631,16.730289139301746,1.8893128592001318,1,38.03226230520096,-23.191286025099345,7.235890330195005,1,p1a_catchup
nvdax,2026-08-18T08:00:00Z,60,premarket,0,12.111234905898272,28.841524045200018,-16.730289139301746,-30.524351008303086,10.426589220104631,16.730289139301746,0.4985410997981887,1,57.63389714379841,-40.40506690469847,28.068287701801253,1,p1a_catchup
nvdax,2026-08-18T14:20:00Z,5,regular,1,106.23851230089798,71.11467999529886,-35.12383230559912,-110.21023357089987,38.265296410816426,35.12383230559912,16.641146763998194,1,-68.03030008150301,119.79527915110033,-15.014334682801334,0,xstock_reversion
nvdax,2026-08-18T14:20:00Z,15,regular,1,106.23851230089798,71.11467999529886,-35.12383230559912,-110.21023357089987,38.265296410816426,35.12383230559912,5.770025920899258,1,-86.46541944290043,115.81922582760029,-14.787012874704075,0,xstock_reversion
nvdax,2026-08-18T14:20:00Z,30,regular,1,106.23851230089798,71.11467999529886,-35.12383230559912,-110.21023357089987,38.265296410816426,35.12383230559912,4.041066277098437,1,-51.040773855897115,82.1235398843978,26.215322473497338,0,xstock_reversion
nvdax,2026-08-18T14:20:00Z,60,regular,1,106.23851230089798,71.11467999529886,-35.12383230559912,-110.21023357089987,38.265296410816426,35.12383230559912,6.235783195496225,1,-67.9799164837025,109.33953198479784,0.6784521549008105,0,xstock_reversion
nvdax,2026-08-18T14:40:00Z,5,regular,1,24.130494533904923,4.053415786398062,-20.07707874750686,-47.572623881704246,67.72784518660826,20.07707874750686,0.2195017714967662,1,-2.8267619124999754,23.123342431503602,6.2916309709049045,0,xstock_reversion
nvdax,2026-08-18T14:40:00Z,15,regular,1,24.130494533904923,4.053415786398062,-20.07707874750686,-47.572623881704246,67.72784518660826,20.07707874750686,2.996053343204963,1,14.25732826469961,2.823697139602288,15.873453618997502,1,p1a_catchup
nvdax,2026-08-18T14:40:00Z,30,regular,1,24.130494533904923,4.053415786398062,-20.07707874750686,-47.572623881704246,67.72784518660826,20.07707874750686,5.976578906201624,1,3.578448653005495,22.47520900070299,-2.825386572702371,0,xstock_reversion
nvdax,2026-08-18T14:40:00Z,60,regular,1,24.130494533904923,4.053415786398062,-20.07707874750686,-47.572623881704246,67.72784518660826,20.07707874750686,5.098721899203795,1,-14.84901899669211,40.024819643402765,-12.389317621597229,0,xstock_reversion
nvdax,2026-08-19T08:00:00Z,5,premarket,0,1.8112554838989325,18.342090399192656,16.530834915293724,32.93104209959985,9.752754945491418,16.530834915293724,14.41701184630162,1,17.11977491779315,-15.005951848801047,19.932056429006195,1,p1a_catchup
nvdax,2026-08-19T08:00:00Z,15,premarket,0,1.8112554838989325,18.342090399192656,16.530834915293724,32.93104209959985,9.752754945491418,16.530834915293724,1.7077059217029955,1,36.072507360396244,-17.833966523399525,21.289614636401666,1,p1a_catchup
nvdax,2026-08-19T08:00:00Z,30,premarket,0,1.8112554838989325,18.342090399192656,16.530834915293724,32.93104209959985,9.752754945491418,16.530834915293724,10.531020224497922,1,26.72022392669504,0.3416312130966048,-2.2675222881929358,1,p1a_catchup
nvdax,2026-08-19T08:00:00Z,60,premarket,0,1.8112554838989325,18.342090399192656,16.530834915293724,32.93104209959985,9.752754945491418,16.530834915293724,3.3466549943028667,1,21.798544063997838,-8.61436414300698,2.7747476381012603,1,p1a_catchup
nvdax,2026-08-19T12:45:00Z,5,premarket,1,52.427531863896704,22.955547123402198,-29.471984740494506,-24.76180259429306,17.216063586252897,29.471984740494506,11.295442516301435,1,-16.413217865203222,57.18064512199916,-7.2388366730979925,0,xstock_reversion
nvdax,2026-08-19T12:45:00Z,15,premarket,1,52.427531863896704,22.955547123402198,-29.471984740494506,-24.76180259429306,17.216063586252897,29.471984740494506,0.6575714621970263,1,-30.401490588101154,59.215903866398634,-5.4296187026992015,0,xstock_reversion
nvdax,2026-08-19T12:45:00Z,30,premarket,1,52.427531863896704,22.955547123402198,-29.471984740494506,-24.76180259429306,17.216063586252897,29.471984740494506,3.134150241494993,1,-46.94231439600571,79.54844937799521,-26.6672851203964,0,xstock_reversion
nvdax,2026-08-19T12:45:00Z,60,premarket,1,52.427531863896704,22.955547123402198,-29.471984740494506,-24.76180259429306,17.216063586252897,29.471984740494506,23.30112494670189,1,54.89027118729339,-48.71941139350078,98.24065912500402,1,p1a_catchup
nvdax,2026-08-19T13:35:00Z,5,regular,0,0.6091901776983377,38.17337095060047,-37.564180772902134,-93.40688028180111,41.565458166604586,37.564180772902134,1.7524918010991541,1,21.112033542900477,18.20463903110081,-17.744618710695548,1,p1a_catchup
nvdax,2026-08-19T13:35:00Z,15,regular,0,0.6091901776983377,38.17337095060047,-37.564180772902134,-93.40688028180111,41.565458166604586,37.564180772902134,10.922313493395563,1,82.65162430160622,-56.00975702209965,58.46100230789908,1,p1a_catchup
nvdax,2026-08-19T13:35:00Z,30,regular,0,0.6091901776983377,38.17337095060047,-37.564180772902134,-93.40688028180111,41.565458166604586,37.564180772902134,5.858746333995413,1,100.46401946670613,-68.75858502779941,74.5061154300064,1,p1a_catchup
nvdax,2026-08-19T13:35:00Z,60,regular,0,0.6091901776983377,38.17337095060047,-37.564180772902134,-93.40688028180111,41.565458166604586,37.564180772902134,23.073557471198214,1,67.85198281580307,-7.2142445717027215,7.744698685501206,1,p1a_catchup
nvdax,2026-08-19T13:45:00Z,5,regular,0,2.9062841323934663,20.394840814308424,-23.30112494670189,-137.02537732299902,45.68260931113443,23.30112494670189,10.922313493395563,1,28.37503822880727,-15.996226775500944,21.962946371392178,1,p1a_catchup
nvdax,2026-08-19T13:45:00Z,15,regular,0,2.9062841323934663,20.394840814308424,-23.30112494670189,-137.02537732299902,45.68260931113443,23.30112494670189,10.325661808803233,1,41.40772809980042,-28.432264961901765,15.094342488497503,1,p1a_catchup
nvdax,2026-08-19T13:45:00Z,30,regular,0,2.9062841323934663,20.394840814308424,-23.30112494670189,-137.02537732299902,45.68260931113443,23.30112494670189,4.048113669297138,1,94.04073630870258,-74.78772503129782,83.53270528969503,1,p1a_catchup
nvdax,2026-08-19T13:45:00Z,60,regular,0,2.9062841323934663,20.394840814308424,-23.30112494670189,-137.02537732299902,45.68260931113443,23.30112494670189,7.688582180795933,1,7.407417290705709,8.205125475200248,-15.52795343060076,0,xstock_reversion
nvdax,2026-08-19T14:35:00Z,5,regular,0,1.139644291496822,21.933913179701392,23.073557471198214,102.29991000259453,33.55788266902656,23.073557471198214,0.42685665469832657,1,12.968793531200618,10.531620594695923,-2.0510716922039762,1,p1a_catchup
nvdax,2026-08-19T14:35:00Z,15,regular,0,1.139644291496822,21.933913179701392,23.073557471198214,102.29991000259453,33.55788266902656,23.073557471198214,0.5440578895044013,1,6.95713824380384,16.660477116898775,10.021410213196802,1,xstock_reversion
nvdax,2026-08-19T14:35:00Z,30,regular,0,1.139644291496822,21.933913179701392,23.073557471198214,102.29991000259453,33.55788266902656,23.073557471198214,2.767026082794999,1,16.636934871696596,9.203648682296617,-12.769064120998763,0,p1a_catchup
nvdax,2026-08-19T14:35:00Z,60,regular,0,1.139644291496822,21.933913179701392,23.073557471198214,102.29991000259453,33.55788266902656,23.073557471198214,1.2353974751988517,1,3.5957818220033744,18.242378173995988,-19.84467069299889,0,xstock_reversion
nvdax,2026-08-20T11:45:00Z,5,premarket,1,8.560883599795233,7.89351104589997,-16.454394645695203,-27.081605259002828,12.754830005207406,16.454394645695203,5.844768168401515,1,6.601093737295116,4.0085327399985715,2.360768629499077,1,p1a_catchup
nvdax,2026-08-20T11:45:00Z,15,premarket,1,8.560883599795233,7.89351104589997,-16.454394645695203,-27.081605259002828,12.754830005207406,16.454394645695203,13.229584414400364,1,25.012446415395573,-21.787636184100734,32.198532519496226,1,p1a_catchup
nvdax,2026-08-20T11:45:00Z,30,premarket,1,8.560883599795233,7.89351104589997,-16.454394645695203,-27.081605259002828,12.754830005207406,16.454394645695203,9.1301121782017,1,58.01444138799461,-50.690158920501105,57.173093511595496,1,p1a_catchup
nvdax,2026-08-20T11:45:00Z,60,premarket,1,8.560883599795233,7.89351104589997,-16.454394645695203,-27.081605259002828,12.754830005207406,16.454394645695203,10.956542029800787,1,29.14211603989969,-1.731179364403701,6.955301216597931,1,p1a_catchup
nvdax,2026-08-20T13:45:00Z,5,regular,0,1.762961692897136,19.948387402797252,-21.711349095694388,-13.315050476396806,32.42772813402031,21.711349095694388,11.32676599299387,1,28.681544919297863,-18.296961816597346,5.597460183999203,1,p1a_catchup
nvdax,2026-08-20T13:45:00Z,15,regular,0,1.762961692897136,19.948387402797252,-21.711349095694388,-13.315050476396806,32.42772813402031,21.711349095694388,7.9800805769014715,1,45.2879059924971,-31.556637473704185,37.774738630798055,1,p1a_catchup
nvdax,2026-08-20T13:45:00Z,30,regular,0,1.762961692897136,19.948387402797252,-21.711349095694388,-13.315050476396806,32.42772813402031,21.711349095694388,13.065738853699216,1,47.397934542994236,-38.752324300999064,45.830654210794464,1,p1a_catchup
nvdax,2026-08-20T13:45:00Z,60,regular,0,1.762961692897136,19.948387402797252,-21.711349095694388,-13.315050476396806,32.42772813402031,21.711349095694388,16.431905786893353,1,12.292509296898402,-7.013065988097367,11.79502496899687,1,p1a_catchup
nvdax,2026-08-20T21:40:00Z,5,afterhours,1,21.4838359142977,5.801257713198282,-15.682578201099417,-20.333679941098026,9.089934776872019,15.682578201099417,1.6432154574985702,1,-3.1980828125988126,20.5238764711968,-1.6306773749974468,0,xstock_reversion
nvdax,2026-08-20T21:40:00Z,15,afterhours,1,21.4838359142977,5.801257713198282,-15.682578201099417,-20.333679941098026,9.089934776872019,15.682578201099417,1.3528908193993772,1,-8.939572689401487,25.97504170990028,-4.32946298389858,0,xstock_reversion
nvdax,2026-08-20T21:40:00Z,30,afterhours,1,21.4838359142977,5.801257713198282,-15.682578201099417,-20.333679941098026,9.089934776872019,15.682578201099417,0.9205352812990952,1,-3.498350040196385,18.260392959996707,2.764467396900727,0,xstock_reversion
nvdax,2026-08-20T21:40:00Z,60,afterhours,1,21.4838359142977,5.801257713198282,-15.682578201099417,-20.333679941098026,9.089934776872019,15.682578201099417,1.5976906761050458,1,-6.2771070536982165,23.55737593090268,-2.3031391889016817,0,xstock_reversion
nvdax,2026-08-21T09:00:00Z,5,premarket,0,3.005386613503802,59.57691879989291,-62.58230541339671,-85.16372574770337,38.03799349950862,62.58230541339671,109.18334764279614,0,81.58969867499977,-128.1907409043992,133.99288590750126,1,persistent_or_wider
nvdax,2026-08-21T09:00:00Z,15,premarket,0,3.005386613503802,59.57691879989291,-62.58230541339671,-85.16372574770337,38.03799349950862,62.58230541339671,21.945599689905393,1,95.99743833080154,-11.46953322749944,8.322160543201562,1,p1a_catchup
nvdax,2026-08-21T09:00:00Z,30,premarket,0,3.005386613503802,59.57691879989291,-62.58230541339671,-85.16372574770337,38.03799349950862,62.58230541339671,1.3772573270998123,1,61.324519640093555,-0.1194715537966573,-10.623802934599524,1,p1a_catchup
nvdax,2026-08-21T09:00:00Z,60,premarket,0,3.005386613503802,59.57691879989291,-62.58230541339671,-85.16372574770337,38.03799349950862,62.58230541339671,4.0693591460971845,1,23.361668087495957,35.15127817980357,-48.868291433992184,0,xstock_reversion
nvdax,2026-08-21T09:05:00Z,5,premarket,0,2.796758389598253,111.98010603239439,-109.18334764279614,-220.9158338733008,58.36174876904403,109.18334764279614,27.590210668906323,1,39.69550669180144,97.07805161990102,-102.98080337949322,0,xstock_reversion
nvdax,2026-08-21T09:05:00Z,15,premarket,0,2.796758389598253,111.98010603239439,-109.18334764279614,-220.9158338733008,58.36174876904403,109.18334764279614,12.094041063894778,1,-4.837033757203457,126.11442246389437,-134.9171430364926,0,xstock_reversion
nvdax,2026-08-21T09:05:00Z,30,premarket,0,2.796758389598253,111.98010603239439,-109.18334764279614,-220.9158338733008,58.36174876904403,109.18334764279614,4.833807937103529,1,-28.498701905101953,142.51585748500162,-146.46315517239827,0,xstock_reversion
nvdax,2026-08-21T09:05:00Z,60,premarket,0,2.796758389598253,111.98010603239439,-109.18334764279614,-220.9158338733008,58.36174876904403,109.18334764279614,5.355125546593342,1,-61.6209543570001,165.44917645320288,-173.81551268509378,0,xstock_reversion
nvdax,2026-08-21T09:10:00Z,5,premarket,0,3.1059933699939535,30.696204038900277,27.590210668906323,-121.59509008739633,79.79386913962423,27.590210668906323,21.945599689905393,1,25.287767035999664,-19.643156056998734,22.68992198480646,1,p1a_catchup
nvdax,2026-08-21T09:10:00Z,15,premarket,0,3.1059933699939535,30.696204038900277,27.590210668906323,-121.59509008739633,79.79386913962423,27.590210668906323,8.252627504896637,1,57.15494701200363,-37.817363847993946,33.78459767910513,1,p1a_catchup
nvdax,2026-08-21T09:10:00Z,30,premarket,0,3.1059933699939535,30.696204038900277,27.590210668906323,-121.59509008739633,79.79386913962423,27.590210668906323,5.21440468800094,1,73.58113269590127,-51.20532671499589,50.403565588608146,1,p1a_catchup
nvdax,2026-08-21T09:10:00Z,60,premarket,0,3.1059933699939535,30.696204038900277,27.590210668906323,-121.59509008739633,79.79386913962423,27.590210668906323,1.1382149087957316,1,101.97396241630408,-75.52196665619348,82.63937522110076,1,p1a_catchup
nvdax,2026-08-21T09:15:00Z,5,premarket,0,6.15275929780168,28.098358987707073,21.945599689905393,-11.46953322749944,81.16132750752013,21.945599689905393,12.094041063894778,1,19.244773413005234,-9.39321478699462,9.24641767219292,1,p1a_catchup
nvdax,2026-08-21T09:15:00Z,15,premarket,0,6.15275929780168,28.098358987707073,21.945599689905393,-11.46953322749944,81.16132750752013,21.945599689905393,1.3772573270998123,1,34.67291869070799,-11.350061673702783,18.945963477801087,1,p1a_catchup
nvdax,2026-08-21T09:15:00Z,30,premarket,0,6.15275929780168,28.098358987707073,21.945599689905393,-11.46953322749944,81.16132750752013,21.945599689905393,16.87017174299754,1,60.09916281980665,-55.0237348728988,36.210954875297574,1,p1a_catchup
nvdax,2026-08-21T09:15:00Z,60,premarket,0,6.15275929780168,28.098358987707073,21.945599689905393,-11.46953322749944,81.16132750752013,21.945599689905393,3.517352451796185,1,80.36319903670375,-54.90024689500217,58.11020364490105,1,p1a_catchup
nvdax,2026-08-21T09:45:00Z,5,premarket,1,12.660020699799546,4.210151043197996,16.87017174299754,43.67367319919602,9.996607534994947,16.87017174299754,3.4283749353036796,1,3.672628728796923,9.76916807889694,1.8478892295981098,0,xstock_reversion
nvdax,2026-08-21T09:45:00Z,15,premarket,1,12.660020699799546,4.210151043197996,16.87017174299754,43.67367319919602,9.996607534994947,16.87017174299754,4.0693591460971845,1,12.536607423498936,8.40292346559579,20.979497101896172,1,p1a_catchup
nvdax,2026-08-21T09:45:00Z,30,premarket,1,12.660020699799546,4.210151043197996,16.87017174299754,43.67367319919602,9.996607534994947,16.87017174299754,3.517352451796185,1,20.264036216897097,0.12348797789663024,21.899248769603474,1,p1a_catchup
nvdax,2026-08-21T09:45:00Z,60,premarket,1,12.660020699799546,4.210151043197996,16.87017174299754,43.67367319919602,9.996607534994947,16.87017174299754,0.08275590939632593,1,27.804506187694145,-10.851578535300277,25.2969975982964,1,p1a_catchup
nvdax,2026-08-21T13:25:00Z,5,premarket,0,0.9868361766951494,29.23718630150063,30.224022478195778,45.0718237083958,20.382881327887844,30.224022478195778,4.3737165330970385,1,7.80593438359567,26.791804627697147,-22.22655956680697,0,xstock_reversion
nvdax,2026-08-21T13:25:00Z,15,premarket,0,0.9868361766951494,29.23718630150063,30.224022478195778,45.0718237083958,20.382881327887844,30.224022478195778,11.656901536598596,1,-35.37578971489985,77.25671372969423,-72.12950207040159,0,xstock_reversion
nvdax,2026-08-21T13:25:00Z,30,premarket,0,0.9868361766951494,29.23718630150063,30.224022478195778,45.0718237083958,20.382881327887844,30.224022478195778,26.041691905502873,1,-93.76608699399824,150.0318013776969,-90.58990974970094,0,xstock_reversion
nvdax,2026-08-21T13:25:00Z,60,premarket,0,0.9868361766951494,29.23718630150063,30.224022478195778,45.0718237083958,20.382881327887844,30.224022478195778,1.2414019630035966,1,-129.6288948673041,158.6115153824963,-175.25067264190676,0,xstock_reversion
nvdax,2026-08-21T13:35:00Z,5,regular,1,21.850261122304815,2.7086780474050443,-19.14158307489977,-23.6676882482989,30.1680881207285,19.14158307489977,11.656901536598596,1,15.125336344494755,-7.640654806193581,25.350540445900904,1,p1a_catchup
nvdax,2026-08-21T13:35:00Z,15,regular,1,21.850261122304815,2.7086780474050443,-19.14158307489977,-23.6676882482989,30.1680881207285,19.14158307489977,10.390168564802238,1,30.645833037192816,-21.894418527095283,41.96337306220599,1,p1a_catchup
nvdax,2026-08-21T13:35:00Z,30,regular,1,21.850261122304815,2.7086780474050443,-19.14158307489977,-23.6676882482989,30.1680881207285,19.14158307489977,2.52519020849995,1,49.424617442994645,-27.757844159594924,56.75354029889945,1,p1a_catchup
nvdax,2026-08-21T13:35:00Z,60,regular,1,21.850261122304815,2.7086780474050443,-19.14158307489977,-23.6676882482989,30.1680881207285,19.14158307489977,3.8486713346053136,1,115.53679807620121,-92.54654366669612,115.20339821990078,1,p1a_catchup
nvdax,2026-08-21T13:55:00Z,5,regular,1,58.45505545130081,32.413363545797935,-26.041691905502873,-72.77508764800267,25.23387632921401,26.041691905502873,2.8076708797009076,1,-16.027059095193863,39.26108012099583,9.242999086804815,0,xstock_reversion
nvdax,2026-08-21T13:55:00Z,15,regular,1,58.45505545130081,32.413363545797935,-26.041691905502873,-72.77508764800267,25.23387632921401,26.041691905502873,13.61171227379998,1,-1.6088136612957271,14.03879329299862,50.01399700190312,1,xstock_reversion
nvdax,2026-08-21T13:55:00Z,30,regular,1,58.45505545130081,32.413363545797935,-26.041691905502873,-72.77508764800267,25.23387632921401,26.041691905502873,1.2414019630035966,1,35.86280787330587,-8.5797140047994,84.66076289220581,1,p1a_catchup
nvdax,2026-08-21T13:55:00Z,60,regular,1,58.45505545130081,32.413363545797935,-26.041691905502873,-72.77508764800267,25.23387632921401,26.041691905502873,2.194911990605064,1,43.4516601873014,-19.60488027240359,75.1151118408,1,p1a_catchup
nvdax,2026-08-24T11:00:00Z,5,premarket,0,21.19291314150118,41.592589618897335,-62.785502760398515,-90.48216244540441,37.80370065304054,62.785502760398515,10.187044236102949,1,24.72047441119507,27.877984113100496,-7.434148991602996,1,xstock_reversion
nvdax,2026-08-24T11:00:00Z,15,premarket,0,21.19291314150118,41.592589618897335,-62.785502760398515,-90.48216244540441,37.80370065304054,62.785502760398515,19.17111122460291,1,17.415637959299346,64.54097602570208,-43.96130396259856,0,xstock_reversion
nvdax,2026-08-24T11:00:00Z,30,premarket,0,21.19291314150118,41.592589618897335,-62.785502760398515,-90.48216244540441,37.80370065304054,62.785502760398515,5.061861986801475,1,-7.813901644500021,75.66126639170001,-68.23882650830448,0,xstock_reversion
nvdax,2026-08-24T11:00:00Z,60,premarket,0,21.19291314150118,41.592589618897335,-62.785502760398515,-90.48216244540441,37.80370065304054,62.785502760398515,1.3624973064985113,1,-28.98486185729965,90.40786731119965,-65.90700884590461,0,xstock_reversion
nvdax,2026-08-24T11:15:00Z,5,premarket,0,0.6132410783976638,19.784352303000574,19.17111122460291,64.54097602570208,46.139235411834335,19.17111122460291,7.988317971800996,1,13.293053969301027,-2.1102607164991127,3.2715631353053,1,p1a_catchup
nvdax,2026-08-24T11:15:00Z,15,premarket,0,0.6132410783976638,19.784352303000574,19.17111122460291,64.54097602570208,46.139235411834335,19.17111122460291,5.061861986801475,1,25.229539603799367,-11.120290365997931,24.27752254570592,1,p1a_catchup
nvdax,2026-08-24T11:15:00Z,30,premarket,0,0.6132410783976638,19.784352303000574,19.17111122460291,64.54097602570208,46.139235411834335,19.17111122460291,9.218352701907406,1,46.75210045620659,-18.362636529696275,20.079859183299575,1,p1a_catchup
nvdax,2026-08-24T11:15:00Z,60,premarket,0,0.6132410783976638,19.784352303000574,19.17111122460291,64.54097602570208,46.139235411834335,19.17111122460291,5.560120149104009,1,39.203758503401076,-25.592767427902174,27.541154064101292,1,p1a_catchup
nvdax,2026-08-24T13:30:00Z,5,regular,0,8.288459138299231,40.83790303710089,-49.12636217540012,-110.49154656359583,49.440936545453575,49.12636217540012,4.73767389919999,1,31.96658876950309,12.422099506697037,27.478029008403126,1,p1a_catchup
nvdax,2026-08-24T13:30:00Z,15,regular,0,8.288459138299231,40.83790303710089,-49.12636217540012,-110.49154656359583,49.440936545453575,49.12636217540012,10.90741584760302,1,188.65058219920348,-150.4316358714064,168.87419134420156,1,p1a_catchup
nvdax,2026-08-24T13:30:00Z,30,regular,0,8.288459138299231,40.83790303710089,-49.12636217540012,-110.49154656359583,49.440936545453575,49.12636217540012,2.9629537792974503,1,208.649365943705,-162.4859575476023,179.8524507221977,1,p1a_catchup
nvdax,2026-08-24T13:30:00Z,60,regular,0,8.288459138299231,40.83790303710089,-49.12636217540012,-110.49154656359583,49.440936545453575,49.12636217540012,17.409792179599037,1,196.27865345079874,-129.7424990957996,140.29185481239992,1,p1a_catchup
nvdax,2026-08-24T13:40:00Z,5,regular,0,4.045948697601887,60.310431959198496,-56.26448326159661,-259.393074740899,74.26789615269995,56.26448326159661,10.90741584760302,1,53.07391661600214,-7.716849202008547,13.824996838902592,1,p1a_catchup
nvdax,2026-08-24T13:40:00Z,15,regular,0,4.045948697601887,60.310431959198496,-56.26448326159661,-259.393074740899,74.26789615269995,56.26448326159661,5.937823435102629,1,64.00449133850294,-1.8021846418037057,11.440012687700118,1,p1a_catchup
nvdax,2026-08-24T13:40:00Z,30,regular,0,4.045948697601887,60.310431959198496,-56.26448326159661,-259.393074740899,74.26789615269995,56.26448326159661,0.03932751139856805,1,85.7928821177012,-29.567726367503155,31.96948923510412,1,p1a_catchup
nvdax,2026-08-24T13:40:00Z,60,regular,0,4.045948697601887,60.310431959198496,-56.26448326159661,-259.393074740899,74.26789615269995,56.26448326159661,0.04308822109777566,1,50.522322799899655,5.699072240599179,2.3822569615017386,1,p1a_catchup
nvdax,2026-08-24T15:25:00Z,5,regular,1,24.34171301500143,4.246901939195524,20.094811075805907,41.635112854399026,23.159261667981266,20.094811075805907,2.765858230997509,1,1.3566981009027756,15.972254743905623,9.049558856197848,0,xstock_reversion
nvdax,2026-08-24T15:25:00Z,15,regular,1,24.34171301500143,4.246901939195524,20.094811075805907,41.635112854399026,23.159261667981266,20.094811075805907,0.682475143092276,1,12.033819287600167,8.743466931298016,14.998752915902358,1,p1a_catchup
nvdax,2026-08-24T15:25:00Z,30,regular,1,24.34171301500143,4.246901939195524,20.094811075805907,41.635112854399026,23.159261667981266,20.094811075805907,8.528365485203082,1,16.948887276102553,11.674289284906436,17.429764644996126,1,p1a_catchup
nvdax,2026-08-24T15:25:00Z,60,regular,1,24.34171301500143,4.246901939195524,20.094811075805907,41.635112854399026,23.159261667981266,20.094811075805907,1.481371995302183,1,36.955248467105406,-15.379065395997316,38.52286408609906,1,p1a_catchup
nvdax,2026-08-24T17:20:00Z,5,regular,1,33.44843554669907,8.539933789402099,-24.908501757296975,-60.26498005149428,30.953248876819874,24.908501757296975,0.40612289430086435,1,-5.874356035997508,31.188980687595347,0.3727131896003044,0,xstock_reversion
nvdax,2026-08-24T17:20:00Z,15,regular,1,33.44843554669907,8.539933789402099,-24.908501757296975,-60.26498005149428,30.953248876819874,24.908501757296975,2.769861895295378,1,-23.098940518400113,50.777304170992466,-13.341624881899605,0,xstock_reversion
nvdax,2026-08-24T17:20:00Z,30,regular,1,33.44843554669907,8.539933789402099,-24.908501757296975,-60.26498005149428,30.953248876819874,24.908501757296975,2.7939903749985007,1,-28.467708324297902,56.17020045659338,-15.989686742701181,0,xstock_reversion
nvdax,2026-08-24T17:20:00Z,60,regular,1,33.44843554669907,8.539933789402099,-24.908501757296975,-60.26498005149428,30.953248876819874,24.908501757296975,6.188134647402421,1,-39.45329959179844,70.54993599649784,-44.296792277496166,0,xstock_reversion
nvdax,2026-08-24T20:00:00Z,5,afterhours,1,22.889481161296743,2.3845756201001933,20.50490554119655,16.964720636298836,23.32154817409894,20.50490554119655,8.448794695299355,1,-4.541326918499067,33.49502715499497,-7.229404368800374,0,xstock_reversion
nvdax,2026-08-24T20:00:00Z,15,afterhours,1,22.889481161296743,2.3845756201001933,20.50490554119655,16.964720636298836,23.32154817409894,20.50490554119655,5.11663761209924,1,-6.3805409867967455,21.768808915894056,-6.216877102298568,0,xstock_reversion
nvdax,2026-08-24T20:00:00Z,30,afterhours,1,22.889481161296743,2.3845756201001933,20.50490554119655,16.964720636298836,23.32154817409894,20.50490554119655,3.7989553343997784,1,-17.045353389999462,41.34921426559579,-18.402801804402458,0,xstock_reversion
nvdax,2026-08-24T20:00:00Z,60,afterhours,1,22.889481161296743,2.3845756201001933,20.50490554119655,16.964720636298836,23.32154817409894,20.50490554119655,3.678589032301005,1,0.6688645826979922,16.157451926197552,6.730591558499199,0,xstock_reversion
nvdax,2026-08-25T08:20:00Z,5,premarket,0,3.616871533704824,19.876018765900838,16.259147232196014,25.578267290198298,12.51602634175763,16.259147232196014,0.0037528107021955748,1,9.438720794099353,6.816673627394465,-12.333967408002522,0,p1a_catchup
nvdax,2026-08-25T08:20:00Z,15,premarket,0,3.616871533704824,19.876018765900838,16.259147232196014,25.578267290198298,12.51602634175763,16.259147232196014,6.399026393602014,1,13.065920064798675,-3.2057992262046753,-13.283364541498699,0,p1a_catchup
nvdax,2026-08-25T08:20:00Z,30,premarket,0,3.616871533704824,19.876018765900838,16.259147232196014,25.578267290198298,12.51602634175763,16.259147232196014,1.0258008877972458,1,17.5854778393969,-0.3005297194036416,-4.386302950498688,1,p1a_catchup
nvdax,2026-08-25T08:20:00Z,60,premarket,0,3.616871533704824,19.876018765900838,16.259147232196014,25.578267290198298,12.51602634175763,16.259147232196014,9.82224322210179,1,36.46495128929672,-10.383560834998917,3.318085968899709,1,p1a_catchup
nvdax,2026-08-25T11:00:00Z,5,premarket,0,1.687080695296217,25.947714070495564,-24.260633375199347,-38.61451680210237,15.599746854022003,24.260633375199347,3.5782364694014746,1,14.066223866899819,6.616173038898054,-10.004989056193736,1,p1a_catchup
nvdax,2026-08-25T11:00:00Z,15,premarket,0,1.687080695296217,25.947714070495564,-24.260633375199347,-38.61451680210237,15.599746854022003,24.260633375199347,0.9146364171996879,1,15.444244086602055,9.73102570579698,-11.417155514497068,1,p1a_catchup
nvdax,2026-08-25T11:00:00Z,30,premarket,0,1.687080695296217,25.947714070495564,-24.260633375199347,-38.61451680210237,15.599746854022003,24.260633375199347,4.410381558797027,1,3.025546403296886,25.64546853069949,-26.904609499300847,0,xstock_reversion
nvdax,2026-08-25T11:00:00Z,60,premarket,0,1.687080695296217,25.947714070495564,-24.260633375199347,-38.61451680210237,15.599746854022003,24.260633375199347,0.9011073462072972,1,-9.056260210398293,34.21800093180494,-42.74728652499782,0,xstock_reversion
nvdax,2026-08-25T13:45:00Z,5,regular,0,11.87504419330132,37.72428286060503,25.84923866730371,106.80691161569555,25.719458048878515,25.84923866730371,4.703670596004628,1,30.143541134801666,-8.997973063502585,1.4058525994009585,1,p1a_catchup
nvdax,2026-08-25T13:45:00Z,15,regular,0,11.87504419330132,37.72428286060503,25.84923866730371,106.80691161569555,25.719458048878515,25.84923866730371,5.998869897103631,1,4.946395565506023,26.901712998901317,-43.5296283666009,0,xstock_reversion
nvdax,2026-08-25T13:45:00Z,30,regular,0,11.87504419330132,37.72428286060503,25.84923866730371,106.80691161569555,25.719458048878515,25.84923866730371,4.51097603409778,1,-1.5512284259955322,31.91144312739702,-40.71523742910088,0,xstock_reversion
nvdax,2026-08-25T13:45:00Z,60,regular,0,11.87504419330132,37.72428286060503,25.84923866730371,106.80691161569555,25.719458048878515,25.84923866730371,0.3074488574039691,1,-83.6661994925958,109.82288701730347,-116.32159898850247,0,xstock_reversion
nvdax,2026-08-25T14:25:00Z,5,regular,0,2.5788863857023614,23.727481962598773,-21.148595576896412,-72.18714108879531,20.29586573339267,21.148595576896412,4.865205294599662,1,21.70790305919823,-5.42451277690148,12.277391186801268,1,p1a_catchup
nvdax,2026-08-25T14:25:00Z,15,regular,0,2.5788863857023614,23.727481962598773,-21.148595576896412,-72.18714108879531,20.29586573339267,21.148595576896412,4.242639069200749,1,39.529278824899095,-22.62332231720343,13.459158876303334,1,p1a_catchup
nvdax,2026-08-25T14:25:00Z,30,regular,0,2.5788863857023614,23.727481962598773,-21.148595576896412,-72.18714108879531,20.29586573339267,21.148595576896412,7.8794055570963195,1,49.68929184079762,-36.42010182099753,37.83469602510081,1,p1a_catchup
nvdax,2026-08-25T14:25:00Z,60,regular,0,2.5788863857023614,23.727481962598773,-21.148595576896412,-72.18714108879531,20.29586573339267,21.148595576896412,10.217244108607915,1,67.34121532430137,-35.97537563879705,29.54508007019463,1,p1a_catchup
nvdax,2026-08-25T21:05:00Z,5,afterhours,1,35.55192429660181,10.915829619904116,-24.636094676697695,-37.544023107205504,14.382875968238181,24.636094676697695,4.307959408293982,1,-6.499806182107548,35.443860267099225,2.8099096330969076,0,xstock_reversion
nvdax,2026-08-25T21:05:00Z,15,afterhours,1,35.55192429660181,10.915829619904116,-24.636094676697695,-37.544023107205504,14.382875968238181,24.636094676697695,6.501105186602629,1,-13.309905463101401,44.447105326401726,-7.489234575803749,0,xstock_reversion
nvdax,2026-08-25T21:05:00Z,30,afterhours,1,35.55192429660181,10.915829619904116,-24.636094676697695,-37.544023107205504,14.382875968238181,24.636094676697695,2.483804114499222,1,-23.289053337105514,50.40895212830243,-15.903249480802018,0,xstock_reversion
nvdax,2026-08-25T21:05:00Z,60,afterhours,1,35.55192429660181,10.915829619904116,-24.636094676697695,-37.544023107205504,14.382875968238181,24.636094676697695,4.7441669419967525,1,-33.28604667320434,62.66630829189879,-32.93409502179934,0,xstock_reversion
nvdax,2026-08-26T11:35:00Z,5,premarket,0,0.13461342270204568,21.02118666519992,-21.155800087901966,-38.82055120299377,13.042520825848927,21.155800087901966,11.622711506600325,1,15.654608798607583,-6.121520217305942,0.544999582006156,1,p1a_catchup
nvdax,2026-08-26T11:35:00Z,15,premarket,0,0.13461342270204568,21.02118666519992,-21.155800087901966,-38.82055120299377,13.042520825848927,21.155800087901966,3.5673497485078087,1,27.53398458240852,-2.810834745998747,-3.006360353694504,1,p1a_catchup
nvdax,2026-08-26T11:35:00Z,30,premarket,0,0.13461342270204568,21.02118666519992,-21.155800087901966,-38.82055120299377,13.042520825848927,21.155800087901966,4.4376612013952155,1,18.930993831407505,-2.212854944900755,4.229224000402709,1,p1a_catchup
nvdax,2026-08-26T11:35:00Z,60,premarket,0,0.13461342270204568,21.02118666519992,-21.155800087901966,-38.82055120299377,13.042520825848927,21.155800087901966,9.976186637894457,1,16.68060229390811,-5.5009888439006005,4.699248206803119,1,p1a_catchup
nvdax,2026-08-26T20:10:00Z,5,afterhours,1,158.20776578710394,56.938852559502706,-101.26891322760123,-135.59105385669847,64.02205826145709,101.26891322760123,39.12970318940445,1,-40.55802982799506,180.95664624500074,-19.470633918698965,0,xstock_reversion
nvdax,2026-08-26T20:10:00Z,15,afterhours,1,158.20776578710394,56.938852559502706,-101.26891322760123,-135.59105385669847,64.02205826145709,101.26891322760123,50.780766860105686,1,38.0790619782978,12.409084389197744,163.47618278450327,1,p1a_catchup
nvdax,2026-08-26T20:10:00Z,30,afterhours,1,158.20776578710394,56.938852559502706,-101.26891322760123,-135.59105385669847,64.02205826145709,101.26891322760123,3.619049115499706,1,93.74478693180421,11.143175411296724,152.75770590630344,1,p1a_catchup
nvdax,2026-08-26T20:10:00Z,60,afterhours,1,158.20776578710394,56.938852559502706,-101.26891322760123,-135.59105385669847,64.02205826145709,101.26891322760123,78.96214877439967,1,-386.84301960230096,567.0740816043018,-415.19802843149375,0,xstock_reversion
nvdax,2026-08-26T20:15:00Z,5,afterhours,0,3.2782465391978377,35.851456650206615,39.12970318940445,27.510708314899546,104.72133871308765,39.12970318940445,94.39798197309557,0,-21.694141944896828,155.22182710739685,-141.39237224500613,0,persistent_or_wider
nvdax,2026-08-26T20:15:00Z,15,afterhours,0,3.2782465391978377,35.851456650206615,39.12970318940445,27.510708314899546,104.72133871308765,39.12970318940445,42.506221511500186,0,-125.54249027499687,207.1784149759015,-217.6917572698045,0,persistent_or_wider
nvdax,2026-08-26T20:15:00Z,30,afterhours,0,3.2782465391978377,35.851456650206615,39.12970318940445,27.510708314899546,104.72133871308765,39.12970318940445,79.17991286760184,0,-103.81610091729776,63.76589123910037,-58.988801468302654,0,persistent_or_wider
nvdax,2026-08-26T20:15:00Z,60,afterhours,0,3.2782465391978377,35.851456650206615,39.12970318940445,27.510708314899546,104.72133871308765,39.12970318940445,27.672751658602834,1,372.75223688590484,-305.9497820378976,328.005331223995,1,p1a_catchup
nvdax,2026-08-26T20:20:00Z,5,afterhours,0,10.551208323192895,83.84677364990267,-94.39798197309557,-118.21961592199948,122.93754758971579,94.39798197309557,50.780766860105686,1,56.94294986139603,-13.325734748406148,41.554444458196116,1,p1a_catchup
nvdax,2026-08-26T20:20:00Z,15,afterhours,0,10.551208323192895,83.84677364990267,-94.39798197309557,-118.21961592199948,122.93754758971579,94.39798197309557,13.929703375898939,1,123.03713136019745,-14.709446011202942,18.702232672795915,1,p1a_catchup
nvdax,2026-08-26T20:20:00Z,30,afterhours,0,10.551208323192895,83.84677364990267,-94.39798197309557,-118.21961592199948,122.93754758971579,94.39798197309557,8.852279957993758,1,43.197304014794824,60.0529579162945,-44.639717010799274,0,xstock_reversion
nvdax,2026-08-26T20:20:00Z,60,afterhours,0,10.551208323192895,83.84677364990267,-94.39798197309557,-118.21961592199948,122.93754758971579,94.39798197309557,18.67342367310343,1,-397.9462193712013,511.01762501740035,-517.4780213824004,0,xstock_reversion
nvdax,2026-08-26T20:25:00Z,5,afterhours,0,17.677501386597072,68.45826824670276,-50.780766860105686,12.409084389197744,122.97926431374084,50.780766860105686,42.506221511500186,1,46.90539846870401,-38.63085312009851,34.74494056660227,1,p1a_catchup
nvdax,2026-08-26T20:25:00Z,15,afterhours,0,17.677501386597072,68.45826824670276,-50.780766860105686,12.409084389197744,122.97926431374084,50.780766860105686,3.619049115499706,1,55.66572495350641,-1.2659089779010202,-10.718476878199823,1,p1a_catchup
nvdax,2026-08-26T20:25:00Z,30,afterhours,0,17.677501386597072,68.45826824670276,-50.780766860105686,12.409084389197744,122.97926431374084,50.780766860105686,51.726110565892824,0,-36.008099757101064,138.51497718309957,-167.2821326086016,0,persistent_or_wider
nvdax,2026-08-26T20:25:00Z,60,afterhours,0,17.677501386597072,68.45826824670276,-50.780766860105686,12.409084389197744,122.97926431374084,50.780766860105686,50.670793259097735,1,-450.4609013482952,450.5708749493032,-489.35535607509627,0,xstock_reversion
nvdax,2026-08-26T20:30:00Z,5,afterhours,0,13.791588833100832,56.29781034460102,-42.506221511500186,-207.1784149759015,121.60750687966159,42.506221511500186,13.929703375898939,1,19.18878303009741,37.24714185730171,-57.59715235200247,0,xstock_reversion
nvdax,2026-08-26T20:30:00Z,15,afterhours,0,13.791588833100832,56.29781034460102,-42.506221511500186,-207.1784149759015,121.60750687966159,42.506221511500186,79.17991286760184,0,-21.726389357699105,143.41252373680112,-158.70295580150184,0,persistent_or_wider
nvdax,2026-08-26T20:30:00Z,30,afterhours,0,13.791588833100832,56.29781034460102,-42.506221511500186,-207.1784149759015,121.60750687966159,42.506221511500186,159.21444751719525,0,-173.6200527936038,375.34072182229926,-411.2249713737004,0,persistent_or_wider
nvdax,2026-08-26T20:30:00Z,60,afterhours,0,13.791588833100832,56.29781034460102,-42.506221511500186,-207.1784149759015,121.60750687966159,42.506221511500186,37.19684483189489,1,-499.13870221580225,578.8417685591974,-607.6501966721981,0,xstock_reversion
nvdax,2026-08-26T20:45:00Z,5,afterhours,0,1.4988432315998779,80.67875609920172,79.17991286760184,143.41252373680112,86.85563279465612,79.17991286760184,8.852279957993758,1,38.92465495760611,31.402977952001976,-37.76385376590419,1,p1a_catchup
nvdax,2026-08-26T20:45:00Z,15,afterhours,0,1.4988432315998779,80.67875609920172,79.17991286760184,143.41252373680112,86.85563279465612,79.17991286760184,159.21444751719525,0,151.89366343590473,-231.92819808549814,252.52201557219854,1,persistent_or_wider
nvdax,2026-08-26T20:45:00Z,30,afterhours,0,1.4988432315998779,80.67875609920172,79.17991286760184,143.41252373680112,86.85563279465612,79.17991286760184,27.672751658602834,1,476.5683378032026,-369.71567327699796,386.9941326922976,1,p1a_catchup
nvdax,2026-08-26T20:45:00Z,60,afterhours,0,1.4988432315998779,80.67875609920172,79.17991286760184,143.41252373680112,86.85563279465612,79.17991286760184,4.301419001500051,1,517.4993591374033,-434.0180272683014,443.75005216349626,1,p1a_catchup
nvdax,2026-08-26T20:55:00Z,5,afterhours,0,11.08965403890494,62.815764604797764,51.726110565892824,139.78088616100058,56.84530735077437,51.726110565892824,159.21444751719525,0,90.70655456779875,-198.1948915191012,209.19789819849655,1,persistent_or_wider
nvdax,2026-08-26T20:55:00Z,15,afterhours,0,11.08965403890494,62.815764604797764,51.726110565892824,139.78088616100058,56.84530735077437,51.726110565892824,78.96214877439967,0,388.9139818234977,-416.15002003200453,411.39207860739543,1,persistent_or_wider
nvdax,2026-08-26T20:55:00Z,30,afterhours,0,11.08965403890494,62.815764604797764,51.726110565892824,139.78088616100058,56.84530735077437,51.726110565892824,50.670793259097735,1,414.45280159119415,-312.05589776620354,322.0732234664947,1,p1a_catchup
nvdax,2026-08-26T20:55:00Z,60,afterhours,0,11.08965403890494,62.815764604797764,51.726110565892824,139.78088616100058,56.84530735077437,51.726110565892824,42.85341725219993,1,487.1694152965933,-392.58988747850054,398.6001177316023,1,p1a_catchup
nvdax,2026-08-26T21:00:00Z,5,afterhours,0,22.092660718300294,181.30710823549555,159.21444751719525,231.92819808549814,82.05295927000643,159.21444751719525,205.49083388649692,0,161.06903985249943,-207.34542622180106,220.85093623000597,1,persistent_or_wider
nvdax,2026-08-26T21:00:00Z,15,afterhours,0,22.092660718300294,181.30710823549555,159.21444751719525,231.92819808549814,82.05295927000643,159.21444751719525,27.672751658602834,1,324.67467436729794,-137.78747519149982,134.47211712009909,1,p1a_catchup
nvdax,2026-08-26T21:00:00Z,30,afterhours,0,22.092660718300294,181.30710823549555,159.21444751719525,231.92819808549814,82.05295927000643,159.21444751719525,37.19684483189489,1,325.51864942219845,-203.50104673689805,196.4252252984977,1,p1a_catchup
nvdax,2026-08-26T21:00:00Z,60,afterhours,0,22.092660718300294,181.30710823549555,159.21444751719525,231.92819808549814,82.05295927000643,159.21444751719525,22.379182021801114,1,376.2841816844986,-194.69055214550224,191.22803659129772,1,p1a_catchup
nvdax,2026-08-26T21:05:00Z,5,afterhours,0,35.598170726505174,241.0890046130021,205.49083388649692,470.6766022593012,99.16085399127628,205.49083388649692,78.96214877439967,1,137.1383874031995,-10.609702291102252,-18.65675582110704,1,p1a_catchup
nvdax,2026-08-26T21:05:00Z,15,afterhours,0,35.598170726505174,241.0890046130021,205.49083388649692,470.6766022593012,99.16085399127628,205.49083388649692,18.67342367310343,1,167.10547505519813,19.71193515819536,-38.29850119650757,1,p1a_catchup
nvdax,2026-08-26T21:05:00Z,30,afterhours,0,35.598170726505174,241.0890046130021,205.49083388649692,470.6766022593012,99.16085399127628,205.49083388649692,12.202904859197616,1,182.5303409520984,35.16339779359612,-43.324660174608454,1,p1a_catchup
nvdax,2026-08-26T21:05:00Z,60,afterhours,0,35.598170726505174,241.0890046130021,205.49083388649692,470.6766022593012,99.16085399127628,205.49083388649692,44.40086900939555,1,195.96324039529378,53.928462500598684,-78.57868565330328,1,p1a_catchup
nvdax,2026-08-26T21:10:00Z,5,afterhours,0,6.331712614295881,85.29386138869555,78.96214877439967,416.15002003200453,97.31496927842227,78.96214877439967,27.672751658602834,1,26.46724711159898,80.16765332140352,-67.72206328879982,0,xstock_reversion
nvdax,2026-08-26T21:10:00Z,15,afterhours,0,6.331712614295881,85.29386138869555,78.96214877439967,416.15002003200453,97.31496927842227,78.96214877439967,50.670793259097735,1,25.538819767696452,104.09412226580095,-89.31885514090077,0,xstock_reversion
nvdax,2026-08-26T21:10:00Z,30,afterhours,0,6.331712614295881,85.29386138869555,78.96214877439967,416.15002003200453,97.31496927842227,78.96214877439967,16.42441462769817,1,58.591777645595755,3.9459565011057407,-2.754089886494171,1,p1a_catchup
nvdax,2026-08-26T21:10:00Z,60,afterhours,0,6.331712614295881,85.29386138869555,78.96214877439967,416.15002003200453,97.31496927842227,78.96214877439967,9.556396251202415,1,40.3510848364963,48.16746018910578,-47.5459742727935,0,xstock_reversion
nvdax,2026-08-26T21:15:00Z,5,afterhours,1,18.777302646899585,8.89544901170325,-27.672751658602834,137.78747519149982,119.38176462799804,27.672751658602834,18.67342367310343,1,-3.4998405403996458,49.84601587210591,-48.080317913399284,0,xstock_reversion
nvdax,2026-08-26T21:15:00Z,15,afterhours,1,18.777302646899585,8.89544901170325,-27.672751658602834,137.78747519149982,119.38176462799804,27.672751658602834,37.19684483189489,0,-0.8439750549005254,65.71357154539825,-61.95310817839861,0,persistent_or_wider
nvdax,2026-08-26T21:15:00Z,30,afterhours,1,18.777302646899585,8.89544901170325,-27.672751658602834,137.78747519149982,119.38176462799804,27.672751658602834,4.301419001500051,1,-40.93102133420068,64.30235399130346,-56.755919471198624,0,xstock_reversion
nvdax,2026-08-26T21:15:00Z,60,afterhours,1,18.777302646899585,8.89544901170325,-27.672751658602834,137.78747519149982,119.38176462799804,27.672751658602834,24.659252105596607,1,-2.9630357014998054,5.976535254506032,-2.1020465658061482,0,xstock_reversion
nvdax,2026-08-26T21:20:00Z,5,afterhours,0,17.01160468819296,35.68502836129639,18.67342367310343,-19.71193515819536,111.03626877561288,18.67342367310343,50.670793259097735,0,-4.428267884302173,73.77248481650334,-69.67710976550023,0,persistent_or_wider
nvdax,2026-08-26T21:20:00Z,15,afterhours,0,17.01160468819296,35.68502836129639,18.67342367310343,-19.71193515819536,111.03626877561288,18.67342367310343,12.202904859197616,1,15.424865896900286,15.451462635400759,-5.026158978100881,1,xstock_reversion
nvdax,2026-08-26T21:20:00Z,30,afterhours,0,17.01160468819296,35.68502836129639,18.67342367310343,-19.71193515819536,111.03626877561288,18.67342367310343,47.861052057003306,0,59.45120832509865,-88.63883670899853,82.60973805660043,1,persistent_or_wider
nvdax,2026-08-26T21:20:00Z,60,afterhours,0,17.01160468819296,35.68502836129639,18.67342367310343,-19.71193515819536,111.03626877561288,18.67342367310343,18.308870760899154,1,-12.079457493499035,49.06175192750162,-50.83475946779714,0,xstock_reversion
nvdax,2026-08-26T21:25:00Z,5,afterhours,0,21.106979739196063,29.56381351990167,-50.670793259097735,-104.09412226580095,126.89361697659454,50.670793259097735,37.19684483189489,1,-1.7724023988030524,89.64004048979568,-83.54990003049956,0,xstock_reversion
nvdax,2026-08-26T21:25:00Z,15,afterhours,0,21.106979739196063,29.56381351990167,-50.670793259097735,-104.09412226580095,126.89361697659454,50.670793259097735,16.42441462769817,1,-33.0529578778993,100.14816576469521,-86.5647652544066,0,xstock_reversion
nvdax,2026-08-26T21:25:00Z,30,afterhours,0,21.106979739196063,29.56381351990167,-50.670793259097735,-104.09412226580095,126.89361697659454,50.670793259097735,42.85341725219993,1,-72.71661370539917,80.53398971229697,-76.52689426510761,0,xstock_reversion
nvdax,2026-08-26T21:25:00Z,60,afterhours,0,21.106979739196063,29.56381351990167,-50.670793259097735,-104.09412226580095,126.89361697659454,50.670793259097735,4.141115585802879,1,7.356833421798825,47.45507542310179,-25.066308329906306,0,xstock_reversion
nvdax,2026-08-26T21:30:00Z,5,afterhours,0,15.01683927989994,52.213684111794834,37.19684483189489,65.71357154539825,108.25134936775649,37.19684483189489,12.202904859197616,1,18.080731382399406,31.319018308693103,-18.898949243100205,1,xstock_reversion
nvdax,2026-08-26T21:30:00Z,15,afterhours,0,15.01683927989994,52.213684111794834,37.19684483189489,65.71357154539825,108.25134936775649,37.19684483189489,4.301419001500051,1,40.087046279300154,1.4112175540947902,-5.1971887071999845,1,p1a_catchup
nvdax,2026-08-26T21:30:00Z,30,afterhours,0,15.01683927989994,52.213684111794834,37.19684483189489,65.71357154539825,108.25134936775649,37.19684483189489,22.379182021801114,1,50.765532262300184,8.810494591395823,-5.1971887071999845,1,p1a_catchup
nvdax,2026-08-26T21:30:00Z,60,afterhours,0,15.01683927989994,52.213684111794834,37.19684483189489,65.71357154539825,108.25134936775649,37.19684483189489,12.014547470498016,1,-3.109997135402054,28.29229449679893,-44.06770752429345,0,xstock_reversion
nvdax,2026-08-26T21:40:00Z,5,afterhours,0,7.523579228907451,23.94799385660562,16.42441462769817,100.14816576469521,70.87593394817128,16.42441462769817,4.301419001500051,1,8.806490800203903,11.919342828994317,-8.212053931107022,1,xstock_reversion
nvdax,2026-08-26T21:40:00Z,15,afterhours,0,7.523579228907451,23.94799385660562,16.42441462769817,100.14816576469521,70.87593394817128,16.42441462769817,42.85341725219993,0,39.663655827499866,19.614176052398236,-10.03787098929898,1,persistent_or_wider
nvdax,2026-08-26T21:40:00Z,30,afterhours,0,7.523579228907451,23.94799385660562,16.42441462769817,100.14816576469521,70.87593394817128,16.42441462769817,9.556396251202415,1,-18.240692809099457,44.22150368800004,-44.79188438629933,0,xstock_reversion
nvdax,2026-08-26T21:40:00Z,60,afterhours,0,7.523579228907451,23.94799385660562,16.42441462769817,100.14816576469521,70.87593394817128,16.42441462769817,6.3182783568027645,1,-25.890094376501693,35.9962306473971,-26.485243118106183,0,xstock_reversion
nvdax,2026-08-26T21:50:00Z,5,afterhours,0,10.98250603579487,58.843558092798176,47.861052057003306,104.09029934439928,64.09952754611585,47.861052057003306,42.85341725219993,1,8.837137495998348,81.87733181320489,-75.75995355699305,0,xstock_reversion
nvdax,2026-08-26T21:50:00Z,15,afterhours,0,10.98250603579487,58.843558092798176,47.861052057003306,104.09029934439928,64.09952754611585,47.861052057003306,44.40086900939555,1,-30.593442985002994,122.85536405140185,-122.88992251339614,0,xstock_reversion
nvdax,2026-08-26T21:50:00Z,30,afterhours,0,10.98250603579487,58.843558092798176,47.861052057003306,104.09029934439928,64.09952754611585,47.861052057003306,18.308870760899154,1,-71.53066581859768,137.70058863650013,-133.44449752439758,0,xstock_reversion
nvdax,2026-08-26T21:50:00Z,60,afterhours,0,10.98250603579487,58.843558092798176,47.861052057003306,104.09029934439928,64.09952754611585,47.861052057003306,13.45331065519595,1,-40.469033713401714,101.78339642560097,-104.1028296734936,0,xstock_reversion
nvdax,2026-08-26T21:55:00Z,5,afterhours,0,17.099884292006706,25.753532960193226,-42.85341725219993,-19.614176052398236,66.38340920146959,42.85341725219993,22.379182021801114,1,20.178679044295933,0.2955561861028855,-1.8258170581919586,1,p1a_catchup
nvdax,2026-08-26T21:55:00Z,15,afterhours,0,17.099884292006706,25.753532960193226,-42.85341725219993,-19.614176052398236,66.38340920146959,42.85341725219993,9.556396251202415,1,57.90434863659932,-24.607327635601806,34.75401339700035,1,p1a_catchup
nvdax,2026-08-26T21:55:00Z,30,afterhours,0,17.099884292006706,25.753532960193226,-42.85341725219993,-19.614176052398236,66.38340920146959,42.85341725219993,4.141115585802879,1,80.073447127198,-33.07891428919518,51.46058593520131,1,p1a_catchup
nvdax,2026-08-26T21:55:00Z,60,afterhours,0,17.099884292006706,25.753532960193226,-42.85341725219993,-19.614176052398236,66.38340920146959,42.85341725219993,1.30581266190255,1,51.92667021179709,-10.379065621499706,18.27652889260456,1,p1a_catchup
nvdax,2026-08-26T22:00:00Z,5,afterhours,1,18.63014516409578,3.7490368577053346,-22.379182021801114,-7.399277037301033,54.89362809622797,22.379182021801114,44.40086900939555,0,19.25190143670541,-41.273588424299845,48.95578601459505,1,persistent_or_wider
nvdax,2026-08-26T22:00:00Z,15,afterhours,1,18.63014516409578,3.7490368577053346,-22.379182021801114,-7.399277037301033,54.89362809622797,22.379182021801114,24.659252105596607,0,48.646471615700904,-50.9265416994964,54.653872905392475,1,persistent_or_wider
nvdax,2026-08-26T22:00:00Z,30,afterhours,1,18.63014516409578,3.7490368577053346,-22.379182021801114,-7.399277037301033,54.89362809622797,22.379182021801114,12.014547470498016,1,53.87552939770224,-19.481799905403108,38.87051881709347,1,p1a_catchup
nvdax,2026-08-26T22:00:00Z,60,afterhours,1,18.63014516409578,3.7490368577053346,-22.379182021801114,-7.399277037301033,54.89362809622797,22.379182021801114,6.19780503320122,1,30.73933336739998,-14.557956378800085,34.28966669849487,1,p1a_catchup
nvdax,2026-08-26T22:05:00Z,5,afterhours,0,10.947947573800576,33.45292143559497,-44.40086900939555,-122.85536405140185,56.113153089712746,44.40086900939555,9.556396251202415,1,18.47376815559798,16.370704602595154,-12.37595555940274,0,p1a_catchup
nvdax,2026-08-26T22:05:00Z,15,afterhours,0,10.947947573800576,33.45292143559497,-44.40086900939555,-122.85536405140185,56.113153089712746,44.40086900939555,18.308870760899154,1,40.93722283359469,-14.845224585098293,10.554575011001432,1,p1a_catchup
nvdax,2026-08-26T22:05:00Z,30,afterhours,0,10.947947573800576,33.45292143559497,-44.40086900939555,-122.85536405140185,56.113153089712746,44.40086900939555,3.2009414069023023,1,30.95201107209178,10.247916530401469,-7.794053990100025,1,p1a_catchup
nvdax,2026-08-26T22:05:00Z,60,afterhours,0,10.947947573800576,33.45292143559497,-44.40086900939555,-122.85536405140185,56.113153089712746,44.40086900939555,20.23985728629718,1,22.71723089429578,1.4437808288025877,1.3852264248015445,1,p1a_catchup
nvdax,2026-08-26T22:15:00Z,5,afterhours,1,14.902813958199701,9.756438147396906,-24.659252105596607,-50.9265416994964,53.45799142016581,24.659252105596607,18.308870760899154,1,11.542652654599195,-5.1922713099017415,4.8564881202040056,1,p1a_catchup
nvdax,2026-08-26T22:15:00Z,15,afterhours,1,14.902813958199701,9.756438147396906,-24.659252105596607,-50.9265416994964,53.45799142016581,24.659252105596607,12.014547470498016,1,5.229057782001334,31.44474179409329,-15.783354088299006,0,xstock_reversion
nvdax,2026-08-26T22:15:00Z,30,afterhours,1,14.902813958199701,9.756438147396906,-24.659252105596607,-50.9265416994964,53.45799142016581,24.659252105596607,13.817403914897497,1,-19.00128758530073,57.477943605794835,-42.09007321339442,0,xstock_reversion
nvdax,2026-08-26T22:15:00Z,60,afterhours,1,14.902813958199701,9.756438147396906,-24.659252105596607,-50.9265416994964,53.45799142016581,24.659252105596607,2.9731938874988373,1,-4.223997885599573,31.856443878695018,-25.835573807500012,0,xstock_reversion
nvdax,2026-08-26T22:20:00Z,5,afterhours,1,15.238597147897437,3.070273613001717,-18.308870760899154,-14.845224585098293,35.26880298829434,18.308870760899154,4.141115585802879,1,-0.29435618739803715,22.74434253410007,-6.223958032203214,0,xstock_reversion
nvdax,2026-08-26T22:20:00Z,15,afterhours,1,15.238597147897437,3.070273613001717,-18.308870760899154,-14.845224585098293,35.26880298829434,18.308870760899154,3.2009414069023023,1,-9.98521176150291,25.093141115499762,-18.348629001101457,0,xstock_reversion
nvdax,2026-08-26T22:20:00Z,30,afterhours,1,15.238597147897437,3.070273613001717,-18.308870760899154,-14.845224585098293,35.26880298829434,18.308870760899154,13.45331065519595,1,-31.06163210519597,35.917192210899174,-29.341667850903974,0,xstock_reversion
nvdax,2026-08-26T22:20:00Z,60,afterhours,1,15.238597147897437,3.070273613001717,-18.308870760899154,-14.845224585098293,35.26880298829434,18.308870760899154,15.677876876898367,1,-27.187275464397587,61.17402310219511,-29.520204986299703,0,xstock_reversion
nvdax,2026-08-26T23:05:00Z,5,afterhours,0,8.118940320196444,12.120916966100737,-20.23985728629718,-19.628186796998293,20.941679837806387,20.23985728629718,5.24186153469941,1,7.399106541798872,7.598889209798898,-13.303086287903554,0,xstock_reversion
nvdax,2026-08-26T23:05:00Z,15,afterhours,0,8.118940320196444,12.120916966100737,-20.23985728629718,-19.628186796998293,20.941679837806387,20.23985728629718,15.677876876898367,1,-8.96728352509868,44.885017688294226,-20.350856400099815,0,xstock_reversion
nvdax,2026-08-26T23:05:00Z,30,afterhours,0,8.118940320196444,12.120916966100737,-20.23985728629718,-19.628186796998293,20.941679837806387,20.23985728629718,0.4220669401000521,1,5.325502210498101,14.492288135699027,-11.864529387102252,0,xstock_reversion
nvdax,2026-08-26T23:20:00Z,5,afterhours,1,16.415220967997968,0.737344091099601,15.677876876898367,44.885017688294226,17.036275064666185,15.677876876898367,20.089175542103987,0,-8.289604957196772,44.05665737619913,-13.917140758001878,0,persistent_or_wider
nvdax,2026-08-26T23:20:00Z,15,afterhours,1,16.415220967997968,0.737344091099601,15.677876876898367,44.885017688294226,17.036275064666185,15.677876876898367,0.4220669401000521,1,-14.29278573559678,30.3927295525952,-8.486327012997563,0,xstock_reversion
nvdax,2026-08-26T23:20:00Z,30,afterhours,1,16.415220967997968,0.737344091099601,15.677876876898367,44.885017688294226,17.036275064666185,15.677876876898367,13.961846748804518,1,8.479993117100904,-6.763962989007055,34.55324076369948,1,p1a_catchup
nvdax,2026-08-26T23:25:00Z,5,afterhours,1,13.72429565019928,6.364879891904707,-20.089175542103987,-6.770528897703798,25.5889889105006,20.089175542103987,10.236130708296542,1,6.852829512604686,3.0002153212027594,-1.8289324792064576,0,p1a_catchup
nvdax,2026-08-26T23:25:00Z,15,afterhours,1,13.72429565019928,6.364879891904707,-20.089175542103987,-6.770528897703798,25.5889889105006,20.089175542103987,1.177749513798787,1,3.311047761300756,17.95587729460202,-6.411253963403141,0,xstock_reversion
nvdax,2026-08-26T23:25:00Z,30,afterhours,1,13.72429565019928,6.364879891904707,-20.089175542103987,-6.770528897703798,25.5889889105006,20.089175542103987,9.454216615001343,1,-31.639830900100918,61.18322305720625,-63.513805141406365,0,xstock_reversion
nvdax,2026-08-26T23:45:00Z,5,afterhours,0,0.8222228002985332,16.034554276096458,15.212331475797924,36.49613851959721,24.75621265370072,15.212331475797924,13.961846748804518,1,12.574751251399618,-11.324266524406212,21.876100530802134,1,p1a_catchup
nvdax,2026-08-27T08:00:00Z,5,premarket,1,59.81664639350015,20.541516453498332,-39.27512994000182,-60.61024525199521,33.04242287056246,39.27512994000182,17.024706855099936,1,-2.2774797866009777,24.52790287150286,-66.99815973969514,0,xstock_reversion
nvdax,2026-08-27T08:00:00Z,15,premarket,1,59.81664639350015,20.541516453498332,-39.27512994000182,-60.61024525199521,33.04242287056246,39.27512994000182,9.592194554599587,1,-95.55216467919792,125.23510006460015,-94.74487702649803,0,xstock_reversion
nvdax,2026-08-27T08:00:00Z,30,premarket,1,59.81664639350015,20.541516453498332,-39.27512994000182,-60.61024525199521,33.04242287056246,39.27512994000182,7.265120707504735,1,-169.51363753650028,201.52364676899737,-150.00841013359968,0,xstock_reversion
nvdax,2026-08-27T08:00:00Z,60,premarket,1,59.81664639350015,20.541516453498332,-39.27512994000182,-60.61024525199521,33.04242287056246,39.27512994000182,17.47569113380365,1,-214.01877007839687,235.81820888459504,-181.51428252609847,0,xstock_reversion
nvdax,2026-08-27T08:05:00Z,5,premarket,1,102.28690326169243,85.2621964065925,-17.024706855099936,-44.541972528291396,36.124360459934856,17.024706855099936,51.77216715110511,0,-66.49005644319139,135.28693044939644,-47.39133473030677,0,persistent_or_wider
nvdax,2026-08-27T08:05:00Z,15,premarket,1,102.28690326169243,85.2621964065925,-17.024706855099936,-44.541972528291396,36.124360459934856,17.024706855099936,13.282717720199955,1,-109.1313846856945,139.4388092609944,-42.93003641850035,0,xstock_reversion
nvdax,2026-08-27T08:05:00Z,30,premarket,1,102.28690326169243,85.2621964065925,-17.024706855099936,-44.541972528291396,36.124360459934856,17.024706855099936,4.996617781296564,1,-165.28877485039396,177.31686392419732,-94.11519323419881,0,xstock_reversion
nvdax,2026-08-27T08:05:00Z,60,premarket,1,102.28690326169243,85.2621964065925,-17.024706855099936,-44.541972528291396,36.124360459934856,17.024706855099936,21.099102680599557,0,-195.76084293629668,191.68644711079708,-103.43382451360128,0,persistent_or_wider
nvdax,2026-08-27T08:10:00Z,5,premarket,0,14.39130754260276,66.16347469370787,51.77216715110511,84.17019848759644,67.54441600650043,51.77216715110511,9.592194554599587,1,26.784628449405545,34.57973325629915,-19.644617443503876,1,xstock_reversion
nvdax,2026-08-27T08:10:00Z,15,premarket,0,14.39130754260276,66.16347469370787,51.77216715110511,84.17019848759644,67.54441600650043,51.77216715110511,50.77656338450254,1,76.48092969220421,-75.48532592560164,68.89681659039582,1,p1a_catchup
nvdax,2026-08-27T08:10:00Z,30,premarket,0,14.39130754260276,66.16347469370787,51.77216715110511,84.17019848759644,67.54441600650043,51.77216715110511,3.0059157271011827,1,104.0201175718014,-49.242034693595116,48.943368001399534,1,p1a_catchup
nvdax,2026-08-27T08:10:00Z,60,premarket,0,14.39130754260276,66.16347469370787,51.77216715110511,84.17019848759644,67.54441600650043,51.77216715110511,25.271318808499643,1,113.57894648190481,-36.535460522300056,31.618115450200435,1,p1a_catchup
nvdax,2026-08-27T08:25:00Z,5,premarket,0,7.802798207396933,58.57936159189947,50.77656338450254,75.48532592560164,75.04974928508395,50.77656338450254,7.265120707504735,1,24.2651716145037,33.77651247750357,-33.277900926798054,0,xstock_reversion
nvdax,2026-08-27T08:25:00Z,15,premarket,0,7.802798207396933,58.57936159189947,50.77656338450254,75.48532592560164,75.04974928508395,50.77656338450254,3.0059157271011827,1,27.539187879597193,26.243291232006527,-19.95344858899628,1,p1a_catchup
nvdax,2026-08-27T08:25:00Z,30,premarket,0,7.802798207396933,58.57936159189947,50.77656338450254,75.48532592560164,75.04974928508395,50.77656338450254,0.27365359500208797,1,72.23013603390172,-21.727226244401265,24.333603423905004,1,p1a_catchup
nvdax,2026-08-27T08:25:00Z,60,premarket,0,7.802798207396933,58.57936159189947,50.77656338450254,75.48532592560164,75.04974928508395,50.77656338450254,16.238829922805564,1,22.009364680704024,45.00602862660408,-47.06517878959815,0,xstock_reversion
nvdax,2026-08-27T08:45:00Z,5,premarket,0,15.812047664196527,42.42079113350172,26.608743469305196,55.40215654930236,37.901442842262995,26.608743469305196,5.6916779911997395,1,22.919011848001603,-2.001946369896146,-12.374051428594157,1,p1a_catchup
nvdax,2026-08-27T08:45:00Z,15,premarket,0,15.812047664196527,42.42079113350172,26.608743469305196,55.40215654930236,37.901442842262995,26.608743469305196,17.47569113380365,1,22.976840169404156,21.10759443370469,-31.406922062897635,0,p1a_catchup
nvdax,2026-08-27T08:45:00Z,30,premarket,0,15.812047664196527,42.42079113350172,26.608743469305196,55.40215654930236,37.901442842262995,26.608743469305196,0.0628031089000558,1,-16.226283562197352,42.897830140402604,-52.25181263539547,0,xstock_reversion
nvdax,2026-08-27T08:45:00Z,60,premarket,0,15.812047664196527,42.42079113350172,26.608743469305196,55.40215654930236,37.901442842262995,26.608743469305196,0.05821280229412196,1,-14.550460781892482,41.10099144890356,-55.80421054129481,0,xstock_reversion
nvdax,2026-08-27T09:00:00Z,5,premarket,0,5.512720035003582,11.962971098800068,-17.47569113380365,-21.10759443370469,22.825342654161,17.47569113380365,21.099102680599557,0,15.980447355499194,-19.6038589022951,11.08229827280205,1,persistent_or_wider
nvdax,2026-08-27T09:00:00Z,15,premarket,0,5.512720035003582,11.962971098800068,-17.47569113380365,-21.10759443370469,22.825342654161,17.47569113380365,0.0628031089000558,1,39.20312373160151,-21.790235706697914,20.84489057249783,1,p1a_catchup
nvdax,2026-08-27T09:00:00Z,30,premarket,0,5.512720035003582,11.962971098800068,-17.47569113380365,-21.10759443370469,22.825342654161,17.47569113380365,10.665840086305778,1,46.53663749070169,-18.395106270592265,21.288871303797308,1,p1a_catchup
nvdax,2026-08-27T09:00:00Z,60,premarket,0,5.512720035003582,11.962971098800068,-17.47569113380365,-21.10759443370469,22.825342654161,17.47569113380365,4.46567014940058,1,58.12722593759645,-45.11720495319338,50.63081557859839,1,p1a_catchup
nvdax,2026-08-27T09:05:00Z,5,premarket,1,14.034280664496634,7.064822016102923,-21.099102680599557,-42.71339970589594,25.102967343109786,21.099102680599557,25.271318808499643,0,15.691840011200497,-19.864056139100583,24.42437433309408,1,persistent_or_wider
nvdax,2026-08-27T09:05:00Z,15,premarket,1,14.034280664496634,7.064822016102923,-21.099102680599557,-42.71339970589594,25.102967343109786,21.099102680599557,9.217317162297789,1,24.686334393200227,-12.804548874898458,13.759128688102251,1,p1a_catchup
nvdax,2026-08-27T09:05:00Z,30,premarket,1,14.034280664496634,7.064822016102923,-21.099102680599557,-42.71339970589594,25.102967343109786,21.099102680599557,0.831660156102032,1,24.65493635320115,-4.387493828703626,17.757262945394814,1,p1a_catchup
nvdax,2026-08-27T09:05:00Z,60,premarket,1,14.034280664496634,7.064822016102923,-21.099102680599557,-42.71339970589594,25.102967343109786,21.099102680599557,2.170340054901132,1,43.207809736802716,-19.938367001302026,32.87576820399707,1,p1a_catchup
nvdax,2026-08-27T09:10:00Z,5,premarket,0,9.473962470503139,15.797356337996504,-25.271318808499643,-60.67709164770285,26.460785394306498,25.271318808499643,0.0628031089000558,1,7.530836364901816,17.67767933469777,-14.661782033398296,0,xstock_reversion
nvdax,2026-08-27T09:10:00Z,15,premarket,0,9.473962470503139,15.797356337996504,-25.271318808499643,-60.67709164770285,26.460785394306498,25.271318808499643,16.238829922805564,1,15.08865210899657,-6.056163223302491,9.78647764940277,1,p1a_catchup
nvdax,2026-08-27T09:10:00Z,30,premarket,0,9.473962470503139,15.797356337996504,-25.271318808499643,-60.67709164770285,26.460785394306498,25.271318808499643,0.9681698878072353,1,8.56978643760442,17.669702258702458,-12.88574082459526,0,xstock_reversion
nvdax,2026-08-27T09:10:00Z,60,premarket,0,9.473962470503139,15.797356337996504,-25.271318808499643,-60.67709164770285,26.460785394306498,25.271318808499643,2.7902483531061506,1,24.602558589004175,3.4590085726016184,-0.4446124091916914,1,p1a_catchup
nvdax,2026-08-27T09:25:00Z,5,premarket,0,5.74364804440286,10.495181878402704,-16.238829922805564,-6.056163223302491,14.722545309685568,16.238829922805564,10.665840086305778,1,-0.22430198499456822,27.12897199410591,-24.00427895150159,0,xstock_reversion
nvdax,2026-08-27T09:25:00Z,15,premarket,0,5.74364804440286,10.495181878402704,-16.238829922805564,-6.056163223302491,14.722545309685568,16.238829922805564,0.9681698878072353,1,-6.518865671392149,23.72586548200495,-22.67221847399803,0,xstock_reversion
nvdax,2026-08-27T09:25:00Z,30,premarket,0,5.74364804440286,10.495181878402704,-16.238829922805564,-6.056163223302491,14.722545309685568,16.238829922805564,7.33636300170204,1,0.7583697966051517,8.144097124498373,8.01424798019923,1,xstock_reversion
nvdax,2026-08-27T09:25:00Z,60,premarket,0,5.74364804440286,10.495181878402704,-16.238829922805564,-6.056163223302491,14.722545309685568,16.238829922805564,17.851027385900053,0,28.902064247002812,-30.5142617100973,32.667122481404576,1,persistent_or_wider
nvdax,2026-08-27T10:25:00Z,5,premarket,0,3.590787273095586,14.260240112804468,-17.851027385900053,-40.02943350600141,9.85358359405401,17.851027385900053,2.5445812605973117,1,8.012675945501258,7.293770179801484,-8.605084314501354,0,p1a_catchup
nvdax,2026-08-27T10:25:00Z,15,premarket,0,3.590787273095586,14.260240112804468,-17.851027385900053,-40.02943350600141,9.85358359405401,17.851027385900053,15.2174131059013,1,-6.9750804590995585,40.04352095090091,-37.56155849540477,0,xstock_reversion
nvdax,2026-08-27T10:25:00Z,30,premarket,0,3.590787273095586,14.260240112804468,-17.851027385900053,-40.02943350600141,9.85358359405401,17.851027385900053,16.64631339379774,1,5.196447114901304,-3.9917331227989905,7.468500429395064,1,p1a_catchup
nvdax,2026-08-27T10:25:00Z,60,premarket,0,3.590787273095586,14.260240112804468,-17.851027385900053,-40.02943350600141,9.85358359405401,17.851027385900053,9.717996119995576,1,69.3354183159034,-61.20238704999892,73.82157956099533,1,p1a_catchup
nvdax,2026-08-27T10:55:00Z,5,premarket,0,0.11401996649951229,16.532293427298228,-16.64631339379774,-44.0352540736999,16.92954294555079,16.64631339379774,23.590143921996543,0,19.365988029900194,-26.309818558098996,6.298064011698301,1,persistent_or_wider
nvdax,2026-08-27T10:55:00Z,15,premarket,0,0.11401996649951229,16.532293427298228,-16.64631339379774,-44.0352540736999,16.92954294555079,16.64631339379774,8.996971754298144,1,26.857363387602362,-19.208021748102766,16.54703984359962,1,p1a_catchup
nvdax,2026-08-27T10:55:00Z,30,premarket,0,0.11401996649951229,16.532293427298228,-16.64631339379774,-44.0352540736999,16.92954294555079,16.64631339379774,9.717996119995576,1,64.1389712010021,-57.21065392719993,66.35307913160027,1,p1a_catchup
nvdax,2026-08-27T10:55:00Z,60,premarket,0,0.11401996649951229,16.532293427298228,-16.64631339379774,-44.0352540736999,16.92954294555079,16.64631339379774,1.1754567914046277,1,93.57281983719545,-78.10196323480234,61.406257363598726,1,p1a_catchup
nvdax,2026-08-27T11:00:00Z,5,premarket,1,20.125774512900207,3.464369409096335,-23.590143921996543,-53.37778565449369,19.178854026086032,23.590143921996543,1.763240924406162,1,0.7839655015029479,24.569419344899757,2.1956444495074834,0,xstock_reversion
nvdax,2026-08-27T11:00:00Z,15,premarket,1,20.125774512900207,3.464369409096335,-23.590143921996543,-53.37778565449369,19.178854026086032,23.590143921996543,10.266592751992931,1,15.457632280302391,-2.13408111029878,34.914586639303025,1,p1a_catchup
nvdax,2026-08-27T11:00:00Z,30,premarket,1,20.125774512900207,3.464369409096335,-23.590143921996543,-53.37778565449369,19.178854026086032,23.590143921996543,1.5001273707060392,1,54.4056620737976,-32.3156455225071,61.404573141699004,1,p1a_catchup
nvdax,2026-08-27T11:00:00Z,60,premarket,1,20.125774512900207,3.464369409096335,-23.590143921996543,-53.37778565449369,19.178854026086032,23.590143921996543,7.531986611102326,1,70.46125782859569,-54.403100517701475,59.15541094510424,1,p1a_catchup
nvdax,2026-08-27T11:35:00Z,5,premarket,0,6.534714221100302,22.18045825030046,-15.64574402920016,-34.201971693397226,9.953494570156378,15.64574402920016,0.06526119699756805,1,10.498845797197731,5.212159428999996,-21.62357811649862,0,p1a_catchup
nvdax,2026-08-27T11:35:00Z,15,premarket,0,6.534714221100302,22.18045825030046,-15.64574402920016,-34.201971693397226,9.953494570156378,15.64574402920016,2.9801832840981035,1,7.220416109703365,11.405511203594898,-16.222065561697363,0,xstock_reversion
nvdax,2026-08-27T11:35:00Z,30,premarket,0,6.534714221100302,22.18045825030046,-15.64574402920016,-34.201971693397226,9.953494570156378,15.64574402920016,5.835762452095494,1,2.575665135804428,7.234316441300237,-24.32324067510372,0,xstock_reversion
nvdax,2026-08-27T11:35:00Z,60,premarket,0,6.534714221100302,22.18045825030046,-15.64574402920016,-34.201971693397226,9.953494570156378,15.64574402920016,0.8761865352990839,1,-27.17793839940086,43.6998689639001,-62.04218975019771,0,xstock_reversion
nvdax,2026-08-27T12:20:00Z,5,premarket,0,8.507524593799332,26.4308868340013,17.923362240201968,54.13322140199739,14.348340921171589,17.923362240201968,3.196255718602714,1,10.988264357303379,10.131353601501303,-6.3079099204976785,1,p1a_catchup
nvdax,2026-08-27T12:20:00Z,15,premarket,0,8.507524593799332,26.4308868340013,17.923362240201968,54.13322140199739,14.348340921171589,17.923362240201968,0.8761865352990839,1,-0.6204931744946407,17.667668879397525,-14.367586907999552,1,xstock_reversion
nvdax,2026-08-27T12:20:00Z,30,premarket,0,8.507524593799332,26.4308868340013,17.923362240201968,54.13322140199739,14.348340921171589,17.923362240201968,34.65832123000112,0,-14.074557838696933,66.65624130890002,-69.19672071480143,0,persistent_or_wider
nvdax,2026-08-27T12:20:00Z,60,premarket,0,8.507524593799332,26.4308868340013,17.923362240201968,54.13322140199739,14.348340921171589,17.923362240201968,23.304243478907694,0,13.05439473070713,28.17321098840253,-28.701986263799384,0,persistent_or_wider
nvdax,2026-08-27T12:30:00Z,5,premarket,0,1.4748371132977667,17.750568699801406,-16.27573158650364,3.9738104413977737,18.187053313156596,16.27573158650364,0.8761865352990839,1,7.999749258802424,9.152168863000298,-22.43461254149537,0,xstock_reversion
nvdax,2026-08-27T12:30:00Z,15,premarket,0,1.4748371132977667,17.750568699801406,-16.27573158650364,3.9738104413977737,18.187053313156596,16.27573158650364,9.670471136100645,1,8.569894665004796,17.376308057599488,-17.68267693499581,0,xstock_reversion
nvdax,2026-08-27T12:30:00Z,30,premarket,0,1.4748371132977667,17.750568699801406,-16.27573158650364,3.9738104413977737,18.187053313156596,16.27573158650364,0.5822967526025735,1,35.954700629003966,-19.096672289897754,12.135651083706733,1,p1a_catchup
nvdax,2026-08-27T12:30:00Z,60,premarket,0,1.4748371132977667,17.750568699801406,-16.27573158650364,3.9738104413977737,18.187053313156596,16.27573158650364,12.599579047405385,1,25.33352530900146,-21.657372769903205,14.4565860171042,1,p1a_catchup
nvdax,2026-08-27T12:50:00Z,5,premarket,0,5.967045187897924,28.691276042103198,-34.65832123000112,-48.9885724295025,27.66106481054285,34.65832123000112,1.6502463828960146,1,14.427536910801564,18.580537936303543,-13.510472669802098,0,xstock_reversion
nvdax,2026-08-27T12:50:00Z,15,premarket,0,5.967045187897924,28.691276042103198,-34.65832123000112,-48.9885724295025,27.66106481054285,34.65832123000112,16.014558901096265,1,3.801302622896685,46.8715775082007,-41.37440692620231,0,xstock_reversion
nvdax,2026-08-27T12:50:00Z,30,premarket,0,5.967045187897924,28.691276042103198,-34.65832123000112,-48.9885724295025,27.66106481054285,34.65832123000112,23.304243478907694,1,-27.128952569404063,38.48303032049749,-40.494734451002046,0,xstock_reversion
nvdax,2026-08-27T12:50:00Z,60,premarket,0,5.967045187897924,28.691276042103198,-34.65832123000112,-48.9885724295025,27.66106481054285,34.65832123000112,19.903582663003405,1,-51.12573454909786,105.68763844210238,-107.12135743080609,0,xstock_reversion
nvdax,2026-08-27T13:05:00Z,5,premarket,0,0.469874605899534,16.4844335069958,16.014558901096265,46.8715775082007,32.04151850852068,16.014558901096265,8.713367336294908,1,12.080312524700432,-4.779120959899075,19.279491254398096,1,p1a_catchup
nvdax,2026-08-27T13:05:00Z,15,premarket,0,0.469874605899534,16.4844335069958,16.014558901096265,46.8715775082007,32.04151850852068,16.014558901096265,23.304243478907694,0,30.93025519230075,8.38854718770321,-0.879672475200266,1,persistent_or_wider
nvdax,2026-08-27T13:05:00Z,30,premarket,0,0.469874605899534,16.4844335069958,16.014558901096265,46.8715775082007,32.04151850852068,16.014558901096265,17.473914872603302,0,20.854573811597277,-22.313929783104314,16.591560049201703,1,persistent_or_wider
nvdax,2026-08-27T13:05:00Z,60,premarket,0,0.469874605899534,16.4844335069958,16.014558901096265,46.8715775082007,32.04151850852068,16.014558901096265,1.6378733127009326,1,105.0131317948999,-87.36069958110271,90.91479385229917,1,p1a_catchup
nvdax,2026-08-27T13:15:00Z,5,premarket,0,1.0662552916063106,19.172048535498476,20.238303827104787,63.5607593287002,32.473447286874986,20.238303827104787,23.304243478907694,0,-2.2749129787946742,45.817460284807154,-36.772455674798366,0,persistent_or_wider
nvdax,2026-08-27T13:15:00Z,15,premarket,0,1.0662552916063106,19.172048535498476,20.238303827104787,63.5607593287002,32.473447286874986,20.238303827104787,12.599579047405385,1,-33.28357693419548,66.12145980870565,-59.3292548775981,0,xstock_reversion
nvdax,2026-08-27T13:15:00Z,30,premarket,0,1.0662552916063106,19.172048535498476,20.238303827104787,63.5607593287002,32.473447286874986,20.238303827104787,29.331580560496562,0,19.122320477498178,30.44756391010317,-42.17785635820093,0,persistent_or_wider
nvdax,2026-08-27T13:15:00Z,60,premarket,0,1.0662552916063106,19.172048535498476,20.238303827104787,63.5607593287002,32.473447286874986,20.238303827104787,1.3480904017004747,1,91.50043334120284,-72.61021991579852,86.76983106920666,1,p1a_catchup
nvdax,2026-08-27T13:20:00Z,5,premarket,0,7.978749318402478,15.325494160505215,-23.304243478907694,-8.38854718770321,28.19232713682524,23.304243478907694,14.350947301098316,1,14.282386578203798,-5.329090400394421,-2.6746823526035968,1,p1a_catchup
nvdax,2026-08-27T13:20:00Z,15,premarket,0,7.978749318402478,15.325494160505215,-23.304243478907694,-8.38854718770321,28.19232713682524,23.304243478907694,17.473914872603302,1,10.075681380703472,30.702476970807524,-17.47123252440197,0,xstock_reversion
nvdax,2026-08-27T13:20:00Z,30,premarket,0,7.978749318402478,15.325494160505215,-23.304243478907694,-8.38854718770321,28.19232713682524,23.304243478907694,19.903582663003405,1,-23.996781979693793,67.20460812160489,-66.62662297980404,0,xstock_reversion
nvdax,2026-08-27T13:20:00Z,60,premarket,0,7.978749318402478,15.325494160505215,-23.304243478907694,-8.38854718770321,28.19232713682524,23.304243478907694,19.99022931319594,1,-73.90400960199273,77.21802376770448,-85.78879412340257,0,xstock_reversion
nvdax,2026-08-27T13:40:00Z,5,regular,0,16.31528816809613,43.529225626199874,27.213937458103743,92.56651747300282,40.74645685419868,27.213937458103743,29.331580560496562,0,-15.322012679304109,71.86753069790441,-100.97936660570461,0,persistent_or_wider
nvdax,2026-08-27T13:40:00Z,15,regular,0,16.31528816809613,43.529225626199874,27.213937458103743,92.56651747300282,40.74645685419868,27.213937458103743,1.084635922401489,1,2.6241763765000314,25.6743970040052,-32.05987250430198,0,xstock_reversion
nvdax,2026-08-27T13:40:00Z,30,regular,0,16.31528816809613,43.529225626199874,27.213937458103743,92.56651747300282,40.74645685419868,27.213937458103743,1.8007938300002024,1,41.43716501899597,-16.02402139089243,19.98978748609659,1,p1a_catchup
nvdax,2026-08-27T13:40:00Z,60,regular,0,16.31528816809613,43.529225626199874,27.213937458103743,92.56651747300282,40.74645685419868,27.213937458103743,13.725525110501735,1,19.107564744000882,-5.619152396398874,-14.903961205696703,1,p1a_catchup
nvdax,2026-08-27T13:45:00Z,5,regular,0,12.796547739704067,42.12812830020063,-29.331580560496562,35.67389589860248,51.30337405289904,29.331580560496562,19.903582663003405,1,-2.599548523400941,51.83471174690091,-72.0320236632066,0,xstock_reversion
nvdax,2026-08-27T13:45:00Z,15,regular,0,12.796547739704067,42.12812830020063,-29.331580560496562,35.67389589860248,51.30337405289904,29.331580560496562,11.624329840200787,1,-40.18023205550669,81.13614245620404,-106.31270006540738,0,xstock_reversion
nvdax,2026-08-27T13:45:00Z,30,regular,0,12.796547739704067,42.12812830020063,-29.331580560496562,35.67389589860248,51.30337405289904,29.331580560496562,1.3480904017004747,1,-72.37811286370466,103.0577838259017,-128.94768742740757,0,xstock_reversion
nvdax,2026-08-27T13:45:00Z,60,regular,0,12.796547739704067,42.12812830020063,-29.331580560496562,35.67389589860248,51.30337405289904,29.331580560496562,8.504062820602343,1,-52.582373412199956,90.41801679329886,-109.42249817570193,0,xstock_reversion
nvdax,2026-08-27T13:50:00Z,5,regular,0,7.400764176601626,27.30434683960503,19.903582663003405,36.50213115079737,51.282637257080204,19.903582663003405,1.084635922401489,1,15.3466405324032,5.641578053001695,-3.1125295618039672,1,p1a_catchup
nvdax,2026-08-27T13:50:00Z,15,regular,0,7.400764176601626,27.30434683960503,19.903582663003405,36.50213115079737,51.282637257080204,19.903582663003405,1.6378733127009326,1,50.086094622905364,-28.544638647201026,25.167843347695396,1,p1a_catchup
nvdax,2026-08-27T13:50:00Z,30,regular,0,7.400764176601626,27.30434683960503,19.903582663003405,36.50213115079737,51.282637257080204,19.903582663003405,19.99022931319594,0,49.90722762229893,-10.013415646099588,19.162171143598528,1,persistent_or_wider
nvdax,2026-08-27T13:50:00Z,60,regular,0,7.400764176601626,27.30434683960503,19.903582663003405,36.50213115079737,51.282637257080204,19.903582663003405,7.897106262495512,1,70.47764209570317,-58.47116569519528,73.74770175659684,1,p1a_catchup
nvdax,2026-08-27T14:20:00Z,5,regular,1,16.549519674100566,3.440709639095374,-19.99022931319594,-18.531223001101438,25.382616593863567,19.99022931319594,14.288908113000431,1,-18.46605277080471,52.74519019700108,-44.4011030494984,0,xstock_reversion
nvdax,2026-08-27T14:20:00Z,15,regular,1,16.549519674100566,3.440709639095374,-19.99022931319594,-18.531223001101438,25.382616593863567,19.99022931319594,28.647318775298913,0,19.84964774489839,-28.506737207001365,45.49314299910456,1,persistent_or_wider
nvdax,2026-08-27T14:20:00Z,30,regular,1,16.549519674100566,3.440709639095374,-19.99022931319594,-18.531223001101438,25.382616593863567,19.99022931319594,7.897106262495512,1,-20.57041447340424,48.457750049095694,-54.58553061299831,0,xstock_reversion
nvdax,2026-08-27T14:20:00Z,60,regular,1,16.549519674100566,3.440709639095374,-19.99022931319594,-18.531223001101438,25.382616593863567,19.99022931319594,6.4334063172033495,1,-20.714907562906504,34.271730558899094,-31.98865354379521,0,xstock_reversion
nvdax,2026-08-27T14:35:00Z,5,regular,0,0.4368861180026329,29.084204893301546,-28.647318775298913,-28.506737207001365,40.443234560137896,28.647318775298913,13.725525110501735,1,-1.7724490225035083,44.14529290830416,-40.374353592307344,0,xstock_reversion
nvdax,2026-08-27T14:35:00Z,15,regular,0,0.4368861180026329,29.084204893301546,-28.647318775298913,-28.506737207001365,40.443234560137896,28.647318775298913,7.897106262495512,1,-40.42006221830263,76.96448725609706,-100.07867361210288,0,xstock_reversion
nvdax,2026-08-27T14:35:00Z,30,regular,0,0.4368861180026329,29.084204893301546,-28.647318775298913,-28.506737207001365,40.443234560137896,28.647318775298913,21.688184517101305,1,-63.430350425903725,70.38948468410133,-78.59067757220117,0,xstock_reversion
nvdax,2026-08-27T14:35:00Z,60,regular,0,0.4368861180026329,29.084204893301546,-28.647318775298913,-28.506737207001365,40.443234560137896,28.647318775298913,15.11461619900345,1,-43.14485250110245,56.67755507739791,-83.91159555610095,0,xstock_reversion
nvdax,2026-08-27T15:05:00Z,5,regular,0,7.764306770097207,13.923877747004099,-21.688184517101305,-6.575002571995725,34.085037587009076,21.688184517101305,2.4656317260074445,1,12.17744388499753,7.045108906096331,-12.189582741806149,0,p1a_catchup
nvdax,2026-08-27T15:05:00Z,15,regular,0,7.764306770097207,13.923877747004099,-21.688184517101305,-6.575002571995725,34.085037587009076,21.688184517101305,6.4334063172033495,1,22.86579511809883,-7.611016918200875,1.1088810293014006,1,p1a_catchup
nvdax,2026-08-27T15:05:00Z,30,regular,0,7.764306770097207,13.923877747004099,-21.688184517101305,-6.575002571995725,34.085037587009076,21.688184517101305,15.11461619900345,1,20.285497924801277,-13.711929606703421,-5.3209179838997755,0,p1a_catchup
nvdax,2026-08-27T15:05:00Z,60,regular,0,7.764306770097207,13.923877747004099,-21.688184517101305,-6.575002571995725,34.085037587009076,21.688184517101305,7.558623083703253,1,-44.218444977595084,73.46525257839964,-88.5342531047062,0,xstock_reversion
nvdax,2026-08-27T15:50:00Z,5,regular,0,19.93127948730411,40.082841467201646,20.151561979897537,58.817488917499716,30.65659744617799,20.151561979897537,5.28856355169971,1,17.200795455103446,8.2393300764938,-25.61047012919815,1,p1a_catchup
nvdax,2026-08-27T15:50:00Z,15,regular,0,19.93127948730411,40.082841467201646,20.151561979897537,58.817488917499716,30.65659744617799,20.151561979897537,7.558623083703253,1,40.95263216379763,-28.359693267603348,31.261721076702997,1,p1a_catchup
nvdax,2026-08-27T15:50:00Z,30,regular,0,19.93127948730411,40.082841467201646,20.151561979897537,58.817488917499716,30.65659744617799,20.151561979897537,1.0172368360006345,1,79.618300257005,-58.44950144110683,51.902469714901756,1,p1a_catchup
nvdax,2026-08-27T15:50:00Z,60,regular,0,19.93127948730411,40.082841467201646,20.151561979897537,58.817488917499716,30.65659744617799,20.151561979897537,1.9146318865015388,1,143.21111694170162,-124.97418684830564,109.8635029242967,1,p1a_catchup
nvdax,2026-08-27T16:35:00Z,5,regular,0,7.005517268297012,12.95523622240502,19.960753490702032,97.30649770399502,16.736332977594998,19.960753490702032,1.322490786996866,1,9.929748868007238,8.708513835697929,-9.146541285298682,0,p1a_catchup
nvdax,2026-08-27T16:35:00Z,15,regular,0,7.005517268297012,12.95523622240502,19.960753490702032,97.30649770399502,16.736332977594998,19.960753490702032,1.9146318865015388,1,-12.735690692595725,30.781812296796218,-18.955699465204034,0,xstock_reversion
nvdax,2026-08-27T16:35:00Z,30,regular,0,7.005517268297012,12.95523622240502,19.960753490702032,97.30649770399502,16.736332977594998,19.960753490702032,1.0744267132967167,1,11.931998878305095,6.954327899100221,5.6579550178970095,1,p1a_catchup
nvdax,2026-08-27T16:35:00Z,60,regular,0,7.005517268297012,12.95523622240502,19.960753490702032,97.30649770399502,16.736332977594998,19.960753490702032,4.251259576397715,1,-20.700202616295016,44.91221568339476,-26.591702497897884,0,xstock_reversion
nvdax,2026-08-27T18:45:00Z,5,regular,0,1.895742978605952,21.350649675406785,-19.454906696800833,-19.691544959297147,25.58613618339211,19.454906696800833,2.3123239888001024,1,16.55599822970366,0.5865844782970697,-0.22162383790380602,1,p1a_catchup
nvdax,2026-08-27T18:45:00Z,15,regular,0,1.895742978605952,21.350649675406785,-19.454906696800833,-19.691544959297147,25.58613618339211,19.454906696800833,1.7958250503991025,1,2.815324491702853,18.435407255497083,-15.059243240207465,0,xstock_reversion
nvdax,2026-08-27T18:45:00Z,30,regular,0,1.895742978605952,21.350649675406785,-19.454906696800833,-19.691544959297147,25.58613618339211,19.454906696800833,11.147783038696346,1,-13.405951952298878,44.00864168779606,-49.962521582802566,0,xstock_reversion
nvdax,2026-08-27T18:45:00Z,60,regular,0,1.895742978605952,21.350649675406785,-19.454906696800833,-19.691544959297147,25.58613618339211,19.454906696800833,1.2180825071972379,1,-96.24586714999772,116.91885635399579,-118.24497451030425,0,xstock_reversion
nvdax,2026-08-27T20:00:00Z,5,afterhours,0,12.3674402326035,19.614424894998095,-31.981865127601594,-59.851753136301866,23.256042123931053,31.981865127601594,5.5468751000997685,1,11.382363291598807,15.052626735903019,-1.3202191582983858,1,xstock_reversion
nvdax,2026-08-27T20:00:00Z,15,afterhours,0,12.3674402326035,19.614424894998095,-31.981865127601594,-59.851753136301866,23.256042123931053,31.981865127601594,29.448907350397846,1,37.40736764299868,-34.87440986579493,16.297050317897188,1,p1a_catchup
nvdax,2026-08-27T20:00:00Z,30,afterhours,0,12.3674402326035,19.614424894998095,-31.981865127601594,-59.851753136301866,23.256042123931053,31.981865127601594,13.220074907094315,1,42.602033386600624,-23.840243166093344,24.367310525601482,1,p1a_catchup
nvdax,2026-08-27T20:00:00Z,60,afterhours,0,12.3674402326035,19.614424894998095,-31.981865127601594,-59.851753136301866,23.256042123931053,31.981865127601594,5.5205034260996655,1,36.36317312739834,1.1391954263029191,11.889822392801008,1,p1a_catchup
nvdax,2026-08-27T20:15:00Z,5,afterhours,1,30.944799780501242,1.495892430103396,-29.448907350397846,-34.87440986579493,20.063562323351057,29.448907350397846,3.1327886363996527,1,-1.8991619545971616,34.48085794139466,-2.838477431597042,0,xstock_reversion
nvdax,2026-08-27T20:15:00Z,15,afterhours,1,30.944799780501242,1.495892430103396,-29.448907350397846,-34.87440986579493,20.063562323351057,29.448907350397846,13.220074907094315,1,5.194665743601945,11.034166699701586,8.070260207704294,0,xstock_reversion
nvdax,2026-08-27T20:15:00Z,30,afterhours,1,30.944799780501242,1.495892430103396,-29.448907350397846,-34.87440986579493,20.063562323351057,29.448907350397846,2.9242810049012746,1,-1.6577562769981569,34.03094463229728,-0.8816009879986098,0,xstock_reversion
nvdax,2026-08-27T20:15:00Z,60,afterhours,1,30.944799780501242,1.495892430103396,-29.448907350397846,-34.87440986579493,20.063562323351057,29.448907350397846,15.190603803398872,1,2.8236616264010195,11.434641920597954,6.1733840923050565,0,xstock_reversion
nvdax,2026-08-27T20:50:00Z,5,afterhours,1,16.563263839799447,0.8877895366943278,-15.67547430310512,-16.343847125499522,15.635714431636838,15.67547430310512,3.357305547000422,1,-1.720970416796419,20.75375026690196,-3.9685164884062374,0,xstock_reversion
nvdax,2026-08-27T20:50:00Z,15,afterhours,1,16.563263839799447,0.8877895366943278,-15.67547430310512,-16.343847125499522,15.635714431636838,15.67547430310512,3.6503665103992944,1,-5.971667538000602,17.996775330706427,-11.33255479950357,0,xstock_reversion
nvdax,2026-08-27T20:50:00Z,30,afterhours,1,16.563263839799447,0.8877895366943278,-15.67547430310512,-16.343847125499522,15.635714431636838,15.67547430310512,12.307106527797984,1,-5.484805881597055,33.46738671250016,-11.900827850901408,0,xstock_reversion
nvdax,2026-08-27T20:50:00Z,60,afterhours,1,16.563263839799447,0.8877895366943278,-15.67547430310512,-16.343847125499522,15.635714431636838,15.67547430310512,16.311133692497037,0,13.4261944146008,-14.061853803992719,21.97437737729402,1,persistent_or_wider
nvdax,2026-08-27T21:15:00Z,5,afterhours,1,13.336773767598231,1.853830035800641,-15.190603803398872,-24.578963371499896,17.233630929447834,15.190603803398872,12.307106527797984,1,-4.066375196201122,31.564085527397978,-13.224016738000444,0,xstock_reversion
nvdax,2026-08-27T21:15:00Z,15,afterhours,1,13.336773767598231,1.853830035800641,-15.190603803398872,-24.578963371499896,17.233630929447834,15.190603803398872,9.692939389802646,1,-2.946002068204834,8.44366648180106,-10.580612017401236,0,xstock_reversion
nvdax,2026-08-27T21:15:00Z,30,afterhours,1,13.336773767598231,1.853830035800641,-15.190603803398872,-24.578963371499896,17.233630929447834,15.190603803398872,8.119297751996157,1,4.502358295601638,2.5689477558010765,11.474976985192953,1,p1a_catchup
nvdax,2026-08-27T21:15:00Z,60,afterhours,1,13.336773767598231,1.853830035800641,-15.190603803398872,-24.578963371499896,17.233630929447834,15.190603803398872,4.785696684495022,1,37.32772305640175,-26.9228159374979,26.942884168192904,1,p1a_catchup
nvdax,2026-08-27T21:50:00Z,5,afterhours,1,8.650740266498147,7.66039342599889,-16.311133692497037,-22.690545419292718,7.325592633165358,16.311133692497037,13.244776108498613,1,8.614519147700506,-5.548161563702081,10.71549579430453,1,p1a_catchup
nvdax,2026-08-27T21:50:00Z,15,afterhours,1,8.650740266498147,7.66039342599889,-16.311133692497037,-22.690545419292718,7.325592633165358,16.311133692497037,2.706417390605509,1,16.332546909998413,-2.727830608106885,12.043017534502098,1,p1a_catchup
nvdax,2026-08-27T21:50:00Z,30,afterhours,1,8.650740266498147,7.66039342599889,-16.311133692497037,-22.690545419292718,7.325592633165358,16.311133692497037,1.7228918272937932,1,19.42153254650414,-4.833290681300895,-1.661796927896475,0,p1a_catchup
nvdax,2026-08-27T21:50:00Z,60,afterhours,1,8.650740266498147,7.66039342599889,-16.311133692497037,-22.690545419292718,7.325592633165358,16.311133692497037,1.1348626594998024,1,3.3717910412001117,14.074205310796728,-2.550037877702138,0,xstock_reversion
nvdax,2026-08-27T23:35:00Z,5,afterhours,1,55.0391867262956,16.642054285798125,-38.39713244049747,-59.0200805233021,21.137856169346232,38.39713244049747,2.0894625276035583,1,-8.133671382397623,48.62026635049865,-1.9417737744031882,0,xstock_reversion
nvdax,2026-08-27T23:35:00Z,15,afterhours,1,55.0391867262956,16.642054285798125,-38.39713244049747,-59.0200805233021,21.137856169346232,38.39713244049747,4.686823754793679,1,-21.522181811004515,64.60613800629567,-7.517301200801185,0,xstock_reversion
nvdax,2026-08-28T13:25:00Z,5,premarket,0,1.7368085357016838,30.603477917496846,-32.34028645319853,-36.39201497739997,26.954117872777083,32.34028645319853,18.33385073280347,1,39.99559007689335,-25.98915435649829,31.0453268560007,1,p1a_catchup
nvdax,2026-08-28T13:25:00Z,15,premarket,0,1.7368085357016838,30.603477917496846,-32.34028645319853,-36.39201497739997,26.954117872777083,32.34028645319853,9.067678261995837,1,16.033019952894634,25.374944762299734,-27.00360591050277,0,xstock_reversion
nvdax,2026-08-28T13:25:00Z,30,premarket,0,1.7368085357016838,30.603477917496846,-32.34028645319853,-36.39201497739997,26.954117872777083,32.34028645319853,2.03511723899652,1,124.84431139429653,-94.53914218009452,96.31176723200241,1,p1a_catchup
nvdax,2026-08-28T13:25:00Z,60,premarket,0,1.7368085357016838,30.603477917496846,-32.34028645319853,-36.39201497739997,26.954117872777083,32.34028645319853,7.263183592396416,1,139.81274128159527,-100.20927123600032,102.75084600009698,1,p1a_catchup
nvdax,2026-08-28T13:30:00Z,5,regular,0,3.3193639638007255,21.653214696604195,-18.33385073280347,-55.67552602229853,28.28158831935064,18.33385073280347,13.059078004200586,1,-5.4752661016976845,36.86819483870174,-35.87620341550135,0,xstock_reversion
nvdax,2026-08-28T13:30:00Z,15,regular,0,3.3193639638007255,21.653214696604195,-18.33385073280347,-55.67552602229853,28.28158831935064,18.33385073280347,41.21616726820321,0,27.748969300001036,-50.631285835400774,39.99430827939854,1,persistent_or_wider
nvdax,2026-08-28T13:30:00Z,30,regular,0,3.3193639638007255,21.653214696604195,-18.33385073280347,-55.67552602229853,28.28158831935064,18.33385073280347,2.398071139895208,1,89.5880240146063,-73.65224442169804,63.04702939860185,1,p1a_catchup
nvdax,2026-08-28T13:30:00Z,60,regular,0,3.3193639638007255,21.653214696604195,-18.33385073280347,-55.67552602229853,28.28158831935064,18.33385073280347,4.428474460498322,1,89.43384217300121,-66.67151697969942,60.60624611690102,1,p1a_catchup
nvdax,2026-08-28T13:45:00Z,5,regular,0,7.317613592201511,33.8985536760017,-41.21616726820321,-50.631285835400774,53.40319037326401,41.21616726820321,13.425855638899975,1,40.34691172310367,-12.55660009380044,28.76204225129797,1,p1a_catchup
nvdax,2026-08-28T13:45:00Z,15,regular,0,7.317613592201511,33.8985536760017,-41.21616726820321,-50.631285835400774,53.40319037326401,41.21616726820321,2.398071139895208,1,61.83905471460527,-23.02095858629727,23.052721119203312,1,p1a_catchup
nvdax,2026-08-28T13:45:00Z,30,regular,0,7.317613592201511,33.8985536760017,-41.21616726820321,-50.631285835400774,53.40319037326401,41.21616726820321,7.4803668220990716,1,120.03558870739894,-71.33905461709666,76.43716245500087,1,p1a_catchup
nvdax,2026-08-28T13:45:00Z,60,regular,0,7.317613592201511,33.8985536760017,-41.21616726820321,-50.631285835400774,53.40319037326401,41.21616726820321,7.03385886030361,1,40.251741712005185,7.998284416501633,1.7714007397007236,1,p1a_catchup
nvdax,2026-08-28T14:05:00Z,5,regular,0,3.00202740600497,15.867487148195636,-18.869514554200606,-51.10843675049992,41.639241978134166,18.869514554200606,18.11680876380173,1,35.94177040739943,-35.189064617000554,34.38808292409945,1,p1a_catchup
nvdax,2026-08-28T14:05:00Z,15,regular,0,3.00202740600497,15.867487148195636,-18.869514554200606,-51.10843675049992,41.639241978134166,18.869514554200606,13.103512171603882,1,9.128338229702493,22.844688496101995,-27.087666749192607,0,xstock_reversion
nvdax,2026-08-28T14:05:00Z,30,regular,0,3.00202740600497,15.867487148195636,-18.869514554200606,-51.10843675049992,41.639241978134166,18.869514554200606,1.1409032503006955,1,-27.125477104501527,44.85408840840144,-39.82252006220044,0,xstock_reversion
nvdax,2026-08-28T14:05:00Z,60,regular,0,3.00202740600497,15.867487148195636,-18.869514554200606,-51.10843675049992,41.639241978134166,18.869514554200606,16.391000807800538,1,-31.009064236497963,33.48757798289803,-26.26507582299986,0,xstock_reversion
nvdax,2026-08-31T09:05:00Z,5,premarket,1,32.29298418090387,7.872414126204319,24.420570054699553,35.677972420105064,18.03286588423323,24.420570054699553,6.11502485549309,1,-0.7522176577001716,19.057762856906635,9.58488400359947,0,xstock_reversion
nvdax,2026-08-31T09:05:00Z,15,premarket,1,32.29298418090387,7.872414126204319,24.420570054699553,35.677972420105064,18.03286588423323,24.420570054699553,9.120549837193792,1,-1.5246435276061732,35.06576341949952,5.934582813198475,0,xstock_reversion
nvdax,2026-08-31T09:05:00Z,30,premarket,1,32.29298418090387,7.872414126204319,24.420570054699553,35.677972420105064,18.03286588423323,24.420570054699553,3.6355386048025906,1,-2.637615310003838,30.69372396950598,1.0776167146975268,0,xstock_reversion
nvdax,2026-08-31T09:05:00Z,60,premarket,1,32.29298418090387,7.872414126204319,24.420570054699553,35.677972420105064,18.03286588423323,24.420570054699553,0.9475175640005773,1,-20.044561976604314,45.412649595304444,-8.67996125670345,0,xstock_reversion
nvdax,2026-08-31T13:25:00Z,5,premarket,0,0.3084040316991832,21.605759661698087,21.297355629998904,36.99866831570198,15.784945533216682,21.297355629998904,27.834980906495943,0,-28.40513582170523,77.53747235820008,-83.45609700340262,0,persistent_or_wider
nvdax,2026-08-31T13:25:00Z,15,premarket,0,0.3084040316991832,21.605759661698087,21.297355629998904,36.99866831570198,15.784945533216682,21.297355629998904,22.27528493579989,0,-42.04538716030548,41.0674578545045,-42.78742127099555,0,persistent_or_wider
nvdax,2026-08-31T13:25:00Z,30,premarket,0,0.3084040316991832,21.605759661698087,21.297355629998904,36.99866831570198,15.784945533216682,21.297355629998904,14.226026302806005,1,2.5052198217956345,4.5661095053972645,-5.024322393101244,1,xstock_reversion
nvdax,2026-08-31T13:25:00Z,60,premarket,0,0.3084040316991832,21.605759661698087,21.297355629998904,36.99866831570198,15.784945533216682,21.297355629998904,10.817208291298286,1,65.8502345195,-55.37008718079939,49.19610887940351,1,p1a_catchup
nvdax,2026-08-31T13:30:00Z,5,regular,0,5.610220613503358,33.4452015199993,-27.834980906495943,-40.56311940799695,36.86789396229262,27.834980906495943,13.407946889003597,1,39.90143042389427,-25.474396406401922,15.898804026397428,1,p1a_catchup
nvdax,2026-08-31T13:30:00Z,15,regular,0,5.610220613503358,33.4452015199993,-27.834980906495943,-40.56311940799695,36.86789396229262,27.834980906495943,6.745940490402447,1,-9.005035112705784,43.58595650960417,-33.098913130302776,0,xstock_reversion
nvdax,2026-08-31T13:30:00Z,30,regular,0,5.610220613503358,33.4452015199993,-27.834980906495943,-40.56311940799695,36.86789396229262,27.834980906495943,9.444759705301564,1,-53.24230983460687,90.52205044640438,-87.16334160440375,0,xstock_reversion
nvdax,2026-08-31T13:30:00Z,60,regular,0,5.610220613503358,33.4452015199993,-27.834980906495943,-40.56311940799695,36.86789396229262,27.834980906495943,3.4580067943945636,1,-102.3066051790078,133.5995928798983,-144.23272012560773,0,xstock_reversion
nvdax,2026-08-31T13:40:00Z,5,regular,0,1.4115593847918717,20.863725551008017,22.27528493579989,-41.0674578545045,47.31905197038939,22.27528493579989,6.745940490402447,1,22.645286451306035,-7.115942005908593,-7.569762602104291,1,p1a_catchup
nvdax,2026-08-31T13:40:00Z,15,regular,0,1.4115593847918717,20.863725551008017,22.27528493579989,-41.0674578545045,47.31905197038939,22.27528493579989,14.226026302806005,1,44.550606982101115,-36.50134834910723,37.76309887789431,1,p1a_catchup
nvdax,2026-08-31T13:40:00Z,30,regular,0,1.4115593847918717,20.863725551008017,22.27528493579989,-41.0674578545045,47.31905197038939,22.27528493579989,13.70289791220003,1,98.16195940619998,-89.58957238260012,97.43485450290024,1,p1a_catchup
nvdax,2026-08-31T13:40:00Z,60,regular,0,1.4115593847918717,20.863725551008017,22.27528493579989,-41.0674578545045,47.31905197038939,22.27528493579989,4.347892104199502,1,107.79559684230833,-89.86820401070794,86.30190550749539,1,p1a_catchup
nvdax,2026-08-31T19:50:00Z,5,regular,0,5.319149555100822,23.878870402898045,18.559720847797223,39.40525642909698,19.34160352601042,18.559720847797223,4.4277015182991875,1,21.171014768199825,-7.0389954387017895,6.793324687803803,1,p1a_catchup
nvdax,2026-08-31T19:50:00Z,15,regular,0,5.319149555100822,23.878870402898045,18.559720847797223,39.40525642909698,19.34160352601042,18.559720847797223,2.8523792521006897,1,25.147062202997006,-3.734962103099093,-3.171798209598009,1,p1a_catchup
nvdax,2026-08-31T19:50:00Z,30,regular,0,5.319149555100822,23.878870402898045,18.559720847797223,39.40525642909698,19.34160352601042,18.559720847797223,3.0395799164928405,1,15.855490903602387,-0.3353499722980047,-4.531448328402021,1,p1a_catchup
nvdax,2026-08-31T19:50:00Z,60,regular,0,5.319149555100822,23.878870402898045,18.559720847797223,39.40525642909698,19.34160352601042,18.559720847797223,1.241844938704162,1,20.146115883594717,-2.828239974501656,-2.2654674889022175,1,p1a_catchup
nvdax,2026-09-01T08:05:00Z,5,premarket,0,7.561302160796757,32.1492886373953,-24.587986476598545,-39.064852985397636,15.712228259162613,24.587986476598545,6.195763403793464,1,18.531189429200623,-0.13896635639554233,-8.902179339100869,1,p1a_catchup
nvdax,2026-09-01T08:05:00Z,15,premarket,0,7.561302160796757,32.1492886373953,-24.587986476598545,-39.064852985397636,15.712228259162613,24.587986476598545,3.360633544104985,1,30.60521834039598,-9.37786540790242,13.253812410702892,1,p1a_catchup
nvdax,2026-09-01T08:05:00Z,30,premarket,0,7.561302160796757,32.1492886373953,-24.587986476598545,-39.064852985397636,15.712228259162613,24.587986476598545,2.6435109224998143,1,48.17806892469356,-26.233593370594832,26.06728661490365,1,p1a_catchup
nvdax,2026-09-01T08:05:00Z,60,premarket,0,7.561302160796757,32.1492886373953,-24.587986476598545,-39.064852985397636,15.712228259162613,24.587986476598545,2.5748904606981426,1,83.38298562749813,-61.36988961159773,50.83003934529984,1,p1a_catchup
nvdax,2026-09-01T13:30:00Z,5,regular,0,3.1508025269033624,25.750731494502688,-22.599928967599325,-54.414112160801054,23.188874821523147,22.599928967599325,10.797196540694998,1,0.30499387049687243,33.09213163779745,-29.4012319537007,0,xstock_reversion
nvdax,2026-09-01T13:30:00Z,15,regular,0,3.1508025269033624,25.750731494502688,-22.599928967599325,-54.414112160801054,23.188874821523147,22.599928967599325,10.0789342784946,1,5.988639056697664,26.69022418939626,-32.40593549300286,0,xstock_reversion
nvdax,2026-09-01T13:30:00Z,30,regular,0,3.1508025269033624,25.750731494502688,-22.599928967599325,-54.414112160801054,23.188874821523147,22.599928967599325,5.687938693101913,1,-41.465147765800126,69.75301542650136,-65.38901151800225,0,xstock_reversion
nvdax,2026-09-01T13:30:00Z,60,regular,0,3.1508025269033624,25.750731494502688,-22.599928967599325,-54.414112160801054,23.188874821523147,22.599928967599325,3.9051636167997117,1,-73.79106647159794,100.29615905599698,-104.24929507220071,0,xstock_reversion
nvdax,2026-09-02T08:50:00Z,5,premarket,0,1.9068433149005415,18.16991509540067,-16.263071780500127,-25.79810924300041,10.517434718502516,16.263071780500127,0.24645390690025692,1,8.746925466001088,7.269692407598782,-8.309098940895154,1,p1a_catchup
nvdax,2026-09-02T08:50:00Z,15,premarket,0,1.9068433149005415,18.16991509540067,-16.263071780500127,-25.79810924300041,10.517434718502516,16.263071780500127,0.32208498789820794,1,4.001280305603316,11.939706486998602,-16.984736511300724,0,xstock_reversion
nvdax,2026-09-02T08:50:00Z,30,premarket,0,1.9068433149005415,18.16991509540067,-16.263071780500127,-25.79810924300041,10.517434718502516,16.263071780500127,6.560384319094226,1,5.8852984526058805,3.8173890088000206,-1.385329364298471,1,p1a_catchup
nvdax,2026-09-02T08:50:00Z,60,premarket,0,1.9068433149005415,18.16991509540067,-16.263071780500127,-25.79810924300041,10.517434718502516,16.263071780500127,2.4626272980032837,1,18.319611411206083,0.4060876672973279,0.18472508290123812,1,p1a_catchup
nvdax,2026-09-02T12:05:00Z,5,premarket,0,2.4321354045042654,18.939415418595118,21.371550823099383,44.84488242719742,19.752513806264552,21.371550823099383,21.821679295896956,0,19.645449604599463,-20.095578077397036,16.042171424803797,1,persistent_or_wider
nvdax,2026-09-02T12:05:00Z,15,premarket,0,2.4321354045042654,18.939415418595118,21.371550823099383,44.84488242719742,19.752513806264552,21.371550823099383,5.706672434104831,1,34.54190356679376,-18.87702517779921,23.824807384302815,1,p1a_catchup
nvdax,2026-09-02T12:05:00Z,30,premarket,0,2.4321354045042654,18.939415418595118,21.371550823099383,44.84488242719742,19.752513806264552,21.371550823099383,7.12406490630535,1,20.489977875701726,8.005637853703007,-4.1292928025971065,1,p1a_catchup
nvdax,2026-09-02T12:05:00Z,60,premarket,0,2.4321354045042654,18.939415418595118,21.371550823099383,44.84488242719742,19.752513806264552,21.371550823099383,1.873888185306427,1,13.2669166789956,6.230745958797357,2.7519148915011726,1,p1a_catchup
nvdax,2026-09-02T12:10:00Z,5,premarket,0,6.485542057097504,15.336137238799452,21.821679295896956,51.150072546102265,18.659257916339616,21.821679295896956,4.767117760904327,1,9.608542852097557,7.4460186828950725,-0.4579907944979311,1,p1a_catchup
nvdax,2026-09-02T12:10:00Z,15,premarket,0,6.485542057097504,15.336137238799452,21.821679295896956,51.150072546102265,18.659257916339616,21.821679295896956,4.172209742394628,1,16.7632942709961,9.230594767295486,-2.2901637566974387,1,p1a_catchup
nvdax,2026-09-02T12:10:00Z,30,premarket,0,6.485542057097504,15.336137238799452,21.821679295896956,51.150072546102265,18.659257916339616,21.821679295896956,1.4551146837948892,1,-2.5625176191024224,25.839311598794268,-25.22069432710161,0,xstock_reversion
nvdax,2026-09-02T12:10:00Z,60,premarket,0,6.485542057097504,15.336137238799452,21.821679295896956,51.150072546102265,18.659257916339616,21.821679295896956,1.9583863242012,1,-3.3349383947989253,27.11500401489708,-21.54827416100069,0,xstock_reversion
nvdax,2026-09-02T13:25:00Z,5,premarket,0,0.6812389259991392,23.52723917659283,22.84600025059369,40.53612919439509,11.18130202253999,22.84600025059369,24.054467442002903,0,44.581953448092904,-45.790420639502116,48.556510890502835,1,persistent_or_wider
nvdax,2026-09-02T13:25:00Z,15,premarket,0,0.6812389259991392,23.52723917659283,22.84600025059369,40.53612919439509,11.18130202253999,22.84600025059369,3.3168559621987725,1,64.24516693849469,-38.08231072570223,34.22381936910135,1,p1a_catchup
nvdax,2026-09-02T13:25:00Z,30,premarket,0,0.6812389259991392,23.52723917659283,22.84600025059369,40.53612919439509,11.18130202253999,22.84600025059369,23.61455871300322,0,107.13105084919405,-107.89960931160358,120.83915722130634,1,persistent_or_wider
nvdax,2026-09-02T13:25:00Z,60,premarket,0,0.6812389259991392,23.52723917659283,22.84600025059369,40.53612919439509,11.18130202253999,22.84600025059369,4.829962266894583,1,208.78127755109332,-181.10531503360505,182.5107835105033,1,p1a_catchup
nvdax,2026-09-02T13:30:00Z,5,regular,0,3.447329176999858,27.50179661900276,24.054467442002903,83.80300434850163,18.904604735518614,24.054467442002903,0.9927440614987404,1,18.36237857280487,4.6993448076992905,0.6822135557982278,1,p1a_catchup
nvdax,2026-09-02T13:30:00Z,15,regular,0,3.447329176999858,27.50179661900276,24.054467442002903,83.80300434850163,18.904604735518614,24.054467442002903,2.6833179070973046,1,19.509206548207203,1.861942986698395,3.4106024591018524,1,p1a_catchup
nvdax,2026-09-02T13:30:00Z,30,regular,0,3.447329176999858,27.50179661900276,24.054467442002903,83.80300434850163,18.904604735518614,24.054467442002903,9.401969158995271,1,99.1622617297061,-84.50976344669847,92.87913975939865,1,p1a_catchup
nvdax,2026-09-02T13:30:00Z,60,regular,0,3.447329176999858,27.50179661900276,24.054467442002903,83.80300434850163,18.904604735518614,24.054467442002903,9.853147222900205,1,176.70333325700227,-162.5020130378996,157.48712299750167,1,p1a_catchup
nvdax,2026-09-02T13:55:00Z,5,regular,0,13.620786835701892,37.23534554870511,23.61455871300322,69.81729858590136,25.499765695515553,23.61455871300322,9.401969158995271,1,36.61316432860495,-22.400574774597004,20.596493428595153,1,p1a_catchup
nvdax,2026-09-02T13:55:00Z,15,regular,0,13.620786835701892,37.23534554870511,23.61455871300322,69.81729858590136,25.499765695515553,23.61455871300322,0.9709536147006759,1,68.58210905630102,-45.93850395799848,43.704590956794576,1,p1a_catchup
nvdax,2026-09-02T13:55:00Z,30,regular,0,13.620786835701892,37.23534554870511,23.61455871300322,69.81729858590136,25.499765695515553,23.61455871300322,4.829962266894583,1,101.65022670189927,-73.20570572200147,61.67162628919698,1,p1a_catchup
nvdax,2026-09-02T13:55:00Z,60,regular,0,13.620786835701892,37.23534554870511,23.61455871300322,69.81729858590136,25.499765695515553,23.61455871300322,2.7825614300969193,1,134.30017476769862,-107.90305462459848,114.93347313630053,1,p1a_catchup
nvdax,2026-09-02T15:00:00Z,5,regular,0,14.495377974297341,37.406868851901365,22.911490877604024,74.51238006839667,29.843443180021517,22.911490877604024,9.229267592303358,1,36.47044886100126,-22.788225575700594,25.25086064910198,1,p1a_catchup
nvdax,2026-09-02T15:00:00Z,15,regular,0,14.495377974297341,37.406868851901365,22.911490877604024,74.51238006839667,29.843443180021517,22.911490877604024,0.461582372999203,1,78.30660198140826,-55.85669347680344,48.672662460607086,1,p1a_catchup
nvdax,2026-09-02T15:00:00Z,30,regular,0,14.495377974297341,37.406868851901365,22.911490877604024,74.51238006839667,29.843443180021517,22.911490877604024,6.5768632445983854,1,65.46762320080113,-35.97926907859872,25.25528503539931,1,p1a_catchup
nvdax,2026-09-02T15:00:00Z,60,regular,0,14.495377974297341,37.406868851901365,22.911490877604024,74.51238006839667,29.843443180021517,22.911490877604024,4.465042745298575,1,121.48557129290083,-94.10903766999823,91.83692961950207,1,p1a_catchup
nvdax,2026-09-02T19:00:00Z,5,regular,1,178.3362049659054,105.35992208289713,-72.97628288300828,-195.29635339320174,68.72070931342662,72.97628288300828,16.5195200681012,1,-89.06371325209328,178.55951620320275,0.8910670534056919,0,xstock_reversion
nvdax,2026-09-02T19:00:00Z,15,regular,1,178.3362049659054,105.35992208289713,-72.97628288300828,-195.29635339320174,68.72070931342662,72.97628288300828,0.7772265063010764,1,-105.55969472659577,177.75875110330298,-5.790001275194356,0,xstock_reversion
nvdax,2026-09-02T19:00:00Z,30,regular,1,178.3362049659054,105.35992208289713,-72.97628288300828,-195.29635339320174,68.72070931342662,72.97628288300828,2.021561748701828,1,-100.18426066399577,171.1389817983022,8.468344499101832,0,xstock_reversion
nvdax,2026-09-02T19:00:00Z,60,regular,1,178.3362049659054,105.35992208289713,-72.97628288300828,-195.29635339320174,68.72070931342662,72.97628288300828,3.0913585935987697,1,-101.12147661379467,171.00640090320417,6.6849390818024546,0,xstock_reversion
nvdax,2026-09-02T20:15:00Z,5,afterhours,0,3.9837556916921812,21.70137235139258,-17.717616659700397,-9.201097576303496,10.42061898717401,17.717616659700397,3.60172195519759,1,10.956666400501192,3.1592283040016156,-8.03248737909712,1,p1a_catchup
nvdax,2026-09-02T20:15:00Z,15,afterhours,0,3.9837556916921812,21.70137235139258,-17.717616659700397,-9.201097576303496,10.42061898717401,17.717616659700397,2.8548777433012873,1,19.850004779495833,-4.987265863096724,-0.0,1,p1a_catchup
nvdax,2026-09-02T20:15:00Z,30,afterhours,0,3.9837556916921812,21.70137235139258,-17.717616659700397,-9.201097576303496,10.42061898717401,17.717616659700397,1.2948532557022219,1,17.639178618100715,1.373291297301904,-4.463289518392699,1,p1a_catchup
nvdax,2026-09-02T20:15:00Z,60,afterhours,0,3.9837556916921812,21.70137235139258,-17.717616659700397,-9.201097576303496,10.42061898717401,17.717616659700397,13.760451302902155,1,12.404363919200634,19.073704043401918,-26.749904492993082,0,xstock_reversion
nvdax,2026-09-02T21:20:00Z,5,afterhours,0,3.3475837344010273,24.69309591109692,21.34551217669589,42.97221558659636,12.204254187477709,21.34551217669589,7.163858690297786,1,13.679874608296672,0.5017788781014332,-3.7941610360991973,1,p1a_catchup
nvdax,2026-09-02T21:20:00Z,15,afterhours,0,3.3475837344010273,24.69309591109692,21.34551217669589,42.97221558659636,12.204254187477709,21.34551217669589,2.0085327497998406,1,24.35580309700036,-5.018823670104311,-7.349716629097003,1,p1a_catchup
nvdax,2026-09-02T21:20:00Z,30,afterhours,0,3.3475837344010273,24.69309591109692,21.34551217669589,42.97221558659636,12.204254187477709,21.34551217669589,0.9672602637067484,1,16.59993408119398,3.778317831795164,-8.149890889699307,1,p1a_catchup
nvdax,2026-09-02T21:20:00Z,60,afterhours,0,3.3475837344010273,24.69309591109692,21.34551217669589,42.97221558659636,12.204254187477709,21.34551217669589,8.000822113700679,1,18.696267091495855,-5.3515770285006425,2.42502089769836,1,p1a_catchup
nvdax,2026-09-03T12:20:00Z,5,premarket,0,0.5479886560966207,22.945288745406245,23.493277401502866,17.36751478749632,16.850350974535694,23.493277401502866,22.381095383101623,1,21.820445542903855,-20.708263524502613,28.93069782429869,1,p1a_catchup
nvdax,2026-09-03T12:20:00Z,15,premarket,0,0.5479886560966207,22.945288745406245,23.493277401502866,17.36751478749632,16.850350974535694,23.493277401502866,9.311302165402324,1,49.62518012580297,-16.82060055889778,29.286247059001624,1,p1a_catchup
nvdax,2026-09-03T12:20:00Z,30,premarket,0,0.5479886560966207,22.945288745406245,23.493277401502866,17.36751478749632,16.850350974535694,23.493277401502866,22.08132685299624,1,70.43365992810635,-69.02170937959973,73.27666850299508,1,p1a_catchup
nvdax,2026-09-03T12:20:00Z,60,premarket,0,0.5479886560966207,22.945288745406245,23.493277401502866,17.36751478749632,16.850350974535694,23.493277401502866,3.546940688599065,1,87.80834580200292,-67.86200908909912,72.39167359109899,1,p1a_catchup
nvdax,2026-09-03T12:25:00Z,5,premarket,0,7.674445643699457,30.05554102680108,22.381095383101623,55.06008801630102,17.36899895354558,22.381095383101623,20.72345202239312,1,24.38693526870317,-22.729291907994664,11.104942840294285,1,p1a_catchup
nvdax,2026-09-03T12:25:00Z,15,premarket,0,7.674445643699457,30.05554102680108,22.381095383101623,55.06008801630102,17.36899895354558,22.381095383101623,6.082311315900313,1,32.01159429120359,-15.712810224002283,9.328980485996397,1,p1a_catchup
nvdax,2026-09-03T12:25:00Z,30,premarket,0,7.674445643699457,30.05554102680108,22.381095383101623,55.06008801630102,17.36899895354558,22.381095383101623,5.404391652001905,1,63.495293837601,-46.51859010650128,35.49249511140218,1,p1a_catchup
nvdax,2026-09-03T12:25:00Z,60,premarket,0,7.674445643699457,30.05554102680108,22.381095383101623,55.06008801630102,17.36899895354558,22.381095383101623,3.3889084560012606,1,71.21678258090292,-52.22459565380255,45.230887275797826,1,p1a_catchup
nvdax,2026-09-03T12:30:00Z,5,premarket,0,3.9499034240009223,16.773548598392196,20.72345202239312,76.75185200429979,18.309295264349277,20.72345202239312,9.311302165402324,1,3.417799314195946,26.616954873599497,-10.74939360559135,0,xstock_reversion
nvdax,2026-09-03T12:30:00Z,15,premarket,0,3.9499034240009223,16.773548598392196,20.72345202239312,76.75185200429979,18.309295264349277,20.72345202239312,2.7032143642991002,1,12.44486314309512,5.575374514998899,-2.2200022290963517,1,p1a_catchup
nvdax,2026-09-03T12:30:00Z,30,premarket,0,3.9499034240009223,16.773548598392196,20.72345202239312,76.75185200429979,18.309295264349277,20.72345202239312,1.8348052857053432,1,39.18718184690029,-16.628924538801826,27.92988316190126,1,p1a_catchup
nvdax,2026-09-03T12:30:00Z,60,premarket,0,3.9499034240009223,16.773548598392196,20.72345202239312,76.75185200429979,18.309295264349277,20.72345202239312,21.68134526139731,0,78.87755566390098,-79.83544890290517,78.27222838740155,1,persistent_or_wider
nvdax,2026-09-03T12:50:00Z,5,premarket,0,3.7069704672987314,25.788297320294973,22.08132685299624,52.20110882070195,21.057480069616705,22.08132685299624,5.404391652001905,1,14.8820794523985,1.794855748595836,-8.853475567294211,1,p1a_catchup
nvdax,2026-09-03T12:50:00Z,15,premarket,0,3.7069704672987314,25.788297320294973,22.08132685299624,52.20110882070195,21.057480069616705,22.08132685299624,0.48009542480187406,1,17.34548908939537,5.215933188402744,-4.425757983295142,1,p1a_catchup
nvdax,2026-09-03T12:50:00Z,30,premarket,0,3.7069704672987314,25.788297320294973,22.08132685299624,52.20110882070195,21.057480069616705,22.08132685299624,3.546940688599065,1,17.374685873896567,1.1597002905006093,-0.8849949118960865,1,p1a_catchup
nvdax,2026-09-03T12:50:00Z,60,premarket,0,3.7069704672987314,25.788297320294973,22.08132685299624,52.20110882070195,21.057480069616705,22.08132685299624,12.013323007300514,1,119.42459110819925,-85.3299412479025,89.46585352040515,1,p1a_catchup
nvdax,2026-09-03T13:30:00Z,5,regular,0,5.513123939504538,16.168221321892773,21.68134526139731,63.34583812329875,21.918601024977843,21.68134526139731,7.685955117295862,1,21.02358677119831,-7.028196627096861,23.3187513545996,1,p1a_catchup
nvdax,2026-09-03T13:30:00Z,15,regular,0,5.513123939504538,16.168221321892773,21.68134526139731,63.34583812329875,21.918601024977843,21.68134526139731,15.552030346901446,1,62.275549618497905,-56.14623470400204,78.10140178450276,1,p1a_catchup
nvdax,2026-09-03T13:30:00Z,30,regular,0,5.513123939504538,16.168221321892773,21.68134526139731,63.34583812329875,21.918601024977843,21.68134526139731,2.8752856098002155,1,66.59220766129792,-42.03557679010039,44.82932836189946,1,p1a_catchup
nvdax,2026-09-03T13:30:00Z,60,regular,0,5.513123939504538,16.168221321892773,21.68134526139731,63.34583812329875,21.918601024977843,21.68134526139731,19.919422738094994,1,9.617796763494724,31.98297123599758,-29.556454452199787,0,xstock_reversion
nvdax,2026-09-03T14:30:00Z,5,regular,0,3.0866071557067443,23.00602989380174,-19.919422738094994,-73.86232884399213,22.556506140561048,19.919422738094994,19.45703263690035,1,-13.798542251199919,53.174997626195264,-16.553554516605118,0,xstock_reversion
nvdax,2026-09-03T14:30:00Z,15,regular,0,3.0866071557067443,23.00602989380174,-19.919422738094994,-73.86232884399213,22.556506140561048,19.919422738094994,4.549343143001039,1,23.28289347730106,-7.912813882207104,4.507311200097064,1,p1a_catchup
nvdax,2026-09-03T14:30:00Z,30,regular,0,3.0866071557067443,23.00602989380174,-19.919422738094994,-73.86232884399213,22.556506140561048,19.919422738094994,0.2881779339958257,1,34.1457860476968,-13.938185375605983,3.3140016874000366,1,p1a_catchup
nvdax,2026-09-03T14:30:00Z,60,regular,0,3.0866071557067443,23.00602989380174,-19.919422738094994,-73.86232884399213,22.556506140561048,19.919422738094994,4.104006364302748,1,-26.2534560594041,42.06887243319635,-51.996239470701866,0,xstock_reversion
nvdax,2026-09-03T14:35:00Z,5,regular,1,39.70805026529689,20.25101762839654,19.45703263690035,-20.755387706001827,35.08577197054265,19.45703263690035,7.883811465800861,1,-23.906075028694573,51.246919131395785,-14.340413085900394,0,xstock_reversion
nvdax,2026-09-03T14:35:00Z,15,regular,1,39.70805026529689,20.25101762839654,19.45703263690035,-20.755387706001827,35.08577197054265,19.45703263690035,14.283681642597301,1,-60.29084920419869,94.03156348369635,-39.774662977203334,0,xstock_reversion
nvdax,2026-09-03T14:35:00Z,30,regular,1,39.70805026529689,20.25101762839654,19.45703263690035,-20.755387706001827,35.08577197054265,19.45703263690035,8.874409360499769,1,-55.88983256600066,84.22127456340078,-32.11679658019939,0,xstock_reversion
nvdax,2026-09-03T14:35:00Z,60,regular,1,39.70805026529689,20.25101762839654,19.45703263690035,-20.755387706001827,35.08577197054265,19.45703263690035,2.4539144303936666,1,10.612607727198409,11.298339340095609,28.32020884519615,0,xstock_reversion
nvdax,2026-09-03T16:45:00Z,5,regular,1,81.47190355729528,44.70485339870045,-36.76705015859483,-73.98682706480031,40.081825260772526,36.76705015859483,4.912550026299201,1,-34.76783632700098,76.447436511895,12.533672137200469,0,xstock_reversion
nvdax,2026-09-03T16:45:00Z,15,regular,1,81.47190355729528,44.70485339870045,-36.76705015859483,-73.98682706480031,40.081825260772526,36.76705015859483,1.2060140195035984,1,-44.487945737197165,82.46100991529559,-2.856358162697248,0,xstock_reversion
nvdax,2026-09-03T16:45:00Z,30,regular,1,81.47190355729528,44.70485339870045,-36.76705015859483,-73.98682706480031,40.081825260772526,36.76705015859483,1.434083257700891,1,-31.16419782930535,66.49716473019929,15.394430257602565,0,xstock_reversion
nvdax,2026-09-03T16:45:00Z,60,regular,1,81.47190355729528,44.70485339870045,-36.76705015859483,-73.98682706480031,40.081825260772526,36.76705015859483,6.92458605660029,1,-126.89658443390428,156.7390485358988,-81.28435687649649,0,xstock_reversion
nvdax,2026-09-03T17:40:00Z,5,regular,0,0.15257900390253099,22.078334449302517,22.230913453205048,104.18049613529767,26.133814641430458,22.230913453205048,6.92458605660029,1,3.6919918065070334,25.463507703298305,-19.293716801502825,0,xstock_reversion
nvdax,2026-09-03T17:40:00Z,15,regular,0,0.15257900390253099,22.078334449302517,22.230913453205048,104.18049613529767,26.133814641430458,22.230913453205048,5.034131406000952,1,25.339294313404537,-8.142512266200441,8.263564676003199,1,p1a_catchup
nvdax,2026-09-03T17:40:00Z,30,regular,0,0.15257900390253099,22.078334449302517,22.230913453205048,104.18049613529767,26.133814641430458,22.230913453205048,1.4686654809992206,1,34.26296429880793,-13.500716326602102,13.270571112302676,1,p1a_catchup
nvdax,2026-09-03T17:40:00Z,60,regular,0,0.15257900390253099,22.078334449302517,22.230913453205048,104.18049613529767,26.133814641430458,22.230913453205048,4.991618711294166,1,18.633530523501918,8.589001640997296,-11.101316972501607,0,p1a_catchup
nvdax,2026-09-03T18:15:00Z,5,regular,1,33.714197821002045,13.569590695396982,-20.144607125605063,-44.611346142202635,24.856234544459642,20.144607125605063,0.451645981502935,1,-7.752875638198375,27.445836782300503,3.482348879497721,0,xstock_reversion
nvdax,2026-09-03T18:15:00Z,15,regular,1,33.714197821002045,13.569590695396982,-20.144607125605063,-44.611346142202635,24.856234544459642,20.144607125605063,5.963901823902162,1,-12.174540974996262,38.28304992450349,-4.351231467198957,0,xstock_reversion
nvdax,2026-09-03T18:15:00Z,30,regular,1,33.714197821002045,13.569590695396982,-20.144607125605063,-44.611346142202635,24.856234544459642,20.144607125605063,5.331846395701945,1,-0.30826188769594864,15.121022617599067,-3.0460608141957835,0,xstock_reversion
nvdax,2026-09-03T18:15:00Z,60,regular,1,33.714197821002045,13.569590695396982,-20.144607125605063,-44.611346142202635,24.856234544459642,20.144607125605063,2.0787665292942847,1,2.9404374912989084,19.28293616360044,5.006257926796209,0,xstock_reversion
nvdax,2026-09-04T10:25:00Z,5,premarket,1,13.086551935304058,3.3912215114995092,16.477773446803567,40.00381579399637,8.88530904646589,16.477773446803567,3.508593365602053,1,-0.10285725349667985,20.0892240659023,-14.303937572499592,0,xstock_reversion
nvdax,2026-09-04T10:25:00Z,15,premarket,1,13.086551935304058,3.3912215114995092,16.477773446803567,40.00381579399637,8.88530904646589,16.477773446803567,4.8933188381017345,1,-14.566267816098488,35.93736010100379,-22.41960066439397,0,xstock_reversion
nvdax,2026-09-04T10:25:00Z,30,premarket,1,13.086551935304058,3.3912215114995092,16.477773446803567,40.00381579399637,8.88530904646589,16.477773446803567,1.3690153722034637,1,-22.83632442539485,40.68311324440188,-30.62393214779746,0,xstock_reversion
nvdax,2026-09-04T10:25:00Z,60,premarket,1,13.086551935304058,3.3912215114995092,16.477773446803567,40.00381579399637,8.88530904646589,16.477773446803567,0.17833166290337488,1,-42.14152436139429,58.79762947110123,-46.86675922919825,0,xstock_reversion
nvdax,2026-09-04T12:00:00Z,5,premarket,0,2.7092560709007785,20.6217053534008,17.91244928250002,32.90030863460025,11.632486986176986,17.91244928250002,13.602717453000679,1,16.43159903720104,-12.121867207701698,6.286187280997169,1,p1a_catchup
nvdax,2026-09-04T12:00:00Z,15,premarket,0,2.7092560709007785,20.6217053534008,17.91244928250002,32.90030863460025,11.632486986176986,17.91244928250002,2.6930605825015164,1,23.415274944493802,-8.195886244495298,8.441034618398291,1,p1a_catchup
nvdax,2026-09-04T12:00:00Z,30,premarket,0,2.7092560709007785,20.6217053534008,17.91244928250002,32.90030863460025,11.632486986176986,17.91244928250002,15.15371480779848,1,6.817356950099551,26.24880714019895,-35.17285334630138,0,xstock_reversion
nvdax,2026-09-04T12:00:00Z,60,premarket,0,2.7092560709007785,20.6217053534008,17.91244928250002,32.90030863460025,11.632486986176986,17.91244928250002,0.2926193589036785,1,-36.509713327204096,54.12954325080044,-60.31153335160688,0,xstock_reversion
nvdax,2026-09-04T12:35:00Z,5,premarket,1,22.18238109410464,4.3402204823994595,-26.5226015765041,-57.41645543460017,13.905677656003634,26.5226015765041,0.7094985323963243,1,2.407006668407874,23.406096375699903,-0.43739028710021444,0,xstock_reversion
nvdax,2026-09-04T12:35:00Z,15,premarket,1,22.18238109410464,4.3402204823994595,-26.5226015765041,-57.41645543460017,13.905677656003634,26.5226015765041,2.2126983302062087,1,15.041903670400814,9.267999575897079,18.925697384002405,1,p1a_catchup
nvdax,2026-09-04T12:35:00Z,30,premarket,1,22.18238109410464,4.3402204823994595,-26.5226015765041,-57.41645543460017,13.905677656003634,26.5226015765041,2.0425842894056245,1,20.74595794260503,7.819227923304695,17.3377877075076,1,p1a_catchup
nvdax,2026-09-04T12:35:00Z,60,premarket,1,22.18238109410464,4.3402204823994595,-26.5226015765041,-57.41645543460017,13.905677656003634,26.5226015765041,20.907124313396253,1,-79.61056633959629,127.04029222949664,-102.3285784676986,0,xstock_reversion
nvdax,2026-09-04T12:45:00Z,5,premarket,1,22.548425839703512,0.17014451930030816,-22.378281320403204,-44.36073817430497,21.154869748336523,22.378281320403204,2.2126983302062087,1,0.9994755551989698,19.166107434998025,9.393634270500328,0,xstock_reversion
nvdax,2026-09-04T12:45:00Z,15,premarket,1,22.548425839703512,0.17014451930030816,-22.378281320403204,-44.36073817430497,21.154869748336523,22.378281320403204,0.2926193589036785,1,6.190898615603402,16.48000206370348,9.541157805905698,0,xstock_reversion
nvdax,2026-09-04T12:45:00Z,30,premarket,1,22.548425839703512,0.17014451930030816,-22.378281320403204,-44.36073817430497,21.154869748336523,22.378281320403204,13.344593470696609,1,-2.118570893800964,37.841445684900776,-17.75699377350115,0,xstock_reversion
nvdax,2026-09-04T12:45:00Z,60,premarket,1,22.548425839703512,0.17014451930030816,-22.378281320403204,-44.36073817430497,21.154869748336523,22.378281320403204,18.850391399301003,1,-124.4442710051974,165.6729437249016,-146.7355659387959,0,xstock_reversion
nvdax,2026-09-04T13:30:00Z,5,regular,0,11.060557341107113,29.50544664130028,18.444889300193168,48.3590417310964,23.002069067320033,18.444889300193168,20.907124313396253,0,48.27567765939733,-50.737912672600416,37.14802266379991,1,persistent_or_wider
nvdax,2026-09-04T13:30:00Z,15,regular,0,11.060557341107113,29.50544664130028,18.444889300193168,48.3590417310964,23.002069067320033,18.444889300193168,18.850391399301003,0,79.06695420979659,-79.47245630890443,72.02294702139511,1,persistent_or_wider
nvdax,2026-09-04T13:30:00Z,30,regular,0,11.060557341107113,29.50544664130028,18.444889300193168,48.3590417310964,23.002069067320033,18.444889300193168,10.584304464993366,1,103.69305254819494,-74.66385878300841,61.7656591743998,1,p1a_catchup
nvdax,2026-09-04T13:30:00Z,60,regular,0,11.060557341107113,29.50544664130028,18.444889300193168,48.3590417310964,23.002069067320033,18.444889300193168,19.124044707794496,0,96.32099178789488,-58.75205777990722,38.86251657079676,1,persistent_or_wider
nvdax,2026-09-04T13:35:00Z,5,regular,0,2.529332667693396,18.377791645702857,20.907124313396253,84.38161243359943,27.053630730234715,20.907124313396253,3.884215949199188,1,5.781262823498778,19.010077439096662,-16.087692097901396,0,xstock_reversion
nvdax,2026-09-04T13:35:00Z,15,regular,0,2.529332667693396,18.377791645702857,20.907124313396253,84.38161243359943,27.053630730234715,20.907124313396253,6.648280418897201,1,54.28533299170368,-40.02648909720463,51.96838019109862,1,p1a_catchup
nvdax,2026-09-04T13:35:00Z,30,regular,0,2.529332667693396,18.377791645702857,20.907124313396253,84.38161243359943,27.053630730234715,20.907124313396253,1.9952931125022388,1,44.8480819130026,-21.94566448710411,17.55964304039459,1,p1a_catchup
nvdax,2026-09-04T13:35:00Z,60,regular,0,2.529332667693396,18.377791645702857,20.907124313396253,84.38161243359943,27.053630730234715,20.907124313396253,0.9396186236010351,1,32.087895299701685,-12.120389609906468,16.061852278896893,1,p1a_catchup
nvdax,2026-09-04T13:45:00Z,5,regular,0,3.6110480535977985,22.4614394528988,18.850391399301003,79.47245630890443,33.03584896481548,18.850391399301003,6.648280418897201,1,23.494056441304423,-11.291945460900621,17.093455833503413,1,p1a_catchup
nvdax,2026-09-04T13:45:00Z,15,regular,0,3.6110480535977985,22.4614394528988,18.850391399301003,79.47245630890443,33.03584896481548,18.850391399301003,10.584304464993366,1,24.62609833839835,4.808597525896019,-10.257287846995311,1,p1a_catchup
nvdax,2026-09-04T13:45:00Z,30,regular,0,3.6110480535977985,22.4614394528988,18.850391399301003,79.47245630890443,33.03584896481548,18.850391399301003,3.7652582517022637,1,28.354014919198534,-13.268881771599794,5.338173403801605,1,p1a_catchup
nvdax,2026-09-04T13:45:00Z,60,regular,0,3.6110480535977985,22.4614394528988,18.850391399301003,79.47245630890443,33.03584896481548,18.850391399301003,2.070540555294542,1,-5.66952376710006,26.590455721695605,-44.524433517496576,0,xstock_reversion
nvdax,2026-09-04T14:30:00Z,5,regular,0,8.828983868003348,27.953028575797845,-19.124044707794496,-33.989280300597,21.78081532247138,19.124044707794496,0.9396186236010351,1,15.957418828795866,4.106244502599665,-14.347358371900043,1,p1a_catchup
nvdax,2026-09-04T14:30:00Z,15,regular,0,8.828983868003348,27.953028575797845,-19.124044707794496,-33.989280300597,21.78081532247138,19.124044707794496,2.070540555294542,1,22.92356134519835,-5.870057192698397,11.36400306689822,1,p1a_catchup
nvdax,2026-09-04T14:30:00Z,30,regular,0,8.828983868003348,27.953028575797845,-19.124044707794496,-33.989280300597,21.78081532247138,19.124044707794496,1.8033056383970347,1,74.69768069229943,-57.37694162290197,48.97863757859611,1,p1a_catchup
nvdax,2026-09-04T14:30:00Z,60,regular,0,8.828983868003348,27.953028575797845,-19.124044707794496,-33.989280300597,21.78081532247138,19.124044707794496,3.7820327920989882,1,95.46201899819806,-80.12000708250255,77.2244477932027,1,p1a_catchup
nvdax,2026-09-04T15:05:00Z,5,regular,1,53.30945260600295,27.3250808768033,25.98437172919965,44.452637294503106,33.561573375703524,25.98437172919965,6.138917923408371,1,-25.771976114299378,57.8952657669074,1.0711863571977176,0,xstock_reversion
nvdax,2026-09-04T15:05:00Z,15,regular,1,53.30945260600295,27.3250808768033,25.98437172919965,44.452637294503106,33.561573375703524,25.98437172919965,4.457801350792323,1,-33.46557478520751,63.90774786519948,-12.488429594297301,0,xstock_reversion
nvdax,2026-09-04T15:05:00Z,30,regular,1,53.30945260600295,27.3250808768033,25.98437172919965,44.452637294503106,33.561573375703524,25.98437172919965,5.91025055229899,1,-54.33388486200563,74.4080060389063,-28.853309634797597,0,xstock_reversion
nvdax,2026-09-04T15:05:00Z,60,regular,1,53.30945260600295,27.3250808768033,25.98437172919965,44.452637294503106,33.561573375703524,25.98437172919965,5.7098317185033665,1,-84.27614861070687,104.55068862140315,-48.79375406360076,0,xstock_reversion
nvdax,2026-09-04T20:00:00Z,5,afterhours,0,0.21691123770040122,17.797715692999816,-18.014626930700217,-20.69047778550548,24.801417935535873,18.014626930700217,3.6714693611017424,1,9.775091451897922,4.568066117700553,-4.785209444202465,1,p1a_catchup
nvdax,2026-09-04T20:00:00Z,15,afterhours,0,0.21691123770040122,17.797715692999816,-18.014626930700217,-20.69047778550548,24.801417935535873,18.014626930700217,1.358069016594854,1,11.737911407498913,4.91864650660645,-6.494279238200562,1,p1a_catchup
nvdax,2026-09-04T20:00:00Z,30,afterhours,0,0.21691123770040122,17.797715692999816,-18.014626930700217,-20.69047778550548,24.801417935535873,18.014626930700217,0.4192174639072732,1,11.72306178749416,5.872347679298784,-5.589769779605902,1,p1a_catchup
nvdax,2026-09-04T20:00:00Z,60,afterhours,0,0.21691123770040122,17.797715692999816,-18.014626930700217,-20.69047778550548,24.801417935535873,18.014626930700217,0.5355984197041863,1,9.63376627369783,8.916459076706573,-8.098712521205087,1,p1a_catchup
nvdax,2026-09-08T08:00:00Z,5,premarket,0,4.612577090004066,25.57420762860474,-20.961630538600673,-38.262439637097856,14.005504803279065,20.961630538600673,4.026853875602754,1,15.682433325503453,1.252343337494466,-2.60348868950544,1,p1a_catchup
nvdax,2026-09-08T08:00:00Z,15,premarket,0,4.612577090004066,25.57420762860474,-20.961630538600673,-38.262439637097856,14.005504803279065,20.961630538600673,2.8063428595004325,1,10.817325572105574,12.950647825995532,-16.477325729598036,0,xstock_reversion
nvdax,2026-09-08T08:00:00Z,30,premarket,0,4.612577090004066,25.57420762860474,-20.961630538600673,-38.262439637097856,14.005504803279065,20.961630538600673,28.09180352620011,0,-4.941295136093871,53.99472920089465,-16.477325729598036,0,persistent_or_wider
nvdax,2026-09-08T08:00:00Z,60,premarket,0,4.612577090004066,25.57420762860474,-20.961630538600673,-38.262439637097856,14.005504803279065,20.961630538600673,6.575214472697155,1,19.25369314189851,8.283151869399319,-7.808433504505885,1,p1a_catchup
nvdax,2026-09-08T08:25:00Z,5,premarket,1,23.203503844397844,7.216323214302989,15.987180630094855,15.877494528693248,21.835248579498188,15.987180630094855,28.09180352620011,0,10.288508966693755,-22.39313186279901,3.466655145896169,0,persistent_or_wider
nvdax,2026-09-08T08:25:00Z,15,premarket,1,23.203503844397844,7.216323214302989,15.987180630094855,15.877494528693248,21.835248579498188,15.987180630094855,13.979365671499266,1,-12.751000350306185,42.71754665190031,-6.069539768400745,0,xstock_reversion
nvdax,2026-09-08T08:25:00Z,30,premarket,1,23.203503844397844,7.216323214302989,15.987180630094855,15.877494528693248,21.835248579498188,15.987180630094855,3.6146480311050055,1,-13.912589598206182,26.28512219719603,-13.444651271603547,0,xstock_reversion
nvdax,2026-09-08T08:25:00Z,60,premarket,1,23.203503844397844,7.216323214302989,15.987180630094855,15.877494528693248,21.835248579498188,15.987180630094855,5.951671497301803,1,-5.64170071419845,27.580552841595107,9.097407866400786,0,xstock_reversion
nvdax,2026-09-08T08:30:00Z,5,premarket,1,42.129980561300684,14.038177035100574,28.09180352620011,41.04408137489912,16.247387241207605,28.09180352620011,15.823768726699328,1,-14.390248296898278,58.305820549797716,-4.194805436394944,0,xstock_reversion
nvdax,2026-09-08T08:30:00Z,15,premarket,1,42.129980561300684,14.038177035100574,28.09180352620011,41.04408137489912,16.247387241207605,28.09180352620011,0.6291321613982603,1,-23.600595232400323,52.32153091999869,-7.368079215099854,0,xstock_reversion
nvdax,2026-09-08T08:30:00Z,30,premarket,1,42.129980561300684,14.038177035100574,28.09180352620011,41.04408137489912,16.247387241207605,28.09180352620011,6.575214472697155,1,-24.19498827799238,45.711577331495334,-8.66889222509215,0,xstock_reversion
nvdax,2026-09-08T08:30:00Z,60,premarket,1,42.129980561300684,14.038177035100574,28.09180352620011,41.04408137489912,16.247387241207605,28.09180352620011,0.914556922300136,1,-12.805079616597936,41.81144006509818,15.585093418302165,0,xstock_reversion
nvdax,2026-09-08T08:35:00Z,5,premarket,1,11.981034552102088,3.84273417459724,-15.823768726699328,-5.2363411267020155,32.24479741903712,15.823768726699328,13.979365671499266,1,8.649261020101662,-6.8048579649016006,5.34138947790197,1,p1a_catchup
nvdax,2026-09-08T08:35:00Z,15,premarket,1,11.981034552102088,3.84273417459724,-15.823768726699328,-5.2363411267020155,32.24479741903712,15.823768726699328,2.5717679088010925,1,9.424087849696505,3.82791296820173,10.112899317498147,1,p1a_catchup
nvdax,2026-09-08T08:35:00Z,30,premarket,1,11.981034552102088,3.84273417459724,-15.823768726699328,-5.2363411267020155,32.24479741903712,15.823768726699328,0.4546795508986179,1,9.320292523797846,6.0487966520028635,-3.76153925929934,0,p1a_catchup
nvdax,2026-09-08T08:35:00Z,60,premarket,1,11.981034552102088,3.84273417459724,-15.823768726699328,-5.2363411267020155,32.24479741903712,15.823768726699328,19.08387477100426,0,-17.716013912600914,52.6236574103045,-33.62591292459527,0,persistent_or_wider
nvdax,2026-09-08T09:35:00Z,5,premarket,0,7.016709933607146,12.067164837397115,19.08387477100426,42.53994907670311,18.13293770874337,19.08387477100426,4.292237686396305,1,3.633674831897693,19.742437625502873,-6.062566474698272,0,xstock_reversion
nvdax,2026-09-08T09:35:00Z,15,premarket,0,7.016709933607146,12.067164837397115,19.08387477100426,42.53994907670311,18.13293770874337,19.08387477100426,0.28624862070003587,1,19.98171944929794,-1.1840932989937158,1.9307800304080303,1,p1a_catchup
nvdax,2026-09-08T09:35:00Z,30,premarket,0,7.016709933607146,12.067164837397115,19.08387477100426,42.53994907670311,18.13293770874337,19.08387477100426,5.391122532207859,1,18.243226533805057,6.231770769407063,6.102065326007988,1,p1a_catchup
nvdax,2026-09-08T09:35:00Z,60,premarket,0,7.016709933607146,12.067164837397115,19.08387477100426,42.53994907670311,18.13293770874337,19.08387477100426,1.4251497978978733,1,13.011143296601801,4.647581676504586,6.464703571102959,1,p1a_catchup
nvdax,2026-09-08T09:45:00Z,5,premarket,1,50.40822427460512,9.893260233102552,40.514964041502566,82.0994005294029,31.762351107335654,40.514964041502566,0.28624862070003587,1,-4.557314884001684,44.786030304804214,-0.6478292323919277,0,xstock_reversion
nvdax,2026-09-08T09:45:00Z,15,premarket,1,50.40822427460512,9.893260233102552,40.514964041502566,82.0994005294029,31.762351107335654,40.514964041502566,3.687193414299017,1,-1.5455730421987113,38.37334366940226,3.886094308303001,0,xstock_reversion
nvdax,2026-09-08T09:45:00Z,30,premarket,1,50.40822427460512,9.893260233102552,40.514964041502566,82.0994005294029,31.762351107335654,40.514964041502566,0.46885565090803993,1,-9.293552680302852,49.33966107089738,-0.4318814917958491,0,xstock_reversion
nvdax,2026-09-08T09:45:00Z,60,premarket,1,50.40822427460512,9.893260233102552,40.514964041502566,82.0994005294029,31.762351107335654,40.514964041502566,15.157884705399027,1,-15.16979117499595,70.84263992189754,-13.228352605194615,0,xstock_reversion
nvdax,2026-09-08T11:55:00Z,5,premarket,0,1.6482347864066327,17.864465887100778,19.51270067350741,40.24802164130037,11.316293444441994,19.51270067350741,5.661093895694691,1,11.245373566604044,2.606233211208675,-0.32371713599488317,1,p1a_catchup
nvdax,2026-09-08T11:55:00Z,15,premarket,0,1.6482347864066327,17.864465887100778,19.51270067350741,40.24802164130037,11.316293444441994,19.51270067350741,5.4986050677996445,1,10.303863985203776,14.707441756103279,-14.577655579399718,0,xstock_reversion
nvdax,2026-09-08T11:55:00Z,30,premarket,0,1.6482347864066327,17.864465887100778,19.51270067350741,40.24802164130037,11.316293444441994,19.51270067350741,8.04295893489737,1,16.537218476804227,-5.067476738194188,4.854499947004598,1,p1a_catchup
nvdax,2026-09-08T11:55:00Z,60,premarket,0,1.6482347864066327,17.864465887100778,19.51270067350741,40.24802164130037,11.316293444441994,19.51270067350741,0.6795672338011371,1,45.043648160802974,-24.851380253494426,24.503001201798824,1,p1a_catchup
nvdax,2026-09-08T12:30:00Z,5,premarket,0,9.944967742292476,11.948447906000581,21.893415648293058,38.549789714696914,12.613467614066774,21.893415648293058,0.5717516893000152,1,5.393680014194047,17.071487323399026,-6.456338429607911,0,xstock_reversion
nvdax,2026-09-08T12:30:00Z,15,premarket,0,9.944967742292476,11.948447906000581,21.893415648293058,38.549789714696914,12.613467614066774,21.893415648293058,6.63077755690189,1,5.226561138993446,10.036076952397721,2.535739845797025,1,xstock_reversion
nvdax,2026-09-08T12:30:00Z,30,premarket,0,9.944967742292476,11.948447906000581,21.893415648293058,38.549789714696914,12.613467614066774,21.893415648293058,0.6847964837053411,1,13.946709363592547,7.26190980099517,2.156926530094694,1,p1a_catchup
nvdax,2026-09-08T12:30:00Z,60,premarket,0,9.944967742292476,11.948447906000581,21.893415648293058,38.549789714696914,12.613467614066774,21.893415648293058,17.188902525502314,1,18.48371519669989,20.59860297709548,-17.664685509801714,0,xstock_reversion
nvdax,2026-09-08T13:35:00Z,5,regular,0,5.157377599802615,18.837268960103515,-23.99464655990613,-89.21025079399847,32.81925949063103,23.99464655990613,18.18525243139746,1,37.877428357004916,-32.068034228496245,45.81138530750373,1,p1a_catchup
nvdax,2026-09-08T13:35:00Z,15,regular,0,5.157377599802615,18.837268960103515,-23.99464655990613,-89.21025079399847,32.81925949063103,23.99464655990613,18.351735745998354,1,66.39460342370285,-60.75169260979507,51.03547719610191,1,p1a_catchup
nvdax,2026-09-08T13:35:00Z,30,regular,0,5.157377599802615,18.837268960103515,-23.99464655990613,-89.21025079399847,32.81925949063103,23.99464655990613,27.724153666399687,0,103.8654911858039,-52.14669095949809,69.77758266930145,1,persistent_or_wider
nvdax,2026-09-08T13:35:00Z,60,regular,0,5.157377599802615,18.837268960103515,-23.99464655990613,-89.21025079399847,32.81925949063103,23.99464655990613,9.146169519196334,1,164.24536391120625,-149.39688687049647,155.87452934670233,1,p1a_catchup
nvdax,2026-09-08T13:40:00Z,5,regular,0,8.585973479204867,26.771225910602325,-18.18525243139746,-135.14474283569555,33.26072165413809,18.18525243139746,8.335522095004322,1,4.564524513099855,21.956250013301926,-26.244555239003375,0,xstock_reversion
nvdax,2026-09-08T13:40:00Z,15,regular,0,8.585973479204867,26.771225910602325,-18.18525243139746,-135.14474283569555,33.26072165413809,18.18525243139746,1.4854161874033878,1,28.530081093798287,-8.859412474997441,8.43826423859717,1,p1a_catchup
nvdax,2026-09-08T13:40:00Z,30,regular,0,8.585973479204867,26.771225910602325,-18.18525243139746,-135.14474283569555,33.26072165413809,18.18525243139746,3.933386984202869,1,62.212886615995444,-47.961021168800855,55.619758290097465,1,p1a_catchup
nvdax,2026-09-08T13:40:00Z,60,regular,0,8.585973479204867,26.771225910602325,-18.18525243139746,-135.14474283569555,33.26072165413809,18.18525243139746,4.6744096845063865,1,126.11200424140101,-103.25234212549717,101.70580118759709,1,p1a_catchup
nvdax,2026-09-08T13:50:00Z,5,regular,1,14.873593013495778,3.478142732502576,-18.351735745998354,-60.75169260979507,34.28129131651842,18.351735745998354,1.4854161874033878,1,0.01290602710035671,19.824245906301385,3.2141723499989894,0,xstock_reversion
nvdax,2026-09-08T13:50:00Z,15,regular,1,14.873593013495778,3.478142732502576,-18.351735745998354,-60.75169260979507,34.28129131651842,18.351735745998354,27.724153666399687,0,37.47088776210106,8.605001650296984,18.742105473199544,1,persistent_or_wider
nvdax,2026-09-08T13:50:00Z,30,regular,1,14.873593013495778,3.478142732502576,-18.351735745998354,-60.75169260979507,34.28129131651842,18.351735745998354,4.503754101099489,1,68.72858250590141,-54.88060086100255,71.45150630889496,1,p1a_catchup
nvdax,2026-09-08T13:50:00Z,60,regular,1,14.873593013495778,3.478142732502576,-18.351735745998354,-60.75169260979507,34.28129131651842,18.351735745998354,0.8521415084938866,1,110.39514566820507,-92.8955514307006,111.01917927759608,1,p1a_catchup
nvdax,2026-09-08T14:00:00Z,5,regular,1,104.69124154810494,37.66723369650116,-67.02400785160378,-200.07448297060472,69.92758525778383,67.02400785160378,27.724153666399687,1,-63.29141470829747,158.03957622630094,-40.87482056819525,0,xstock_reversion
nvdax,2026-09-08T14:00:00Z,15,regular,1,104.69124154810494,37.66723369650116,-67.02400785160378,-200.07448297060472,69.92758525778383,67.02400785160378,4.726765305802516,1,-47.75644581759941,110.05368836340068,4.8154224142038515,0,xstock_reversion
nvdax,2026-09-08T14:00:00Z,30,regular,1,104.69124154810494,37.66723369650116,-67.02400785160378,-200.07448297060472,69.92758525778383,67.02400785160378,1.1105048844051169,1,-21.673549788800983,87.58705275599965,25.000561279400202,0,xstock_reversion
nvdax,2026-09-08T14:00:00Z,60,regular,1,104.69124154810494,37.66723369650116,-67.02400785160378,-200.07448297060472,69.92758525778383,67.02400785160378,0.554496549094452,1,12.263718209499785,55.31478619119845,53.586459321204316,0,xstock_reversion
nvdax,2026-09-08T14:05:00Z,5,regular,0,12.47351411000075,15.250639556398937,27.724153666399687,8.605001650296984,107.36822607308568,27.724153666399687,3.933386984202869,1,3.7751762128035438,27.882364437799012,-31.65356092829974,0,xstock_reversion
nvdax,2026-09-08T14:05:00Z,15,regular,0,12.47351411000075,15.250639556398937,27.724153666399687,8.605001650296984,107.36822607308568,27.724153666399687,4.503754101099489,1,-31.257694743800357,63.48560251129953,-52.70940083569542,0,xstock_reversion
nvdax,2026-09-08T14:05:00Z,30,regular,0,12.47351411000075,15.250639556398937,27.724153666399687,8.605001650296984,107.36822607308568,27.724153666399687,9.146169519196334,1,-60.37987272540235,97.25019591099837,-86.09694667740087,0,xstock_reversion
nvdax,2026-09-08T14:05:00Z,60,regular,0,12.47351411000075,15.250639556398937,27.724153666399687,8.605001650296984,107.36822607308568,27.724153666399687,3.8213952629018166,1,-72.31065398560332,96.2134123891012,-87.63721930869828,0,xstock_reversion
nvdax,2026-09-08T15:45:00Z,5,regular,1,46.032944927096864,21.49693122220242,-24.536013704894444,-39.35691794519691,32.97955707262433,24.536013704894444,0.4645573419015392,1,-13.983103643298023,38.983674690094006,12.026698598104346,0,xstock_reversion
nvdax,2026-09-08T15:45:00Z,15,regular,1,46.032944927096864,21.49693122220242,-24.536013704894444,-39.35691794519691,32.97955707262433,24.536013704894444,2.618772315701179,1,-2.537544099006084,24.45478548819935,19.97737916689779,0,xstock_reversion
nvdax,2026-09-08T15:45:00Z,30,regular,1,46.032944927096864,21.49693122220242,-24.536013704894444,-39.35691794519691,32.97955707262433,24.536013704894444,2.325589935496808,1,3.766317317097645,23.095286323293607,32.80725240689897,0,xstock_reversion
nvdax,2026-09-08T15:45:00Z,60,regular,1,46.032944927096864,21.49693122220242,-24.536013704894444,-39.35691794519691,32.97955707262433,24.536013704894444,7.9273739379015495,1,1.944490758196693,30.5188968845993,27.496342788797534,0,xstock_reversion
nvdax,2026-09-08T20:10:00Z,5,afterhours,1,22.53092887920083,5.563042281302444,16.967886597898385,16.112191243600194,28.360266389223877,16.967886597898385,13.233695826402325,1,-7.696514529600407,37.89809695390112,-3.0168244673944855,0,xstock_reversion
nvdax,2026-09-08T20:10:00Z,15,afterhours,1,22.53092887920083,5.563042281302444,16.967886597898385,16.112191243600194,28.360266389223877,16.967886597898385,5.7818745114968095,1,-10.41662139670052,21.602633483102096,-8.889173076900292,0,xstock_reversion
nvdax,2026-09-08T20:10:00Z,30,afterhours,1,22.53092887920083,5.563042281302444,16.967886597898385,16.112191243600194,28.360266389223877,16.967886597898385,2.508628317805517,1,-11.27806561339817,30.75458052910207,-7.65236925129642,0,xstock_reversion
nvdax,2026-09-08T20:10:00Z,60,afterhours,1,22.53092887920083,5.563042281302444,16.967886597898385,16.112191243600194,28.360266389223877,16.967886597898385,2.9022103376963315,1,-8.751634086499038,28.621731022093755,-2.1307316928975695,0,xstock_reversion
nvdax,2026-09-08T20:20:00Z,5,afterhours,1,21.89566441570534,4.856916491400298,-17.038747924305042,-15.121930648902548,33.11740966791373,17.038747924305042,5.7818745114968095,1,-4.424779759695241,27.245402195497093,4.4677306932072725,0,xstock_reversion
nvdax,2026-09-08T20:20:00Z,15,afterhours,1,21.89566441570534,4.856916491400298,-17.038747924305042,-15.121930648902548,33.11740966791373,17.038747924305042,8.332286058694294,1,-6.179340057199667,31.550374040199003,2.371017228499639,0,xstock_reversion
nvdax,2026-09-08T20:20:00Z,30,afterhours,1,21.89566441570534,4.856916491400298,-17.038747924305042,-15.121930648902548,33.11740966791373,17.038747924305042,4.802517211999202,1,-5.073082698796583,26.914347835100827,-3.619702652395418,0,xstock_reversion
nvdax,2026-09-08T20:20:00Z,60,afterhours,1,21.89566441570534,4.856916491400298,-17.038747924305042,-15.121930648902548,33.11740966791373,17.038747924305042,2.33574544570736,1,-9.190709347492998,28.5652027175054,-0.42096298169980173,0,xstock_reversion
nvdax,2026-09-09T08:20:00Z,5,premarket,1,63.29584241420605,26.155305644604,37.14053676960205,40.591719153200145,25.559379766871828,37.14053676960205,8.06676239370141,1,-16.356509704502642,61.5638088678061,15.472693787703662,0,xstock_reversion
nvdax,2026-09-09T08:20:00Z,15,premarket,1,63.29584241420605,26.155305644604,37.14053676960205,40.591719153200145,25.559379766871828,37.14053676960205,5.3824134525015666,1,-19.287691937899254,61.81064216000287,-3.5399796820989593,0,xstock_reversion
nvdax,2026-09-09T08:20:00Z,30,premarket,1,63.29584241420605,26.155305644604,37.14053676960205,40.591719153200145,25.559379766871828,37.14053676960205,7.217256530598348,1,-22.273482689501023,52.196762928504725,3.9809798159051724,0,xstock_reversion
nvdax,2026-09-09T08:20:00Z,60,premarket,1,63.29584241420605,26.155305644604,37.14053676960205,40.591719153200145,25.559379766871828,37.14053676960205,5.15784154440091,1,-30.49651632649919,72.79489464050215,-16.826075524898343,0,xstock_reversion
nvdax,2026-09-09T09:55:00Z,5,premarket,0,9.503132868697861,29.590932946197412,-20.08780007749955,-56.27753972309968,16.023051779029913,20.08780007749955,16.871830653704123,1,22.28596122419546,-19.069991800400032,-8.023893801896165,1,p1a_catchup
nvdax,2026-09-09T09:55:00Z,15,premarket,0,9.503132868697861,29.590932946197412,-20.08780007749955,-56.27753972309968,16.023051779029913,20.08780007749955,4.665395721197285,1,26.49686493999326,-1.7436691412964223,-3.5669698969975627,1,p1a_catchup
nvdax,2026-09-09T09:55:00Z,30,premarket,0,9.503132868697861,29.590932946197412,-20.08780007749955,-56.27753972309968,16.023051779029913,20.08780007749955,4.70603323029728,1,18.718935540196213,6.074897767600618,-11.58800325780085,1,p1a_catchup
nvdax,2026-09-09T09:55:00Z,60,premarket,0,9.503132868697861,29.590932946197412,-20.08780007749955,-56.27753972309968,16.023051779029913,20.08780007749955,14.273228175598618,1,29.424626703198342,-23.61005480129741,-6.687025191798313,1,p1a_catchup
nvdax,2026-09-09T10:00:00Z,5,premarket,1,17.590752733598336,0.7189220798942131,-16.871830653704123,-53.17658909619993,16.326150826148254,16.871830653704123,14.955126411004827,1,6.959878248498086,-5.0431740057987895,6.686130985196215,0,p1a_catchup
nvdax,2026-09-09T10:00:00Z,15,premarket,1,17.590752733598336,0.7189220798942131,-16.871830653704123,-53.17658909619993,16.326150826148254,16.871830653704123,4.0634351879997865,1,2.0025829048009314,18.932682936902978,4.0111421150967885,0,xstock_reversion
nvdax,2026-09-09T10:00:00Z,30,premarket,1,17.590752733598336,0.7189220798942131,-16.871830653704123,-53.17658909619993,16.326150826148254,16.871830653704123,2.35592410469998,1,-5.057146359099818,24.28490111750392,-4.454938372804307,0,xstock_reversion
nvdax,2026-09-09T10:00:00Z,60,premarket,1,17.590752733598336,0.7189220798942131,-16.871830653704123,-53.17658909619993,16.326150826148254,16.871830653704123,12.487319872800384,1,-2.0536052373021363,31.412755763806643,-9.353079403604525,0,xstock_reversion
nvdax,2026-09-09T12:20:00Z,5,premarket,1,39.86206806570358,20.00834573889776,-19.853722326805823,-34.29841284679824,14.266946033326027,19.853722326805823,5.761926784400018,1,-12.312459529697506,37.928108640903346,8.459672358300807,0,xstock_reversion
nvdax,2026-09-09T12:20:00Z,15,premarket,1,39.86206806570358,20.00834573889776,-19.853722326805823,-34.29841284679824,14.266946033326027,19.853722326805823,4.802396851806279,1,-14.189346360300448,29.24067183529999,8.905116577597738,0,xstock_reversion
nvdax,2026-09-09T12:20:00Z,30,premarket,1,39.86206806570358,20.00834573889776,-19.853722326805823,-34.29841284679824,14.266946033326027,19.853722326805823,4.268392160406975,1,-22.851650685193903,46.9737651724067,8.01424798019923,0,xstock_reversion
nvdax,2026-09-09T12:20:00Z,60,premarket,1,39.86206806570358,20.00834573889776,-19.853722326805823,-34.29841284679824,14.266946033326027,19.853722326805823,1.0468109501005074,1,-14.021921349298694,34.922454626205024,7.3016102403045124,0,xstock_reversion
nvdax,2026-09-09T13:25:00Z,5,premarket,0,2.5399770423994994,23.791340174694753,21.251363132295253,23.270258399197274,17.530978527425322,21.251363132295253,0.4882633618041865,1,10.617310436700222,11.122316057399217,-10.213371522098669,1,xstock_reversion
nvdax,2026-09-09T13:25:00Z,15,premarket,0,2.5399770423994994,23.791340174694753,21.251363132295253,23.270258399197274,17.530978527425322,21.251363132295253,14.4164954228021,1,23.012125582697607,12.655732972399747,-23.995745605498442,0,p1a_catchup
nvdax,2026-09-09T13:25:00Z,30,premarket,0,2.5399770423994994,23.791340174694753,21.251363132295253,23.270258399197274,17.530978527425322,21.251363132295253,4.690787074199676,1,2.08766499289581,14.472911065199767,-20.432737597300132,0,xstock_reversion
nvdax,2026-09-09T13:25:00Z,60,premarket,0,2.5399770423994994,23.791340174694753,21.251363132295253,23.270258399197274,17.530978527425322,21.251363132295253,18.331555869597338,1,-10.720421770598065,13.64022903329598,-18.880712857898274,0,xstock_reversion
nvdax,2026-09-09T14:25:00Z,5,regular,0,2.700506782202794,15.631049087394544,18.331555869597338,26.163686890905424,24.083500852505264,18.331555869597338,3.7486378984041835,1,15.084135281195898,-0.5012173100027439,1.5562299249971545,1,p1a_catchup
nvdax,2026-09-09T14:25:00Z,15,regular,0,2.700506782202794,15.631049087394544,18.331555869597338,26.163686890905424,24.083500852505264,18.331555869597338,9.03723768829856,1,11.708768854195029,-2.414450672896251,-19.139187753598463,0,p1a_catchup
nvdax,2026-09-09T14:25:00Z,30,regular,0,2.700506782202794,15.631049087394544,18.331555869597338,26.163686890905424,24.083500852505264,18.331555869597338,2.246031522794567,1,-6.131457830100828,22.2169821769036,-18.69367407629774,0,xstock_reversion
nvdax,2026-09-09T14:25:00Z,60,regular,0,2.700506782202794,15.631049087394544,18.331555869597338,26.163686890905424,24.083500852505264,18.331555869597338,3.5824051999000517,1,-39.70173145000366,61.61569251950105,-57.746956226898405,0,xstock_reversion
nvdax,2026-09-09T22:05:00Z,5,afterhours,1,56.026070092904945,15.92594600560382,-40.100124087301126,-56.69565914470098,19.08993485012791,40.100124087301126,7.681458831791943,1,-10.036720295305557,57.818303214398625,-3.426705882194625,0,xstock_reversion
nvdax,2026-09-09T22:05:00Z,15,afterhours,1,56.026070092904945,15.92594600560382,-40.100124087301126,-56.69565914470098,19.08993485012791,40.100124087301126,6.466960577400371,1,-12.38089802110487,46.01406153100562,-0.04474262929932138,0,xstock_reversion
nvdax,2026-09-09T22:05:00Z,30,afterhours,1,56.026070092904945,15.92594600560382,-40.100124087301126,-56.69565914470098,19.08993485012791,40.100124087301126,0.02928737649732227,1,-16.5138964749989,56.584733185802705,-2.4337083034975393,0,xstock_reversion
nvdax,2026-09-09T22:05:00Z,60,afterhours,1,56.026070092904945,15.92594600560382,-40.100124087301126,-56.69565914470098,19.08993485012791,40.100124087301126,32.17890582710048,1,-29.799937099603824,102.07896701400543,-0.06711386880020598,0,xstock_reversion
nvdax,2026-09-09T23:05:00Z,5,afterhours,1,45.98578305230028,13.806877225199798,32.17890582710048,49.139928792802934,19.0698343212557,32.17890582710048,8.97851803680183,1,-9.620862918504614,50.77828678240692,1.2750779325010342,0,xstock_reversion
nvdax,2026-09-09T23:05:00Z,15,afterhours,1,45.98578305230028,13.806877225199798,32.17890582710048,49.139928792802934,19.0698343212557,32.17890582710048,2.636530098598655,1,-10.040344663000411,39.582720391502235,2.1742456660955867,0,xstock_reversion
nvdax,2026-09-09T23:05:00Z,30,afterhours,1,45.98578305230028,13.806877225199798,32.17890582710048,49.139928792802934,19.0698343212557,32.17890582710048,4.149576087399964,1,-12.40866516940109,40.437994909101604,-1.812232574804895,0,xstock_reversion
nvdax,2026-09-10T10:55:00Z,5,premarket,1,18.693754548602115,1.6658669321056863,17.02788761649643,15.957107713102658,14.294577502571856,17.02788761649643,7.156189424000203,1,-4.28461529380364,28.468692334300272,-13.90914413809341,0,xstock_reversion
nvdax,2026-09-10T10:55:00Z,15,premarket,1,18.693754548602115,1.6658669321056863,17.02788761649643,15.957107713102658,14.294577502571856,17.02788761649643,0.03536822819505403,1,-13.740235779504673,30.803491624196155,-17.052597921596302,0,xstock_reversion
nvdax,2026-09-10T10:55:00Z,30,premarket,1,18.693754548602115,1.6658669321056863,17.02788761649643,15.957107713102658,14.294577502571856,17.02788761649643,2.9583213049999557,1,-19.128103411603092,39.11431233309948,-21.095633847396655,0,xstock_reversion
nvdax,2026-09-10T10:55:00Z,60,premarket,1,18.693754548602115,1.6658669321056863,17.02788761649643,15.957107713102658,14.294577502571856,17.02788761649643,2.2461224908987276,1,-35.57196578440447,54.845975891799625,-34.521248930197146,0,xstock_reversion
nvdax,2026-09-10T12:30:00Z,5,premarket,0,18.17447694599572,36.89329823790111,-18.718821291905385,-18.44948872330221,20.12436916163855,18.718821291905385,7.519581035495548,1,21.187097287604928,-9.987857031195091,-3.7088800965001667,1,p1a_catchup
nvdax,2026-09-10T12:30:00Z,15,premarket,0,18.17447694599572,36.89329823790111,-18.718821291905385,-18.44948872330221,20.12436916163855,18.718821291905385,8.703901276803094,1,40.580184105802886,-30.565264090700595,10.41030261260012,1,p1a_catchup
nvdax,2026-09-10T12:30:00Z,30,premarket,0,18.17447694599572,36.89329823790111,-18.718821291905385,-18.44948872330221,20.12436916163855,18.718821291905385,11.89950385860783,1,55.81655092300686,-25.198225772493643,28.08736103999898,1,p1a_catchup
nvdax,2026-09-10T12:30:00Z,60,premarket,0,18.17447694599572,36.89329823790111,-18.718821291905385,-18.44948872330221,20.12436916163855,18.718821291905385,34.000407135801325,0,103.82718925350254,-119.10877509739848,102.30849724420565,1,persistent_or_wider
nvdax,2026-09-10T13:30:00Z,5,regular,0,1.3741990928028969,35.37460622860422,-34.000407135801325,-82.27600754040054,35.75613212339029,34.000407135801325,2.9880032846030247,1,17.476749658902335,19.511660761502014,-10.424181021804202,1,xstock_reversion
nvdax,2026-09-10T13:30:00Z,15,regular,0,1.3741990928028969,35.37460622860422,-34.000407135801325,-82.27600754040054,35.75613212339029,34.000407135801325,6.729615549296852,1,43.977113383100175,-3.2470906980019976,6.857926888992338,1,p1a_catchup
nvdax,2026-09-10T13:30:00Z,30,regular,0,1.3741990928028969,35.37460622860422,-34.000407135801325,-82.27600754040054,35.75613212339029,34.000407135801325,14.186472571600106,1,71.09818004810364,-22.911300340702212,27.459971488594803,1,p1a_catchup
nvdax,2026-09-10T13:30:00Z,60,regular,0,1.3741990928028969,35.37460622860422,-34.000407135801325,-82.27600754040054,35.75613212339029,34.000407135801325,4.448592438297538,1,52.35415561560153,-13.905156041502664,37.54755086659678,1,p1a_catchup
nvdax,2026-09-10T20:40:00Z,5,afterhours,1,24.75669552609361,3.9090144862985454,20.847681039795063,24.357328402793144,15.78005735752541,20.847681039795063,10.40524375950369,1,2.4100945725979983,8.032342707693374,-2.1195446126043294,0,xstock_reversion
nvdax,2026-09-10T20:40:00Z,15,afterhours,1,24.75669552609361,3.9090144862985454,20.847681039795063,24.357328402793144,15.78005735752541,20.847681039795063,2.3467878000982267,1,-7.902887235999856,31.097356075893146,-2.4034054310995145,0,xstock_reversion
nvdax,2026-09-10T20:40:00Z,30,afterhours,1,24.75669552609361,3.9090144862985454,20.847681039795063,24.357328402793144,15.78005735752541,20.847681039795063,6.6103108892967555,1,41.022554451295434,-13.564562522203616,44.921912186293156,1,p1a_catchup
nvdax,2026-09-10T20:40:00Z,60,afterhours,1,24.75669552609361,3.9090144862985454,20.847681039795063,24.357328402793144,15.78005735752541,20.847681039795063,14.70748940500144,1,7.9786679460003285,27.576502498796174,3.8305207847955103,0,xstock_reversion
nvdax,2026-09-10T21:00:00Z,5,afterhours,0,7.9518177772985865,25.416662371497978,33.368480148796564,26.5799744296924,28.36172460143575,33.368480148796564,32.389806471995186,1,24.000311520202544,-23.021637843401166,29.604011327606372,1,p1a_catchup
nvdax,2026-09-10T21:00:00Z,15,afterhours,0,7.9518177772985865,25.416662371497978,33.368480148796564,26.5799744296924,28.36172460143575,33.368480148796564,8.515706082699026,1,31.614757571603036,10.269428659892554,-2.737101426699695,1,p1a_catchup
nvdax,2026-09-10T21:00:00Z,30,afterhours,0,7.9518177772985865,25.416662371497978,33.368480148796564,26.5799744296924,28.36172460143575,33.368480148796564,20.745578964493916,1,20.78178404370412,-8.158882859401473,-18.266079372493138,0,p1a_catchup
nvdax,2026-09-10T21:00:00Z,60,afterhours,0,7.9518177772985865,25.416662371497978,33.368480148796564,26.5799744296924,28.36172460143575,33.368480148796564,0.08745342159777181,1,1.5929027007022256,31.86303086969211,-18.266079372493138,0,xstock_reversion
nvdax,2026-09-10T21:05:00Z,5,afterhours,0,1.3694442930933803,31.020362178901806,32.389806471995186,78.15869611609294,28.33493643528214,32.389806471995186,6.6103108892967555,1,10.995410318095367,28.004707043196575,-20.034608612107263,0,xstock_reversion
nvdax,2026-09-10T21:05:00Z,15,afterhours,0,1.3694442930933803,31.020362178901806,32.389806471995186,78.15869611609294,28.33493643528214,32.389806471995186,7.888628227901151,1,0.5642122579985198,39.71422244189782,-35.99174709260744,0,xstock_reversion
nvdax,2026-09-10T21:05:00Z,30,afterhours,0,1.3694442930933803,31.020362178901806,32.389806471995186,78.15869611609294,28.33493643528214,32.389806471995186,7.918221091696154,1,-12.34183757940599,52.64986514309733,-52.18924865490138,0,xstock_reversion
nvdax,2026-09-10T21:05:00Z,60,afterhours,0,1.3694442930933803,31.020362178901806,32.389806471995186,78.15869611609294,28.33493643528214,32.389806471995186,5.987123229802549,1,-17.593760015204296,43.99644325739693,-49.69350762850766,0,xstock_reversion
nvdax,2026-09-10T21:30:00Z,5,afterhours,1,34.3767800091932,13.631201044699282,20.745578964493916,18.428311519294027,24.565746181853836,20.745578964493916,7.918221091696154,1,-9.123310102907567,37.78711015909764,-4.319157954801867,0,xstock_reversion
nvdax,2026-09-10T21:30:00Z,15,afterhours,1,34.3767800091932,13.631201044699282,20.745578964493916,18.428311519294027,24.565746181853836,20.745578964493916,5.997400774298001,1,-24.74483655940496,51.487816298196876,-14.88038350790255,0,xstock_reversion
nvdax,2026-09-10T21:30:00Z,30,afterhours,1,34.3767800091932,13.631201044699282,20.745578964493916,18.428311519294027,24.565746181853836,20.745578964493916,0.08745342159777181,1,-19.188881343001896,40.02191372909358,0.0,0,xstock_reversion
nvdax,2026-09-10T21:30:00Z,60,afterhours,1,34.3767800091932,13.631201044699282,20.745578964493916,18.428311519294027,24.565746181853836,20.745578964493916,0.5634014253974584,1,-17.909823015100912,38.09200055419737,-17.832568432201157,0,xstock_reversion
nvdax,2026-09-11T10:05:00Z,5,premarket,1,46.36594527799964,14.71865531209815,31.647289965901493,66.06567377899886,25.60916333975239,31.647289965901493,6.2981458754052255,1,-10.062837734796659,48.00827357610338,-1.3615012842027596,0,xstock_reversion
nvdax,2026-09-11T10:05:00Z,15,premarket,1,46.36594527799964,14.71865531209815,31.647289965901493,66.06567377899886,25.60916333975239,31.647289965901493,1.198784477995929,1,-13.086806992497202,43.535312480402766,-3.1771247289036353,0,xstock_reversion
nvdax,2026-09-11T10:05:00Z,30,premarket,1,46.36594527799964,14.71865531209815,31.647289965901493,66.06567377899886,25.60916333975239,31.647289965901493,2.083197814402027,1,-17.84191144899694,51.57239922930046,-9.534404027604637,0,xstock_reversion
nvdax,2026-09-11T10:05:00Z,60,premarket,1,46.36594527799964,14.71865531209815,31.647289965901493,66.06567377899886,25.60916333975239,31.647289965901493,2.9633443927057357,1,-36.71929200550039,65.40323757869615,-27.90238707739867,0,xstock_reversion
nvdax,2026-09-11T11:55:00Z,5,premarket,1,47.257018225099756,21.963732186494056,25.2932860386057,24.433512834400872,13.25094975157071,25.2932860386057,9.312839318402766,1,-5.8812135350994055,21.86166025530234,0.9105809512988117,0,xstock_reversion
nvdax,2026-09-11T11:55:00Z,15,premarket,1,47.257018225099756,21.963732186494056,25.2932860386057,24.433512834400872,13.25094975157071,25.2932860386057,9.150992898696586,1,-19.482360396496645,53.92663933379893,-17.316810743697175,0,xstock_reversion
nvdax,2026-09-11T11:55:00Z,30,premarket,1,47.257018225099756,21.963732186494056,25.2932860386057,24.433512834400872,13.25094975157071,25.2932860386057,16.36960938250276,1,-26.61620254739816,35.5398792035011,-0.4553215709002245,0,xstock_reversion
nvdax,2026-09-11T11:55:00Z,60,premarket,1,47.257018225099756,21.963732186494056,25.2932860386057,24.433512834400872,13.25094975157071,25.2932860386057,26.874810787598236,0,37.105904250607225,-38.68742899959976,75.7493473034021,1,persistent_or_wider
nvdax,2026-09-11T12:25:00Z,5,premarket,1,12.17246059249888,4.1971487900038795,16.36960938250276,18.38676013029783,18.44261573104596,16.36960938250276,8.463841898000979,1,-2.139413014496938,26.972864295000676,-2.2723645280020577,0,xstock_reversion
nvdax,2026-09-11T12:25:00Z,15,premarket,1,12.17246059249888,4.1971487900038795,16.36960938250276,18.38676013029783,18.44261573104596,16.36960938250276,2.632299875600097,1,4.896878419602402,14.105030838500454,13.505128358302088,1,xstock_reversion
nvdax,2026-09-11T12:25:00Z,30,premarket,1,12.17246059249888,4.1971487900038795,16.36960938250276,18.38676013029783,18.44261573104596,16.36960938250276,26.874810787598236,0,63.722106798005385,-74.22730820310086,76.20466887430233,1,persistent_or_wider
nvdax,2026-09-11T12:25:00Z,60,premarket,1,12.17246059249888,4.1971487900038795,16.36960938250276,18.38676013029783,18.44261573104596,16.36960938250276,10.843970656306823,1,73.16947716129896,-67.64383843510302,75.75278338199709,1,p1a_catchup
nvdax,2026-09-11T12:45:00Z,5,premarket,0,3.125458863992847,18.787585602701995,21.913044466694842,54.190960389597365,29.246086952069298,21.913044466694842,21.81594703279721,1,19.57056620899955,-19.47346877510192,20.490031934992103,1,p1a_catchup
nvdax,2026-09-11T12:45:00Z,15,premarket,0,3.125458863992847,18.787585602701995,21.913044466694842,54.190960389597365,29.246086952069298,21.913044466694842,9.294762765001963,1,54.50431250979548,-41.8860308081026,45.812224981895966,1,p1a_catchup
nvdax,2026-09-11T12:45:00Z,30,premarket,0,3.125458863992847,18.787585602701995,21.913044466694842,54.190960389597365,29.246086952069298,21.913044466694842,6.982022433703605,1,50.0370857433019,-21.142018842903454,26.374115658693853,1,p1a_catchup
nvdax,2026-09-11T12:45:00Z,60,premarket,0,3.125458863992847,18.787585602701995,21.913044466694842,54.190960389597365,29.246086952069298,21.913044466694842,0.7090529996034434,1,-1.600928485405717,22.804919952497116,-27.617531119004113,0,xstock_reversion
nvdax,2026-09-11T12:50:00Z,5,premarket,0,2.1088957041026646,19.707051328694547,21.81594703279721,43.33574310839694,27.729390610347238,21.81594703279721,26.874810787598236,0,22.476879578601228,-27.53574333340225,19.449539116207504,1,persistent_or_wider
nvdax,2026-09-11T12:50:00Z,15,premarket,0,2.1088957041026646,19.707051328694547,21.81594703279721,43.33574310839694,27.729390610347238,21.81594703279721,3.3324383166011273,1,38.09990603030222,-12.951520680903883,21.03097755080441,1,p1a_catchup
nvdax,2026-09-11T12:50:00Z,30,premarket,0,2.1088957041026646,19.707051328694547,21.81594703279721,43.33574310839694,27.729390610347238,21.81594703279721,2.8686117069032235,1,26.75133577429989,-2.066777034599454,6.789020152604408,1,p1a_catchup
nvdax,2026-09-11T12:50:00Z,60,premarket,0,2.1088957041026646,19.707051328694547,21.81594703279721,43.33574310839694,27.729390610347238,21.81594703279721,22.769320430295892,0,7.172597870201969,-8.125971267700649,13.12128324350681,1,persistent_or_wider
nvdax,2026-09-11T12:55:00Z,5,premarket,0,10.195099921297412,16.679710866300823,26.874810787598236,88.33233904160132,27.8531783910945,26.874810787598236,9.294762765001963,1,12.456866722194704,5.123181300401569,5.872653930696359,1,p1a_catchup
nvdax,2026-09-11T12:55:00Z,15,premarket,0,10.195099921297412,16.679710866300823,26.874810787598236,88.33233904160132,27.8531783910945,26.874810787598236,8.308848126103996,1,20.931980202094636,-2.366017540600396,-15.828154802504102,0,p1a_catchup
nvdax,2026-09-11T12:55:00Z,30,premarket,0,10.195099921297412,16.679710866300823,26.874810787598236,88.33233904160132,27.8531783910945,26.874810787598236,10.843970656306823,1,9.447370363293572,6.5834697679978404,-0.45188549230523734,1,p1a_catchup
nvdax,2026-09-11T12:55:00Z,60,premarket,0,10.195099921297412,16.679710866300823,26.874810787598236,88.33233904160132,27.8531783910945,26.874810787598236,12.328596669801684,1,18.35603815359299,-3.8098240357964386,13.998331517592888,1,p1a_catchup
nvdax,2026-09-11T13:30:00Z,5,regular,0,8.190319128598134,31.931785293002335,-23.7414661644042,-45.059597909302695,31.461512572291973,23.7414661644042,11.880213778594495,1,36.76946723360608,-24.908214847796373,7.282658492098193,1,p1a_catchup
nvdax,2026-09-11T13:30:00Z,15,regular,0,8.190319128598134,31.931785293002335,-23.7414661644042,-45.059597909302695,31.461512572291973,23.7414661644042,0.7090529996034434,1,23.33786005010552,1.1126591139021258,-1.3649082120004152,1,p1a_catchup
nvdax,2026-09-11T13:30:00Z,30,regular,0,8.190319128598134,31.931785293002335,-23.7414661644042,-45.059597909302695,31.461512572291973,23.7414661644042,3.8722266643009817,1,-51.87948164559586,79.49317447430104,-78.40689174190452,0,xstock_reversion
nvdax,2026-09-11T13:30:00Z,60,regular,0,8.190319128598134,31.931785293002335,-23.7414661644042,-45.059597909302695,31.461512572291973,23.7414661644042,18.936398749502814,1,-25.568043883001934,30.37311129790332,-17.047977124899916,1,xstock_reversion
nvdax,2026-09-11T13:50:00Z,5,regular,0,2.886416271703496,25.655736701999388,22.769320430295892,76.42523395699818,40.20072865004189,22.769320430295892,12.328596669801684,1,33.66031986199225,-23.21959610149804,20.326587390293582,1,p1a_catchup
nvdax,2026-09-11T13:50:00Z,15,regular,0,2.886416271703496,25.655736701999388,22.769320430295892,76.42523395699818,40.20072865004189,22.769320430295892,5.405984675501685,1,35.73368256249765,-7.558377456700072,9.942604877499761,1,p1a_catchup
nvdax,2026-09-11T13:50:00Z,30,regular,0,2.886416271703496,25.655736701999388,22.769320430295892,76.42523395699818,40.20072865004189,22.769320430295892,6.477498650294677,1,39.540409816298805,-23.24858803629759,13.104088994797536,1,p1a_catchup
nvdax,2026-09-11T13:50:00Z,60,regular,0,2.886416271703496,25.655736701999388,22.769320430295892,76.42523395699818,40.20072865004189,22.769320430295892,6.1172850683988145,1,-35.28877763880445,64.17538313749915,-69.64874962470446,0,xstock_reversion
nvdax,2026-09-11T14:30:00Z,5,regular,0,21.51545330160154,40.45185205110435,-18.936398749502814,-29.932764844398108,27.911507784876864,18.936398749502814,11.475752203002898,1,41.594492455905296,-34.13384590940538,2.4985519884968,1,p1a_catchup
nvdax,2026-09-11T14:30:00Z,15,regular,0,21.51545330160154,40.45185205110435,-18.936398749502814,-29.932764844398108,27.911507784876864,18.936398749502814,3.5922744074934343,1,45.50450857720101,-22.97583542020476,7.5202579061972585,1,p1a_catchup
nvdax,2026-09-11T14:30:00Z,30,regular,0,21.51545330160154,40.45185205110435,-18.936398749502814,-29.932764844398108,27.911507784876864,18.936398749502814,13.076796470796737,1,48.23179607930328,-16.21860085900373,3.407271149500346,1,p1a_catchup
nvdax,2026-09-11T14:30:00Z,60,regular,0,21.51545330160154,40.45185205110435,-18.936398749502814,-29.932764844398108,27.911507784876864,18.936398749502814,0.8938695145044306,1,41.46710519099983,-23.424575956001448,14.773233592402235,1,p1a_catchup
nvdax,2026-09-11T20:05:00Z,5,afterhours,1,20.553916833598862,1.4967473249960506,19.05716950860281,-7.735412427898325,19.191711838533756,19.05716950860281,9.220631017194947,1,3.0070369517076756,6.829501539700189,-1.0898838185013915,0,xstock_reversion
nvdax,2026-09-11T20:05:00Z,15,afterhours,1,20.553916833598862,1.4967473249960506,19.05716950860281,-7.735412427898325,19.191711838533756,19.05716950860281,7.8828114655049575,1,3.9072816981988723,7.267076344898982,-1.5478536383994879,0,xstock_reversion
nvdax,2026-09-11T20:05:00Z,30,afterhours,1,20.553916833598862,1.4967473249960506,19.05716950860281,-7.735412427898325,19.191711838533756,19.05716950860281,14.04787044879896,1,6.262054206107592,-1.2527551463037412,0.283899812698607,0,p1a_catchup
nvdax,2026-09-11T20:05:00Z,60,afterhours,1,20.553916833598862,1.4967473249960506,19.05716950860281,-7.735412427898325,19.191711838533756,19.05716950860281,2.770415166901685,1,0.8657756298013908,15.420978711899735,-3.8380173950969265,0,xstock_reversion
nvdax,2026-09-11T23:10:00Z,5,afterhours,1,28.30774664330349,8.520503435107685,19.787243208195804,17.86931165240091,12.770657402310079,19.787243208195804,3.4620824771991465,1,-5.112947245802246,28.362272931197197,-0.00916373999793052,0,xstock_reversion
nvdax,2026-09-11T23:10:00Z,15,afterhours,1,28.30774664330349,8.520503435107685,19.787243208195804,17.86931165240091,12.770657402310079,19.787243208195804,3.3383152080990186,1,-7.117433955103891,23.566361955200676,0.38486949720528685,0,xstock_reversion
nvdax,2026-09-11T23:10:00Z,30,afterhours,1,28.30774664330349,8.520503435107685,19.787243208195804,17.86931165240091,12.770657402310079,19.787243208195804,23.90552595169737,0,3.6806202918970854,-7.798903035398652,0.4535946345018971,0,persistent_or_wider
nvdax,2026-09-11T23:40:00Z,5,afterhours,1,35.653055044200244,11.747529092502873,23.90552595169737,31.36526499059933,18.205498423492703,23.90552595169737,2.1919900139977244,1,-4.287466935899431,26.001002873599077,-2.8501987083995317,0,xstock_reversion
nvdax,2026-09-11T23:40:00Z,15,afterhours,1,35.653055044200244,11.747529092502873,23.90552595169737,31.36526499059933,18.205498423492703,23.90552595169737,2.901207884100643,1,-9.669445925801767,30.673763993398495,-0.06872513729661023,0,xstock_reversion
nvdax,2026-09-14T08:30:00Z,5,premarket,1,34.015656641095404,15.866749343595998,18.148907297499406,0.21115065759857998,15.863308461178411,18.148907297499406,8.364249697301318,1,-3.449635281498331,13.234292881696419,2.817959815697435,0,xstock_reversion
nvdax,2026-09-14T08:30:00Z,15,premarket,1,34.015656641095404,15.866749343595998,18.148907297499406,0.21115065759857998,15.863308461178411,18.148907297499406,13.227932766595174,1,-16.2860997251979,47.66293978929248,-31.05008140099841,0,xstock_reversion
nvdax,2026-09-14T08:30:00Z,30,premarket,1,34.015656641095404,15.866749343595998,18.148907297499406,0.21115065759857998,15.863308461178411,18.148907297499406,11.547221911900607,1,-41.05468822150016,47.656373607098956,-41.89325715640457,0,xstock_reversion
nvdax,2026-09-14T08:30:00Z,60,premarket,1,34.015656641095404,15.866749343595998,18.148907297499406,0.21115065759857998,15.863308461178411,18.148907297499406,19.734871413996657,0,-73.73218015399807,72.14621603750082,-53.22042468800525,0,persistent_or_wider
nvdax,2026-09-14T09:30:00Z,5,premarket,1,15.089865291599835,4.645006122396822,19.734871413996657,12.330713446395691,18.814334136767698,19.734871413996657,9.76421341679412,1,6.972290070104137,2.9983679270984,-2.2150167362955386,0,p1a_catchup
nvdax,2026-09-14T09:30:00Z,15,premarket,1,15.089865291599835,4.645006122396822,19.734871413996657,12.330713446395691,18.814334136767698,19.734871413996657,3.3707910271996155,1,8.57214017480068,7.791940211996362,6.609073554004752,1,p1a_catchup
nvdax,2026-09-14T09:30:00Z,30,premarket,1,15.089865291599835,4.645006122396822,19.734871413996657,12.330713446395691,18.814334136767698,19.734871413996657,1.687007570501109,1,11.270971455399348,10.150907529098419,3.305082775204582,0,p1a_catchup
nvdax,2026-09-14T09:30:00Z,60,premarket,1,15.089865291599835,4.645006122396822,19.734871413996657,12.330713446395691,18.814334136767698,19.734871413996657,12.263379053996104,1,10.602405098900647,21.395845369092115,14.482330104108598,1,xstock_reversion
nvdax,2026-09-14T10:05:00Z,5,premarket,1,15.14219647080317,0.4312031670927752,-15.573399637895946,-44.47149376770376,14.176471798926658,15.573399637895946,11.427543168203158,1,-5.374287385304655,32.37523019140376,-3.457177787193899,0,xstock_reversion
nvdax,2026-09-14T10:05:00Z,15,premarket,1,15.14219647080317,0.4312031670927752,-15.573399637895946,-44.47149376770376,14.176471798926658,15.573399637895946,13.949895679603586,1,-6.828730785102266,36.3520261026018,-11.481534499200308,0,xstock_reversion
nvdax,2026-09-14T10:05:00Z,30,premarket,1,15.14219647080317,0.4312031670927752,-15.573399637895946,-44.47149376770376,14.176471798926658,15.573399637895946,4.600750294105893,1,-14.804688891301154,34.97883882330299,-20.800584328792837,0,xstock_reversion
nvdax,2026-09-14T10:05:00Z,60,premarket,1,15.14219647080317,0.4312031670927752,-15.573399637895946,-44.47149376770376,14.176471798926658,15.573399637895946,1.55374405600206,1,-26.84475642870332,40.864412010597206,-23.741638831094036,0,xstock_reversion
nvdax,2026-09-14T10:55:00Z,5,premarket,0,6.500373824902539,12.663197097397827,19.163570922300366,2.152034162197225,24.50748600311015,19.163570922300366,7.843244726499776,1,9.841288177296903,1.4790380185036867,1.2480969482009385,1,p1a_catchup
nvdax,2026-09-14T10:55:00Z,15,premarket,0,6.500373824902539,12.663197097397827,19.163570922300366,2.152034162197225,24.50748600311015,19.163570922300366,0.4846337644970333,1,9.100466387002015,10.547738299795384,-6.5963063076956985,0,xstock_reversion
nvdax,2026-09-14T10:55:00Z,30,premarket,0,6.500373824902539,12.663197097397827,19.163570922300366,2.152034162197225,24.50748600311015,19.163570922300366,25.10868151420098,0,34.903161831199014,-40.84827242309963,44.177156159905806,1,persistent_or_wider
nvdax,2026-09-14T10:55:00Z,60,premarket,0,6.500373824902539,12.663197097397827,19.163570922300366,2.152034162197225,24.50748600311015,19.163570922300366,0.3284946216020046,1,53.37852599289761,-34.543449692199246,31.038399636003078,1,p1a_catchup
nvdax,2026-09-14T11:25:00Z,5,premarket,0,3.1714900880963626,21.93719142610462,25.10868151420098,51.396010722895014,14.176173006537388,25.10868151420098,8.903512435995964,1,14.76197093360554,1.443198144599478,-7.036472672199423,1,p1a_catchup
nvdax,2026-09-14T11:25:00Z,15,premarket,0,3.1714900880963626,21.93719142610462,25.10868151420098,51.396010722895014,14.176173006537388,25.10868151420098,3.7930423489029863,1,19.077114972798626,2.2385241924993693,-4.690431605700596,1,p1a_catchup
nvdax,2026-09-14T11:25:00Z,30,premarket,0,3.1714900880963626,21.93719142610462,25.10868151420098,51.396010722895014,14.176173006537388,25.10868151420098,0.3284946216020046,1,18.475364161698593,6.3048227309003835,-13.138756523902728,0,p1a_catchup
nvdax,2026-09-14T11:25:00Z,60,premarket,0,3.1714900880963626,21.93719142610462,25.10868151420098,51.396010722895014,14.176173006537388,25.10868151420098,14.942999578799743,1,1.542605765898486,38.50907532710224,-20.184483581999757,0,xstock_reversion
nvdax,2026-09-14T13:25:00Z,5,premarket,0,18.678446712199204,42.917285956498574,-24.23883924429937,-2.50620429159909,32.139259492207046,24.23883924429937,37.565303911994974,0,72.55449516589962,-85.88095983359523,73.1768530318,1,persistent_or_wider
nvdax,2026-09-14T13:25:00Z,15,premarket,0,18.678446712199204,42.917285956498574,-24.23883924429937,-2.50620429159909,32.139259492207046,24.23883924429937,12.171354478702767,1,109.65181957249825,-73.24162584949612,64.59602588559932,1,p1a_catchup
nvdax,2026-09-14T13:25:00Z,30,premarket,0,18.678446712199204,42.917285956498574,-24.23883924429937,-2.50620429159909,32.139259492207046,24.23883924429937,2.3029559607046224,1,61.820862701500445,-35.27906749649645,20.378671065302,1,p1a_catchup
nvdax,2026-09-14T13:25:00Z,60,premarket,0,18.678446712199204,42.917285956498574,-24.23883924429937,-2.50620429159909,32.139259492207046,24.23883924429937,12.0023923927004,1,68.57870954149803,-32.33747790449826,36.28390771480028,1,p1a_catchup
nvdax,2026-09-14T13:30:00Z,5,regular,0,5.97433991040397,43.53964382239894,-37.565303911994974,-112.82680810069223,42.435391100798626,37.565303911994974,9.761865573505446,1,40.86561528209742,-13.062176943607895,19.57274762570016,1,p1a_catchup
nvdax,2026-09-14T13:30:00Z,15,regular,0,5.97433991040397,43.53964382239894,-37.565303911994974,-112.82680810069223,42.435391100798626,37.565303911994974,26.347486885303084,1,-2.2060294431014427,66.1188202403995,-77.43690563690286,0,xstock_reversion
nvdax,2026-09-14T13:30:00Z,30,regular,0,5.97433991040397,43.53964382239894,-37.565303911994974,-112.82680810069223,42.435391100798626,37.565303911994974,0.5922459190976781,1,-8.96637701200298,45.939435004900275,-50.73904877839652,0,xstock_reversion
nvdax,2026-09-14T13:30:00Z,60,regular,0,5.97433991040397,43.53964382239894,-37.565303911994974,-112.82680810069223,42.435391100798626,37.565303911994974,11.6415020685956,1,-14.177886886201918,63.38469286679249,-59.41395406569683,0,xstock_reversion
nvdax,2026-09-14T13:45:00Z,5,regular,0,5.343745486099394,31.691232371402478,26.347486885303084,66.1188202403995,51.93101174047307,26.347486885303084,5.657874339499713,1,11.471361529800106,20.53399969500269,-30.333214404603126,0,xstock_reversion
nvdax,2026-09-14T13:45:00Z,15,regular,0,5.343745486099394,31.691232371402478,26.347486885303084,66.1188202403995,51.93101174047307,26.347486885303084,0.5922459190976781,1,6.760347568901537,20.179385235499225,-26.69785685850634,0,xstock_reversion
nvdax,2026-09-14T13:45:00Z,30,regular,0,5.343745486099394,31.691232371402478,26.347486885303084,66.1188202403995,51.93101174047307,26.347486885303084,12.282929364300088,1,18.460811391998178,20.169604857604995,-29.383907397999565,0,xstock_reversion
nvdax,2026-09-14T13:45:00Z,60,regular,0,5.343745486099394,31.691232371402478,26.347486885303084,66.1188202403995,51.93101174047307,26.347486885303084,6.7185325471985635,1,3.8706414555989,15.75831288250562,-22.750766789902954,0,xstock_reversion
nvdax,2026-09-14T20:35:00Z,5,afterhours,0,3.2089628147957683,19.689602590000632,16.480639775204864,36.66172325160311,8.39785488452624,16.480639775204864,12.333504269301798,1,13.533475230902425,-9.38633972499936,10.36562475020375,1,p1a_catchup
nvdax,2026-09-14T20:35:00Z,15,afterhours,0,3.2089628147957683,19.689602590000632,16.480639775204864,36.66172325160311,8.39785488452624,16.480639775204864,7.766017042101225,1,32.952867858302426,-24.238245125198787,22.131716235902488,1,p1a_catchup
nvdax,2026-09-14T20:35:00Z,30,afterhours,0,3.2089628147957683,19.689602590000632,16.480639775204864,36.66172325160311,8.39785488452624,16.480639775204864,0.8676148820008223,1,25.20031558270297,-9.587290689498928,2.714947499402598,1,p1a_catchup
nvdax,2026-09-14T20:35:00Z,60,afterhours,0,3.2089628147957683,19.689602590000632,16.480639775204864,36.66172325160311,8.39785488452624,16.480639775204864,2.057143708702469,1,29.415847978704335,-14.99235191220194,7.068636754299362,1,p1a_catchup
nvdax,2026-09-14T23:45:00Z,5,afterhours,1,18.348171527096113,1.6556752231977612,-16.692496303898352,-13.262786234395918,15.694159619188296,16.692496303898352,0.3692866151006058,1,-0.5803365830026053,16.90354627180035,2.650467077796037,0,xstock_reversion
nvdax,2026-09-15T08:35:00Z,5,premarket,1,34.582306491497405,8.736765784700395,-25.84554070679701,-51.393444427594304,17.907764394836132,25.84554070679701,2.451063672408438,1,-2.9513627033050938,26.345839737693666,-2.8395646191992086,0,xstock_reversion
nvdax,2026-09-15T08:35:00Z,15,premarket,1,34.582306491497405,8.736765784700395,-25.84554070679701,-51.393444427594304,17.907764394836132,25.84554070679701,1.0030463933929923,1,-7.710786619696819,32.55328093310084,-7.759567367697784,0,xstock_reversion
nvdax,2026-09-15T08:35:00Z,30,premarket,1,34.582306491497405,8.736765784700395,-25.84554070679701,-51.393444427594304,17.907764394836132,25.84554070679701,0.8774271684064416,1,-13.378157476697794,40.101125351901246,-7.570381246404523,0,xstock_reversion
nvdax,2026-09-15T08:35:00Z,60,premarket,1,34.582306491497405,8.736765784700395,-25.84554070679701,-51.393444427594304,17.907764394836132,25.84554070679701,8.036171693301952,1,-25.43856636219921,43.24793537569427,-29.303357768002414,0,xstock_reversion
nvdax,2026-09-15T08:55:00Z,5,premarket,1,46.94858711100203,14.831083988697813,32.117503122304214,59.179144178704846,31.835178702858023,32.117503122304214,6.830150523802203,1,-10.375944578893126,49.32359822499954,-4.467429485099927,0,xstock_reversion
nvdax,2026-09-15T08:55:00Z,15,premarket,1,46.94858711100203,14.831083988697813,32.117503122304214,59.179144178704846,31.835178702858023,32.117503122304214,5.5437682000025745,1,-10.086665448900689,36.66040037120233,5.940860237201306,0,xstock_reversion
nvdax,2026-09-15T08:55:00Z,30,premarket,1,46.94858711100203,14.831083988697813,32.117503122304214,59.179144178704846,31.835178702858023,32.117503122304214,10.107309406501841,1,-6.743973722596053,28.754167438398426,18.69988188629712,0,xstock_reversion
nvdax,2026-09-15T08:55:00Z,60,premarket,1,46.94858711100203,14.831083988697813,32.117503122304214,59.179144178704846,31.835178702858023,32.117503122304214,1.4239836454965626,1,20.76185354860094,12.779633219199837,37.100887337899735,1,p1a_catchup
nvdax,2026-09-15T10:40:00Z,5,premarket,1,37.217752256903935,12.067710424599198,-25.150041832304737,-33.901767511101966,16.01121391124295,25.150041832304737,3.009562749296535,1,-4.26014529649521,26.400624379503412,4.709206585697956,0,xstock_reversion
nvdax,2026-09-15T10:40:00Z,15,premarket,1,37.217752256903935,12.067710424599198,-25.150041832304737,-33.901767511101966,16.01121391124295,25.150041832304737,8.251323619195006,1,-13.702114260700782,47.103479712200524,1.883416523105197,0,xstock_reversion
nvdax,2026-09-15T10:40:00Z,30,premarket,1,37.217752256903935,12.067710424599198,-25.150041832304737,-33.901767511101966,16.01121391124295,25.150041832304737,1.712866508398747,1,-15.724479642900135,42.58738798360362,-5.177567129894811,0,xstock_reversion
nvdax,2026-09-15T10:40:00Z,60,premarket,1,37.217752256903935,12.067710424599198,-25.150041832304737,-33.901767511101966,16.01121391124295,25.150041832304737,5.871161196493446,1,0.23053723510635393,19.048343400704937,8.478169223398169,0,xstock_reversion
nvdax,2026-09-15T11:00:00Z,5,premarket,1,53.22666605369619,21.596502150602603,-31.63016390309359,-36.29088314809792,32.273437401658775,31.63016390309359,6.033792783997072,1,-13.19920203970426,50.86315872679492,-2.3429241212014063,0,xstock_reversion
nvdax,2026-09-15T11:00:00Z,15,premarket,1,53.22666605369619,21.596502150602603,-31.63016390309359,-36.29088314809792,32.273437401658775,31.63016390309359,3.016618050999398,1,-18.383916435302794,46.997462287396985,7.531184163900306,0,xstock_reversion
nvdax,2026-09-15T11:00:00Z,30,premarket,1,53.22666605369619,21.596502150602603,-31.63016390309359,-36.29088314809792,32.273437401658775,31.63016390309359,4.998383933996209,1,-6.685601759999216,33.317381729096596,16.953147455698314,0,xstock_reversion
nvdax,2026-09-15T11:00:00Z,60,premarket,1,53.22666605369619,21.596502150602603,-31.63016390309359,-36.29088314809792,32.273437401658775,31.63016390309359,2.0109096438059026,1,-11.347988416599009,44.9890619634985,16.953147455698314,0,xstock_reversion
nvdax,2026-09-15T12:55:00Z,5,premarket,1,41.53279237629981,11.620394245399623,-29.912398130900186,-48.07647499429635,25.08575757697799,29.912398130900186,20.098577506200144,1,-15.329336919398528,65.34031255649886,-7.054674013895479,0,xstock_reversion
nvdax,2026-09-15T12:55:00Z,15,premarket,1,41.53279237629981,11.620394245399623,-29.912398130900186,-48.07647499429635,25.08575757697799,29.912398130900186,4.535980364996917,1,-14.277093937593577,39.65351170349685,-11.755026626900644,0,xstock_reversion
nvdax,2026-09-15T12:55:00Z,30,premarket,1,41.53279237629981,11.620394245399623,-29.912398130900186,-48.07647499429635,25.08575757697799,29.912398130900186,27.160986796594955,1,-26.396262404100312,83.46964733159545,-44.12738359429902,0,xstock_reversion
nvdax,2026-09-15T12:55:00Z,60,premarket,1,41.53279237629981,11.620394245399623,-29.912398130900186,-48.07647499429635,25.08575757697799,29.912398130900186,0.06983436340313176,1,-46.47939932399758,76.32196309149464,-33.34823785229979,0,xstock_reversion
nvdax,2026-09-15T13:00:00Z,5,premarket,1,16.75284616630357,3.345731339896574,20.098577506200144,23.444948260804566,38.441476790757825,20.098577506200144,1.1786726286988625,1,2.1639032738995923,16.75600160360169,-3.291561875800042,0,xstock_reversion
nvdax,2026-09-15T13:00:00Z,15,premarket,1,16.75284616630357,3.345731339896574,20.098577506200144,23.444948260804566,38.441476790757825,20.098577506200144,3.564787853207463,1,5.007762789395187,11.526026863597494,-2.351005065497347,0,xstock_reversion
nvdax,2026-09-15T13:00:00Z,30,premarket,1,16.75284616630357,3.345731339896574,20.098577506200144,23.444948260804566,38.441476790757825,20.098577506200144,23.402365335600805,0,57.50831981010229,-60.812107639502955,31.91422909529784,1,persistent_or_wider
nvdax,2026-09-15T13:00:00Z,60,premarket,1,16.75284616630357,3.345731339896574,20.098577506200144,23.444948260804566,38.441476790757825,20.098577506200144,7.2169154115986345,1,19.811489857000097,7.504003060798681,5.4052149889027845,0,p1a_catchup
nvdax,2026-09-15T13:25:00Z,5,premarket,0,2.190528639003375,29.35151543559833,27.160986796594955,43.81613562809861,32.20033167250322,27.160986796594955,23.402365335600805,1,46.44139432540051,-42.68277286440636,-5.158480485105699,1,p1a_catchup
nvdax,2026-09-15T13:25:00Z,15,premarket,0,2.190528639003375,29.35151543559833,27.160986796594955,43.81613562809861,32.20033167250322,27.160986796594955,0.46491675109727737,1,14.438727290295716,13.187176257396516,-7.980137707104262,1,p1a_catchup
nvdax,2026-09-15T13:25:00Z,30,premarket,0,2.190528639003375,29.35151543559833,27.160986796594955,43.81613562809861,32.20033167250322,27.160986796594955,0.06983436340313176,1,20.08313691989727,7.147684240100816,-10.77914574199923,1,p1a_catchup
nvdax,2026-09-15T13:25:00Z,60,premarket,0,2.190528639003375,29.35151543559833,27.160986796594955,43.81613562809861,32.20033167250322,27.160986796594955,2.4734167733964085,1,-9.56449048810093,34.252060511299476,-35.187602834705345,0,xstock_reversion
nvdax,2026-09-15T13:30:00Z,5,regular,1,45.65072471050868,22.248359374907878,23.402365335600805,72.33813450310045,25.618799289558236,23.402365335600805,7.124149733499507,1,-23.95800558270267,54.48452065180298,-13.618798670398391,0,xstock_reversion
nvdax,2026-09-15T13:30:00Z,15,regular,1,45.65072471050868,22.248359374907878,23.402365335600805,72.33813450310045,25.618799289558236,23.402365335600805,8.310326065901208,1,-15.730127444504305,30.822166714203902,8.202656181000023,0,xstock_reversion
nvdax,2026-09-15T13:30:00Z,30,regular,1,45.65072471050868,22.248359374907878,23.402365335600805,72.33813450310045,25.618799289558236,23.402365335600805,7.2169154115986345,1,-37.696829953102196,68.31611070030164,-26.509014106395057,0,xstock_reversion
nvdax,2026-09-15T13:30:00Z,60,regular,1,45.65072471050868,22.248359374907878,23.402365335600805,72.33813450310045,25.618799289558236,23.402365335600805,3.8940613657967305,1,-48.08366322680335,67.59196719660743,-31.91422909529784,0,xstock_reversion
nvdax,2026-09-15T17:25:00Z,5,regular,1,49.30737377800476,29.334543606998054,19.972830171006706,45.094775266401044,24.63453611504749,19.972830171006706,3.8686674017984757,1,-12.590898448694432,28.695061217902662,10.168490382502782,0,xstock_reversion
nvdax,2026-09-15T17:25:00Z,15,regular,1,49.30737377800476,29.334543606998054,19.972830171006706,45.094775266401044,24.63453611504749,19.972830171006706,15.891751608201332,1,-47.93430016699851,83.79888194620655,10.877534237199171,0,xstock_reversion
nvdax,2026-09-15T17:25:00Z,30,regular,1,49.30737377800476,29.334543606998054,19.972830171006706,45.094775266401044,24.63453611504749,19.972830171006706,2.3321920452978873,1,-5.464814806996898,23.105452932705717,29.757412758000257,0,xstock_reversion
nvdax,2026-09-15T17:25:00Z,60,regular,1,49.30737377800476,29.334543606998054,19.972830171006706,45.094775266401044,24.63453611504749,19.972830171006706,4.354715374903506,1,1.7594126946995914,13.858702101403608,36.36968796580042,0,xstock_reversion
nvdax,2026-09-15T18:30:00Z,5,regular,1,45.54029734549658,26.358037279301527,-19.182260066195056,-34.16329816110064,22.56685263587232,19.182260066195056,1.4860162320928794,1,-14.181997584898909,31.878241419001085,-5.8936550616994765,0,xstock_reversion
nvdax,2026-09-15T18:30:00Z,15,regular,1,45.54029734549658,26.358037279301527,-19.182260066195056,-34.16329816110064,22.56685263587232,19.182260066195056,4.05026969299449,1,-19.15439290399945,34.28638327720002,2.2923912051986406,0,xstock_reversion
nvdax,2026-09-15T18:30:00Z,30,regular,1,45.54029734549658,26.358037279301527,-19.182260066195056,-34.16329816110064,22.56685263587232,19.182260066195056,0.43661434160569,1,-26.866139818704227,45.61178554329359,3.311400445999979,0,xstock_reversion
nvdax,2026-09-15T18:30:00Z,60,regular,1,45.54029734549658,26.358037279301527,-19.182260066195056,-34.16329816110064,22.56685263587232,19.182260066195056,20.600195559996592,0,-4.622807768601689,3.2048722748001524,0.235818467002602,0,persistent_or_wider
nvdax,2026-09-15T19:30:00Z,5,regular,1,42.09960660369383,21.499411043697236,-20.600195559996592,-45.917213863697626,28.995856293534022,20.600195559996592,4.750004729006108,1,-6.468034686504254,22.31822551749474,9.673348322394304,0,xstock_reversion
nvdax,2026-09-15T19:30:00Z,15,regular,1,42.09960660369383,21.499411043697236,-20.600195559996592,-45.917213863697626,28.995856293534022,20.600195559996592,3.3208629607983653,1,-11.927118193399977,29.206450792598204,-0.235818467002602,0,xstock_reversion
nvdax,2026-09-15T19:30:00Z,30,regular,1,42.09960660369383,21.499411043697236,-20.600195559996592,-45.917213863697626,28.995856293534022,20.600195559996592,3.0214290642049946,1,-25.568758498604183,43.14752499439578,-5.893794005702446,0,xstock_reversion
nvdax,2026-09-15T19:30:00Z,60,regular,1,42.09960660369383,21.499411043697236,-20.600195559996592,-45.917213863697626,28.995856293534022,20.600195559996592,9.819335661198636,1,-35.45081936960237,46.23167926840033,-19.06447109040421,0,xstock_reversion
nvdax,2026-09-15T20:35:00Z,5,afterhours,1,38.84493991029636,16.467223098395323,-22.37771681190104,-34.37850616659688,15.38947576703725,22.37771681190104,28.18275520830582,0,-18.403680251992682,68.96415227219954,-5.042722123000942,0,persistent_or_wider
nvdax,2026-09-15T20:35:00Z,15,afterhours,1,38.84493991029636,16.467223098395323,-22.37771681190104,-34.37850616659688,15.38947576703725,22.37771681190104,16.079169136800076,1,-12.500199940399526,18.79874761550049,-5.8986034627039885,0,xstock_reversion
nvdax,2026-09-15T20:35:00Z,30,afterhours,1,38.84493991029636,16.467223098395323,-22.37771681190104,-34.37850616659688,15.38947576703725,22.37771681190104,8.02259552820317,1,-12.436528731898377,26.791650015596247,3.002379808503264,0,xstock_reversion
nvdax,2026-09-15T20:35:00Z,60,afterhours,1,38.84493991029636,16.467223098395323,-22.37771681190104,-34.37850616659688,15.38947576703725,22.37771681190104,3.979380745997574,1,-5.028573464391783,23.426909530295248,11.769969109103329,0,xstock_reversion
nvdax,2026-09-15T20:40:00Z,5,afterhours,1,25.076490238902238,3.1062649694035827,28.18275520830582,27.220206818405757,32.913940781948,28.18275520830582,8.214433962203671,1,-1.893746863794732,38.290936034304224,0.3903285980033644,0,xstock_reversion
nvdax,2026-09-15T20:40:00Z,15,afterhours,1,25.076490238902238,3.1062649694035827,28.18275520830582,27.220206818405757,32.913940781948,28.18275520830582,2.674831979598835,1,-0.5122501761967158,26.0201734049037,-1.7496117505011455,0,xstock_reversion
nvdax,2026-09-15T20:40:00Z,30,afterhours,1,25.076490238902238,3.1062649694035827,28.18275520830582,27.220206818405757,32.913940781948,28.18275520830582,7.473046667101357,1,-8.479046674096935,44.13484854950411,-6.454387184300359,0,xstock_reversion
nvdax,2026-09-15T20:40:00Z,60,afterhours,1,25.076490238902238,3.1062649694035827,28.18275520830582,27.220206818405757,32.913940781948,28.18275520830582,1.3191823790048574,1,-12.997447422300468,39.86102025160143,-18.226018914404563,0,xstock_reversion
nvdax,2026-09-15T20:50:00Z,5,afterhours,1,25.94479575749986,9.865626620699786,-16.079169136800076,18.79874761550049,38.08937416861087,16.079169136800076,2.674831979598835,1,-5.391230135396441,24.14523125179535,2.6054930902041917,0,xstock_reversion
nvdax,2026-09-15T20:50:00Z,15,afterhours,1,25.94479575749986,9.865626620699786,-16.079169136800076,18.79874761550049,38.08937416861087,16.079169136800076,8.02259552820317,1,0.06367120850114816,7.992902400095758,8.900983271207252,0,xstock_reversion
nvdax,2026-09-15T20:50:00Z,30,afterhours,1,25.94479575749986,9.865626620699786,-16.079169136800076,18.79874761550049,38.08937416861087,16.079169136800076,3.2339830270000647,1,-1.2169753843949138,20.530127548195054,7.310268524003405,0,xstock_reversion
nvdax,2026-09-15T20:50:00Z,60,afterhours,1,25.94479575749986,9.865626620699786,-16.079169136800076,18.79874761550049,38.08937416861087,16.079169136800076,1.216622632398412,1,9.160124527101132,5.702421977300531,18.610768831903712,1,p1a_catchup
nvdax,2026-09-15T22:25:00Z,5,afterhours,1,34.36184698919931,5.692277485698227,28.66956950350108,48.71634400799962,16.803902200166444,28.66956950350108,14.952038910198695,1,-8.427581176198018,52.04918958989779,1.4110011075985085,0,xstock_reversion
nvdax,2026-09-15T22:25:00Z,15,afterhours,1,34.36184698919931,5.692277485698227,28.66956950350108,48.71634400799962,16.803902200166444,28.66956950350108,5.342460011101835,1,-5.062493196597018,39.07452271119993,0.470355824200297,0,xstock_reversion
nvdax,2026-09-15T22:25:00Z,30,afterhours,1,34.36184698919931,5.692277485698227,28.66956950350108,48.71634400799962,16.803902200166444,28.66956950350108,0.37991261980785396,1,-8.445365958493767,37.4948480818027,-7.999435760597251,0,xstock_reversion
nvdax,2026-09-15T22:25:00Z,60,afterhours,1,34.36184698919931,5.692277485698227,28.66956950350108,48.71634400799962,16.803902200166444,28.66956950350108,1.2786716015966704,1,-21.82998655279711,51.77822765789486,-17.418736602996532,0,xstock_reversion
nvdax,2026-09-15T22:30:00Z,5,afterhours,1,19.098343708296994,4.146304798098299,-14.952038910198695,-3.0086575173982055,29.796302986646165,14.952038910198695,16.183519133399216,0,-8.237284105199194,39.372842148797105,2.1824325555019897,0,persistent_or_wider
nvdax,2026-09-15T22:30:00Z,15,afterhours,1,19.098343708296994,4.146304798098299,-14.952038910198695,-3.0086575173982055,29.796302986646165,14.952038910198695,0.13142114499764546,1,-3.3472181214033725,18.430678176599713,3.763112138095437,0,xstock_reversion
nvdax,2026-09-15T22:30:00Z,30,afterhours,1,19.098343708296994,4.146304798098299,-14.952038910198695,-3.0086575173982055,29.796302986646165,14.952038910198695,1.781679363102029,1,3.0271910009016523,10.143168546195014,10.822766508296056,0,xstock_reversion
nvdax,2026-09-15T22:30:00Z,60,afterhours,1,19.098343708296994,4.146304798098299,-14.952038910198695,-3.0086575173982055,29.796302986646165,14.952038910198695,0.598628719803429,1,13.727347083802854,1.8233205461992696,17.062942848600215,1,p1a_catchup
nvdax,2026-09-15T22:35:00Z,5,afterhours,1,22.4569309960021,6.2734118626028845,16.183519133399216,27.91020210199946,34.18030908151096,16.183519133399216,5.342460011101835,1,-4.872196125598194,26.398175270099244,1.2417872721037782,0,xstock_reversion
nvdax,2026-09-15T22:35:00Z,15,afterhours,1,22.4569309960021,6.2734118626028845,16.183519133399216,27.91020210199946,34.18030908151096,16.183519133399216,2.533892830101081,1,-7.195906635795168,25.913318599295465,-2.9922118031944223,0,xstock_reversion
nvdax,2026-09-15T22:35:00Z,30,afterhours,1,22.4569309960021,6.2734118626028845,16.183519133399216,27.91020210199946,34.18030908151096,16.183519133399216,2.2587743781965486,1,-13.7620161695029,32.204309681098664,-10.024610550392055,0,xstock_reversion
nvdax,2026-09-15T22:35:00Z,60,afterhours,1,22.4569309960021,6.2734118626028845,16.183519133399216,27.91020210199946,34.18030908151096,16.183519133399216,2.054738515706589,1,-22.42352879159526,40.661786440701064,-10.994660037795256,0,xstock_reversion
nvdax,2026-09-15T23:40:00Z,5,afterhours,1,31.87281530860453,13.4811624598008,-18.39165284880373,-22.926624784505023,9.0612696085536,18.39165284880373,2.3817633979028585,1,-6.862083029997024,27.635499276703612,4.708763094907198,0,xstock_reversion
nvdax,2026-09-15T23:40:00Z,15,afterhours,1,31.87281530860453,13.4811624598008,-18.39165284880373,-22.926624784505023,9.0612696085536,18.39165284880373,18.445076159201435,0,5.392964468802219,-5.446387779199924,1.4171044531074983,0,persistent_or_wider
nvdax,2026-09-15T23:50:00Z,5,afterhours,1,50.91692022079819,17.248001028695725,-33.668919192102464,-42.29406264969704,25.350101495336364,33.668919192102464,18.445076159201435,1,-0.2571132769979556,15.480956309898986,-0.4661347237977509,0,xstock_reversion
nvdax,2026-09-16T08:05:00Z,5,premarket,1,40.44335771020258,11.830916794099977,-28.6124409161026,-41.71498656059924,13.145774333581956,28.6124409161026,1.0134367775993525,1,-5.203133086792988,32.802137225296235,5.301695636399373,0,xstock_reversion
nvdax,2026-09-16T08:05:00Z,15,premarket,1,40.44335771020258,11.830916794099977,-28.6124409161026,-41.71498656059924,13.145774333581956,28.6124409161026,4.096047743704645,1,-5.739947223100117,30.25634039549807,3.4841900547988303,0,xstock_reversion
nvdax,2026-09-16T08:05:00Z,30,premarket,1,40.44335771020258,11.830916794099977,-28.6124409161026,-41.71498656059924,13.145774333581956,28.6124409161026,6.221288162704397,1,-4.730819712097656,27.12197246549586,12.800055721502446,0,xstock_reversion
nvdax,2026-09-16T08:05:00Z,60,premarket,1,40.44335771020258,11.830916794099977,-28.6124409161026,-41.71498656059924,13.145774333581956,28.6124409161026,7.2141711849038614,1,-5.204053004801423,26.60232273600016,5.301695636399373,0,xstock_reversion
nvdax,2026-09-16T08:50:00Z,5,premarket,1,31.6001141491995,13.170169078904337,-18.42994507029516,-24.048907359395244,11.846380759317855,18.42994507029516,8.73718545659763,1,-10.518413843403351,37.68554437029614,-4.917975298495136,0,xstock_reversion
nvdax,2026-09-16T08:50:00Z,15,premarket,1,31.6001141491995,13.170169078904337,-18.42994507029516,-24.048907359395244,11.846380759317855,18.42994507029516,7.2141711849038614,1,-12.313483744508247,23.529257629899547,-0.4684828185030909,0,xstock_reversion
nvdax,2026-09-16T08:50:00Z,30,premarket,1,31.6001141491995,13.170169078904337,-18.42994507029516,-24.048907359395244,11.846380759317855,18.42994507029516,5.843750532097403,1,-4.084134177704257,16.670328715902016,13.12643758869747,0,xstock_reversion
nvdax,2026-09-16T08:50:00Z,60,premarket,1,31.6001141491995,13.170169078904337,-18.42994507029516,-24.048907359395244,11.846380759317855,18.42994507029516,1.3083096692945162,1,-5.067563053007262,24.80581779259694,5.154760066297115,0,xstock_reversion
nvdax,2026-09-16T10:35:00Z,5,premarket,1,33.91728143840034,10.583194336604151,-23.334087101796186,-35.777781588199886,13.066656936354752,23.334087101796186,4.6814746209999925,1,-7.310157111506399,35.32571883430258,-2.8138629834018047,0,xstock_reversion
nvdax,2026-09-16T10:35:00Z,15,premarket,1,33.91728143840034,10.583194336604151,-23.334087101796186,-35.777781588199886,13.066656936354752,23.334087101796186,1.4116312444034662,1,-10.588535333404536,32.510991190797256,1.4072284658972478,0,xstock_reversion
nvdax,2026-09-16T10:35:00Z,30,premarket,1,33.91728143840034,10.583194336604151,-23.334087101796186,-35.777781588199886,13.066656936354752,23.334087101796186,4.1447385160964245,1,-16.61807914360658,44.09690476149919,-3.2218073960965654,0,xstock_reversion
nvdax,2026-09-16T10:35:00Z,60,premarket,1,33.91728143840034,10.583194336604151,-23.334087101796186,-35.777781588199886,13.066656936354752,23.334087101796186,5.418794300302565,1,-15.21009180990518,43.96297321200393,-3.751641387097493,0,xstock_reversion
nvdax,2026-09-16T12:30:00Z,5,premarket,1,17.62225983259924,2.190673857001002,-19.812933689600243,-21.058275679601834,18.47983252309242,19.812933689600243,14.342468023595956,1,8.042174624298681,-2.571708958294394,6.077180375392288,0,p1a_catchup
nvdax,2026-09-16T12:30:00Z,15,premarket,1,17.62225983259924,2.190673857001002,-19.812933689600243,-21.058275679601834,18.47983252309242,19.812933689600243,2.143455295797736,1,9.545249300293435,12.411139685104544,3.739366220996132,0,xstock_reversion
nvdax,2026-09-16T12:30:00Z,30,premarket,1,17.62225983259924,2.190673857001002,-19.812933689600243,-21.058275679601834,18.47983252309242,19.812933689600243,39.69090682600651,0,29.260990470794113,-49.13896360720038,10.754448935896832,1,persistent_or_wider
nvdax,2026-09-16T12:30:00Z,60,premarket,1,17.62225983259924,2.190673857001002,-19.812933689600243,-21.058275679601834,18.47983252309242,19.812933689600243,11.526882325902932,1,-18.981314913100178,50.32113092860335,7.480131251096367,0,xstock_reversion
nvdax,2026-09-16T13:00:00Z,5,premarket,1,56.00677450390279,16.31586767789628,-39.69090682600651,-61.550103292304925,25.6229355309766,39.69090682600651,18.47615913979972,1,1.2738469913031736,19.94090069490362,-8.417508914497773,0,xstock_reversion
nvdax,2026-09-16T13:00:00Z,15,premarket,1,56.00677450390279,16.31586767789628,-39.69090682600651,-61.550103292304925,25.6229355309766,39.69090682600651,4.288805556402764,1,-22.659679324892323,66.6393917073016,-7.183384243898416,0,xstock_reversion
nvdax,2026-09-16T13:00:00Z,30,premarket,1,56.00677450390279,16.31586767789628,-39.69090682600651,-61.550103292304925,25.6229355309766,39.69090682600651,11.526882325902932,1,-48.24230538389429,99.46009453580373,-3.274317684800465,0,xstock_reversion
nvdax,2026-09-16T13:00:00Z,60,premarket,1,56.00677450390279,16.31586767789628,-39.69090682600651,-61.550103292304925,25.6229355309766,39.69090682600651,1.7463316559940267,1,-61.675632702398175,103.11287118439871,-55.28549019810036,0,xstock_reversion
nvdax,2026-09-16T13:05:00Z,5,premarket,1,44.483382723496945,26.007223583697225,-18.47615913979972,-35.44855317509921,28.135312792284395,18.47615913979972,11.371602742498155,1,-17.899256756397364,47.74701863869524,-0.19164963830142767,0,xstock_reversion
nvdax,2026-09-16T13:05:00Z,15,premarket,1,44.483382723496945,26.007223583697225,-18.47615913979972,-35.44855317509921,28.135312792284395,18.47615913979972,0.7344091909988748,1,-23.973589605397194,41.71533955419804,-3.2715631353053,0,xstock_reversion
nvdax,2026-09-16T13:05:00Z,30,premarket,1,44.483382723496945,26.007223583697225,-18.47615913979972,-35.44855317509921,28.135312792284395,18.47615913979972,19.35134778149994,0,-4.006411661903186,3.1312230202029667,8.417508914497773,0,persistent_or_wider
nvdax,2026-09-16T13:05:00Z,60,premarket,1,44.483382723496945,26.007223583697225,-18.47615913979972,-35.44855317509921,28.135312792284395,18.47615913979972,5.860557513699405,1,-77.54445530959941,101.88117196309854,-56.86600576289891,0,xstock_reversion
nvdax,2026-09-16T13:35:00Z,5,regular,1,32.934650788796205,13.583303007296266,-19.35134778149994,-38.58411653399507,42.784686377822645,19.35134778149994,1.9228032302986975,1,-5.63961070629837,23.068155257499612,13.108002438597666,0,xstock_reversion
nvdax,2026-09-16T13:35:00Z,15,regular,1,32.934650788796205,13.583303007296266,-19.35134778149994,-38.58411653399507,42.784686377822645,19.35134778149994,5.094613694804906,1,-38.471707244900344,52.72844133159538,-41.78392848410262,0,xstock_reversion
nvdax,2026-09-16T13:35:00Z,30,regular,1,32.934650788796205,13.583303007296266,-19.35134778149994,-38.58411653399507,42.784686377822645,19.35134778149994,5.860557513699405,1,-73.53804364769623,98.74994894289557,-65.28351467739668,0,xstock_reversion
nvdax,2026-09-16T13:35:00Z,60,regular,1,32.934650788796205,13.583303007296266,-19.35134778149994,-38.58411653399507,42.784686377822645,19.35134778149994,0.26520160920640024,1,-68.39008589219375,88.00663528290009,-61.564487160197245,0,xstock_reversion
nvdax,2026-09-16T16:15:00Z,5,regular,1,41.92066272610262,22.210330908798426,19.710331817304194,53.18012581590814,34.8915531352926,19.710331817304194,9.944140514397404,1,-28.089405882800733,57.74387821450233,-4.171301506605829,0,xstock_reversion
nvdax,2026-09-16T16:15:00Z,15,regular,1,41.92066272610262,22.210330908798426,19.710331817304194,53.18012581590814,34.8915531352926,19.710331817304194,6.237846648300405,1,-20.21646643360242,33.68895160260621,1.1583861376962545,0,xstock_reversion
nvdax,2026-09-16T16:15:00Z,30,regular,1,41.92066272610262,22.210330908798426,19.710331817304194,53.18012581590814,34.8915531352926,19.710331817304194,4.969794612605938,1,-14.421892872302777,29.162430077001034,12.040661838597089,0,xstock_reversion
nvdax,2026-09-16T16:15:00Z,60,regular,1,41.92066272610262,22.210330908798426,19.710331817304194,53.18012581590814,34.8915531352926,19.710331817304194,0.23325956409969706,1,-37.74412902630253,57.68772040770642,-13.21509495060269,0,xstock_reversion
nvdax,2026-09-16T19:00:00Z,5,regular,1,64.71023203469706,32.22473894799904,32.485493086698014,37.18771234169971,43.485133638333295,32.485493086698014,10.903950995899692,1,-35.67505289320039,79.0644969757981,-29.914951728597927,0,xstock_reversion
nvdax,2026-09-16T19:00:00Z,15,regular,1,64.71023203469706,32.22473894799904,32.485493086698014,37.18771234169971,43.485133638333295,32.485493086698014,7.057752256400818,1,-93.42322312750007,132.9664684705989,-68.13977402350346,0,xstock_reversion
nvdax,2026-09-16T19:00:00Z,30,regular,1,64.71023203469706,32.22473894799904,32.485493086698014,37.18771234169971,43.485133638333295,32.485493086698014,6.003739151898557,1,-70.87880978279948,97.36056371759894,-28.042643166701353,0,xstock_reversion
nvdax,2026-09-16T19:00:00Z,60,regular,1,64.71023203469706,32.22473894799904,32.485493086698014,37.18771234169971,43.485133638333295,32.485493086698014,3.147185895802096,1,-50.613804898000936,86.24648388050105,-10.399319354501557,0,xstock_reversion
nvdax,2026-09-16T23:10:00Z,5,afterhours,1,25.778146376698174,9.092015621394722,-16.686130755303452,-20.42950693220469,8.342132516191892,16.686130755303452,8.148589165699605,1,-7.222152597394782,32.05687251839784,-7.843434850105524,0,xstock_reversion
nvdax,2026-09-16T23:10:00Z,15,afterhours,1,25.778146376698174,9.092015621394722,-16.686130755303452,-20.42950693220469,8.342132516191892,16.686130755303452,4.562549839999264,1,-7.001787801694803,19.12536871699899,-7.578522922804254,0,xstock_reversion
nvdax,2026-09-16T23:10:00Z,30,afterhours,1,25.778146376698174,9.092015621394722,-16.686130755303452,-20.42950693220469,8.342132516191892,16.686130755303452,4.889731099195771,1,-15.043569402397594,36.61943125689682,-14.408219824302293,0,xstock_reversion
nvdax,2026-09-16T23:20:00Z,5,afterhours,1,25.26460307859857,8.789204123296201,-16.475398955302367,-14.468475992499563,20.477700547094155,16.475398955302367,4.562549839999264,1,-2.0488948433960985,13.961743958699202,-2.92844146260407,0,xstock_reversion
nvdax,2026-09-16T23:20:00Z,15,afterhours,1,25.26460307859857,8.789204123296201,-16.475398955302367,-14.468475992499563,20.477700547094155,16.475398955302367,0.5111594419027199,1,-9.108094165100056,25.072333678499703,1.8597731129954553,0,xstock_reversion
nvdax,2026-09-16T23:20:00Z,30,afterhours,1,25.26460307859857,8.789204123296201,-16.475398955302367,-14.468475992499563,20.477700547094155,16.475398955302367,4.793076893898629,1,-22.906077487698795,44.17455333689979,-26.00057180250026,0,xstock_reversion
nvdax,2026-09-17T10:20:00Z,5,premarket,1,25.065668047696832,7.683060173997447,-17.382607873699385,-19.84933790759591,16.717802756875702,17.382607873699385,4.803048711794489,1,-5.992601938800135,28.17825852429401,-4.239123486504681,0,xstock_reversion
nvdax,2026-09-17T10:20:00Z,15,premarket,1,25.065668047696832,7.683060173997447,-17.382607873699385,-19.84933790759591,16.717802756875702,17.382607873699385,0.5175956230996093,1,-5.783213987200497,23.68341748399949,0.9217864227029082,0,xstock_reversion
nvdax,2026-09-17T10:20:00Z,30,premarket,1,25.065668047696832,7.683060173997447,-17.382607873699385,-19.84933790759591,16.717802756875702,17.382607873699385,18.404760071000226,0,15.364548021903346,-16.386700219204187,3.22662428749787,0,persistent_or_wider
nvdax,2026-09-17T10:20:00Z,60,premarket,1,25.065668047696832,7.683060173997447,-17.382607873699385,-19.84933790759591,16.717802756875702,17.382607873699385,5.5364741144003915,1,2.9995809333005496,19.919501054799227,13.563438817101314,0,xstock_reversion
nvdax,2026-09-17T10:45:00Z,5,premarket,1,45.121719338192534,12.728991098391873,-32.39272823980066,-45.322261875400116,27.725385900741568,32.39272823980066,18.404760071000226,1,2.9419454860057925,11.046022682794643,-4.150047324005257,0,xstock_reversion
nvdax,2026-09-17T10:45:00Z,15,premarket,1,45.121719338192534,12.728991098391873,-32.39272823980066,-45.322261875400116,27.725385900741568,32.39272823980066,6.015866327402364,1,-18.4691949225968,56.877789489799824,-10.602255124503301,0,xstock_reversion
nvdax,2026-09-17T10:45:00Z,30,premarket,1,45.121719338192534,12.728991098391873,-32.39272823980066,-45.322261875400116,27.725385900741568,32.39272823980066,7.901366145697253,1,-14.639307711394878,39.130669805498286,14.769687906097673,0,xstock_reversion
nvdax,2026-09-17T10:45:00Z,60,premarket,1,45.121719338192534,12.728991098391873,-32.39272823980066,-45.322261875400116,27.725385900741568,32.39272823980066,0.40019269980540173,1,-10.592887644298443,42.5854231842937,4.613184563098116,0,xstock_reversion
nvdax,2026-09-17T10:50:00Z,5,premarket,1,38.22574397940315,19.820983908402923,-18.404760071000226,-40.07011770320368,25.531690312822473,18.404760071000226,8.390595479097485,1,-13.506840574004642,40.30219612410235,-4.14832574909596,0,xstock_reversion
nvdax,2026-09-17T10:50:00Z,15,premarket,1,38.22574397940315,19.820983908402923,-18.404760071000226,-40.07011770320368,25.531690312822473,18.404760071000226,0.891562286700065,1,-24.15478370419777,43.45110606189806,-4.14832574909596,0,xstock_reversion
nvdax,2026-09-17T10:50:00Z,30,premarket,1,38.22574397940315,19.820983908402923,-18.404760071000226,-40.07011770320368,25.531690312822473,18.404760071000226,5.5364741144003915,1,-12.364967088602796,36.30620127400341,10.336814529603444,0,xstock_reversion
nvdax,2026-09-17T10:50:00Z,60,premarket,1,38.22574397940315,19.820983908402923,-18.404760071000226,-40.07011770320368,25.531690312822473,18.404760071000226,1.607300785506638,1,-13.143475395098747,33.15553625160561,5.741355555697325,0,xstock_reversion
nvdax,2026-09-17T11:35:00Z,5,premarket,1,50.98183694880021,20.69750203669507,-30.284334912105138,-51.87030451460295,19.19082273978648,30.284334912105138,9.387719605795652,1,-14.409792074197014,54.081846592097804,-0.04150342950204333,0,xstock_reversion
nvdax,2026-09-17T11:35:00Z,15,premarket,1,50.98183694880021,20.69750203669507,-30.284334912105138,-51.87030451460295,19.19082273978648,30.284334912105138,1.607300785506638,1,-16.82800379459337,48.71963949220515,2.933345284494848,0,xstock_reversion
nvdax,2026-09-17T11:35:00Z,30,premarket,1,50.98183694880021,20.69750203669507,-30.284334912105138,-51.87030451460295,19.19082273978648,30.284334912105138,3.3755995504947123,1,-31.703564301395204,58.61229966300563,-29.971305903098155,0,xstock_reversion
nvdax,2026-09-17T11:35:00Z,60,premarket,1,50.98183694880021,20.69750203669507,-30.284334912105138,-51.87030451460295,19.19082273978648,30.284334912105138,13.654442087096541,1,-94.95265695529831,138.89143395449997,-93.55265547790204,0,xstock_reversion
nvdax,2026-09-17T12:30:00Z,5,premarket,0,7.891490166702653,24.42682826069742,16.535338093994767,53.88767792119609,12.315038656311675,16.535338093994767,13.654442087096541,1,18.263425139197764,-15.382529132299538,13.134097437799142,1,p1a_catchup
nvdax,2026-09-17T12:30:00Z,15,premarket,0,7.891490166702653,24.42682826069742,16.535338093994767,53.88767792119609,12.315038656311675,16.535338093994767,1.636015999704199,1,18.6742285590924,-3.7749064648018305,-7.321984584898189,1,p1a_catchup
nvdax,2026-09-17T12:30:00Z,30,premarket,0,7.891490166702653,24.42682826069742,16.535338093994767,53.88767792119609,12.315038656311675,16.535338093994767,1.297891029308218,1,19.834690558191426,-4.597243493504877,-7.537148957901252,1,p1a_catchup
nvdax,2026-09-17T12:30:00Z,60,premarket,0,7.891490166702653,24.42682826069742,16.535338093994767,53.88767792119609,12.315038656311675,16.535338093994767,20.63546384049708,0,-7.836671836507492,45.00747377099934,-60.10708867090209,0,persistent_or_wider
nvdax,2026-09-17T13:15:00Z,5,premarket,1,47.519157184297,21.730300827496052,-25.78885635680095,-34.622934509904724,20.359681209041135,25.78885635680095,5.0624402027033,1,-12.788504637395448,43.6398011968997,-5.4827067668039575,0,xstock_reversion
nvdax,2026-09-17T13:15:00Z,15,premarket,1,47.519157184297,21.730300827496052,-25.78885635680095,-34.622934509904724,20.359681209041135,25.78885635680095,20.63546384049708,1,20.13517527090336,-14.981782754599493,69.70906467209659,1,p1a_catchup
nvdax,2026-09-17T13:15:00Z,30,premarket,1,47.519157184297,21.730300827496052,-25.78885635680095,-34.622934509904724,20.359681209041135,25.78885635680095,2.077459672502613,1,17.410399729298476,10.455916300005086,37.08710553469885,1,p1a_catchup
nvdax,2026-09-17T13:15:00Z,60,premarket,1,47.519157184297,21.730300827496052,-25.78885635680095,-34.622934509904724,20.359681209041135,25.78885635680095,0.4852524872056563,1,-44.98088435520131,70.2844882247966,-19.176336805104555,0,xstock_reversion
nvdax,2026-09-17T13:30:00Z,5,regular,0,7.208124733200094,27.843588573697176,-20.63546384049708,-14.981782754599493,34.79902430776901,20.63546384049708,12.100663818408464,1,-0.2836338846989861,33.01976154360453,-48.206139767703604,0,xstock_reversion
nvdax,2026-09-17T13:30:00Z,15,regular,0,7.208124733200094,27.843588573697176,-20.63546384049708,-14.981782754599493,34.79902430776901,20.63546384049708,2.077459672502613,1,-2.7247755416048847,25.43769905460458,-32.62195913739774,0,xstock_reversion
nvdax,2026-09-17T13:30:00Z,30,regular,0,7.208124733200094,27.843588573697176,-20.63546384049708,-14.981782754599493,34.79902430776901,20.63546384049708,2.3074075609041955,1,-45.986832401005984,64.31488868059887,-79.75383302190053,0,xstock_reversion
nvdax,2026-09-17T13:30:00Z,60,regular,0,7.208124733200094,27.843588573697176,-20.63546384049708,-14.981782754599493,34.79902430776901,20.63546384049708,4.830506335995466,1,-83.78273457160468,109.24870474809723,-115.07922788130287,0,xstock_reversion
nvdax,2026-09-17T19:35:00Z,5,regular,1,97.40067080460157,57.40319716109887,-39.9974736435027,-93.98652803599639,38.93308837809296,39.9974736435027,2.5310947166001796,1,-39.19938092989739,81.72794929000027,10.930456068498628,0,xstock_reversion
nvdax,2026-09-17T19:35:00Z,15,regular,1,97.40067080460157,57.40319716109887,-39.9974736435027,-93.98652803599639,38.93308837809296,39.9974736435027,1.2638880929038976,1,-49.645535359692516,90.90689709609912,4.097521057104814,0,xstock_reversion
nvdax,2026-09-17T19:35:00Z,30,regular,1,97.40067080460157,57.40319716109887,-39.9974736435027,-93.98652803599639,38.93308837809296,39.9974736435027,2.0035829635034474,1,-32.386901894492226,74.38795850149837,23.565456970802146,0,xstock_reversion
nvdax,2026-09-17T19:35:00Z,60,regular,1,97.40067080460157,57.40319716109887,-39.9974736435027,-93.98652803599639,38.93308837809296,39.9974736435027,2.6715405368982204,1,-29.18642280249628,66.51235590910076,29.174474811801687,0,xstock_reversion
nvdax,2026-09-17T20:25:00Z,5,afterhours,1,35.753428736402526,16.031841348906894,19.72158738749563,23.311649206396723,14.568701466486017,19.72158738749563,2.50657719509384,1,-6.043393997900992,23.258404190302784,6.393278142704517,0,xstock_reversion
nvdax,2026-09-17T20:25:00Z,15,afterhours,1,35.753428736402526,16.031841348906894,19.72158738749563,23.311649206396723,14.568701466486017,19.72158738749563,0.38311332059670633,1,-9.25316730200798,29.35786801010032,6.393278142704517,0,xstock_reversion
nvdax,2026-09-17T20:25:00Z,30,afterhours,1,35.753428736402526,16.031841348906894,19.72158738749563,23.311649206396723,14.568701466486017,19.72158738749563,9.766988546102695,1,-14.667512985599984,44.15608891919831,15.519448066507735,0,xstock_reversion
nvdax,2026-09-17T20:25:00Z,60,afterhours,1,35.753428736402526,16.031841348906894,19.72158738749563,23.311649206396723,14.568701466486017,19.72158738749563,16.28504692789967,1,-3.6454459582024867,39.65208027359779,19.340838688801654,0,xstock_reversion
nvdax,2026-09-17T20:50:00Z,5,afterhours,1,31.577038089896092,12.635406729195608,-18.941631360700484,-23.930240252800772,21.82692157212273,18.941631360700484,9.766988546102695,1,-1.6734991964018064,10.848142010999595,-3.1932121704070227,0,xstock_reversion
nvdax,2026-09-17T20:50:00Z,15,afterhours,1,31.577038089896092,12.635406729195608,-18.941631360700484,-23.930240252800772,21.82692157212273,18.941631360700484,4.822770415406907,1,-12.215661381995702,35.98006315810309,-6.8413493807995,0,xstock_reversion
nvdax,2026-09-17T20:50:00Z,30,afterhours,1,31.577038089896092,12.635406729195608,-18.941631360700484,-23.930240252800772,21.82692157212273,18.941631360700484,1.5199180144964686,1,-18.186398219901534,38.647947595098486,-7.753175769700249,0,xstock_reversion
nvdax,2026-09-17T20:50:00Z,60,afterhours,1,31.577038089896092,12.635406729195608,-18.941631360700484,-23.930240252800772,21.82692157212273,18.941631360700484,0.4170395540992189,1,-18.76673781709748,38.12540873189718,-9.804481204902515,0,xstock_reversion
nvdax,2026-09-17T21:25:00Z,5,afterhours,1,23.239490225996917,6.954443298097246,-16.28504692789967,-22.838951141794794,14.528050015345647,16.28504692789967,2.017170921195799,1,-3.8525654013987776,22.154783250494248,0.7705447641015439,0,xstock_reversion
nvdax,2026-09-17T21:25:00Z,15,afterhours,1,23.239490225996917,6.954443298097246,-16.28504692789967,-22.838951141794794,14.528050015345647,16.28504692789967,2.003943782806772,1,-4.867326521003079,19.14842966609598,-1.6047310422973027,0,xstock_reversion
nvdax,2026-09-17T21:25:00Z,30,afterhours,1,23.239490225996917,6.954443298097246,-16.28504692789967,-22.838951141794794,14.528050015345647,16.28504692789967,7.417860678895494,1,-10.62492258950165,34.327830196296816,-3.4735533933982765,0,xstock_reversion
nvdax,2026-09-17T21:25:00Z,60,afterhours,1,23.239490225996917,6.954443298097246,-16.28504692789967,-22.838951141794794,14.528050015345647,16.28504692789967,4.1167621281967826,1,7.064190010002136,13.337619046094318,10.665237131002314,0,xstock_reversion
nvdax,2026-09-17T22:20:00Z,5,afterhours,1,48.46531146229793,10.245181820396354,-38.22012964190158,-60.77302424329467,22.21552263661442,38.22012964190158,4.1167621281967826,1,-6.1296056529958065,48.46649742309417,0.7621799903034798,0,xstock_reversion
nvdax,2026-09-17T22:20:00Z,15,afterhours,1,48.46531146229793,10.245181820396354,-38.22012964190158,-60.77302424329467,22.21552263661442,38.22012964190158,0.4259830296060585,1,-8.1604792013934,46.80659187290104,-1.975920697701028,0,xstock_reversion
nvdax,2026-09-17T22:20:00Z,30,afterhours,1,48.46531146229793,10.245181820396354,-38.22012964190158,-60.77302424329467,22.21552263661442,38.22012964190158,4.785577954597997,1,-11.143789181300434,54.14949677780001,2.131511530398811,0,xstock_reversion
nvdax,2026-09-17T22:20:00Z,60,afterhours,1,48.46531146229793,10.245181820396354,-38.22012964190158,-60.77302424329467,22.21552263661442,38.22012964190158,31.42848089460415,1,-28.582919333492995,98.23152986999872,-5.625555774697588,0,xstock_reversion
nvdax,2026-09-17T22:55:00Z,5,afterhours,1,31.826677234301215,7.966477062195665,23.86020017210555,39.72427961290492,11.982676111889724,23.86020017210555,5.841675137494562,1,-5.813331507900088,35.5152068175002,4.562252006694578,0,xstock_reversion
nvdax,2026-09-17T22:55:00Z,15,afterhours,1,31.826677234301215,7.966477062195665,23.86020017210555,39.72427961290492,11.982676111889724,23.86020017210555,0.6313704006011278,1,-1.8347967916998442,25.063626563204267,5.018362750401906,0,xstock_reversion
nvdax,2026-09-17T22:55:00Z,30,afterhours,1,31.826677234301215,7.966477062195665,23.86020017210555,39.72427961290492,11.982676111889724,23.86020017210555,19.675312276206114,1,-4.073972809095494,47.60948525740716,2.7376009660962097,0,xstock_reversion
nvdax,2026-09-17T22:55:00Z,60,afterhours,1,31.826677234301215,7.966477062195665,23.86020017210555,39.72427961290492,11.982676111889724,23.86020017210555,8.360481080291748,1,-0.2931922717941404,15.792911363607942,4.562252006694578,0,xstock_reversion
nvdax,2026-09-17T23:20:00Z,5,afterhours,1,44.1406626330032,12.712181738399053,31.42848089460415,34.8521994570028,26.70592011873902,31.42848089460415,19.675312276206114,1,-13.38192949199346,64.48572266280372,-1.8246510405983685,0,xstock_reversion
nvdax,2026-09-17T23:20:00Z,15,afterhours,1,44.1406626330032,12.712181738399053,31.42848089460415,34.8521994570028,26.70592011873902,31.42848089460415,3.7679018403036224,1,-12.765596007699997,40.426175062000524,0.4561107437073275,0,xstock_reversion
nvdax,2026-09-17T23:20:00Z,30,afterhours,1,44.1406626330032,12.712181738399053,31.42848089460415,34.8521994570028,26.70592011873902,31.42848089460415,2.396280862093647,1,-9.938560295292831,38.97076032780333,-4.010108812595448,0,xstock_reversion
nvdax,2026-09-17T23:25:00Z,5,afterhours,1,18.520408989202153,1.154903287003961,-19.675312276206114,-22.54585869420289,37.23003549424067,19.675312276206114,0.40625557859996775,1,0.6680445213014252,18.60101217630472,-0.009124083399925098,0,xstock_reversion
nvdax,2026-09-17T23:25:00Z,15,afterhours,1,18.520408989202153,1.154903287003961,-19.675312276206114,-22.54585869420289,37.23003549424067,19.675312276206114,5.583721456297042,1,-3.05410093569769,28.313134668200846,-1.7881612822989723,0,xstock_reversion
nvdax,2026-09-17T23:25:00Z,30,afterhours,1,18.520408989202153,1.154903287003961,-19.675312276206114,-22.54585869420289,37.23003549424067,19.675312276206114,8.360481080291748,1,-3.7807805373013537,31.816573893799216,-1.8246510405983685,0,xstock_reversion
nvdax,2026-09-18T09:30:00Z,5,premarket,1,32.02217037279631,16.505270657098947,15.516899715697363,10.012795074700875,9.450309661055401,15.516899715697363,7.285982462201801,1,-11.393345563295298,34.19622774119446,-3.620237165096185,0,xstock_reversion
nvdax,2026-09-18T09:30:00Z,15,premarket,1,32.02217037279631,16.505270657098947,15.516899715697363,10.012795074700875,9.450309661055401,15.516899715697363,5.448968267200982,1,-27.061239768597645,48.02710775149599,-10.2124339816978,0,xstock_reversion
nvdax,2026-09-18T09:30:00Z,30,premarket,1,32.02217037279631,16.505270657098947,15.516899715697363,10.012795074700875,9.450309661055401,15.516899715697363,1.1963431247963285,1,-31.088254404103566,47.80149724459726,-7.2417854164985584,0,xstock_reversion
nvdax,2026-09-18T09:30:00Z,60,premarket,1,32.02217037279631,16.505270657098947,15.516899715697363,10.012795074700875,9.450309661055401,15.516899715697363,1.1299053333946318,1,-12.897380703602579,29.544185752694574,3.1666327649038095,0,xstock_reversion
nvdax,2026-09-18T10:25:00Z,5,premarket,1,42.72055875540026,14.794972727498745,27.925586027901517,45.4447437360006,18.183701645809965,27.925586027901517,1.1299053333946318,1,-7.575897836202827,36.631389197498976,6.777817702703359,0,xstock_reversion
nvdax,2026-09-18T10:25:00Z,15,premarket,1,42.72055875540026,14.794972727498745,27.925586027901517,45.4447437360006,18.183701645809965,27.925586027901517,0.9704716122005408,1,-8.06761523180377,35.02272964750475,2.253749583500664,0,xstock_reversion
nvdax,2026-09-18T10:25:00Z,30,premarket,1,42.72055875540026,14.794972727498745,27.925586027901517,45.4447437360006,18.183701645809965,27.925586027901517,23.854638935008055,1,-28.737520987895948,80.51774595080552,-1.366979127697121,0,xstock_reversion
nvdax,2026-09-18T10:25:00Z,60,premarket,1,42.72055875540026,14.794972727498745,27.925586027901517,45.4447437360006,18.183701645809965,27.925586027901517,1.9547651096996077,1,-48.16768894180257,78.04804007940369,-40.36828967690198,0,xstock_reversion
nvdax,2026-09-18T10:55:00Z,5,premarket,1,36.430208067708136,12.575569132700082,-23.854638935008055,-45.49501630330077,17.431652294871316,23.854638935008055,3.7777969752994522,1,-7.814902894294207,35.44733880460171,1.8108560871077373,0,xstock_reversion
nvdax,2026-09-18T10:55:00Z,15,premarket,1,36.430208067708136,12.575569132700082,-23.854638935008055,-45.49501630330077,17.431652294871316,23.854638935008055,8.317222183995554,1,2.641390579105618,12.896026171906882,18.576838671906515,0,xstock_reversion
nvdax,2026-09-18T10:55:00Z,30,premarket,1,36.430208067708136,12.575569132700082,-23.854638935008055,-45.49501630330077,17.431652294871316,23.854638935008055,1.9547651096996077,1,19.43016795390662,2.4697058714018283,39.00131054920486,1,p1a_catchup
nvdax,2026-09-18T10:55:00Z,60,premarket,1,36.430208067708136,12.575569132700082,-23.854638935008055,-45.49501630330077,17.431652294871316,23.854638935008055,0.7039959060950451,1,31.074081443307477,-7.923438414394468,47.18916148219954,1,p1a_catchup
nvdax,2026-09-18T11:40:00Z,5,premarket,1,11.880497499596743,3.648653801198165,-15.529151300794908,-25.563981336995667,11.765297093693144,15.529151300794908,4.690144841603683,1,-0.5574772823013774,20.776773424699968,-0.0,0,xstock_reversion
nvdax,2026-09-18T11:40:00Z,15,premarket,1,11.880497499596743,3.648653801198165,-15.529151300794908,-25.563981336995667,11.765297093693144,15.529151300794908,0.7039959060950451,1,-0.345681656499508,15.17083705119937,-0.4548245515056948,0,xstock_reversion
nvdax,2026-09-18T11:40:00Z,30,premarket,1,11.880497499596743,3.648653801198165,-15.529151300794908,-25.563981336995667,11.765297093693144,15.529151300794908,1.6198348853979638,1,18.788610292794772,-1.6396241066019002,20.944323095895,1,p1a_catchup
nvdax,2026-09-18T11:40:00Z,60,premarket,1,11.880497499596743,3.648653801198165,-15.529151300794908,-25.563981336995667,11.765297093693144,15.529151300794908,1.7075739208038954,1,25.413049444900082,-8.176324223301279,21.855941675301693,1,p1a_catchup
nvdax,2026-09-18T17:15:00Z,5,regular,1,46.62402906480345,23.167412575801904,23.456616489001547,69.30434542029573,26.95423486054609,23.456616489001547,2.395138186894741,1,-17.800527962501533,43.65228263839782,-7.95554031669532,0,xstock_reversion
nvdax,2026-09-18T17:15:00Z,15,regular,1,46.62402906480345,23.167412575801904,23.456616489001547,69.30434542029573,26.95423486054609,23.456616489001547,3.9015540798992276,1,-29.049263044695905,56.40743361359668,-10.912068010195952,0,xstock_reversion
nvdax,2026-09-18T17:15:00Z,30,regular,1,46.62402906480345,23.167412575801904,23.456616489001547,69.30434542029573,26.95423486054609,23.456616489001547,2.4451359619970248,1,-39.8350036770978,65.73675612809637,-13.18691503649383,0,xstock_reversion
nvdax,2026-09-18T17:15:00Z,60,regular,1,46.62402906480345,23.167412575801904,23.456616489001547,69.30434542029573,26.95423486054609,23.456616489001547,3.3447340367054323,1,-43.27788680740241,63.389769259698525,-20.57463668839965,0,xstock_reversion
nvdax,2026-09-18T19:55:00Z,5,regular,0,6.561635062398707,34.104473725999895,27.542838663601188,106.31662873000103,41.919991436975,27.542838663601188,6.09405149839759,1,18.306194804598164,15.330695357400614,-8.108473798902338,1,p1a_catchup
nvdax,2026-09-18T19:55:00Z,15,regular,0,6.561635062398707,34.104473725999895,27.542838663601188,106.31662873000103,41.919991436975,27.542838663601188,0.591077143905494,1,18.16658378199776,8.785177737697936,-16.18744618919976,1,p1a_catchup
nvdax,2026-09-18T19:55:00Z,30,regular,0,6.561635062398707,34.104473725999895,27.542838663601188,106.31662873000103,41.919991436975,27.542838663601188,5.298565730997851,1,10.233150268099678,22.60825412649936,-22.99110671249771,0,xstock_reversion
nvdax,2026-09-18T19:55:00Z,60,regular,0,6.561635062398707,34.104473725999895,27.542838663601188,106.31662873000103,41.919991436975,27.542838663601188,3.718964494803245,1,27.78408014090239,3.4777230175020435,-9.767016016200003,1,p1a_catchup
nvdax,2026-09-18T22:40:00Z,5,afterhours,1,33.79380303569768,10.557150326997444,-23.236652708700234,-31.994437060696157,21.9017274793078,23.236652708700234,6.450615111903701,1,-7.191986922494564,36.8792547430985,-4.945882293903026,0,xstock_reversion
nvdax,2026-09-18T22:40:00Z,15,afterhours,1,33.79380303569768,10.557150326997444,-23.236652708700234,-31.994437060696157,21.9017274793078,23.236652708700234,1.4042608162068149,1,-11.228670073899494,33.06106196639291,-6.745414420397111,0,xstock_reversion
nvdax,2026-09-18T22:40:00Z,30,afterhours,1,33.79380303569768,10.557150326997444,-23.236652708700234,-31.994437060696157,21.9017274793078,23.236652708700234,2.5237247687037723,1,-20.401865149493048,46.162242626897054,-12.14206862590217,0,xstock_reversion
nvdax,2026-09-18T22:40:00Z,60,afterhours,1,33.79380303569768,10.557150326997444,-23.236652708700234,-31.994437060696157,21.9017274793078,23.236652708700234,25.242541824699316,0,-11.053174777595487,9.047285661596405,-15.288772479600254,0,persistent_or_wider
nvdax,2026-09-18T23:40:00Z,5,afterhours,1,40.03528985370153,14.792748029002212,-25.242541824699316,-30.614276797900075,18.195406040001128,25.242541824699316,1.507180038906597,1,-7.091014337898827,33.84073620150474,-2.696386857898858,0,xstock_reversion
nvdax,2026-09-18T23:40:00Z,15,afterhours,1,40.03528985370153,14.792748029002212,-25.242541824699316,-30.614276797900075,18.195406040001128,25.242541824699316,5.185335359998433,1,-12.393507870402942,42.82138505510069,-1.797672019598906,0,xstock_reversion
