asset,episode_id,start_utc,end_utc,duration_min,rows,dominant_session,peak_direction,max_disagreement_bps,mean_raw_error_bps,max_raw_error_bps,mean_p1a_error_bps,mean_improvement_bps,p1a_better_rate,any_true_tail,mean_abs_xret_3_bps,mean_xvol_6_bps,peak_30m_resolution,peak_30m_underlying_follow_bps
nvdax,nvdax_E0001,2026-06-23T15:05:00Z,2026-06-23T15:05:00Z,5,1,regular,xstock_below_p1a,18.53759757040052,3.028554249295823,3.028554249295823,21.566151819696344,-18.53759757040052,0.0,0,82.20740194089693,14.361923583361792,xstock_reversion,-11.44705860969708
nvdax,nvdax_E0002,2026-06-23T19:55:00Z,2026-06-23T19:55:00Z,5,1,regular,xstock_below_p1a,18.335781981697608,4.192142196597359,4.192142196597359,22.527924178294967,-18.335781981697608,0.0,0,28.614304152201342,23.466060425981606,xstock_reversion,-26.862274679499976
nvdax,nvdax_E0003,2026-06-24T13:00:00Z,2026-06-24T13:10:00Z,15,3,premarket,xstock_below_p1a,34.80064907479985,1.2903325103981917,2.5776800579979664,22.781175400969172,-21.490842890570978,0.0,0,61.089205619433436,14.514986127313643,xstock_reversion,-52.96304975640709
nvdax,nvdax_E0004,2026-06-24T13:45:00Z,2026-06-24T13:45:00Z,5,1,regular,xstock_below_p1a,25.589717968195203,41.96392936729687,41.96392936729687,16.374211399101668,25.589717968195203,1.0,1,50.77285538999554,28.596167786418626,p1a_catchup,64.1188391174996
nvdax,nvdax_E0005,2026-06-24T14:05:00Z,2026-06-24T14:05:00Z,5,1,regular,xstock_below_p1a,24.60163463729792,24.409231795701203,24.409231795701203,0.19240284159671717,24.216828954104486,1.0,0,105.3432768391982,51.692459569223125,xstock_reversion,-32.8021027032932
nvdax,nvdax_E0006,2026-06-24T17:30:00Z,2026-06-24T17:30:00Z,5,1,regular,xstock_below_p1a,19.527506232996927,40.580313930700385,40.580313930700385,21.052807697703457,19.527506232996927,1.0,1,69.6173639207931,18.55544645415822,xstock_reversion,12.235880967805812
nvdax,nvdax_E0007,2026-06-24T17:45:00Z,2026-06-24T17:45:00Z,5,1,regular,xstock_below_p1a,20.378748888800757,59.4772725079995,59.4772725079995,39.098523619198744,20.378748888800757,1.0,1,15.693833431500437,32.194929345100824,xstock_reversion,-17.492977746398353
nvdax,nvdax_E0008,2026-06-24T19:55:00Z,2026-06-24T20:10:00Z,20,3,afterhours,xstock_above_p1a,41.3424007474017,5.332362373868804,8.4861735744024,32.21768091046684,-26.885318536598035,0.0,0,97.20199878639886,28.467460310202437,p1a_catchup,2.493566835397587
nvdax,nvdax_E0009,2026-06-25T08:05:00Z,2026-06-25T08:05:00Z,5,1,premarket,xstock_above_p1a,20.413310461497858,0.4954697532966179,0.4954697532966179,20.908780214794476,-20.413310461497858,0.0,0,28.088634373606425,10.582464400304817,p1a_catchup,12.155643327105281
nvdax,nvdax_E0010,2026-06-25T10:40:00Z,2026-06-25T10:40:00Z,5,1,premarket,xstock_below_p1a,16.137617282705463,8.745090100799047,8.745090100799047,7.3925271819064164,1.3525629188926303,1.0,0,28.809903233604217,9.22901773504897,persistent_or_wider,0.32350661269830994
nvdax,nvdax_E0011,2026-06-25T11:10:00Z,2026-06-25T11:10:00Z,5,1,premarket,xstock_below_p1a,18.859814919496287,16.888899873297447,16.888899873297447,1.97091504619884,14.917984827098607,1.0,0,12.250676472298494,17.682815812149588,p1a_catchup,13.447221689100175
nvdax,nvdax_E0012,2026-06-25T13:25:00Z,2026-06-25T14:05:00Z,45,9,regular,xstock_below_p1a,50.58825953989654,6.604125174558304,16.199041690700966,34.98165675387731,-28.377531579319005,0.0,0,145.43349912438921,36.68045158016628,p1a_catchup,396.70454559560756
nvdax,nvdax_E0013,2026-06-25T14:50:00Z,2026-06-25T14:50:00Z,5,1,regular,xstock_above_p1a,23.313534315496653,12.101636636305813,12.101636636305813,35.415170951802466,-23.313534315496653,0.0,0,55.76584407640084,27.160726569638232,xstock_reversion,-38.276533377299415
nvdax,nvdax_E0014,2026-06-25T17:55:00Z,2026-06-25T18:00:00Z,10,2,regular,xstock_below_p1a,19.7023761547932,19.928096380352756,39.59807753520117,20.122337828247794,-0.19424144789503828,0.5,1,26.275982889445437,36.31796488565468,xstock_reversion,-50.90116134169875
nvdax,nvdax_E0015,2026-06-25T20:25:00Z,2026-06-25T20:25:00Z,5,1,afterhours,xstock_below_p1a,16.754711670197153,4.571897568199645,4.571897568199645,21.3266092383968,-16.754711670197153,0.0,0,2.3781399307942763,16.720102602027744,p1a_catchup,6.813532419602808
nvdax,nvdax_E0016,2026-06-25T21:35:00Z,2026-06-25T21:35:00Z,5,1,afterhours,xstock_above_p1a,19.84183866500011,22.149287275903262,22.149287275903262,2.307448610903151,19.84183866500011,1.0,0,35.64881464980019,18.84908964529562,xstock_reversion,-5.631639723899795
nvdax,nvdax_E0017,2026-06-25T22:10:00Z,2026-06-25T22:15:00Z,10,2,afterhours,xstock_below_p1a,21.47073286949741,8.749433666999096,9.586915302497445,11.984333437649042,-3.234899770649946,0.0,0,47.52706400369622,15.19183429537212,p1a_catchup,24.654591562898176
nvdax,nvdax_E0018,2026-06-25T23:15:00Z,2026-06-25T23:15:00Z,5,1,afterhours,xstock_above_p1a,24.647438698606194,5.4181893507010415,5.4181893507010415,19.229249347905153,-13.811059997204111,0.0,0,55.837411319803465,16.89211675737828,xstock_reversion,-16.79102338839833
nvdax,nvdax_E0019,2026-06-25T23:45:00Z,2026-06-25T23:50:00Z,10,2,afterhours,xstock_below_p1a,16.188972661099754,10.272779016200495,13.48010166529967,5.488568194751409,4.784210821449086,0.5,0,36.4016340624973,11.105336530119388,,
nvdax,nvdax_E0020,2026-06-26T09:50:00Z,2026-06-26T09:50:00Z,5,1,premarket,xstock_below_p1a,34.513869654695384,51.099299505796836,51.099299505796836,16.585429851101452,34.513869654695384,1.0,1,23.38322135769566,21.624745739135495,xstock_reversion,3.4090381161000494
nvdax,nvdax_E0021,2026-06-26T11:50:00Z,2026-06-26T11:50:00Z,5,1,premarket,xstock_below_p1a,21.412292286804302,8.991882812203755,8.991882812203755,12.420409474600547,-3.4285266623967914,0.0,0,33.43229228329747,14.626337609870703,xstock_reversion,-5.577224787201018
nvdax,nvdax_E0022,2026-06-26T12:35:00Z,2026-06-26T12:40:00Z,10,2,premarket,xstock_below_p1a,27.932239909196355,2.9872193067959074,4.482434736399199,19.73868569050019,-16.751466383704283,0.0,0,36.575638935594235,14.895597218809947,xstock_reversion,-4.767949900505997
nvdax,nvdax_E0023,2026-06-26T13:15:00Z,2026-06-26T13:30:00Z,20,3,premarket,xstock_above_p1a,27.407467962499155,5.49024553586482,10.65577135699769,21.923903407934375,-16.433657872069556,0.3333333333333333,0,20.37074069566695,34.86863790283086,p1a_catchup,22.75784575900275
nvdax,nvdax_E0024,2026-06-26T14:00:00Z,2026-06-26T14:00:00Z,5,1,regular,xstock_below_p1a,18.98802323309745,59.09361734880214,59.09361734880214,40.10559411570469,18.98802323309745,1.0,1,8.807495327802783,35.62129361197437,xstock_reversion,-0.2580678460972763
nvdax,nvdax_E0025,2026-06-26T15:35:00Z,2026-06-26T15:35:00Z,5,1,regular,xstock_above_p1a,25.672924592097246,3.83986463330821,3.83986463330821,29.512789225405456,-25.672924592097246,0.0,0,85.5479491785971,30.729372237335344,xstock_reversion,-57.56970034900277
nvdax,nvdax_E0026,2026-06-26T15:50:00Z,2026-06-26T15:50:00Z,5,1,regular,xstock_below_p1a,22.662167478397777,10.893923041699338,10.893923041699338,11.768244436698438,-0.8743213949991002,0.0,0,65.13931568789211,39.29574654476381,xstock_reversion,-7.472975236000323
nvdax,nvdax_E0027,2026-06-26T19:50:00Z,2026-06-26T19:55:00Z,10,2,regular,xstock_below_p1a,36.26672600120173,9.774374710995737,18.235286272192397,42.32161272804902,-32.54723801705328,0.0,0,95.66098463194893,43.826162132130065,p1a_catchup,41.50459913990545
nvdax,nvdax_E0028,2026-06-29T10:15:00Z,2026-06-29T10:15:00Z,5,1,premarket,xstock_below_p1a,19.785478702498693,18.179005911598267,18.179005911598267,1.6064727909004262,16.57253312069784,1.0,0,31.297584856302407,14.64593322893414,xstock_reversion,-10.8033037747024
nvdax,nvdax_E0029,2026-06-29T13:25:00Z,2026-06-29T13:25:00Z,5,1,premarket,xstock_below_p1a,21.454731094303625,0.514870868899564,0.514870868899564,20.93986022540406,-20.424989356504497,0.0,0,40.41735627360765,13.963212785822224,persistent_or_wider,27.638240998095753
nvdax,nvdax_E0030,2026-06-29T13:40:00Z,2026-06-29T13:40:00Z,5,1,regular,xstock_above_p1a,26.005118426599694,17.49407919770185,17.49407919770185,43.499197624301544,-26.005118426599694,0.0,0,83.62732755260005,38.362272307842126,persistent_or_wider,-254.4824785758948
nvdax,nvdax_E0031,2026-06-29T13:55:00Z,2026-06-29T13:55:00Z,5,1,regular,xstock_below_p1a,25.41610030579733,0.25840327650072936,0.25840327650072936,25.1576970292966,-24.89929375279587,0.0,0,111.00910095829697,48.00686949082852,persistent_or_wider,30.04950063130174
nvdax,nvdax_E0032,2026-06-29T14:10:00Z,2026-06-29T14:10:00Z,5,1,regular,xstock_below_p1a,33.335349691006044,10.361231548392524,10.361231548392524,43.69658123939857,-33.335349691006044,0.0,0,115.61806687150344,25.333352249896535,xstock_reversion,-184.26718868919778
nvdax,nvdax_E0033,2026-06-29T14:25:00Z,2026-06-29T14:30:00Z,10,2,regular,xstock_above_p1a,29.312694064200784,12.145420653650874,24.031148220702292,36.544838076451036,-24.399417422800163,0.0,0,107.15078742385307,50.43425607726871,p1a_catchup,110.17049651870003
nvdax,nvdax_E0034,2026-06-29T14:45:00Z,2026-06-29T14:45:00Z,5,1,regular,xstock_below_p1a,20.35771298070088,19.402971842703565,19.402971842703565,0.954741137997317,18.448230704706248,1.0,0,8.013887251800966,35.70716959410078,xstock_reversion,-31.961261323596446
nvdax,nvdax_E0035,2026-06-30T11:10:00Z,2026-06-30T11:10:00Z,5,1,premarket,xstock_above_p1a,25.04100563060163,4.6949596151968365,4.6949596151968365,29.735965245798468,-25.04100563060163,0.0,0,45.76573172279552,11.826648872645631,persistent_or_wider,27.72908327260737
nvdax,nvdax_E0036,2026-06-30T11:40:00Z,2026-06-30T11:45:00Z,10,2,premarket,xstock_above_p1a,27.304645768699842,0.505571903248736,0.7569997570033848,22.498534190003028,-21.99296228675429,0.0,0,57.59540786884454,19.370411763483986,xstock_reversion,-49.180011412506275
nvdax,nvdax_E0037,2026-06-30T12:00:00Z,2026-06-30T12:00:00Z,5,1,premarket,xstock_below_p1a,18.12328438330013,2.286635026802486,2.286635026802486,20.409919410102617,-18.12328438330013,0.0,0,47.09193727709504,22.711788805463122,p1a_catchup,30.507981154599406
nvdax,nvdax_E0038,2026-06-30T12:55:00Z,2026-06-30T12:55:00Z,5,1,premarket,xstock_below_p1a,16.245981111397967,7.739206462398229,7.739206462398229,8.506774648999738,-0.7675681866015083,0.0,0,42.73820749189916,11.253761758028126,persistent_or_wider,-63.180916147702604
nvdax,nvdax_E0039,2026-06-30T13:25:00Z,2026-06-30T13:30:00Z,10,2,premarket,xstock_above_p1a,42.650690173298145,6.063369159998722,7.817239884797544,37.11443647845147,-31.051067318452752,0.0,0,88.9718756333524,33.15374953229443,p1a_catchup,32.48268355229733
nvdax,nvdax_E0040,2026-06-30T14:10:00Z,2026-06-30T14:15:00Z,10,2,regular,xstock_below_p1a,28.031301084601168,5.075564130598842,8.888169755403297,18.128999799351675,-13.053435668752833,0.0,0,30.770560333106545,43.09793059315133,xstock_reversion,-46.09353481909828
nvdax,nvdax_E0041,2026-06-30T20:25:00Z,2026-06-30T20:25:00Z,5,1,afterhours,xstock_below_p1a,18.102812968097126,20.134411650598594,20.134411650598594,2.0315986825014676,18.102812968097126,1.0,0,22.80762488999777,14.750611389384211,xstock_reversion,4.641840996404412
nvdax,nvdax_E0042,2026-07-01T08:05:00Z,2026-07-01T08:05:00Z,5,1,premarket,xstock_above_p1a,23.171977324896176,2.0239231825947,2.0239231825947,21.148054142301476,-19.124130959706775,0.0,0,8.58354221569435,10.229726653059437,p1a_catchup,-3.029079183098915
nvdax,nvdax_E0043,2026-07-01T10:15:00Z,2026-07-01T10:15:00Z,5,1,premarket,xstock_above_p1a,16.86237995750517,22.09766021770143,22.09766021770143,5.235280260196262,16.86237995750517,1.0,0,19.023205162200796,11.711236996882354,xstock_reversion,1.564508695901523
nvdax,nvdax_E0044,2026-07-01T11:00:00Z,2026-07-01T11:00:00Z,5,1,premarket,xstock_above_p1a,18.661534249506673,1.506206786103803,1.506206786103803,17.15532746340287,-15.649120677299067,0.0,0,35.98041031470878,15.224116007807515,xstock_reversion,-26.117543726202896
nvdax,nvdax_E0045,2026-07-01T12:30:00Z,2026-07-01T12:50:00Z,25,5,premarket,xstock_below_p1a,41.78706156319656,2.2474902448195166,5.695904454796619,31.731759473261786,-29.48426922844227,0.0,0,81.24919214510129,16.609849749401974,p1a_catchup,-28.122222292097376
nvdax,nvdax_E0046,2026-07-01T13:30:00Z,2026-07-01T13:30:00Z,5,1,regular,xstock_below_p1a,52.060562898503804,2.286411422298684,2.286411422298684,49.77415147620512,-47.487740053906435,0.0,0,117.5645004143,58.325870239302205,xstock_reversion,-85.87716367320475
nvdax,nvdax_E0047,2026-07-02T08:05:00Z,2026-07-02T08:10:00Z,10,2,premarket,xstock_below_p1a,40.11097055160562,6.127245861602404,8.932288443803671,29.500807798652495,-23.37356193705009,0.0,0,44.47075730495076,16.57295389535299,xstock_reversion,-32.179826007405765
nvdax,nvdax_E0048,2026-07-02T08:30:00Z,2026-07-02T08:30:00Z,5,1,premarket,xstock_above_p1a,15.754666631693226,1.4239913148994532,1.4239913148994532,17.17865794659268,-15.754666631693226,0.0,0,32.53546652749684,22.670303908166513,p1a_catchup,-2.54939453259162
nvdax,nvdax_E0049,2026-07-02T10:15:00Z,2026-07-02T10:15:00Z,5,1,premarket,xstock_below_p1a,25.136750183500922,34.78323578850251,34.78323578850251,9.646485605001587,25.136750183500922,1.0,1,39.89700577480271,14.623631286831012,xstock_reversion,-16.353233407304657
nvdax,nvdax_E0050,2026-07-02T12:30:00Z,2026-07-02T12:30:00Z,5,1,premarket,xstock_above_p1a,16.006812874502785,10.577989097297902,10.577989097297902,26.584801971800687,-16.006812874502785,0.0,0,25.287268523905837,12.81539796563451,xstock_reversion,-30.301523109503847
nvdax,nvdax_E0051,2026-07-02T12:50:00Z,2026-07-02T12:55:00Z,10,2,premarket,xstock_below_p1a,23.26325695150011,18.325755044696912,20.68622560949862,1.9599223984023695,16.365832646294542,1.0,0,37.44910894805109,20.933557459179006,xstock_reversion,30.232693048395376
nvdax,nvdax_E0052,2026-07-02T13:25:00Z,2026-07-02T13:25:00Z,5,1,premarket,xstock_above_p1a,20.61315879819503,53.93428123939614,53.93428123939614,33.32112244120111,20.61315879819503,1.0,1,40.24785591919766,17.484433797168816,p1a_catchup,86.85607296979647
nvdax,nvdax_E0053,2026-07-02T14:30:00Z,2026-07-02T14:30:00Z,5,1,regular,xstock_below_p1a,26.183621476798535,1.4519879742991293,1.4519879742991293,24.731633502499406,-23.279645528200277,0.0,0,120.20248405310241,28.892052582473084,p1a_catchup,59.12954326420028
nvdax,nvdax_E0054,2026-07-02T20:00:00Z,2026-07-02T20:00:00Z,5,1,afterhours,xstock_above_p1a,16.01142211510087,0.7569678139951463,0.7569678139951463,16.768389929096017,-16.01142211510087,0.0,0,70.02074242520528,17.03424397397549,persistent_or_wider,-9.741581975797331
nvdax,nvdax_E0055,2026-07-02T20:30:00Z,2026-07-02T20:30:00Z,5,1,afterhours,xstock_below_p1a,26.899987800499403,43.22692196550015,43.22692196550015,16.32693416500075,26.899987800499403,1.0,1,39.888837928199194,16.80930129158632,xstock_reversion,14.38849169099754
nvdax,nvdax_E0056,2026-07-02T21:05:00Z,2026-07-02T21:05:00Z,5,1,afterhours,xstock_below_p1a,18.438814699992534,9.495597063091665,9.495597063091665,8.943217636900869,0.5523794261907966,1.0,0,29.048493325092295,8.78083315237461,xstock_reversion,-15.438455104304083
nvdax,nvdax_E0057,2026-07-06T12:40:00Z,2026-07-06T12:40:00Z,5,1,premarket,xstock_below_p1a,16.746274537196015,1.2190497974984282,1.2190497974984282,15.527224739697587,-14.308174942199159,0.0,0,15.123600365800627,19.9167394660129,p1a_catchup,-1.6002100822998244
nvdax,nvdax_E0058,2026-07-06T13:25:00Z,2026-07-06T13:25:00Z,5,1,premarket,xstock_below_p1a,15.644764141100609,1.0277248592949206,1.0277248592949206,14.617039281805688,-13.589314422510768,0.0,0,25.82894602490171,14.665719112380147,xstock_reversion,-95.21443828780285
nvdax,nvdax_E0059,2026-07-06T14:05:00Z,2026-07-06T14:05:00Z,5,1,regular,xstock_above_p1a,21.377319289204166,6.289560219903123,6.289560219903123,15.087759069301043,-8.79819884939792,0.0,0,75.24273669170078,24.55731176101781,xstock_reversion,-44.54214454419514
nvdax,nvdax_E0060,2026-07-06T19:55:00Z,2026-07-06T19:55:00Z,5,1,regular,xstock_below_p1a,18.190094076402374,10.68205806269873,10.68205806269873,7.508036013703645,3.1740220489950843,1.0,0,61.161590795002496,21.657559020732055,p1a_catchup,8.949690554596046
nvdax,nvdax_E0061,2026-07-07T10:30:00Z,2026-07-07T10:45:00Z,20,3,premarket,xstock_below_p1a,31.8275772486043,1.3935998228653546,2.0835062839985596,26.01179604580099,-24.618196222935634,0.0,0,55.27076314013317,17.618750163219165,p1a_catchup,97.5668397568974
nvdax,nvdax_E0062,2026-07-07T11:00:00Z,2026-07-07T11:05:00Z,10,2,premarket,xstock_below_p1a,44.37510879859552,1.1980284349499826,2.130659283103853,39.16749375399764,-37.96946531904766,0.0,0,68.60536487384827,28.986304077921833,p1a_catchup,26.706480408700273
nvdax,nvdax_E0063,2026-07-07T12:05:00Z,2026-07-07T12:05:00Z,5,1,premarket,xstock_above_p1a,17.928921938299425,3.8641121778049126,3.8641121778049126,14.064809760494512,-10.2006975826896,0.0,0,40.396906652500064,14.645201717556711,p1a_catchup,38.9924848713985
nvdax,nvdax_E0064,2026-07-07T16:25:00Z,2026-07-07T16:35:00Z,15,2,regular,xstock_below_p1a,18.726125958004047,9.526976043949809,16.279653147304174,9.048490889251859,0.4784851546979496,0.5,0,39.832020391648015,24.92618296430041,xstock_reversion,-51.64306956380038
nvdax,nvdax_E0065,2026-07-07T21:20:00Z,2026-07-07T21:20:00Z,5,1,afterhours,xstock_below_p1a,25.57737986720099,6.688335929405653,6.688335929405653,18.889043937795336,-12.200708008389682,0.0,0,43.611158644099035,12.963202222264991,p1a_catchup,10.72002961340246
nvdax,nvdax_E0066,2026-07-08T08:10:00Z,2026-07-08T08:35:00Z,30,6,premarket,xstock_below_p1a,49.88629171189807,4.523022513798954,8.19682393250254,25.80870378304863,-21.28568126924968,0.0,0,71.0083843229503,26.835460463730044,p1a_catchup,22.61862887920074
nvdax,nvdax_E0067,2026-07-08T09:05:00Z,2026-07-08T09:10:00Z,10,2,premarket,xstock_below_p1a,19.86288402459735,4.492008166399053,7.6972581301948395,16.30839785385252,-11.816389687453466,0.0,0,47.23467882994825,12.821162748676706,xstock_reversion,-25.857862492397743
nvdax,nvdax_E0068,2026-07-08T11:40:00Z,2026-07-08T11:40:00Z,5,1,premarket,xstock_above_p1a,21.16627639579427,4.368211699103952,4.368211699103952,25.534488094898222,-21.16627639579427,0.0,0,41.224385125300245,12.800210596664577,p1a_catchup,26.692690762804006
nvdax,nvdax_E0069,2026-07-08T12:05:00Z,2026-07-08T12:05:00Z,5,1,premarket,xstock_above_p1a,18.689471042803163,0.25768898749944924,0.25768898749944924,18.431782055303714,-18.174093067804264,0.0,0,28.055062203904413,14.136882624525647,p1a_catchup,0.5128073639948383
nvdax,nvdax_E0070,2026-07-08T12:55:00Z,2026-07-08T12:55:00Z,5,1,premarket,xstock_below_p1a,16.988698659403667,2.3007076859027364,2.3007076859027364,14.68799097350093,-12.387283287598194,0.0,0,15.230491324995654,13.705037543490045,xstock_reversion,-12.416726580299908
nvdax,nvdax_E0071,2026-07-08T13:30:00Z,2026-07-08T13:30:00Z,5,1,regular,xstock_above_p1a,39.277595713000935,8.526154669494801,8.526154669494801,47.803750382495735,-39.277595713000935,0.0,0,66.29134092830391,43.28144600788353,p1a_catchup,4.816040040900305
nvdax,nvdax_E0072,2026-07-08T14:45:00Z,2026-07-08T14:55:00Z,15,2,regular,xstock_above_p1a,33.46315968389746,10.084218157397906,12.498242903298262,25.61638327359894,-15.532165116201035,0.5,0,64.2991538833515,37.41734052880111,xstock_reversion,-110.9494495026997
nvdax,nvdax_E0073,2026-07-08T17:15:00Z,2026-07-08T17:20:00Z,10,2,regular,xstock_above_p1a,20.748488423905087,1.979852876652366,1.9844261055013135,20.39860655445036,-18.418753677797994,0.0,0,67.15535751764978,32.346562756569035,p1a_catchup,26.749904493099663
nvdax,nvdax_E0074,2026-07-08T20:35:00Z,2026-07-08T20:45:00Z,15,2,afterhours,xstock_below_p1a,23.445223329598974,12.990709514197896,22.04138345789808,8.396597427249297,4.5941120869485985,0.5,0,41.68182161704781,10.059520945838582,xstock_reversion,-0.987020678895334
nvdax,nvdax_E0075,2026-07-08T22:00:00Z,2026-07-08T22:00:00Z,5,1,afterhours,xstock_below_p1a,25.34002832800475,38.88713755580753,38.88713755580753,13.547109227802778,25.34002832800475,1.0,1,34.01963674910746,15.433443662152944,xstock_reversion,6.545388564704879
nvdax,nvdax_E0076,2026-07-09T08:15:00Z,2026-07-09T08:20:00Z,10,2,premarket,xstock_below_p1a,19.820366476608342,8.845688717800115,9.839289850201993,9.306470205103778,-0.4607814873036631,0.0,0,32.038552117152896,13.205474503542128,p1a_catchup,23.46615596500179
nvdax,nvdax_E0077,2026-07-09T08:45:00Z,2026-07-09T08:45:00Z,5,1,premarket,xstock_below_p1a,16.618295594197363,5.513540004997708,5.513540004997708,11.104755589199655,-5.591215584201947,0.0,0,22.421966188597153,5.103509764120998,xstock_reversion,-21.534855620704008
nvdax,nvdax_E0078,2026-07-09T10:45:00Z,2026-07-09T10:50:00Z,10,2,premarket,xstock_below_p1a,24.306293750004926,7.993391991498733,11.361525046797993,11.901027106353546,-3.9076351148548127,0.0,0,25.610799109498927,11.575685402617307,xstock_reversion,-29.38297902450593
nvdax,nvdax_E0079,2026-07-09T12:40:00Z,2026-07-09T13:05:00Z,30,4,premarket,xstock_below_p1a,20.370439635906123,13.897439135150957,18.160003371798794,4.647262369776861,9.250176765374096,0.75,0,18.7222295575995,15.430123048245546,persistent_or_wider,39.53341236849539
nvdax,nvdax_E0080,2026-07-09T13:25:00Z,2026-07-09T13:35:00Z,15,3,regular,xstock_below_p1a,27.744204782695903,2.6515336518014485,3.438468022407548,23.620218647932845,-20.968684996131397,0.0,0,79.73200917276675,24.169400854113334,p1a_catchup,115.7368805915926
nvdax,nvdax_E0081,2026-07-09T14:05:00Z,2026-07-09T14:05:00Z,5,1,regular,xstock_below_p1a,23.130686559502678,1.9273175577971813,1.9273175577971813,25.05800411729986,-23.130686559502678,0.0,0,106.36361399540384,29.6338246062996,p1a_catchup,-14.733979465697544
nvdax,nvdax_E0082,2026-07-09T20:00:00Z,2026-07-09T20:00:00Z,5,1,afterhours,xstock_below_p1a,20.60685707560239,14.46331431839809,14.46331431839809,6.143542757204301,8.31977156119379,1.0,0,79.7137752207977,17.651370929572742,xstock_reversion,-22.843025734005096
nvdax,nvdax_E0083,2026-07-09T21:50:00Z,2026-07-09T21:50:00Z,5,1,afterhours,xstock_below_p1a,19.989867799097283,27.06253387009916,27.06253387009916,7.072666071001876,19.989867799097283,1.0,0,31.514611461194164,10.760385435173013,xstock_reversion,18.074703799300096
nvdax,nvdax_E0084,2026-07-09T22:30:00Z,2026-07-09T22:30:00Z,5,1,afterhours,xstock_above_p1a,23.41956969629244,36.861078293393135,36.861078293393135,13.441508597100693,23.41956969629244,1.0,1,36.970612084097354,17.362262910270573,xstock_reversion,10.875476873994927
nvdax,nvdax_E0085,2026-07-10T08:00:00Z,2026-07-10T08:00:00Z,5,1,premarket,xstock_above_p1a,17.05685915329269,11.028409706499431,11.028409706499431,6.02844944679326,4.999960259706171,1.0,0,31.605615606595805,13.269458430770815,xstock_reversion,-7.442876270795651
nvdax,nvdax_E0086,2026-07-10T13:30:00Z,2026-07-10T13:30:00Z,5,1,regular,xstock_above_p1a,41.73068215079567,10.910206628800267,10.910206628800267,52.64088877959594,-41.73068215079567,0.0,0,99.54059610249644,50.23223409683559,p1a_catchup,146.1264285300068
nvdax,nvdax_E0087,2026-07-10T13:45:00Z,2026-07-10T13:45:00Z,5,1,regular,xstock_above_p1a,36.43581086970826,9.4712389712992,9.4712389712992,45.90704984100746,-36.43581086970826,0.0,0,112.02076480700818,62.720193783475956,p1a_catchup,25.648353123495227
nvdax,nvdax_E0088,2026-07-10T14:15:00Z,2026-07-10T14:15:00Z,5,1,regular,xstock_below_p1a,23.234278649608697,17.951202065402683,17.951202065402683,5.283076584206015,12.668125481196668,1.0,0,21.950874115308494,35.38338298474422,xstock_reversion,-0.10147567380158762
nvdax,nvdax_E0089,2026-07-10T15:05:00Z,2026-07-10T15:05:00Z,5,1,regular,xstock_above_p1a,18.811414169102036,10.059862917604079,10.059862917604079,28.871277086706115,-18.811414169102036,0.0,0,24.00885082569637,30.268316369162562,p1a_catchup,99.90956827749642
nvdax,nvdax_E0090,2026-07-10T15:40:00Z,2026-07-10T15:40:00Z,5,1,regular,xstock_below_p1a,20.50585160190188,1.1534223710008007,1.1534223710008007,19.35242923090108,-18.19900685990028,0.0,0,10.797394898300894,22.722487382080264,xstock_reversion,-50.88498438579947
nvdax,nvdax_E0091,2026-07-10T22:00:00Z,2026-07-10T22:00:00Z,5,1,afterhours,xstock_below_p1a,17.935352434896856,32.59707498799891,32.59707498799891,14.661722553102052,17.935352434896856,1.0,1,16.231738929297634,8.442543917949633,,
nvdax,nvdax_E0092,2026-07-13T13:25:00Z,2026-07-13T13:55:00Z,35,5,regular,xstock_above_p1a,28.71592895579589,4.930697357661273,7.0334381274950175,25.845371566664,-20.914674209002726,0.0,0,56.53347088193783,39.87063385760111,xstock_reversion,-55.16809311489901
nvdax,nvdax_E0093,2026-07-13T14:40:00Z,2026-07-13T14:40:00Z,5,1,regular,xstock_below_p1a,18.254477139603154,1.356631758007154,1.356631758007154,16.897845381596,-15.541213623588845,0.0,0,59.97797331819932,21.55044143394329,p1a_catchup,-5.304656165696642
nvdax,nvdax_E0094,2026-07-13T16:35:00Z,2026-07-13T16:35:00Z,5,1,regular,xstock_below_p1a,18.309871655999288,31.74071825389646,31.74071825389646,13.430846597897173,18.309871655999288,1.0,1,67.52436302149611,18.481871567290654,xstock_reversion,-3.1706157357991316
nvdax,nvdax_E0095,2026-07-13T20:00:00Z,2026-07-13T20:00:00Z,5,1,afterhours,xstock_below_p1a,26.97058137909991,9.868750065304965,9.868750065304965,17.101831313794946,-7.233081248489981,0.0,0,62.76792646620066,21.050784212321734,xstock_reversion,-17.549326590700076
nvdax,nvdax_E0096,2026-07-14T08:05:00Z,2026-07-14T08:05:00Z,5,1,premarket,xstock_below_p1a,19.935747978898632,6.361885058696615,6.361885058696615,13.573862920202018,-7.211977861505403,0.0,0,33.44585776270392,14.650256036383373,xstock_reversion,-20.98329426740264
nvdax,nvdax_E0097,2026-07-14T11:10:00Z,2026-07-14T11:10:00Z,5,1,premarket,xstock_above_p1a,16.989056834502136,5.52078126400346,5.52078126400346,22.509838098505597,-16.989056834502136,0.0,0,34.97154829360305,13.025897563834636,p1a_catchup,30.627895305395114
nvdax,nvdax_E0098,2026-07-14T12:30:00Z,2026-07-14T12:30:00Z,5,1,premarket,xstock_above_p1a,40.65954974930008,2.6219082185008347,2.6219082185008347,43.28145796780092,-40.65954974930008,0.0,0,84.1850450596926,25.346955919807503,xstock_reversion,-30.094444867696524
nvdax,nvdax_E0099,2026-07-14T13:25:00Z,2026-07-14T13:35:00Z,15,3,regular,xstock_below_p1a,61.216602126998865,9.27081548036964,18.915737268798694,41.88433883066445,-32.613523350294805,0.0,0,95.96794467803704,53.594660311506324,p1a_catchup,22.27671818040733
nvdax,nvdax_E0100,2026-07-14T14:30:00Z,2026-07-14T14:30:00Z,5,1,regular,xstock_above_p1a,26.62689692360054,12.05435653010234,12.05435653010234,38.68125345370288,-26.62689692360054,0.0,0,91.39057624249602,26.90438152928382,p1a_catchup,23.88334488720112
nvdax,nvdax_E0101,2026-07-14T15:45:00Z,2026-07-14T15:45:00Z,5,1,regular,xstock_below_p1a,22.031179220700636,41.225081684999054,41.225081684999054,19.193902464298418,22.031179220700636,1.0,1,38.40545340930035,32.641377624970815,xstock_reversion,-15.311007775800078
nvdax,nvdax_E0102,2026-07-15T08:00:00Z,2026-07-15T08:10:00Z,15,2,premarket,xstock_below_p1a,20.261086573096776,4.428081609146872,8.407261195797489,23.943696685249094,-19.515615076102222,0.0,0,49.68401203339745,16.08195661277463,p1a_catchup,-6.641366468000953
nvdax,nvdax_E0103,2026-07-15T13:05:00Z,2026-07-15T13:10:00Z,10,2,premarket,xstock_below_p1a,24.687907818199406,17.20849329429619,21.688470203899968,3.202822115699888,14.005671178596302,1.0,0,22.717223169301803,13.393964444495646,xstock_reversion,-49.15613392910245
nvdax,nvdax_E0104,2026-07-15T13:25:00Z,2026-07-15T13:35:00Z,15,3,regular,xstock_above_p1a,36.9866812869013,7.886815949931976,12.469867641300425,25.794501666499176,-17.9076857165672,0.3333333333333333,0,73.25604752580261,39.8683360409835,xstock_reversion,-127.83494445960386
nvdax,nvdax_E0105,2026-07-15T14:00:00Z,2026-07-15T14:00:00Z,5,1,regular,xstock_below_p1a,21.331256778998053,1.3533669232046464,1.3533669232046464,22.6846237022027,-21.331256778998053,0.0,0,24.927719627001466,45.93771245182757,p1a_catchup,1.8991548816948978
nvdax,nvdax_E0106,2026-07-15T14:20:00Z,2026-07-15T14:20:00Z,5,1,regular,xstock_below_p1a,38.41262129239631,16.698563571493352,16.698563571493352,21.714057720902957,-5.015494149409605,0.0,0,86.2983311003962,54.57388462258783,p1a_catchup,-8.089130369306474
nvdax,nvdax_E0107,2026-07-15T16:00:00Z,2026-07-15T16:00:00Z,5,1,regular,xstock_below_p1a,24.086521146395867,19.703966974802256,19.703966974802256,4.382554171593611,15.321412803208645,1.0,0,74.24228835420266,25.45541962692611,p1a_catchup,70.78695268950774
nvdax,nvdax_E0108,2026-07-15T19:00:00Z,2026-07-15T19:00:00Z,5,1,regular,xstock_above_p1a,19.31918220390294,6.1568834986047705,6.1568834986047705,25.47606570250771,-19.31918220390294,0.0,0,42.31576663009662,22.606477075282758,xstock_reversion,-15.661739987606893
nvdax,nvdax_E0109,2026-07-15T20:45:00Z,2026-07-15T20:45:00Z,5,1,afterhours,xstock_below_p1a,17.15647853799851,6.255800953898216,6.255800953898216,10.900677584100293,-4.644876630202077,0.0,0,23.22027505520019,10.454971803289466,p1a_catchup,5.189046511295814
nvdax,nvdax_E0110,2026-07-16T08:00:00Z,2026-07-16T08:10:00Z,15,3,premarket,xstock_below_p1a,31.377208551797153,10.108810546268407,17.654780699807304,17.323555808831753,-7.214745262563345,0.3333333333333333,0,67.90456274483307,22.57735800165825,p1a_catchup,3.815701658398396
nvdax,nvdax_E0111,2026-07-16T09:55:00Z,2026-07-16T09:55:00Z,5,1,premarket,xstock_below_p1a,15.728156500403045,1.2115680407998042,1.2115680407998042,14.516588459603241,-13.305020418803437,0.0,0,28.045085120398383,9.375963224316083,xstock_reversion,-15.45758105150341
nvdax,nvdax_E0112,2026-07-16T10:30:00Z,2026-07-16T10:30:00Z,5,1,premarket,xstock_above_p1a,22.213909571595636,2.133640208903387,2.133640208903387,24.347549780499023,-22.213909571595636,0.0,0,38.42770796409489,15.35175224445481,persistent_or_wider,-56.243482722404536
nvdax,nvdax_E0113,2026-07-16T10:45:00Z,2026-07-16T10:45:00Z,5,1,premarket,xstock_below_p1a,16.0715979140047,3.5692372766060743,3.5692372766060743,12.502360637398624,-8.93312336079255,0.0,0,37.17119197640173,20.58146276784142,p1a_catchup,35.86375631220662
nvdax,nvdax_E0114,2026-07-16T11:00:00Z,2026-07-16T11:05:00Z,10,2,premarket,xstock_below_p1a,24.32586709510076,1.2843792356997952,1.90939072409968,20.460250465950125,-19.17587123025033,0.0,0,31.122597762998083,21.467444661600286,p1a_catchup,3.865466506596249
nvdax,nvdax_E0115,2026-07-16T11:55:00Z,2026-07-16T11:55:00Z,5,1,premarket,xstock_above_p1a,15.879439190999989,2.1529708959988625,2.1529708959988625,13.726468295001126,-11.573497399002264,0.0,0,23.205708975897466,14.425715970774704,p1a_catchup,8.600507004397073
nvdax,nvdax_E0116,2026-07-16T12:50:00Z,2026-07-16T12:50:00Z,5,1,premarket,xstock_above_p1a,15.829239983000676,1.714397918100019,1.714397918100019,14.114842064900657,-12.400444146800638,0.0,0,20.57017308429998,12.040238437597997,p1a_catchup,48.667650133200624
nvdax,nvdax_E0117,2026-07-16T13:35:00Z,2026-07-16T13:35:00Z,5,1,regular,xstock_below_p1a,24.86337365679603,11.995116555594265,11.995116555594265,12.868257101201763,-0.8731405456074981,0.0,0,90.77205044489389,29.515562029144387,p1a_catchup,5.666468739793373
nvdax,nvdax_E0118,2026-07-16T14:50:00Z,2026-07-16T14:50:00Z,5,1,regular,xstock_below_p1a,24.671917296199553,5.833367825598401,5.833367825598401,18.83854947060115,-13.00518164500275,0.0,0,85.92729582930225,30.552927128580247,p1a_catchup,-5.809168968102796
nvdax,nvdax_E0119,2026-07-17T08:15:00Z,2026-07-17T08:15:00Z,5,1,premarket,xstock_below_p1a,29.764355266097553,0.31010019779564857,0.31010019779564857,29.454255068301904,-29.144154870506256,0.0,0,44.39761947869769,22.889409740917877,xstock_reversion,-34.88665387310519
nvdax,nvdax_E0120,2026-07-17T09:35:00Z,2026-07-17T09:35:00Z,5,1,premarket,xstock_above_p1a,17.49068072739668,4.6435189554028256,4.6435189554028256,12.847161771993854,-8.203642816591028,0.0,0,29.52918304430341,14.215743349304246,p1a_catchup,27.737894846202593
nvdax,nvdax_E0121,2026-07-17T12:40:00Z,2026-07-17T12:40:00Z,5,1,premarket,xstock_below_p1a,19.492373677101327,42.8574823161032,42.8574823161032,23.365108639001875,19.492373677101327,1.0,1,20.844787418301536,16.562210030794677,xstock_reversion,30.192811314799783
nvdax,nvdax_E0122,2026-07-17T13:00:00Z,2026-07-17T13:00:00Z,5,1,premarket,xstock_below_p1a,19.57586493319674,10.950084225598289,10.950084225598289,8.625780707598452,2.3243035179998373,1.0,0,14.453996636598632,24.21092116201703,persistent_or_wider,86.7743731055004
nvdax,nvdax_E0123,2026-07-17T13:25:00Z,2026-07-17T14:05:00Z,45,8,regular,xstock_below_p1a,43.77035876450108,7.713002528690893,15.459571748994705,36.926883422289116,-29.213880893598223,0.0,0,124.1275647056117,54.02118758007474,xstock_reversion,-121.89113337880642
nvdax,nvdax_E0124,2026-07-17T14:25:00Z,2026-07-17T14:25:00Z,5,1,regular,xstock_below_p1a,20.825047060499813,4.875068406704486,4.875068406704486,15.949978653795327,-11.074910247090841,0.0,0,35.18430446640686,53.14892781326933,p1a_catchup,39.33141746830238
nvdax,nvdax_E0125,2026-07-17T14:40:00Z,2026-07-17T14:40:00Z,5,1,regular,xstock_below_p1a,22.875107287605445,0.07253408840668385,0.07253408840668385,22.80257319919876,-22.730039110792077,0.0,0,22.221189288700316,41.54533493363931,p1a_catchup,-1.4759058398983171
nvdax,nvdax_E0126,2026-07-17T16:20:00Z,2026-07-17T16:20:00Z,5,1,regular,xstock_below_p1a,19.729564778900865,4.471593266197615,4.471593266197615,15.25797151270325,-10.786378246505635,0.0,0,24.769583551602636,30.548210116789107,xstock_reversion,-86.77055514260346
nvdax,nvdax_E0127,2026-07-17T19:25:00Z,2026-07-17T19:25:00Z,5,1,regular,xstock_above_p1a,19.197695505397405,6.108079252902243,6.108079252902243,13.089616252495162,-6.981536999592919,0.0,0,39.91457379020069,24.78863478793748,p1a_catchup,-16.025446903000784
nvdax,nvdax_E0128,2026-07-17T20:00:00Z,2026-07-17T20:00:00Z,5,1,afterhours,xstock_below_p1a,17.05610786289391,3.7182959038961627,3.7182959038961627,13.337811958997747,-9.619516055101585,0.0,0,46.09798192929837,22.724156427239596,xstock_reversion,-7.409420181403448
nvdax,nvdax_E0129,2026-07-20T08:30:00Z,2026-07-20T08:30:00Z,5,1,premarket,xstock_below_p1a,16.332176362396922,6.701712688901296,6.701712688901296,9.630463673495626,-2.9287509845943305,0.0,0,23.221077188599892,12.828004722728357,p1a_catchup,-4.9127979371998975
nvdax,nvdax_E0130,2026-07-20T09:30:00Z,2026-07-20T09:30:00Z,5,1,premarket,xstock_below_p1a,17.901031436799997,32.84977506599951,32.84977506599951,14.948743629199512,17.901031436799997,1.0,1,14.562041562005135,7.845755978450343,xstock_reversion,-1.9624196697076712
nvdax,nvdax_E0131,2026-07-20T11:30:00Z,2026-07-20T11:30:00Z,5,1,premarket,xstock_above_p1a,23.688825440100203,14.883470856599246,14.883470856599246,38.57229629669945,-23.688825440100203,0.0,0,45.06536115600035,18.516307468548053,xstock_reversion,-28.688791210402798
nvdax,nvdax_E0132,2026-07-20T12:40:00Z,2026-07-20T12:40:00Z,5,1,premarket,xstock_below_p1a,24.965240009997558,5.529634223400137,5.529634223400137,19.43560578659742,-13.905971563197284,0.0,0,9.497130993105785,15.11269008988974,p1a_catchup,18.930774968595188
nvdax,nvdax_E0133,2026-07-20T13:00:00Z,2026-07-20T13:05:00Z,10,2,premarket,xstock_below_p1a,21.00640783009311,6.540194152444556,11.852616653094117,13.316554333799857,-6.776360181355301,0.5,0,27.821925128894698,15.566277328996636,xstock_reversion,-85.88741929520083
nvdax,nvdax_E0134,2026-07-20T13:50:00Z,2026-07-20T13:50:00Z,5,1,regular,xstock_below_p1a,19.54985690890254,9.30874926740266,9.30874926740266,10.24110764149988,-0.9323583740972197,0.0,0,32.36405461300329,29.33929854281781,p1a_catchup,35.94330661959688
nvdax,nvdax_E0135,2026-07-20T15:45:00Z,2026-07-20T15:45:00Z,5,1,regular,xstock_below_p1a,22.467894138404887,0.09829136669914362,0.09829136669914362,22.56618550510403,-22.467894138404887,0.0,0,53.84462447300287,25.24099029234147,xstock_reversion,-37.02264556189938
nvdax,nvdax_E0136,2026-07-20T20:05:00Z,2026-07-20T20:05:00Z,5,1,afterhours,xstock_below_p1a,17.686244024899267,2.217729380902256,2.217729380902256,15.468514643997011,-13.250785263094755,0.0,0,21.454945668697434,10.789480997581162,p1a_catchup,11.840159252001214
nvdax,nvdax_E0137,2026-07-21T13:25:00Z,2026-07-21T13:25:00Z,5,1,premarket,xstock_above_p1a,46.72170859369551,7.638517031498537,7.638517031498537,54.36022562519405,-46.72170859369551,0.0,0,70.71339298920343,28.947728851782355,xstock_reversion,-99.77319169149901
nvdax,nvdax_E0138,2026-07-21T14:00:00Z,2026-07-21T14:00:00Z,5,1,regular,xstock_below_p1a,20.621227429193922,2.933876144899372,2.933876144899372,17.68735128429455,-14.753475139395178,0.0,0,82.18297808289421,20.04980099844339,xstock_reversion,-23.201016598397572
nvdax,nvdax_E0139,2026-07-21T20:00:00Z,2026-07-21T20:00:00Z,5,1,afterhours,xstock_below_p1a,16.837862951302185,0.6860017949072983,0.6860017949072983,16.151861156394887,-15.465859361487588,0.0,0,10.882399462106562,12.853853323964865,xstock_reversion,-11.162993421498513
nvdax,nvdax_E0140,2026-07-22T08:00:00Z,2026-07-22T08:00:00Z,5,1,premarket,xstock_below_p1a,18.072827649104894,4.893371798599944,4.893371798599944,13.17945585050495,-8.286084051905007,0.0,0,30.00127991850121,12.740336905434036,xstock_reversion,-14.87387958150066
nvdax,nvdax_E0141,2026-07-22T12:25:00Z,2026-07-22T12:25:00Z,5,1,premarket,xstock_above_p1a,23.74167307969799,21.094244543400364,21.094244543400364,2.6474285362976246,18.44681600710274,1.0,0,28.6562522476963,19.690828849021578,xstock_reversion,2.9265437726966326
nvdax,nvdax_E0142,2026-07-22T14:55:00Z,2026-07-22T15:10:00Z,20,3,regular,xstock_above_p1a,37.04679363780272,5.631929776995411,8.448970199896877,34.45089325843161,-28.8189634814362,0.0,0,145.49918270313415,25.18938642467241,p1a_catchup,13.692487797607455
nvdax,nvdax_E0143,2026-07-22T20:05:00Z,2026-07-22T20:05:00Z,5,1,afterhours,xstock_above_p1a,15.6858446842989,6.109732646901733,6.109732646901733,21.795577331200633,-15.6858446842989,0.0,0,15.14564666500462,12.545508019200643,p1a_catchup,-10.251655735604714
nvdax,nvdax_E0144,2026-07-22T21:05:00Z,2026-07-22T21:05:00Z,5,1,afterhours,xstock_above_p1a,30.619056704201952,15.925870203101766,15.925870203101766,46.54492690730372,-30.619056704201952,0.0,0,54.65229706819841,16.57012492567986,persistent_or_wider,-131.2373312595039
nvdax,nvdax_E0145,2026-07-22T21:25:00Z,2026-07-22T21:40:00Z,20,4,afterhours,xstock_below_p1a,55.01964079609678,5.176632471424192,11.934364854502277,36.441981100976406,-31.265348629552214,0.0,0,77.01526538177461,23.62994034578604,p1a_catchup,29.874124216702214
nvdax,nvdax_E0146,2026-07-23T08:20:00Z,2026-07-23T08:20:00Z,5,1,premarket,xstock_below_p1a,16.138909357197306,4.735718330799443,4.735718330799443,11.403191026397863,-6.66747269559842,0.0,0,17.7639577507005,16.595042814253677,p1a_catchup,-7.087535142096257
nvdax,nvdax_E0147,2026-07-23T08:55:00Z,2026-07-23T08:55:00Z,5,1,premarket,xstock_above_p1a,17.939398922699468,2.8385781337991745,2.8385781337991745,15.100820788900293,-12.262242655101119,0.0,0,34.077357769595196,11.659204611180453,xstock_reversion,-28.870976345398702
nvdax,nvdax_E0148,2026-07-23T11:35:00Z,2026-07-23T11:35:00Z,5,1,premarket,xstock_below_p1a,19.840760572993332,1.4324856801017916,1.4324856801017916,21.273246253095124,-19.840760572993332,0.0,0,36.622544924993505,15.963729586955616,xstock_reversion,-26.65272150330189
nvdax,nvdax_E0149,2026-07-23T13:25:00Z,2026-07-23T13:25:00Z,5,1,premarket,xstock_above_p1a,22.74204023889226,6.14994655970591,6.14994655970591,28.891986798598168,-22.74204023889226,0.0,0,25.646229111799812,17.742694818471097,p1a_catchup,-25.33522710840508
nvdax,nvdax_E0150,2026-07-23T13:40:00Z,2026-07-23T13:55:00Z,20,3,regular,xstock_above_p1a,22.370398482696174,3.641370960997629,6.214925461298648,17.426328566433707,-13.784957605436077,0.0,0,45.13608579483315,39.71127515458472,xstock_reversion,-76.18766029639623
nvdax,nvdax_E0151,2026-07-23T14:35:00Z,2026-07-23T14:35:00Z,5,1,regular,xstock_above_p1a,21.737116973499226,1.3213638645037662,1.3213638645037662,20.41575310899546,-19.094389244491694,0.0,0,28.152991182999187,28.81914009635989,xstock_reversion,-104.86915426339394
nvdax,nvdax_E0152,2026-07-23T16:00:00Z,2026-07-23T16:00:00Z,5,1,regular,xstock_above_p1a,21.5515174767944,6.109217947800616,6.109217947800616,27.660735424595018,-21.5515174767944,0.0,0,80.92501075910086,21.542080146148287,p1a_catchup,16.34679424020291
nvdax,nvdax_E0153,2026-07-23T19:55:00Z,2026-07-23T20:00:00Z,10,2,regular,xstock_above_p1a,41.76537507230016,4.790824872697996,6.455862776499899,32.47912564194877,-27.688300769250773,0.0,0,105.98927084509491,29.162015879030022,xstock_reversion,-33.392198179704735
nvdax,nvdax_E0154,2026-07-23T20:25:00Z,2026-07-23T20:35:00Z,15,2,afterhours,xstock_above_p1a,30.498073555396132,34.185067150800386,41.34396399529727,10.207809246400856,23.97725790439953,1.0,1,27.457091876450512,29.837441272892143,xstock_reversion,-5.258251991495655
nvdax,nvdax_E0155,2026-07-23T20:50:00Z,2026-07-23T20:50:00Z,5,1,afterhours,xstock_above_p1a,26.184981349395287,33.44822167179906,33.44822167179906,7.2632403224037745,26.184981349395287,1.0,1,0.6864618764979014,36.29137302857122,xstock_reversion,-28.890420906995118
nvdax,nvdax_E0156,2026-07-24T13:25:00Z,2026-07-24T13:25:00Z,5,1,premarket,xstock_below_p1a,22.260757445602408,3.3711813687009595,3.3711813687009595,18.88957607690145,-15.51839470820049,0.0,0,28.88959687850523,13.654535976749221,p1a_catchup,55.88765885479852
nvdax,nvdax_E0157,2026-07-24T13:50:00Z,2026-07-24T13:50:00Z,5,1,regular,xstock_below_p1a,43.88751564050608,2.183924775494006,2.183924775494006,46.07144041600009,-43.88751564050608,0.0,0,62.1596835779048,55.901669364944304,xstock_reversion,-91.31159900610086
nvdax,nvdax_E0158,2026-07-24T14:55:00Z,2026-07-24T14:55:00Z,5,1,regular,xstock_above_p1a,27.26291604960629,7.963437721398847,7.963437721398847,35.22635377100514,-27.26291604960629,0.0,0,82.66257050379977,32.86161295729409,p1a_catchup,-13.613405333803286
nvdax,nvdax_E0159,2026-07-24T15:10:00Z,2026-07-24T15:10:00Z,5,1,regular,xstock_above_p1a,19.680879752197455,1.2613806728989374,1.2613806728989374,18.419499079298518,-17.15811840639958,0.0,0,20.435983024897908,36.899154236502255,xstock_reversion,-23.86863840840192
nvdax,nvdax_E0160,2026-07-24T19:55:00Z,2026-07-24T19:55:00Z,5,1,regular,xstock_above_p1a,19.29797271240652,0.1163275029991695,0.1163275029991695,19.41430021540569,-19.29797271240652,0.0,0,57.66786716070449,17.896596623055505,xstock_reversion,-9.184734650906634
nvdax,nvdax_E0161,2026-07-24T22:30:00Z,2026-07-24T22:30:00Z,5,1,afterhours,xstock_below_p1a,19.883389971599996,33.47250194210005,33.47250194210005,13.589111970500056,19.883389971599996,1.0,1,30.572083778794834,10.707551414804774,xstock_reversion,2.175778756097202
nvdax,nvdax_E0162,2026-07-27T13:30:00Z,2026-07-27T13:40:00Z,15,3,regular,xstock_below_p1a,48.62165684150099,8.951077845666214,18.561439061404172,49.16157861930041,-40.210500773634195,0.0,0,183.66672533683587,46.48101557830686,p1a_catchup,185.94005909959856
nvdax,nvdax_E0163,2026-07-27T14:10:00Z,2026-07-27T14:25:00Z,20,3,regular,xstock_below_p1a,25.137993406598724,8.464144856198766,10.067774383299977,26.2564521393364,-17.79230728313763,0.0,0,90.96461153573246,37.271368149401304,p1a_catchup,41.56260936469813
nvdax,nvdax_E0164,2026-07-27T14:40:00Z,2026-07-27T14:45:00Z,10,2,regular,xstock_above_p1a,22.332061591407992,14.650940545504199,21.879181481603283,28.38322633120338,-13.732285785699183,0.0,0,27.25689284214905,37.81953855223594,xstock_reversion,-68.68150551869512
nvdax,nvdax_E0165,2026-07-27T15:55:00Z,2026-07-27T15:55:00Z,5,1,regular,xstock_above_p1a,19.71385451139618,5.863708609004092,5.863708609004092,25.57756312040027,-19.71385451139618,0.0,0,36.76462101830147,31.149057604988524,p1a_catchup,9.105165280791638
nvdax,nvdax_E0166,2026-07-27T19:35:00Z,2026-07-27T19:35:00Z,5,1,regular,xstock_below_p1a,18.227965724104678,0.7252640313026859,0.7252640313026859,17.502701692801992,-16.777437661499306,0.0,0,57.05709090130462,22.616482942878935,p1a_catchup,9.912944829100212
nvdax,nvdax_E0167,2026-07-27T23:45:00Z,2026-07-27T23:45:00Z,5,1,afterhours,xstock_below_p1a,28.04492109020451,28.01032150010485,28.01032150010485,0.03459959009965985,27.97572191000519,1.0,1,46.353507981997666,15.188746981051287,,
nvdax,nvdax_E0168,2026-07-28T08:15:00Z,2026-07-28T08:15:00Z,5,1,premarket,xstock_above_p1a,29.556013119602653,3.352763668500458,3.352763668500458,26.203249451102195,-22.850485782601737,0.0,0,37.21424238589677,24.886172970107516,p1a_catchup,21.59939127220234
nvdax,nvdax_E0169,2026-07-28T09:25:00Z,2026-07-28T09:25:00Z,5,1,premarket,xstock_above_p1a,16.903573275897088,3.7022903330985457,3.7022903330985457,13.201282942798542,-9.498992609699997,0.0,0,22.94914145140048,9.138040094940106,xstock_reversion,-8.735644552304578
nvdax,nvdax_E0170,2026-07-28T11:15:00Z,2026-07-28T11:15:00Z,5,1,premarket,xstock_above_p1a,17.9226290693979,4.261616924097211,4.261616924097211,22.18424599349511,-17.9226290693979,0.0,0,32.497051958104706,13.684750707084412,persistent_or_wider,-2.0577815903966012
nvdax,nvdax_E0171,2026-07-28T11:45:00Z,2026-07-28T11:55:00Z,15,2,premarket,xstock_above_p1a,29.33626330220207,3.016997987450587,5.88244235020241,20.77588321764967,-17.758885230199084,0.0,0,44.75907351795261,19.022816101238746,p1a_catchup,13.287001137198828
nvdax,nvdax_E0172,2026-07-28T13:25:00Z,2026-07-28T13:30:00Z,10,2,premarket,xstock_below_p1a,33.422475840696464,1.3196808310045327,2.3692424713050997,27.18506152345146,-25.865380692446927,0.0,0,71.47001058354974,25.05846022252681,p1a_catchup,66.40096459999967
nvdax,nvdax_E0173,2026-07-28T14:35:00Z,2026-07-28T14:45:00Z,15,2,regular,xstock_above_p1a,26.87154526040736,1.3389138881469975,2.2727543536937844,26.6234585660019,-25.284544677854903,0.0,0,132.6929740029037,34.695658040754694,p1a_catchup,35.20591421430019
nvdax,nvdax_E0174,2026-07-28T20:00:00Z,2026-07-28T20:00:00Z,5,1,afterhours,xstock_below_p1a,19.879709318502137,8.037425804996445,8.037425804996445,27.917135123498582,-19.879709318502137,0.0,0,39.56315995470305,25.230182437291788,xstock_reversion,-44.63515211500457
nvdax,nvdax_E0175,2026-07-28T23:10:00Z,2026-07-28T23:10:00Z,5,1,afterhours,xstock_above_p1a,20.205611433601334,8.545014766401238,8.545014766401238,11.660596667200096,-3.1155819007988583,0.0,0,12.84860937570187,18.60488663361522,persistent_or_wider,48.87617681590406
nvdax,nvdax_E0176,2026-07-28T23:40:00Z,2026-07-28T23:50:00Z,15,3,afterhours,xstock_above_p1a,30.485291981996454,6.447289581599236,15.257145302403075,28.503771994037308,-22.056482412438072,0.0,0,66.25599657156774,22.31470109928753,,
nvdax,nvdax_E0177,2026-07-29T12:10:00Z,2026-07-29T12:10:00Z,5,1,premarket,xstock_below_p1a,31.620375638601317,37.579053311898036,37.579053311898036,5.9586776732967195,31.620375638601317,1.0,1,54.91025512309733,17.964008932999032,xstock_reversion,7.443389207901774
nvdax,nvdax_E0178,2026-07-29T13:25:00Z,2026-07-29T13:35:00Z,15,3,regular,xstock_below_p1a,27.942598643697636,10.312386945363627,19.758629182602405,13.785862337633384,-3.473475392269757,0.3333333333333333,0,39.15846999759628,31.771839936418967,p1a_catchup,159.1135754143025
nvdax,nvdax_E0179,2026-07-29T13:50:00Z,2026-07-29T13:55:00Z,10,2,regular,xstock_below_p1a,24.27036389919479,12.355272393751449,18.70559275400474,34.64504820614778,-22.28977581239633,0.0,0,96.6773232346485,59.90032686170879,p1a_catchup,129.0927154958954
nvdax,nvdax_E0180,2026-07-29T14:10:00Z,2026-07-29T14:10:00Z,5,1,regular,xstock_below_p1a,19.44727671640223,4.085162547102783,4.085162547102783,23.53243926350501,-19.44727671640223,0.0,0,84.4812055728994,18.58444193922781,p1a_catchup,35.518449458598056
nvdax,nvdax_E0181,2026-07-29T18:00:00Z,2026-07-29T18:10:00Z,15,2,regular,xstock_above_p1a,19.23080625470419,5.027330197302504,8.73168059710494,13.673710795449878,-8.646380598147374,0.0,0,49.70882750510164,33.90531662121839,p1a_catchup,8.030568399997051
nvdax,nvdax_E0182,2026-07-29T18:35:00Z,2026-07-29T18:40:00Z,10,2,regular,xstock_above_p1a,28.02996782819811,3.026483808148406,5.4064904539963266,28.102211769547303,-25.075727961398897,0.0,0,93.85284007725315,30.48130105007316,xstock_reversion,-30.22418855810116
nvdax,nvdax_E0183,2026-07-29T19:05:00Z,2026-07-29T19:05:00Z,5,1,regular,xstock_below_p1a,21.279774422202635,5.166783946704001,5.166783946704001,26.446558368906636,-21.279774422202635,0.0,0,69.53324745849976,36.520577286196335,p1a_catchup,159.60541935469587
nvdax,nvdax_E0184,2026-07-29T19:20:00Z,2026-07-29T19:35:00Z,20,3,regular,xstock_below_p1a,25.215852707098918,6.958744746932884,14.259549480497569,25.353907923998758,-18.39516317706587,0.0,0,89.39270957893264,24.801947346851644,p1a_catchup,114.11250276140095
nvdax,nvdax_E0185,2026-07-29T19:55:00Z,2026-07-29T20:05:00Z,15,3,afterhours,xstock_below_p1a,33.915132541499915,8.978951083638739,11.768155301705718,23.93410753856351,-14.95515645492477,0.3333333333333333,0,101.41192476783505,30.37745396877038,xstock_reversion,-27.27204882789991
nvdax,nvdax_E0186,2026-07-29T20:25:00Z,2026-07-29T20:25:00Z,5,1,afterhours,xstock_below_p1a,19.077523689192688,2.0233567831962063,2.0233567831962063,17.05416690599648,-15.030810122800276,0.0,0,42.680881100700674,24.760868688758222,xstock_reversion,-26.514081133699463
nvdax,nvdax_E0187,2026-07-29T21:35:00Z,2026-07-29T21:35:00Z,5,1,afterhours,xstock_below_p1a,22.2352323283026,5.209816046303217,5.209816046303217,27.44504837460582,-22.2352323283026,0.0,0,37.798143381202465,14.144741661817699,persistent_or_wider,-108.34228201749951
nvdax,nvdax_E0188,2026-07-29T22:00:00Z,2026-07-29T22:15:00Z,20,3,afterhours,xstock_above_p1a,50.34616867950703,3.207248355329521,5.254994172601002,44.41143491333103,-41.20418655800151,0.0,0,83.79417775013387,26.196075664332852,p1a_catchup,9.411273307806667
nvdax,nvdax_E0189,2026-07-30T08:05:00Z,2026-07-30T08:10:00Z,10,2,premarket,xstock_above_p1a,23.10688914950454,16.27183407439947,23.2905786233939,10.109363705499419,6.162470368900053,0.5,0,12.905955256594659,14.681665316792422,p1a_catchup,27.1881376303007
nvdax,nvdax_E0190,2026-07-30T09:10:00Z,2026-07-30T09:10:00Z,5,1,premarket,xstock_above_p1a,17.743853232898843,4.069787588001361,4.069787588001361,13.674065644897482,-9.60427805689612,0.0,0,33.51277730570423,8.986741702076717,p1a_catchup,-1.5614021423004942
nvdax,nvdax_E0191,2026-07-30T10:15:00Z,2026-07-30T10:15:00Z,5,1,premarket,xstock_above_p1a,18.502736882997084,2.4258993988013344,2.4258993988013344,20.92863628179842,-18.502736882997084,0.0,0,30.88871832879647,16.837731924428414,p1a_catchup,5.195884975996989
nvdax,nvdax_E0192,2026-07-30T11:00:00Z,2026-07-30T11:00:00Z,5,1,premarket,xstock_above_p1a,21.396274757599087,8.359304657092892,8.359304657092892,13.036970100506196,-4.677665443413304,0.0,0,23.298288540196666,15.08055301708769,p1a_catchup,6.21955031969712
nvdax,nvdax_E0193,2026-07-30T12:00:00Z,2026-07-30T12:00:00Z,5,1,premarket,xstock_above_p1a,16.766174660798328,0.9523989757020956,0.9523989757020956,15.813775685096232,-14.861376709394136,0.0,0,18.43284480799845,11.705750805980456,xstock_reversion,-3.539470550695256
nvdax,nvdax_E0194,2026-07-30T13:00:00Z,2026-07-30T13:00:00Z,5,1,premarket,xstock_above_p1a,16.514331679200467,1.1250571908050233,1.1250571908050233,15.389274488395444,-14.26421729759042,0.0,0,37.17711323010242,7.726094235813857,persistent_or_wider,-122.59936814889905
nvdax,nvdax_E0195,2026-07-30T13:25:00Z,2026-07-30T13:30:00Z,10,2,premarket,xstock_below_p1a,25.071162620600163,11.761717342801958,14.915280262703945,32.92247015195038,-21.16075280914842,0.0,0,71.86841044589886,18.719180282037335,xstock_reversion,-205.5449053942038
nvdax,nvdax_E0196,2026-07-30T13:45:00Z,2026-07-30T13:55:00Z,15,2,regular,xstock_above_p1a,29.405192643494615,6.5743468632017965,8.749571293300562,27.12394155434783,-20.549594691146034,0.0,0,97.78987311665153,38.778399199423134,p1a_catchup,65.50547847670174
nvdax,nvdax_E0197,2026-07-30T14:20:00Z,2026-07-30T14:20:00Z,5,1,regular,xstock_above_p1a,21.28555862800141,4.350529916301582,4.350529916301582,16.93502871169983,-12.584498795398247,0.0,0,71.40002592100458,41.81356151614853,xstock_reversion,-85.74081765869934
nvdax,nvdax_E0198,2026-07-30T14:35:00Z,2026-07-30T14:35:00Z,5,1,regular,xstock_below_p1a,21.46341372560201,8.91123788339776,8.91123788339776,12.55217584220425,-3.6409379588064894,0.0,0,27.415187092501014,37.17618579093253,p1a_catchup,53.126402027494635
nvdax,nvdax_E0199,2026-07-30T15:10:00Z,2026-07-30T15:10:00Z,5,1,regular,xstock_below_p1a,18.22909032740405,1.879046833996867,1.879046833996867,20.10813716140092,-18.22909032740405,0.0,0,28.03045255240555,25.408622455524743,p1a_catchup,59.620003419595946
nvdax,nvdax_E0200,2026-07-30T21:15:00Z,2026-07-30T21:20:00Z,10,2,afterhours,xstock_above_p1a,26.96751220470084,1.1379437376568546,1.270426575805672,26.58079608089725,-25.442852343240396,0.0,0,51.11629091980152,18.69479689670321,p1a_catchup,-4.706689935094488
nvdax,nvdax_E0201,2026-07-31T11:15:00Z,2026-07-31T11:15:00Z,5,1,premarket,xstock_below_p1a,18.62973721049599,0.8211552854930915,0.8211552854930915,17.808581925002898,-16.987426639509806,0.0,0,41.45775566430032,14.887960269676771,p1a_catchup,-11.825585408704598
nvdax,nvdax_E0202,2026-07-31T13:25:00Z,2026-07-31T13:40:00Z,20,3,regular,xstock_above_p1a,26.238614558495854,12.71570825423396,22.87415277019811,36.14971908849777,-23.434010834263812,0.0,0,56.55615286986364,22.6960199532874,xstock_reversion,-44.41535591089618
nvdax,nvdax_E0203,2026-07-31T14:00:00Z,2026-07-31T14:05:00Z,10,2,regular,xstock_below_p1a,22.496263104700986,16.848766249752956,23.066189356004685,28.002568318603593,-11.153802068850638,0.5,0,79.66463947605362,32.4859437941407,xstock_reversion,-48.3080444172046
nvdax,nvdax_E0204,2026-07-31T15:20:00Z,2026-07-31T15:20:00Z,5,1,regular,xstock_below_p1a,19.212072074097364,1.3380617420999386,1.3380617420999386,20.550133816197302,-19.212072074097364,0.0,0,80.53532725919688,16.885463211921753,xstock_reversion,-28.651714876994916
nvdax,nvdax_E0205,2026-07-31T16:20:00Z,2026-07-31T16:20:00Z,5,1,regular,xstock_above_p1a,20.010691924303714,2.2736300639980556,2.2736300639980556,17.73706186030566,-15.463431796307603,0.0,0,42.46613862630255,22.22224164606599,p1a_catchup,32.60489696479851
nvdax,nvdax_E0206,2026-07-31T19:15:00Z,2026-07-31T19:15:00Z,5,1,regular,xstock_above_p1a,37.18815487469662,1.699602688303159,1.699602688303159,38.88775756299978,-37.18815487469662,0.0,0,92.03257411550148,39.54649119210308,p1a_catchup,55.07896503089249
nvdax,nvdax_E0207,2026-07-31T20:00:00Z,2026-07-31T20:00:00Z,5,1,afterhours,xstock_below_p1a,35.753573402201866,0.9993497231963744,0.9993497231963744,34.75422367900549,-33.75487395580912,0.0,0,75.70879981269485,33.15730129716065,p1a_catchup,-1.5003375788058548
nvdax,nvdax_E0208,2026-07-31T21:35:00Z,2026-07-31T21:35:00Z,5,1,afterhours,xstock_above_p1a,24.12672664799942,44.230024794504885,44.230024794504885,20.103298146505466,24.12672664799942,1.0,1,19.441511708198078,18.52664667394776,xstock_reversion,-21.079054228998473
nvdax,nvdax_E0209,2026-08-03T08:00:00Z,2026-08-03T08:00:00Z,5,1,premarket,xstock_below_p1a,17.84236326450639,2.330045428902139,2.330045428902139,15.51231783560425,-13.182272406702111,0.0,0,30.672459322804713,18.342590080507055,p1a_catchup,52.40709756130002
nvdax,nvdax_E0210,2026-08-03T08:15:00Z,2026-08-03T08:20:00Z,10,2,premarket,xstock_below_p1a,23.477188360896406,5.923149760298507,9.280178458297428,19.811814314296683,-13.888664553998176,0.0,0,39.461910129343636,21.10355105832033,xstock_reversion,-23.79194125210482
nvdax,nvdax_E0211,2026-08-03T11:00:00Z,2026-08-03T11:05:00Z,10,2,premarket,xstock_below_p1a,19.722645612105794,4.16601525710103,4.321320518405614,17.75971139545085,-13.59369613834982,0.0,0,27.770494979102445,12.575477911179583,p1a_catchup,7.086591367997386
nvdax,nvdax_E0212,2026-08-03T11:50:00Z,2026-08-03T11:50:00Z,5,1,premarket,xstock_below_p1a,27.031651159701298,0.2547208675984791,0.2547208675984791,27.286372027299777,-27.031651159701298,0.0,0,44.745664213303726,18.873643032940887,p1a_catchup,-8.49223585709602
nvdax,nvdax_E0213,2026-08-03T13:15:00Z,2026-08-03T13:30:00Z,20,3,premarket,xstock_below_p1a,40.82945661659565,3.567694207002129,5.973148615403545,29.901549500633468,-26.33385529363134,0.0,0,25.3033285419324,29.61413925749955,xstock_reversion,-228.65717110930106
nvdax,nvdax_E0214,2026-08-03T13:55:00Z,2026-08-03T14:05:00Z,15,2,regular,xstock_above_p1a,32.253565985902455,22.5081533981486,27.618417506900528,52.37597401769989,-29.86782061955129,0.0,0,154.59403215605238,37.888322385853016,p1a_catchup,152.9605745137008
nvdax,nvdax_E0215,2026-08-03T14:20:00Z,2026-08-03T14:20:00Z,5,1,regular,xstock_above_p1a,21.097606137203684,5.0741377160967716,5.0741377160967716,26.171743853300455,-21.097606137203684,0.0,0,84.86973074050219,28.796279353244863,p1a_catchup,33.77027298009594
nvdax,nvdax_E0216,2026-08-04T11:00:00Z,2026-08-04T11:00:00Z,5,1,premarket,xstock_above_p1a,21.95180764040572,9.654499480697964,9.654499480697964,31.606307121103683,-21.95180764040572,0.0,0,28.128153939004363,14.628735102456277,p1a_catchup,-2.1580597408021873
nvdax,nvdax_E0217,2026-08-04T11:50:00Z,2026-08-04T11:50:00Z,5,1,premarket,xstock_above_p1a,16.87835222909939,7.169545526597432,7.169545526597432,24.047897755696823,-16.87835222909939,0.0,0,45.707213180801176,9.492639702435191,p1a_catchup,1.425279713602734
nvdax,nvdax_E0218,2026-08-04T13:25:00Z,2026-08-04T13:25:00Z,5,1,premarket,xstock_above_p1a,39.63515969370057,2.3455716128051307,2.3455716128051307,37.28958808089544,-34.94401646809031,0.0,0,57.355661722606754,20.572507756347328,xstock_reversion,-66.43281526369726
nvdax,nvdax_E0219,2026-08-04T13:55:00Z,2026-08-04T13:55:00Z,5,1,regular,xstock_below_p1a,20.677089491298872,8.623282351800654,8.623282351800654,12.053807139498218,-3.430524787697564,0.0,0,53.08638447210079,28.83309615246222,p1a_catchup,-10.582857521495015
nvdax,nvdax_E0220,2026-08-04T14:50:00Z,2026-08-04T14:50:00Z,5,1,regular,xstock_below_p1a,27.59307842739922,13.662891278896083,13.662891278896083,13.930187148503137,-0.26729586960705376,0.0,0,47.61789174880349,38.3287012214622,xstock_reversion,-21.443385787005553
nvdax,nvdax_E0221,2026-08-04T20:00:00Z,2026-08-04T20:00:00Z,5,1,afterhours,xstock_below_p1a,18.49268332629883,3.4648946374993272,3.4648946374993272,21.95757796379816,-18.49268332629883,0.0,0,56.53052357240007,19.86722956504176,persistent_or_wider,66.95658606919785
nvdax,nvdax_E0222,2026-08-04T20:15:00Z,2026-08-04T20:15:00Z,5,1,afterhours,xstock_below_p1a,44.35747681919899,3.0422499626059363,3.0422499626059363,47.39972678180493,-44.35747681919899,0.0,0,53.09555455469628,22.47619129796289,xstock_reversion,-95.1779327855995
nvdax,nvdax_E0223,2026-08-04T20:30:00Z,2026-08-04T21:15:00Z,50,8,afterhours,xstock_above_p1a,69.10658998060093,9.800718322549029,27.53764144469706,42.47728600873746,-32.67656768618843,0.0,0,78.57723411364925,33.90851670492081,p1a_catchup,147.31828015220216
nvdax,nvdax_E0224,2026-08-04T21:30:00Z,2026-08-04T21:30:00Z,5,1,afterhours,xstock_above_p1a,17.203423775500326,2.9022408585976933,2.9022408585976933,14.301182916902633,-11.39894205830494,0.0,0,12.984727416505137,22.02412710372392,xstock_reversion,-32.95354679690554
nvdax,nvdax_E0225,2026-08-04T21:45:00Z,2026-08-04T21:45:00Z,5,1,afterhours,xstock_below_p1a,15.474165598794443,5.9855274510045575,5.9855274510045575,21.459693049799,-15.474165598794443,0.0,0,29.870260204498678,21.95243645079439,xstock_reversion,-21.36256791620106
nvdax,nvdax_E0226,2026-08-04T22:40:00Z,2026-08-04T22:55:00Z,20,3,afterhours,xstock_above_p1a,24.224855441206117,8.003027037730703,15.098526246797306,21.223914091468288,-13.220887053737584,0.3333333333333333,0,23.84072667449999,17.245997660327642,p1a_catchup,-15.598493583697248
nvdax,nvdax_E0227,2026-08-05T08:00:00Z,2026-08-05T08:00:00Z,5,1,premarket,xstock_above_p1a,21.78092912010321,5.1751010151068755,5.1751010151068755,16.605828104996334,-11.430727089889459,0.0,0,44.347820603407584,12.98889474461198,xstock_reversion,-71.09253467599608
nvdax,nvdax_E0228,2026-08-05T08:20:00Z,2026-08-05T08:20:00Z,5,1,premarket,xstock_below_p1a,20.28832179319373,1.7369044376991383,1.7369044376991383,18.551417355494593,-16.814512917795454,0.0,0,43.10617917909987,23.397122858398678,p1a_catchup,9.260974916402986
nvdax,nvdax_E0229,2026-08-05T10:30:00Z,2026-08-05T10:30:00Z,5,1,premarket,xstock_below_p1a,23.13500498179799,41.33218119019233,41.33218119019233,18.19717620839434,23.13500498179799,1.0,1,32.123640062193815,18.222896684942665,xstock_reversion,2.313476008000137
nvdax,nvdax_E0230,2026-08-05T13:25:00Z,2026-08-05T13:35:00Z,15,3,regular,xstock_above_p1a,50.60538238989665,6.384741346767697,13.027867947705829,51.03943908626896,-44.65469773950125,0.0,0,155.66704299662783,34.20969642678114,p1a_catchup,28.496619188294048
nvdax,nvdax_E0231,2026-08-05T13:55:00Z,2026-08-05T13:55:00Z,5,1,regular,xstock_above_p1a,21.579791667001302,5.2910152870033755,5.2910152870033755,26.870806954004678,-21.579791667001302,0.0,0,41.05636442659488,57.97505968560032,xstock_reversion,-19.335449720800924
nvdax,nvdax_E0232,2026-08-05T14:25:00Z,2026-08-05T14:25:00Z,5,1,regular,xstock_below_p1a,20.414625685596377,9.590817697198162,9.590817697198162,10.823807988398215,-1.2329902912000534,0.0,0,62.84206847329443,25.52311376364326,p1a_catchup,87.72197627700429
nvdax,nvdax_E0233,2026-08-05T14:50:00Z,2026-08-05T14:50:00Z,5,1,regular,xstock_below_p1a,20.549283832300702,5.260227063796918,5.260227063796918,15.289056768503784,-10.028829704706865,0.0,0,46.28279900240173,18.900882434261742,xstock_reversion,-8.219553867006013
nvdax,nvdax_E0234,2026-08-05T19:55:00Z,2026-08-05T19:55:00Z,5,1,regular,xstock_below_p1a,20.92872413539837,3.3146770846048668,3.3146770846048668,17.614047050793502,-14.299369966188635,0.0,0,48.559985101004344,20.729036177091512,xstock_reversion,-31.154375876294438
nvdax,nvdax_E0235,2026-08-05T20:10:00Z,2026-08-05T20:10:00Z,5,1,afterhours,xstock_above_p1a,16.248049556200073,0.6531650078045459,0.6531650078045459,16.90121456400462,-16.248049556200073,0.0,0,42.698041818196586,26.79501891069754,xstock_reversion,-1.3359100361043375
nvdax,nvdax_E0236,2026-08-05T23:45:00Z,2026-08-05T23:45:00Z,5,1,afterhours,xstock_below_p1a,15.52858639190191,9.614409924898482,9.614409924898482,5.914176467003429,3.7002334578950524,1.0,0,22.139214684697706,13.560397115060104,,
nvdax,nvdax_E0237,2026-08-06T08:30:00Z,2026-08-06T08:30:00Z,5,1,premarket,xstock_above_p1a,17.894070049999655,1.344989499596494,1.344989499596494,19.23905954959615,-17.894070049999655,0.0,0,47.32401587070001,15.937029467072866,xstock_reversion,-29.60940552959812
nvdax,nvdax_E0238,2026-08-06T11:30:00Z,2026-08-06T11:35:00Z,10,2,premarket,xstock_above_p1a,25.752593651304778,8.375855361544282,9.088281731992609,31.71984129089811,-23.343985929353828,0.0,0,67.31155902905073,6.738224499941619,persistent_or_wider,-29.546488635796564
nvdax,nvdax_E0239,2026-08-06T12:05:00Z,2026-08-06T12:05:00Z,5,1,premarket,xstock_below_p1a,39.7347790018987,43.526872205399414,43.526872205399414,3.7920932035007127,39.7347790018987,1.0,1,64.85458900269414,22.49093746289444,xstock_reversion,-26.393974479699267
nvdax,nvdax_E0240,2026-08-06T12:20:00Z,2026-08-06T12:20:00Z,5,1,premarket,xstock_above_p1a,16.429261122095085,2.4717106811955603,2.4717106811955603,13.957550440899524,-11.485839759703964,0.0,0,42.619890119492965,30.263086834273153,p1a_catchup,12.64165593429567
nvdax,nvdax_E0241,2026-08-06T13:25:00Z,2026-08-06T13:25:00Z,5,1,premarket,xstock_above_p1a,18.16717303929849,0.2315657950990868,0.2315657950990868,17.935607244199403,-17.704041449100316,0.0,0,19.35112337779543,14.43745116087865,p1a_catchup,25.238881254106005
nvdax,nvdax_E0242,2026-08-06T13:45:00Z,2026-08-06T13:45:00Z,5,1,regular,xstock_above_p1a,23.804102881994638,4.429866543400607,4.429866543400607,28.233969425395244,-23.804102881994638,0.0,0,63.813040356102135,39.77563766951617,xstock_reversion,-116.28231622979435
nvdax,nvdax_E0243,2026-08-06T15:00:00Z,2026-08-06T15:00:00Z,5,1,regular,xstock_below_p1a,23.255578503498242,6.950584704599194,6.950584704599194,30.206163208097436,-23.255578503498242,0.0,0,58.82360212559945,30.051462371441637,p1a_catchup,5.969738197704189
nvdax,nvdax_E0244,2026-08-07T11:25:00Z,2026-08-07T11:25:00Z,5,1,premarket,xstock_above_p1a,16.705291588401394,2.044224393005223,2.044224393005223,14.661067195396171,-12.616842802390948,0.0,0,30.798433130199143,8.498921352979696,xstock_reversion,-25.448775379794952
nvdax,nvdax_E0245,2026-08-07T12:30:00Z,2026-08-07T12:35:00Z,10,2,premarket,xstock_above_p1a,31.668635971495718,2.2257089037980293,4.02001542449959,24.09092277704694,-21.865213873248912,0.0,0,52.65524927589915,22.19781317133119,p1a_catchup,2.7034352132027095
nvdax,nvdax_E0246,2026-08-07T13:25:00Z,2026-08-07T13:30:00Z,10,2,premarket,xstock_above_p1a,30.165910341599655,4.677521120046713,7.199770815997653,28.571980872245106,-23.894459752198394,0.0,0,66.55412242160264,22.808224997171635,xstock_reversion,-47.65553235140274
nvdax,nvdax_E0247,2026-08-07T14:25:00Z,2026-08-07T14:25:00Z,5,1,regular,xstock_above_p1a,21.202225197800573,10.467368283002543,10.467368283002543,31.669593480803115,-21.202225197800573,0.0,0,72.97308901930144,32.626404521268654,p1a_catchup,-7.609793126901465
nvdax,nvdax_E0248,2026-08-10T14:20:00Z,2026-08-10T14:20:00Z,5,1,regular,xstock_below_p1a,18.346795802095528,2.6760882654031093,2.6760882654031093,15.670707536692419,-12.99461927128931,0.0,0,65.0721838522994,23.619422844711163,p1a_catchup,18.15871208970421
nvdax,nvdax_E0249,2026-08-10T16:25:00Z,2026-08-10T16:35:00Z,15,2,regular,xstock_below_p1a,19.009214648999517,11.601338589901644,22.80546747890355,30.478233829249746,-18.8768952393481,0.0,0,79.29960319239981,28.943339790088686,p1a_catchup,34.40607105360094
nvdax,nvdax_E0250,2026-08-10T20:05:00Z,2026-08-10T20:20:00Z,20,3,afterhours,xstock_above_p1a,28.467629400994454,3.003037668465325,5.433399508198988,20.996944099964665,-17.99390643149934,0.0,0,33.91582465023172,27.681056309865216,p1a_catchup,11.329833426501068
nvdax,nvdax_E0251,2026-08-11T08:45:00Z,2026-08-11T08:45:00Z,5,1,premarket,xstock_above_p1a,16.188370150906906,4.327127085295146,4.327127085295146,20.51549723620205,-16.188370150906906,0.0,0,37.92636440880237,11.716915608730083,p1a_catchup,22.7686801459992
nvdax,nvdax_E0252,2026-08-11T13:25:00Z,2026-08-11T13:35:00Z,15,2,premarket,xstock_above_p1a,30.050355273800733,7.966989704195626,13.26847593249525,34.015035189796095,-26.04804548560047,0.0,0,46.915416843451574,31.101878341872276,xstock_reversion,-115.30502373179985
nvdax,nvdax_E0253,2026-08-11T15:10:00Z,2026-08-11T15:10:00Z,5,1,regular,xstock_above_p1a,20.65151649250474,72.28334774420198,72.28334774420198,51.631831251697236,20.65151649250474,1.0,1,29.416351671800456,25.675035657034577,xstock_reversion,0.22850091970560982
nvdax,nvdax_E0254,2026-08-12T11:50:00Z,2026-08-12T11:50:00Z,5,1,premarket,xstock_below_p1a,16.684927745203026,27.72227446239839,27.72227446239839,11.037346717195362,16.684927745203026,1.0,0,29.66979974520001,10.282105575795624,xstock_reversion,5.118361652698411
nvdax,nvdax_E0255,2026-08-12T13:25:00Z,2026-08-12T13:30:00Z,10,2,premarket,xstock_above_p1a,21.034162692501468,31.985381518699896,60.58366421630268,34.24716374165193,-2.2617822229520357,0.5,1,41.540677126152836,27.208454916654794,p1a_catchup,48.388769532605735
nvdax,nvdax_E0256,2026-08-12T13:45:00Z,2026-08-12T13:55:00Z,15,2,regular,xstock_above_p1a,32.96492397730333,2.767924399851296,3.9009506233966817,28.53594303414919,-25.768018634297896,0.0,0,88.69069755174763,53.184113420864534,p1a_catchup,8.513498890003746
nvdax,nvdax_E0257,2026-08-12T20:15:00Z,2026-08-12T20:25:00Z,15,2,afterhours,xstock_below_p1a,20.925709708006224,15.575166176948763,30.688403259500063,15.550373368444781,0.02479280850398169,0.5,1,41.89548728105397,15.765390915081461,xstock_reversion,-7.005426694304262
nvdax,nvdax_E0258,2026-08-12T21:40:00Z,2026-08-12T21:40:00Z,5,1,afterhours,xstock_below_p1a,20.574402723907426,32.969161041105366,32.969161041105366,12.39475831719794,20.574402723907426,1.0,1,5.802131202701233,19.02518996194411,xstock_reversion,3.576378061298513
nvdax,nvdax_E0259,2026-08-13T11:20:00Z,2026-08-13T11:20:00Z,5,1,premarket,xstock_below_p1a,24.875122662102456,35.0462383507999,35.0462383507999,10.17111568869744,24.875122662102456,1.0,1,46.64857727210148,14.1938845880048,xstock_reversion,3.1257675130014206
nvdax,nvdax_E0260,2026-08-13T12:30:00Z,2026-08-13T12:30:00Z,5,1,premarket,xstock_below_p1a,15.991250655797984,32.74916561959884,32.74916561959884,16.757914963800857,15.991250655797984,1.0,1,13.84728011540659,13.50220803626869,persistent_or_wider,-44.93399178870483
nvdax,nvdax_E0261,2026-08-13T13:00:00Z,2026-08-13T13:00:00Z,5,1,premarket,xstock_above_p1a,20.617862785501373,6.293617798798223,6.293617798798223,26.911480584299596,-20.617862785501373,0.0,0,40.651350979903356,18.272747923922285,persistent_or_wider,58.698487712396386
nvdax,nvdax_E0262,2026-08-13T13:30:00Z,2026-08-13T13:30:00Z,5,1,regular,xstock_above_p1a,22.575174373802298,4.981373900001529,4.981373900001529,17.59380047380077,-12.61242657379924,0.0,0,65.3383776217975,31.186268714933128,p1a_catchup,7.9614317089049536
nvdax,nvdax_E0263,2026-08-13T16:00:00Z,2026-08-13T16:00:00Z,5,1,regular,xstock_above_p1a,32.61681312139331,63.41301048999881,63.41301048999881,30.796197368605505,32.61681312139331,1.0,1,69.22588204739455,26.817014128640615,xstock_reversion,31.89520435429749
nvdax,nvdax_E0264,2026-08-13T17:00:00Z,2026-08-13T17:05:00Z,10,2,regular,xstock_above_p1a,30.728964316306673,64.03710981265132,64.65152169590205,38.12647384239476,25.910635970256557,1.0,1,76.70070267585594,33.720489261569,persistent_or_wider,-6.431938120305958
nvdax,nvdax_E0265,2026-08-13T17:30:00Z,2026-08-13T17:30:00Z,5,1,regular,xstock_below_p1a,35.34331238330246,86.76222441759585,86.76222441759585,51.418912034293385,35.34331238330246,1.0,1,102.54018516599572,34.668630295523954,xstock_reversion,11.099273027195267
nvdax,nvdax_E0266,2026-08-13T18:45:00Z,2026-08-13T18:45:00Z,5,1,regular,xstock_above_p1a,28.92454549110468,73.3928439418996,73.3928439418996,44.46829845079492,28.92454549110468,1.0,1,59.41218821360117,34.15296992051411,xstock_reversion,23.031279557796935
nvdax,nvdax_E0267,2026-08-13T19:00:00Z,2026-08-13T19:00:00Z,5,1,regular,xstock_below_p1a,18.504479091401294,47.24639028309774,47.24639028309774,28.741911191696445,18.504479091401294,1.0,1,108.67406473120234,44.68352627098436,xstock_reversion,-3.5424877489997897
nvdax,nvdax_E0268,2026-08-13T20:25:00Z,2026-08-13T20:25:00Z,5,1,afterhours,xstock_above_p1a,25.550447074307314,36.80846033090823,36.80846033090823,11.258013256600918,25.550447074307314,1.0,1,47.86124774880385,15.005066123002088,xstock_reversion,-2.932734147798044
nvdax,nvdax_E0269,2026-08-13T22:00:00Z,2026-08-13T22:00:00Z,5,1,afterhours,xstock_below_p1a,21.13346087250001,24.03775352550319,24.03775352550319,2.904292653003182,21.13346087250001,1.0,0,33.57253132690197,13.384006538713654,xstock_reversion,-10.760300189600613
nvdax,nvdax_E0270,2026-08-13T22:20:00Z,2026-08-13T22:20:00Z,5,1,afterhours,xstock_above_p1a,46.90235135739407,68.99645406969412,68.99645406969412,22.094102712300057,46.90235135739407,1.0,1,65.00487898029483,32.96330596472415,xstock_reversion,3.104006410392657
nvdax,nvdax_E0271,2026-08-14T11:50:00Z,2026-08-14T11:55:00Z,10,2,premarket,xstock_below_p1a,46.86956653320529,66.05746770245169,67.30854436860056,24.34301923279758,41.71444846965411,1.0,1,62.54974460005336,30.75274934649136,xstock_reversion,14.185062687195327
nvdax,nvdax_E0272,2026-08-14T15:10:00Z,2026-08-14T15:10:00Z,5,1,regular,xstock_below_p1a,25.174515843007228,39.83214162570192,39.83214162570192,14.657625782694694,25.174515843007228,1.0,1,71.23030508060069,26.457167979358772,p1a_catchup,26.20302167649413
nvdax,nvdax_E0273,2026-08-14T18:15:00Z,2026-08-14T18:15:00Z,5,1,regular,xstock_below_p1a,39.003993412594085,88.68071891039442,88.68071891039442,49.676725497800334,39.003993412594085,1.0,1,81.29287950329633,40.2086912928687,xstock_reversion,1.4922178202958492
nvdax,nvdax_E0274,2026-08-14T21:35:00Z,2026-08-14T21:35:00Z,5,1,afterhours,xstock_above_p1a,25.907743837905173,35.10951727870193,35.10951727870193,9.201773440796757,25.907743837905173,1.0,1,34.775396899400235,15.068213942037323,xstock_reversion,-1.778014851101517
nvdax,nvdax_E0275,2026-08-17T08:40:00Z,2026-08-17T08:40:00Z,5,1,premarket,xstock_below_p1a,16.701054761094625,18.2931804899944,18.2931804899944,1.5921257288997737,16.701054761094625,1.0,0,27.36121676980119,14.896414427685471,xstock_reversion,-2.2115576089998257
nvdax,nvdax_E0276,2026-08-17T12:20:00Z,2026-08-17T12:20:00Z,5,1,premarket,xstock_below_p1a,26.759529931998927,51.87500102699971,51.87500102699971,25.115471095000785,26.759529931998927,1.0,1,36.001205914004686,16.448655894721636,xstock_reversion,27.802437615100928
nvdax,nvdax_E0277,2026-08-17T13:00:00Z,2026-08-17T13:00:00Z,5,1,premarket,xstock_below_p1a,32.06490950930174,51.5873217486007,51.5873217486007,19.52241223929896,32.06490950930174,1.0,1,40.6807971887968,19.444111097897945,xstock_reversion,26.92701411300291
nvdax,nvdax_E0278,2026-08-17T15:10:00Z,2026-08-17T15:10:00Z,5,1,regular,xstock_below_p1a,34.09810617199582,81.40762117169409,81.40762117169409,47.309514999698266,34.09810617199582,1.0,1,56.61977622659187,42.70860188822708,xstock_reversion,-23.346485506801073
nvdax,nvdax_E0279,2026-08-17T17:00:00Z,2026-08-17T17:00:00Z,5,1,regular,xstock_above_p1a,38.6159712898948,97.78944092749597,97.78944092749597,59.17346963760117,38.6159712898948,1.0,1,91.994578277097,45.92197951463889,xstock_reversion,-34.66207976480007
nvdax,nvdax_E0280,2026-08-18T08:00:00Z,2026-08-18T08:00:00Z,5,1,premarket,xstock_below_p1a,16.730289139301746,12.111234905898272,12.111234905898272,28.841524045200018,-16.730289139301746,0.0,0,30.524351008303086,10.426589220104631,p1a_catchup,7.235890330195005
nvdax,nvdax_E0281,2026-08-18T14:20:00Z,2026-08-18T14:20:00Z,5,1,regular,xstock_below_p1a,35.12383230559912,106.23851230089798,106.23851230089798,71.11467999529886,35.12383230559912,1.0,1,110.21023357089987,38.265296410816426,xstock_reversion,26.215322473497338
nvdax,nvdax_E0282,2026-08-18T14:40:00Z,2026-08-18T14:40:00Z,5,1,regular,xstock_below_p1a,20.07707874750686,24.130494533904923,24.130494533904923,4.053415786398062,20.07707874750686,1.0,0,47.572623881704246,67.72784518660826,xstock_reversion,-2.825386572702371
nvdax,nvdax_E0283,2026-08-19T08:00:00Z,2026-08-19T08:00:00Z,5,1,premarket,xstock_above_p1a,16.530834915293724,1.8112554838989325,1.8112554838989325,18.342090399192656,-16.530834915293724,0.0,0,32.93104209959985,9.752754945491418,p1a_catchup,-2.2675222881929358
nvdax,nvdax_E0284,2026-08-19T12:45:00Z,2026-08-19T12:45:00Z,5,1,premarket,xstock_below_p1a,29.471984740494506,52.427531863896704,52.427531863896704,22.955547123402198,29.471984740494506,1.0,1,24.76180259429306,17.216063586252897,xstock_reversion,-26.6672851203964
nvdax,nvdax_E0285,2026-08-19T13:35:00Z,2026-08-19T13:45:00Z,15,2,regular,xstock_below_p1a,37.564180772902134,1.757737155045902,2.9062841323934663,29.284105882454448,-27.526368727408546,0.0,0,115.21612880240006,43.62403373886951,p1a_catchup,74.5061154300064
nvdax,nvdax_E0286,2026-08-19T14:35:00Z,2026-08-19T14:35:00Z,5,1,regular,xstock_above_p1a,23.073557471198214,1.139644291496822,1.139644291496822,21.933913179701392,-20.79426888820457,0.0,0,102.29991000259453,33.55788266902656,p1a_catchup,-12.769064120998763
nvdax,nvdax_E0287,2026-08-20T11:45:00Z,2026-08-20T11:45:00Z,5,1,premarket,xstock_below_p1a,16.454394645695203,8.560883599795233,8.560883599795233,7.89351104589997,0.6673725538952624,1.0,0,27.081605259002828,12.754830005207406,p1a_catchup,57.173093511595496
nvdax,nvdax_E0288,2026-08-20T13:45:00Z,2026-08-20T13:45:00Z,5,1,regular,xstock_below_p1a,21.711349095694388,1.762961692897136,1.762961692897136,19.948387402797252,-18.185425709900116,0.0,0,13.315050476396806,32.42772813402031,p1a_catchup,45.830654210794464
nvdax,nvdax_E0289,2026-08-20T21:40:00Z,2026-08-20T21:40:00Z,5,1,afterhours,xstock_below_p1a,15.682578201099417,21.4838359142977,21.4838359142977,5.801257713198282,15.682578201099417,1.0,0,20.333679941098026,9.089934776872019,xstock_reversion,2.764467396900727
nvdax,nvdax_E0290,2026-08-21T09:00:00Z,2026-08-21T09:15:00Z,20,4,premarket,xstock_below_p1a,109.18334764279614,3.765224417724422,6.15275929780168,57.58789696472366,-53.82267254699924,0.0,0,109.78604573397499,64.33873472892425,xstock_reversion,-146.46315517239827
nvdax,nvdax_E0291,2026-08-21T09:45:00Z,2026-08-21T09:45:00Z,5,1,premarket,xstock_above_p1a,16.87017174299754,12.660020699799546,12.660020699799546,4.210151043197996,8.44986965660155,1.0,0,43.67367319919602,9.996607534994947,p1a_catchup,21.899248769603474
nvdax,nvdax_E0292,2026-08-21T13:25:00Z,2026-08-21T13:35:00Z,15,2,premarket,xstock_above_p1a,30.224022478195778,11.418548649499982,21.850261122304815,15.972932174452836,-4.554383524952854,0.5,0,34.36975597834735,25.27548472430817,xstock_reversion,-90.58990974970094
nvdax,nvdax_E0293,2026-08-21T13:55:00Z,2026-08-21T13:55:00Z,5,1,regular,xstock_below_p1a,26.041691905502873,58.45505545130081,58.45505545130081,32.413363545797935,26.041691905502873,1.0,1,72.77508764800267,25.23387632921401,p1a_catchup,84.66076289220581
nvdax,nvdax_E0294,2026-08-24T11:00:00Z,2026-08-24T11:00:00Z,5,1,premarket,xstock_below_p1a,62.785502760398515,21.19291314150118,21.19291314150118,41.592589618897335,-20.399676477396156,0.0,0,90.48216244540441,37.80370065304054,xstock_reversion,-68.23882650830448
nvdax,nvdax_E0295,2026-08-24T11:15:00Z,2026-08-24T11:15:00Z,5,1,premarket,xstock_above_p1a,19.17111122460291,0.6132410783976638,0.6132410783976638,19.784352303000574,-19.17111122460291,0.0,0,64.54097602570208,46.139235411834335,p1a_catchup,20.079859183299575
nvdax,nvdax_E0296,2026-08-24T13:30:00Z,2026-08-24T13:40:00Z,15,2,regular,xstock_below_p1a,56.26448326159661,6.167203917950559,8.288459138299231,50.57416749814969,-44.40696358019913,0.0,0,184.94231065224741,61.85441634907676,p1a_catchup,31.96948923510412
nvdax,nvdax_E0297,2026-08-24T15:25:00Z,2026-08-24T15:25:00Z,5,1,regular,xstock_above_p1a,20.094811075805907,24.34171301500143,24.34171301500143,4.246901939195524,20.094811075805907,1.0,0,41.635112854399026,23.159261667981266,p1a_catchup,17.429764644996126
nvdax,nvdax_E0298,2026-08-24T17:20:00Z,2026-08-24T17:20:00Z,5,1,regular,xstock_below_p1a,24.908501757296975,33.44843554669907,33.44843554669907,8.539933789402099,24.908501757296975,1.0,1,60.26498005149428,30.953248876819874,xstock_reversion,-15.989686742701181
nvdax,nvdax_E0299,2026-08-24T20:00:00Z,2026-08-24T20:00:00Z,5,1,afterhours,xstock_above_p1a,20.50490554119655,22.889481161296743,22.889481161296743,2.3845756201001933,20.50490554119655,1.0,0,16.964720636298836,23.32154817409894,xstock_reversion,-18.402801804402458
nvdax,nvdax_E0300,2026-08-25T08:20:00Z,2026-08-25T08:20:00Z,5,1,premarket,xstock_above_p1a,16.259147232196014,3.616871533704824,3.616871533704824,19.876018765900838,-16.259147232196014,0.0,0,25.578267290198298,12.51602634175763,p1a_catchup,-4.386302950498688
nvdax,nvdax_E0301,2026-08-25T11:00:00Z,2026-08-25T11:00:00Z,5,1,premarket,xstock_below_p1a,24.260633375199347,1.687080695296217,1.687080695296217,25.947714070495564,-24.260633375199347,0.0,0,38.61451680210237,15.599746854022003,xstock_reversion,-26.904609499300847
nvdax,nvdax_E0302,2026-08-25T13:45:00Z,2026-08-25T13:45:00Z,5,1,regular,xstock_above_p1a,25.84923866730371,11.87504419330132,11.87504419330132,37.72428286060503,-25.84923866730371,0.0,0,106.80691161569555,25.719458048878515,xstock_reversion,-40.71523742910088
nvdax,nvdax_E0303,2026-08-25T14:25:00Z,2026-08-25T14:25:00Z,5,1,regular,xstock_below_p1a,21.148595576896412,2.5788863857023614,2.5788863857023614,23.727481962598773,-21.148595576896412,0.0,0,72.18714108879531,20.29586573339267,p1a_catchup,37.83469602510081
nvdax,nvdax_E0304,2026-08-25T21:05:00Z,2026-08-25T21:05:00Z,5,1,afterhours,xstock_below_p1a,24.636094676697695,35.55192429660181,35.55192429660181,10.915829619904116,24.636094676697695,1.0,1,37.544023107205504,14.382875968238181,xstock_reversion,-15.903249480802018
nvdax,nvdax_E0305,2026-08-26T11:35:00Z,2026-08-26T11:35:00Z,5,1,premarket,xstock_below_p1a,21.155800087901966,0.13461342270204568,0.13461342270204568,21.02118666519992,-20.886573242497875,0.0,0,38.82055120299377,13.042520825848927,p1a_catchup,4.229224000402709
nvdax,nvdax_E0306,2026-08-26T20:10:00Z,2026-08-26T20:30:00Z,25,5,afterhours,xstock_below_p1a,101.26891322760123,40.701262173838515,158.20776578710394,60.278632290183154,-19.57737011634464,0.2,1,100.18177549173934,107.25354315153258,p1a_catchup,152.75770590630344
nvdax,nvdax_E0307,2026-08-26T20:45:00Z,2026-08-26T22:20:00Z,100,16,afterhours,xstock_above_p1a,205.49083388649692,15.240577567781077,35.598170726505174,58.50726405682405,-43.26668648904297,0.25,1,134.32089893564313,80.55532304520344,p1a_catchup,-43.324660174608454
nvdax,nvdax_E0308,2026-08-26T23:05:00Z,2026-08-26T23:05:00Z,5,1,afterhours,xstock_below_p1a,20.23985728629718,8.118940320196444,8.118940320196444,12.120916966100737,-4.001976645904293,0.0,0,19.628186796998293,20.941679837806387,xstock_reversion,-11.864529387102252
nvdax,nvdax_E0309,2026-08-26T23:20:00Z,2026-08-26T23:25:00Z,10,2,afterhours,xstock_below_p1a,20.089175542103987,15.069758309098624,16.415220967997968,3.551111991502154,11.51864631759647,1.0,0,25.827773292999012,21.312631987583394,xstock_reversion,-63.513805141406365
nvdax,nvdax_E0310,2026-08-26T23:45:00Z,2026-08-26T23:45:00Z,5,1,afterhours,xstock_above_p1a,15.212331475797924,0.8222228002985332,0.8222228002985332,16.034554276096458,-15.212331475797924,0.0,0,36.49613851959721,24.75621265370072,,
nvdax,nvdax_E0311,2026-08-27T08:00:00Z,2026-08-27T08:10:00Z,15,3,premarket,xstock_above_p1a,51.77216715110511,58.83161906593178,102.28690326169243,57.32239585126623,1.5092232146655487,0.6666666666666666,1,63.107472089294355,45.570399778999246,p1a_catchup,48.943368001399534
nvdax,nvdax_E0312,2026-08-27T08:25:00Z,2026-08-27T08:25:00Z,5,1,premarket,xstock_above_p1a,50.77656338450254,7.802798207396933,7.802798207396933,58.57936159189947,-50.77656338450254,0.0,0,75.48532592560164,75.04974928508395,p1a_catchup,24.333603423905004
nvdax,nvdax_E0313,2026-08-27T08:45:00Z,2026-08-27T08:45:00Z,5,1,premarket,xstock_above_p1a,26.608743469305196,15.812047664196527,15.812047664196527,42.42079113350172,-26.608743469305196,0.0,0,55.40215654930236,37.901442842262995,xstock_reversion,-52.25181263539547
nvdax,nvdax_E0314,2026-08-27T09:00:00Z,2026-08-27T09:10:00Z,15,3,premarket,xstock_below_p1a,25.271318808499643,9.673654390001118,14.034280664496634,11.608383150966498,-1.93472876096538,0.3333333333333333,0,41.49936192910116,24.79636513052576,xstock_reversion,-12.88574082459526
nvdax,nvdax_E0315,2026-08-27T09:25:00Z,2026-08-27T09:25:00Z,5,1,premarket,xstock_below_p1a,16.238829922805564,5.74364804440286,5.74364804440286,10.495181878402704,-4.751533833999844,0.0,0,6.056163223302491,14.722545309685568,xstock_reversion,8.01424798019923
nvdax,nvdax_E0316,2026-08-27T10:25:00Z,2026-08-27T10:25:00Z,5,1,premarket,xstock_below_p1a,17.851027385900053,3.590787273095586,3.590787273095586,14.260240112804468,-10.669452839708882,0.0,0,40.02943350600141,9.85358359405401,p1a_catchup,7.468500429395064
nvdax,nvdax_E0317,2026-08-27T10:55:00Z,2026-08-27T11:00:00Z,10,2,premarket,xstock_below_p1a,23.590143921996543,10.11989723969986,20.125774512900207,9.998331418197282,0.12156582150257833,0.5,0,48.7065198640968,18.05419848581841,p1a_catchup,61.404573141699004
nvdax,nvdax_E0318,2026-08-27T11:35:00Z,2026-08-27T11:35:00Z,5,1,premarket,xstock_below_p1a,15.64574402920016,6.534714221100302,6.534714221100302,22.18045825030046,-15.64574402920016,0.0,0,34.201971693397226,9.953494570156378,xstock_reversion,-24.32324067510372
nvdax,nvdax_E0319,2026-08-27T12:20:00Z,2026-08-27T12:30:00Z,15,2,premarket,xstock_above_p1a,17.923362240201968,4.991180853548549,8.507524593799332,22.090727766901352,-17.099546913352803,0.0,0,29.05351592169758,16.267697117164094,persistent_or_wider,-69.19672071480143
nvdax,nvdax_E0320,2026-08-27T12:50:00Z,2026-08-27T12:50:00Z,5,1,premarket,xstock_below_p1a,34.65832123000112,5.967045187897924,5.967045187897924,28.691276042103198,-22.724230854205274,0.0,0,48.9885724295025,27.66106481054285,xstock_reversion,-40.494734451002046
nvdax,nvdax_E0321,2026-08-27T13:05:00Z,2026-08-27T13:20:00Z,20,3,premarket,xstock_below_p1a,23.304243478907694,3.1716264053027743,7.978749318402478,16.993992067666497,-13.822365662363723,0.0,0,39.606961341534706,30.90243097740697,xstock_reversion,-66.62662297980404
nvdax,nvdax_E0322,2026-08-27T13:40:00Z,2026-08-27T13:50:00Z,15,3,regular,xstock_below_p1a,29.331580560496562,12.170866694800608,16.31528816809613,37.65390025533518,-25.48303356053457,0.0,0,54.91418150746756,47.77748938805931,xstock_reversion,-128.94768742740757
nvdax,nvdax_E0323,2026-08-27T14:20:00Z,2026-08-27T14:20:00Z,5,1,regular,xstock_below_p1a,19.99022931319594,16.549519674100566,16.549519674100566,3.440709639095374,13.108810035005192,1.0,0,18.531223001101438,25.382616593863567,xstock_reversion,-54.58553061299831
nvdax,nvdax_E0324,2026-08-27T14:35:00Z,2026-08-27T14:35:00Z,5,1,regular,xstock_below_p1a,28.647318775298913,0.4368861180026329,0.4368861180026329,29.084204893301546,-28.647318775298913,0.0,0,28.506737207001365,40.443234560137896,xstock_reversion,-78.59067757220117
nvdax,nvdax_E0325,2026-08-27T15:05:00Z,2026-08-27T15:05:00Z,5,1,regular,xstock_below_p1a,21.688184517101305,7.764306770097207,7.764306770097207,13.923877747004099,-6.159570976906892,0.0,0,6.575002571995725,34.085037587009076,p1a_catchup,-5.3209179838997755
nvdax,nvdax_E0326,2026-08-27T15:50:00Z,2026-08-27T15:50:00Z,5,1,regular,xstock_above_p1a,20.151561979897537,19.93127948730411,19.93127948730411,40.082841467201646,-20.151561979897537,0.0,0,58.817488917499716,30.65659744617799,p1a_catchup,51.902469714901756
nvdax,nvdax_E0327,2026-08-27T16:35:00Z,2026-08-27T16:35:00Z,5,1,regular,xstock_above_p1a,19.960753490702032,7.005517268297012,7.005517268297012,12.95523622240502,-5.9497189541080076,0.0,0,97.30649770399502,16.736332977594998,p1a_catchup,5.6579550178970095
nvdax,nvdax_E0328,2026-08-27T18:45:00Z,2026-08-27T18:45:00Z,5,1,regular,xstock_below_p1a,19.454906696800833,1.895742978605952,1.895742978605952,21.350649675406785,-19.454906696800833,0.0,0,19.691544959297147,25.58613618339211,xstock_reversion,-49.962521582802566
nvdax,nvdax_E0329,2026-08-27T20:00:00Z,2026-08-27T20:00:00Z,5,1,afterhours,xstock_below_p1a,31.981865127601594,12.3674402326035,12.3674402326035,19.614424894998095,-7.2469846623945955,0.0,0,59.851753136301866,23.256042123931053,p1a_catchup,24.367310525601482
nvdax,nvdax_E0330,2026-08-27T20:15:00Z,2026-08-27T20:15:00Z,5,1,afterhours,xstock_below_p1a,29.448907350397846,30.944799780501242,30.944799780501242,1.495892430103396,29.448907350397846,1.0,1,34.87440986579493,20.063562323351057,xstock_reversion,-0.8816009879986098
nvdax,nvdax_E0331,2026-08-27T20:50:00Z,2026-08-27T20:50:00Z,5,1,afterhours,xstock_below_p1a,15.67547430310512,16.563263839799447,16.563263839799447,0.8877895366943278,15.67547430310512,1.0,0,16.343847125499522,15.635714431636838,xstock_reversion,-11.900827850901408
nvdax,nvdax_E0332,2026-08-27T21:15:00Z,2026-08-27T21:15:00Z,5,1,afterhours,xstock_below_p1a,15.190603803398872,13.336773767598231,13.336773767598231,1.853830035800641,11.48294373179759,1.0,0,24.578963371499896,17.233630929447834,p1a_catchup,11.474976985192953
nvdax,nvdax_E0333,2026-08-27T21:50:00Z,2026-08-27T21:50:00Z,5,1,afterhours,xstock_below_p1a,16.311133692497037,8.650740266498147,8.650740266498147,7.66039342599889,0.9903468404992566,1.0,0,22.690545419292718,7.325592633165358,p1a_catchup,-1.661796927896475
nvdax,nvdax_E0334,2026-08-27T23:35:00Z,2026-08-27T23:35:00Z,5,1,afterhours,xstock_below_p1a,38.39713244049747,55.0391867262956,55.0391867262956,16.642054285798125,38.39713244049747,1.0,1,59.0200805233021,21.137856169346232,,
nvdax,nvdax_E0335,2026-08-28T13:25:00Z,2026-08-28T13:30:00Z,10,2,premarket,xstock_below_p1a,32.34028645319853,2.5280862497512047,3.3193639638007255,26.12834630705052,-23.600260057299316,0.0,0,46.03377049984925,27.61785309606386,p1a_catchup,96.31176723200241
nvdax,nvdax_E0336,2026-08-28T13:45:00Z,2026-08-28T13:45:00Z,5,1,regular,xstock_below_p1a,41.21616726820321,7.317613592201511,7.317613592201511,33.8985536760017,-26.580940083800186,0.0,0,50.631285835400774,53.40319037326401,p1a_catchup,76.43716245500087
nvdax,nvdax_E0337,2026-08-28T14:05:00Z,2026-08-28T14:05:00Z,5,1,regular,xstock_below_p1a,18.869514554200606,3.00202740600497,3.00202740600497,15.867487148195636,-12.865459742190666,0.0,0,51.10843675049992,41.639241978134166,xstock_reversion,-39.82252006220044
nvdax,nvdax_E0338,2026-08-31T09:05:00Z,2026-08-31T09:05:00Z,5,1,premarket,xstock_above_p1a,24.420570054699553,32.29298418090387,32.29298418090387,7.872414126204319,24.420570054699553,1.0,1,35.677972420105064,18.03286588423323,xstock_reversion,1.0776167146975268
nvdax,nvdax_E0339,2026-08-31T13:25:00Z,2026-08-31T13:40:00Z,20,3,regular,xstock_below_p1a,27.834980906495943,2.4433946766648043,5.610220613503358,25.30489557756847,-22.861500900903664,0.0,0,39.54308185940114,33.32396382196623,xstock_reversion,-87.16334160440375
nvdax,nvdax_E0340,2026-08-31T19:50:00Z,2026-08-31T19:50:00Z,5,1,regular,xstock_above_p1a,18.559720847797223,5.319149555100822,5.319149555100822,23.878870402898045,-18.559720847797223,0.0,0,39.40525642909698,19.34160352601042,p1a_catchup,-4.531448328402021
nvdax,nvdax_E0341,2026-09-01T08:05:00Z,2026-09-01T08:05:00Z,5,1,premarket,xstock_below_p1a,24.587986476598545,7.561302160796757,7.561302160796757,32.1492886373953,-24.587986476598545,0.0,0,39.064852985397636,15.712228259162613,p1a_catchup,26.06728661490365
nvdax,nvdax_E0342,2026-09-01T13:30:00Z,2026-09-01T13:30:00Z,5,1,regular,xstock_below_p1a,22.599928967599325,3.1508025269033624,3.1508025269033624,25.750731494502688,-22.599928967599325,0.0,0,54.414112160801054,23.188874821523147,xstock_reversion,-65.38901151800225
nvdax,nvdax_E0343,2026-09-02T08:50:00Z,2026-09-02T08:50:00Z,5,1,premarket,xstock_below_p1a,16.263071780500127,1.9068433149005415,1.9068433149005415,18.16991509540067,-16.263071780500127,0.0,0,25.79810924300041,10.517434718502516,p1a_catchup,-1.385329364298471
nvdax,nvdax_E0344,2026-09-02T12:05:00Z,2026-09-02T12:10:00Z,10,2,premarket,xstock_above_p1a,21.821679295896956,4.458838730800885,6.485542057097504,17.137776328697285,-12.6789375978964,0.0,0,47.99747748664984,19.205885861302086,xstock_reversion,-25.22069432710161
nvdax,nvdax_E0345,2026-09-02T13:25:00Z,2026-09-02T13:30:00Z,10,2,premarket,xstock_above_p1a,24.054467442002903,2.0642840514994987,3.447329176999858,25.514517897797795,-23.450233846298296,0.0,0,62.16956677144836,15.042953379029303,p1a_catchup,92.87913975939865
nvdax,nvdax_E0346,2026-09-02T13:55:00Z,2026-09-02T13:55:00Z,5,1,regular,xstock_above_p1a,23.61455871300322,13.620786835701892,13.620786835701892,37.23534554870511,-23.61455871300322,0.0,0,69.81729858590136,25.499765695515553,p1a_catchup,61.67162628919698
nvdax,nvdax_E0347,2026-09-02T15:00:00Z,2026-09-02T15:00:00Z,5,1,regular,xstock_above_p1a,22.911490877604024,14.495377974297341,14.495377974297341,37.406868851901365,-22.911490877604024,0.0,0,74.51238006839667,29.843443180021517,p1a_catchup,25.25528503539931
nvdax,nvdax_E0348,2026-09-02T19:00:00Z,2026-09-02T19:00:00Z,5,1,regular,xstock_below_p1a,72.97628288300828,178.3362049659054,178.3362049659054,105.35992208289713,72.97628288300828,1.0,1,195.29635339320174,68.72070931342662,xstock_reversion,8.468344499101832
nvdax,nvdax_E0349,2026-09-02T20:15:00Z,2026-09-02T20:15:00Z,5,1,afterhours,xstock_below_p1a,17.717616659700397,3.9837556916921812,3.9837556916921812,21.70137235139258,-17.717616659700397,0.0,0,9.201097576303496,10.42061898717401,p1a_catchup,-4.463289518392699
nvdax,nvdax_E0350,2026-09-02T21:20:00Z,2026-09-02T21:20:00Z,5,1,afterhours,xstock_above_p1a,21.34551217669589,3.3475837344010273,3.3475837344010273,24.69309591109692,-21.34551217669589,0.0,0,42.97221558659636,12.204254187477709,p1a_catchup,-8.149890889699307
nvdax,nvdax_E0351,2026-09-03T12:20:00Z,2026-09-03T12:30:00Z,15,3,premarket,xstock_above_p1a,23.493277401502866,4.057445907932333,7.674445643699457,23.258126123533174,-19.20068021560084,0.0,0,49.726484936032385,17.509548397476852,p1a_catchup,73.27666850299508
nvdax,nvdax_E0352,2026-09-03T12:50:00Z,2026-09-03T12:50:00Z,5,1,premarket,xstock_above_p1a,22.08132685299624,3.7069704672987314,3.7069704672987314,25.788297320294973,-22.08132685299624,0.0,0,52.20110882070195,21.057480069616705,p1a_catchup,-0.8849949118960865
nvdax,nvdax_E0353,2026-09-03T13:30:00Z,2026-09-03T13:30:00Z,5,1,regular,xstock_above_p1a,21.68134526139731,5.513123939504538,5.513123939504538,16.168221321892773,-10.655097382388234,0.0,0,63.34583812329875,21.918601024977843,p1a_catchup,44.82932836189946
nvdax,nvdax_E0354,2026-09-03T14:30:00Z,2026-09-03T14:35:00Z,10,2,regular,xstock_below_p1a,19.919422738094994,21.397328710501817,39.70805026529689,21.62852376109914,-0.23119505059732148,0.5,1,47.30885827499698,28.82113905555185,p1a_catchup,3.3140016874000366
nvdax,nvdax_E0355,2026-09-03T16:45:00Z,2026-09-03T16:45:00Z,5,1,regular,xstock_below_p1a,36.76705015859483,81.47190355729528,81.47190355729528,44.70485339870045,36.76705015859483,1.0,1,73.98682706480031,40.081825260772526,xstock_reversion,15.394430257602565
nvdax,nvdax_E0356,2026-09-03T17:40:00Z,2026-09-03T17:40:00Z,5,1,regular,xstock_above_p1a,22.230913453205048,0.15257900390253099,0.15257900390253099,22.078334449302517,-21.925755445399986,0.0,0,104.18049613529767,26.133814641430458,p1a_catchup,13.270571112302676
nvdax,nvdax_E0357,2026-09-03T18:15:00Z,2026-09-03T18:15:00Z,5,1,regular,xstock_below_p1a,20.144607125605063,33.714197821002045,33.714197821002045,13.569590695396982,20.144607125605063,1.0,1,44.611346142202635,24.856234544459642,xstock_reversion,-3.0460608141957835
nvdax,nvdax_E0358,2026-09-04T10:25:00Z,2026-09-04T10:25:00Z,5,1,premarket,xstock_above_p1a,16.477773446803567,13.086551935304058,13.086551935304058,3.3912215114995092,9.695330423804549,1.0,0,40.00381579399637,8.88530904646589,xstock_reversion,-30.62393214779746
nvdax,nvdax_E0359,2026-09-04T12:00:00Z,2026-09-04T12:00:00Z,5,1,premarket,xstock_above_p1a,17.91244928250002,2.7092560709007785,2.7092560709007785,20.6217053534008,-17.91244928250002,0.0,0,32.90030863460025,11.632486986176986,xstock_reversion,-35.17285334630138
nvdax,nvdax_E0360,2026-09-04T12:35:00Z,2026-09-04T12:45:00Z,15,2,premarket,xstock_below_p1a,26.5226015765041,22.365403466904077,22.548425839703512,2.255182500849884,20.110220966054193,1.0,0,50.88859680445257,17.530273702170078,p1a_catchup,17.3377877075076
nvdax,nvdax_E0361,2026-09-04T13:30:00Z,2026-09-04T13:45:00Z,20,3,regular,xstock_above_p1a,20.907124313396253,5.733646020799436,11.060557341107113,23.448225913300647,-17.71457989250121,0.0,0,70.73770349120008,27.697182920790073,p1a_catchup,17.55964304039459
nvdax,nvdax_E0362,2026-09-04T14:30:00Z,2026-09-04T14:30:00Z,5,1,regular,xstock_below_p1a,19.124044707794496,8.828983868003348,8.828983868003348,27.953028575797845,-19.124044707794496,0.0,0,33.989280300597,21.78081532247138,p1a_catchup,48.97863757859611
nvdax,nvdax_E0363,2026-09-04T15:05:00Z,2026-09-04T15:05:00Z,5,1,regular,xstock_above_p1a,25.98437172919965,53.30945260600295,53.30945260600295,27.3250808768033,25.98437172919965,1.0,1,44.452637294503106,33.561573375703524,xstock_reversion,-28.853309634797597
nvdax,nvdax_E0364,2026-09-04T20:00:00Z,2026-09-04T20:00:00Z,5,1,afterhours,xstock_below_p1a,18.014626930700217,0.21691123770040122,0.21691123770040122,17.797715692999816,-17.580804455299415,0.0,0,20.69047778550548,24.801417935535873,p1a_catchup,-5.589769779605902
nvdax,nvdax_E0365,2026-09-08T08:00:00Z,2026-09-08T08:00:00Z,5,1,premarket,xstock_below_p1a,20.961630538600673,4.612577090004066,4.612577090004066,25.57420762860474,-20.961630538600673,0.0,0,38.262439637097856,14.005504803279065,persistent_or_wider,-16.477325729598036
nvdax,nvdax_E0366,2026-09-08T08:25:00Z,2026-09-08T08:35:00Z,15,3,premarket,xstock_above_p1a,28.09180352620011,25.771506319266873,42.129980561300684,8.365744808000267,17.405761511266604,1.0,1,20.719305676764794,23.442477746580973,xstock_reversion,-8.66889222509215
nvdax,nvdax_E0367,2026-09-08T09:35:00Z,2026-09-08T09:45:00Z,15,2,premarket,xstock_above_p1a,40.514964041502566,28.712467104106132,50.40822427460512,10.980212535249834,17.7322545688563,0.5,1,62.319674803053005,24.947644408039512,xstock_reversion,-0.4318814917958491
nvdax,nvdax_E0368,2026-09-08T11:55:00Z,2026-09-08T11:55:00Z,5,1,premarket,xstock_above_p1a,19.51270067350741,1.6482347864066327,1.6482347864066327,17.864465887100778,-16.216231100694145,0.0,0,40.24802164130037,11.316293444441994,p1a_catchup,4.854499947004598
nvdax,nvdax_E0369,2026-09-08T12:30:00Z,2026-09-08T12:30:00Z,5,1,premarket,xstock_above_p1a,21.893415648293058,9.944967742292476,9.944967742292476,11.948447906000581,-2.0034801637081046,0.0,0,38.549789714696914,12.613467614066774,p1a_catchup,2.156926530094694
nvdax,nvdax_E0370,2026-09-08T13:35:00Z,2026-09-08T14:05:00Z,35,5,regular,xstock_below_p1a,67.02400785160378,29.156339950121787,104.69124154810494,20.400902171221702,8.755437778900088,0.4,1,98.75723417207817,55.531416758431405,xstock_reversion,25.000561279400202
nvdax,nvdax_E0371,2026-09-08T15:45:00Z,2026-09-08T15:45:00Z,5,1,regular,xstock_below_p1a,24.536013704894444,46.032944927096864,46.032944927096864,21.49693122220242,24.536013704894444,1.0,1,39.35691794519691,32.97955707262433,xstock_reversion,32.80725240689897
nvdax,nvdax_E0372,2026-09-08T20:10:00Z,2026-09-08T20:20:00Z,15,2,afterhours,xstock_below_p1a,17.038747924305042,22.213296647453085,22.53092887920083,5.209979386351371,17.003317261101714,1.0,0,15.617060946251371,30.738838028568807,xstock_reversion,-3.619702652395418
nvdax,nvdax_E0373,2026-09-09T08:20:00Z,2026-09-09T08:20:00Z,5,1,premarket,xstock_above_p1a,37.14053676960205,63.29584241420605,63.29584241420605,26.155305644604,37.14053676960205,1.0,1,40.591719153200145,25.559379766871828,xstock_reversion,3.9809798159051724
nvdax,nvdax_E0374,2026-09-09T09:55:00Z,2026-09-09T10:00:00Z,10,2,premarket,xstock_below_p1a,20.08780007749955,13.546942801148099,17.590752733598336,15.154927513045813,-1.6079847118977142,0.5,0,54.727064409649806,16.174601302589082,p1a_catchup,-11.58800325780085
nvdax,nvdax_E0375,2026-09-09T12:20:00Z,2026-09-09T12:20:00Z,5,1,premarket,xstock_below_p1a,19.853722326805823,39.86206806570358,39.86206806570358,20.00834573889776,19.853722326805823,1.0,1,34.29841284679824,14.266946033326027,xstock_reversion,8.01424798019923
nvdax,nvdax_E0376,2026-09-09T13:25:00Z,2026-09-09T13:25:00Z,5,1,premarket,xstock_above_p1a,21.251363132295253,2.5399770423994994,2.5399770423994994,23.791340174694753,-21.251363132295253,0.0,0,23.270258399197274,17.530978527425322,xstock_reversion,-20.432737597300132
nvdax,nvdax_E0377,2026-09-09T14:25:00Z,2026-09-09T14:25:00Z,5,1,regular,xstock_above_p1a,18.331555869597338,2.700506782202794,2.700506782202794,15.631049087394544,-12.93054230519175,0.0,0,26.163686890905424,24.083500852505264,xstock_reversion,-18.69367407629774
nvdax,nvdax_E0378,2026-09-09T22:05:00Z,2026-09-09T22:05:00Z,5,1,afterhours,xstock_below_p1a,40.100124087301126,56.026070092904945,56.026070092904945,15.92594600560382,40.100124087301126,1.0,1,56.69565914470098,19.08993485012791,xstock_reversion,-2.4337083034975393
nvdax,nvdax_E0379,2026-09-09T23:05:00Z,2026-09-09T23:05:00Z,5,1,afterhours,xstock_above_p1a,32.17890582710048,45.98578305230028,45.98578305230028,13.806877225199798,32.17890582710048,1.0,1,49.139928792802934,19.0698343212557,xstock_reversion,-1.812232574804895
nvdax,nvdax_E0380,2026-09-10T10:55:00Z,2026-09-10T10:55:00Z,5,1,premarket,xstock_above_p1a,17.02788761649643,18.693754548602115,18.693754548602115,1.6658669321056863,17.02788761649643,1.0,0,15.957107713102658,14.294577502571856,xstock_reversion,-21.095633847396655
nvdax,nvdax_E0381,2026-09-10T12:30:00Z,2026-09-10T12:30:00Z,5,1,premarket,xstock_below_p1a,18.718821291905385,18.17447694599572,18.17447694599572,36.89329823790111,-18.718821291905385,0.0,0,18.44948872330221,20.12436916163855,p1a_catchup,28.08736103999898
nvdax,nvdax_E0382,2026-09-10T13:30:00Z,2026-09-10T13:30:00Z,5,1,regular,xstock_below_p1a,34.000407135801325,1.3741990928028969,1.3741990928028969,35.37460622860422,-34.000407135801325,0.0,0,82.27600754040054,35.75613212339029,p1a_catchup,27.459971488594803
nvdax,nvdax_E0383,2026-09-10T20:40:00Z,2026-09-10T20:40:00Z,5,1,afterhours,xstock_above_p1a,20.847681039795063,24.75669552609361,24.75669552609361,3.9090144862985454,20.847681039795063,1.0,0,24.357328402793144,15.78005735752541,p1a_catchup,44.921912186293156
nvdax,nvdax_E0384,2026-09-10T21:00:00Z,2026-09-10T21:05:00Z,10,2,afterhours,xstock_above_p1a,33.368480148796564,4.660631035195983,7.9518177772985865,28.218512275199892,-23.55788124000391,0.0,0,52.36933527289267,28.348330518358942,p1a_catchup,-18.266079372493138
nvdax,nvdax_E0385,2026-09-10T21:30:00Z,2026-09-10T21:30:00Z,5,1,afterhours,xstock_above_p1a,20.745578964493916,34.3767800091932,34.3767800091932,13.631201044699282,20.745578964493916,1.0,1,18.428311519294027,24.565746181853836,xstock_reversion,0.0
nvdax,nvdax_E0386,2026-09-11T10:05:00Z,2026-09-11T10:05:00Z,5,1,premarket,xstock_above_p1a,31.647289965901493,46.36594527799964,46.36594527799964,14.71865531209815,31.647289965901493,1.0,1,66.06567377899886,25.60916333975239,xstock_reversion,-9.534404027604637
nvdax,nvdax_E0387,2026-09-11T11:55:00Z,2026-09-11T11:55:00Z,5,1,premarket,xstock_above_p1a,25.2932860386057,47.257018225099756,47.257018225099756,21.963732186494056,25.2932860386057,1.0,1,24.433512834400872,13.25094975157071,xstock_reversion,-0.4553215709002245
nvdax,nvdax_E0388,2026-09-11T12:25:00Z,2026-09-11T12:25:00Z,5,1,premarket,xstock_above_p1a,16.36960938250276,12.17246059249888,12.17246059249888,4.1971487900038795,7.975311802495,1.0,0,18.38676013029783,18.44261573104596,persistent_or_wider,76.20466887430233
nvdax,nvdax_E0389,2026-09-11T12:45:00Z,2026-09-11T12:55:00Z,15,3,premarket,xstock_above_p1a,26.874810787598236,5.143151496464308,10.195099921297412,18.391449265899123,-13.248297769434814,0.0,0,61.953014179865214,28.276218651170343,p1a_catchup,-0.45188549230523734
nvdax,nvdax_E0390,2026-09-11T13:30:00Z,2026-09-11T13:30:00Z,5,1,regular,xstock_below_p1a,23.7414661644042,8.190319128598134,8.190319128598134,31.931785293002335,-23.7414661644042,0.0,0,45.059597909302695,31.461512572291973,xstock_reversion,-78.40689174190452
nvdax,nvdax_E0391,2026-09-11T13:50:00Z,2026-09-11T13:50:00Z,5,1,regular,xstock_above_p1a,22.769320430295892,2.886416271703496,2.886416271703496,25.655736701999388,-22.769320430295892,0.0,0,76.42523395699818,40.20072865004189,p1a_catchup,13.104088994797536
nvdax,nvdax_E0392,2026-09-11T14:30:00Z,2026-09-11T14:30:00Z,5,1,regular,xstock_below_p1a,18.936398749502814,21.51545330160154,21.51545330160154,40.45185205110435,-18.936398749502814,0.0,0,29.932764844398108,27.911507784876864,p1a_catchup,3.407271149500346
nvdax,nvdax_E0393,2026-09-11T20:05:00Z,2026-09-11T20:05:00Z,5,1,afterhours,xstock_above_p1a,19.05716950860281,20.553916833598862,20.553916833598862,1.4967473249960506,19.05716950860281,1.0,0,7.735412427898325,19.191711838533756,p1a_catchup,0.283899812698607
nvdax,nvdax_E0394,2026-09-11T23:10:00Z,2026-09-11T23:10:00Z,5,1,afterhours,xstock_above_p1a,19.787243208195804,28.30774664330349,28.30774664330349,8.520503435107685,19.787243208195804,1.0,1,17.86931165240091,12.770657402310079,persistent_or_wider,0.4535946345018971
nvdax,nvdax_E0395,2026-09-11T23:40:00Z,2026-09-11T23:40:00Z,5,1,afterhours,xstock_above_p1a,23.90552595169737,35.653055044200244,35.653055044200244,11.747529092502873,23.90552595169737,1.0,1,31.36526499059933,18.205498423492703,,
nvdax,nvdax_E0396,2026-09-14T08:30:00Z,2026-09-14T08:30:00Z,5,1,premarket,xstock_above_p1a,18.148907297499406,34.015656641095404,34.015656641095404,15.866749343595998,18.148907297499406,1.0,1,0.21115065759857998,15.863308461178411,xstock_reversion,-41.89325715640457
nvdax,nvdax_E0397,2026-09-14T09:30:00Z,2026-09-14T09:30:00Z,5,1,premarket,xstock_above_p1a,19.734871413996657,15.089865291599835,15.089865291599835,4.645006122396822,10.444859169203013,1.0,0,12.330713446395691,18.814334136767698,p1a_catchup,3.305082775204582
nvdax,nvdax_E0398,2026-09-14T10:05:00Z,2026-09-14T10:05:00Z,5,1,premarket,xstock_below_p1a,15.573399637895946,15.14219647080317,15.14219647080317,0.4312031670927752,14.710993303710396,1.0,0,44.47149376770376,14.176471798926658,xstock_reversion,-20.800584328792837
nvdax,nvdax_E0399,2026-09-14T10:55:00Z,2026-09-14T10:55:00Z,5,1,premarket,xstock_above_p1a,19.163570922300366,6.500373824902539,6.500373824902539,12.663197097397827,-6.162823272495288,0.0,0,2.152034162197225,24.50748600311015,persistent_or_wider,44.177156159905806
nvdax,nvdax_E0400,2026-09-14T11:25:00Z,2026-09-14T11:25:00Z,5,1,premarket,xstock_above_p1a,25.10868151420098,3.1714900880963626,3.1714900880963626,21.93719142610462,-18.765701338008256,0.0,0,51.396010722895014,14.176173006537388,p1a_catchup,-13.138756523902728
nvdax,nvdax_E0401,2026-09-14T13:25:00Z,2026-09-14T13:30:00Z,10,2,premarket,xstock_below_p1a,37.565303911994974,12.326393311301587,18.678446712199204,43.22846488944876,-30.902071578147172,0.0,0,57.66650619614566,37.287325296502836,xstock_reversion,-50.73904877839652
nvdax,nvdax_E0402,2026-09-14T13:45:00Z,2026-09-14T13:45:00Z,5,1,regular,xstock_above_p1a,26.347486885303084,5.343745486099394,5.343745486099394,31.691232371402478,-26.347486885303084,0.0,0,66.1188202403995,51.93101174047307,xstock_reversion,-29.383907397999565
nvdax,nvdax_E0403,2026-09-14T20:35:00Z,2026-09-14T20:35:00Z,5,1,afterhours,xstock_above_p1a,16.480639775204864,3.2089628147957683,3.2089628147957683,19.689602590000632,-16.480639775204864,0.0,0,36.66172325160311,8.39785488452624,p1a_catchup,2.714947499402598
nvdax,nvdax_E0404,2026-09-14T23:45:00Z,2026-09-14T23:45:00Z,5,1,afterhours,xstock_below_p1a,16.692496303898352,18.348171527096113,18.348171527096113,1.6556752231977612,16.692496303898352,1.0,0,13.262786234395918,15.694159619188296,,
nvdax,nvdax_E0405,2026-09-15T08:35:00Z,2026-09-15T08:35:00Z,5,1,premarket,xstock_below_p1a,25.84554070679701,34.582306491497405,34.582306491497405,8.736765784700395,25.84554070679701,1.0,1,51.393444427594304,17.907764394836132,xstock_reversion,-7.570381246404523
nvdax,nvdax_E0406,2026-09-15T08:55:00Z,2026-09-15T08:55:00Z,5,1,premarket,xstock_above_p1a,32.117503122304214,46.94858711100203,46.94858711100203,14.831083988697813,32.117503122304214,1.0,1,59.179144178704846,31.835178702858023,xstock_reversion,18.69988188629712
nvdax,nvdax_E0407,2026-09-15T10:40:00Z,2026-09-15T10:40:00Z,5,1,premarket,xstock_below_p1a,25.150041832304737,37.217752256903935,37.217752256903935,12.067710424599198,25.150041832304737,1.0,1,33.901767511101966,16.01121391124295,xstock_reversion,-5.177567129894811
nvdax,nvdax_E0408,2026-09-15T11:00:00Z,2026-09-15T11:00:00Z,5,1,premarket,xstock_below_p1a,31.63016390309359,53.22666605369619,53.22666605369619,21.596502150602603,31.63016390309359,1.0,1,36.29088314809792,32.273437401658775,xstock_reversion,16.953147455698314
nvdax,nvdax_E0409,2026-09-15T12:55:00Z,2026-09-15T13:00:00Z,10,2,premarket,xstock_below_p1a,29.912398130900186,29.14281927130169,41.53279237629981,7.483062792648099,21.65975647865359,1.0,1,35.76071162755046,31.763617183867908,xstock_reversion,-44.12738359429902
nvdax,nvdax_E0410,2026-09-15T13:25:00Z,2026-09-15T13:30:00Z,10,2,premarket,xstock_above_p1a,27.160986796594955,23.92062667475603,45.65072471050868,25.799937405253104,-1.8793107304970746,0.5,1,58.07713506559953,28.909565481030725,p1a_catchup,-10.77914574199923
nvdax,nvdax_E0411,2026-09-15T17:25:00Z,2026-09-15T17:25:00Z,5,1,regular,xstock_above_p1a,19.972830171006706,49.30737377800476,49.30737377800476,29.334543606998054,19.972830171006706,1.0,1,45.094775266401044,24.63453611504749,xstock_reversion,29.757412758000257
nvdax,nvdax_E0412,2026-09-15T18:30:00Z,2026-09-15T18:30:00Z,5,1,regular,xstock_below_p1a,19.182260066195056,45.54029734549658,45.54029734549658,26.358037279301527,19.182260066195056,1.0,1,34.16329816110064,22.56685263587232,xstock_reversion,3.311400445999979
nvdax,nvdax_E0413,2026-09-15T19:30:00Z,2026-09-15T19:30:00Z,5,1,regular,xstock_below_p1a,20.600195559996592,42.09960660369383,42.09960660369383,21.499411043697236,20.600195559996592,1.0,1,45.917213863697626,28.995856293534022,xstock_reversion,-5.893794005702446
nvdax,nvdax_E0414,2026-09-15T20:35:00Z,2026-09-15T20:50:00Z,20,3,afterhours,xstock_above_p1a,28.18275520830582,29.955408635566155,38.84493991029636,9.813038229499563,20.14237040606659,1.0,1,26.79915353350104,28.797596905865372,xstock_reversion,-6.454387184300359
nvdax,nvdax_E0415,2026-09-15T22:25:00Z,2026-09-15T22:35:00Z,15,3,afterhours,xstock_above_p1a,28.66956950350108,25.305707231166135,34.36184698919931,5.370664715466471,19.935042515699664,1.0,1,26.545067875799095,26.92683808944119,xstock_reversion,-7.999435760597251
nvdax,nvdax_E0416,2026-09-15T23:40:00Z,2026-09-15T23:55:00Z,20,3,afterhours,xstock_below_p1a,33.668919192102464,39.56394472136656,50.91692022079819,16.06206198799735,23.50188273336921,1.0,1,23.55569173780066,20.533436614658356,,
nvdax,nvdax_E0417,2026-09-16T08:05:00Z,2026-09-16T08:05:00Z,5,1,premarket,xstock_below_p1a,28.6124409161026,40.44335771020258,40.44335771020258,11.830916794099977,28.6124409161026,1.0,1,41.71498656059924,13.145774333581956,xstock_reversion,12.800055721502446
nvdax,nvdax_E0418,2026-09-16T08:50:00Z,2026-09-16T08:50:00Z,5,1,premarket,xstock_below_p1a,18.42994507029516,31.6001141491995,31.6001141491995,13.170169078904337,18.42994507029516,1.0,1,24.048907359395244,11.846380759317855,xstock_reversion,13.12643758869747
nvdax,nvdax_E0419,2026-09-16T10:35:00Z,2026-09-16T10:35:00Z,5,1,premarket,xstock_below_p1a,23.334087101796186,33.91728143840034,33.91728143840034,10.583194336604151,23.334087101796186,1.0,1,35.777781588199886,13.066656936354752,xstock_reversion,-3.2218073960965654
nvdax,nvdax_E0420,2026-09-16T12:30:00Z,2026-09-16T12:30:00Z,5,1,premarket,xstock_below_p1a,19.812933689600243,17.62225983259924,17.62225983259924,2.190673857001002,15.431585975598239,1.0,0,21.058275679601834,18.47983252309242,persistent_or_wider,10.754448935896832
nvdax,nvdax_E0421,2026-09-16T13:00:00Z,2026-09-16T13:05:00Z,10,2,premarket,xstock_below_p1a,39.69090682600651,50.24507861369987,56.00677450390279,21.161545630796752,29.083532982903115,1.0,1,48.499328233702066,26.8791241616305,xstock_reversion,-3.274317684800465
nvdax,nvdax_E0422,2026-09-16T13:35:00Z,2026-09-16T13:35:00Z,5,1,regular,xstock_below_p1a,19.35134778149994,32.934650788796205,32.934650788796205,13.583303007296266,19.35134778149994,1.0,1,38.58411653399507,42.784686377822645,xstock_reversion,-65.28351467739668
nvdax,nvdax_E0423,2026-09-16T16:15:00Z,2026-09-16T16:15:00Z,5,1,regular,xstock_above_p1a,19.710331817304194,41.92066272610262,41.92066272610262,22.210330908798426,19.710331817304194,1.0,1,53.18012581590814,34.8915531352926,xstock_reversion,12.040661838597089
nvdax,nvdax_E0424,2026-09-16T19:00:00Z,2026-09-16T19:00:00Z,5,1,regular,xstock_above_p1a,32.485493086698014,64.71023203469706,64.71023203469706,32.22473894799904,32.485493086698014,1.0,1,37.18771234169971,43.485133638333295,xstock_reversion,-28.042643166701353
nvdax,nvdax_E0425,2026-09-16T23:10:00Z,2026-09-16T23:20:00Z,15,2,afterhours,xstock_below_p1a,16.686130755303452,25.52137472764837,25.778146376698174,8.940609872345462,16.58076485530291,1.0,0,17.448991462352126,14.409916531643024,xstock_reversion,-14.408219824302293
nvdax,nvdax_E0426,2026-09-17T10:20:00Z,2026-09-17T10:20:00Z,5,1,premarket,xstock_below_p1a,17.382607873699385,25.065668047696832,25.065668047696832,7.683060173997447,17.382607873699385,1.0,0,19.84933790759591,16.717802756875702,persistent_or_wider,3.22662428749787
nvdax,nvdax_E0427,2026-09-17T10:45:00Z,2026-09-17T10:50:00Z,10,2,premarket,xstock_below_p1a,32.39272823980066,41.67373165879784,45.121719338192534,16.274987503397398,25.398744155400443,1.0,1,42.6961897893019,26.62853810678202,xstock_reversion,14.769687906097673
nvdax,nvdax_E0428,2026-09-17T11:35:00Z,2026-09-17T11:35:00Z,5,1,premarket,xstock_below_p1a,30.284334912105138,50.98183694880021,50.98183694880021,20.69750203669507,30.284334912105138,1.0,1,51.87030451460295,19.19082273978648,xstock_reversion,-29.971305903098155
nvdax,nvdax_E0429,2026-09-17T12:30:00Z,2026-09-17T12:30:00Z,5,1,premarket,xstock_above_p1a,16.535338093994767,7.891490166702653,7.891490166702653,24.42682826069742,-16.535338093994767,0.0,0,53.88767792119609,12.315038656311675,p1a_catchup,-7.537148957901252
nvdax,nvdax_E0430,2026-09-17T13:15:00Z,2026-09-17T13:15:00Z,5,1,premarket,xstock_below_p1a,25.78885635680095,47.519157184297,47.519157184297,21.730300827496052,25.78885635680095,1.0,1,34.622934509904724,20.359681209041135,p1a_catchup,37.08710553469885
nvdax,nvdax_E0431,2026-09-17T13:30:00Z,2026-09-17T13:30:00Z,5,1,regular,xstock_below_p1a,20.63546384049708,7.208124733200094,7.208124733200094,27.843588573697176,-20.63546384049708,0.0,0,14.981782754599493,34.79902430776901,xstock_reversion,-79.75383302190053
nvdax,nvdax_E0432,2026-09-17T19:35:00Z,2026-09-17T19:35:00Z,5,1,regular,xstock_below_p1a,39.9974736435027,97.40067080460157,97.40067080460157,57.40319716109887,39.9974736435027,1.0,1,93.98652803599639,38.93308837809296,xstock_reversion,23.565456970802146
nvdax,nvdax_E0433,2026-09-17T20:25:00Z,2026-09-17T20:25:00Z,5,1,afterhours,xstock_above_p1a,19.72158738749563,35.753428736402526,35.753428736402526,16.031841348906894,19.72158738749563,1.0,1,23.311649206396723,14.568701466486017,xstock_reversion,15.519448066507735
nvdax,nvdax_E0434,2026-09-17T20:50:00Z,2026-09-17T20:50:00Z,5,1,afterhours,xstock_below_p1a,18.941631360700484,31.577038089896092,31.577038089896092,12.635406729195608,18.941631360700484,1.0,1,23.930240252800772,21.82692157212273,xstock_reversion,-7.753175769700249
nvdax,nvdax_E0435,2026-09-17T21:25:00Z,2026-09-17T21:25:00Z,5,1,afterhours,xstock_below_p1a,16.28504692789967,23.239490225996917,23.239490225996917,6.954443298097246,16.28504692789967,1.0,0,22.838951141794794,14.528050015345647,xstock_reversion,-3.4735533933982765
nvdax,nvdax_E0436,2026-09-17T22:20:00Z,2026-09-17T22:20:00Z,5,1,afterhours,xstock_below_p1a,38.22012964190158,48.46531146229793,48.46531146229793,10.245181820396354,38.22012964190158,1.0,1,60.77302424329467,22.21552263661442,xstock_reversion,2.131511530398811
nvdax,nvdax_E0437,2026-09-17T22:55:00Z,2026-09-17T22:55:00Z,5,1,afterhours,xstock_above_p1a,23.86020017210555,31.826677234301215,31.826677234301215,7.966477062195665,23.86020017210555,1.0,1,39.72427961290492,11.982676111889724,xstock_reversion,2.7376009660962097
nvdax,nvdax_E0438,2026-09-17T23:20:00Z,2026-09-17T23:25:00Z,10,2,afterhours,xstock_above_p1a,31.42848089460415,31.330535811102678,44.1406626330032,6.933542512701507,24.39699329840117,1.0,1,28.699029075602844,31.96797780648984,xstock_reversion,-4.010108812595448
nvdax,nvdax_E0439,2026-09-18T09:30:00Z,2026-09-18T09:30:00Z,5,1,premarket,xstock_above_p1a,15.516899715697363,32.02217037279631,32.02217037279631,16.505270657098947,15.516899715697363,1.0,1,10.012795074700875,9.450309661055401,xstock_reversion,-7.2417854164985584
nvdax,nvdax_E0440,2026-09-18T10:25:00Z,2026-09-18T10:25:00Z,5,1,premarket,xstock_above_p1a,27.925586027901517,42.72055875540026,42.72055875540026,14.794972727498745,27.925586027901517,1.0,1,45.4447437360006,18.183701645809965,xstock_reversion,-1.366979127697121
nvdax,nvdax_E0441,2026-09-18T10:55:00Z,2026-09-18T10:55:00Z,5,1,premarket,xstock_below_p1a,23.854638935008055,36.430208067708136,36.430208067708136,12.575569132700082,23.854638935008055,1.0,1,45.49501630330077,17.431652294871316,p1a_catchup,39.00131054920486
nvdax,nvdax_E0442,2026-09-18T11:40:00Z,2026-09-18T11:40:00Z,5,1,premarket,xstock_below_p1a,15.529151300794908,11.880497499596743,11.880497499596743,3.648653801198165,8.231843698398578,1.0,0,25.563981336995667,11.765297093693144,p1a_catchup,20.944323095895
nvdax,nvdax_E0443,2026-09-18T17:15:00Z,2026-09-18T17:15:00Z,5,1,regular,xstock_above_p1a,23.456616489001547,46.62402906480345,46.62402906480345,23.167412575801904,23.456616489001547,1.0,1,69.30434542029573,26.95423486054609,xstock_reversion,-13.18691503649383
nvdax,nvdax_E0444,2026-09-18T19:55:00Z,2026-09-18T19:55:00Z,5,1,regular,xstock_above_p1a,27.542838663601188,6.561635062398707,6.561635062398707,34.104473725999895,-27.542838663601188,0.0,0,106.31662873000103,41.919991436975,xstock_reversion,-22.99110671249771
nvdax,nvdax_E0445,2026-09-18T22:40:00Z,2026-09-18T22:40:00Z,5,1,afterhours,xstock_below_p1a,23.236652708700234,33.79380303569768,33.79380303569768,10.557150326997444,23.236652708700234,1.0,1,31.994437060696157,21.9017274793078,xstock_reversion,-12.14206862590217
nvdax,nvdax_E0446,2026-09-18T23:40:00Z,2026-09-18T23:40:00Z,5,1,afterhours,xstock_below_p1a,25.242541824699316,40.03528985370153,40.03528985370153,14.792748029002212,25.242541824699316,1.0,1,30.614276797900075,18.195406040001128,,
