asset,timestamp_utc,horizon_min,session_state,current_p1a_better,current_raw_error_bps,current_p1a_error_bps,signed_disagreement_bps,xret_3_bps,xvol_6_bps,gap_initial_bps,gap_future_bps,gap_shrunk,p1a_catchup_bps,xstock_reversion_bps,underlying_follow_xstock_direction_bps,current_xstock_closer_to_future_underlying,resolution_class
tslax,2026-06-23T17:55:00Z,5,regular,0,6.479809182904361,17.996150423700286,-11.516341240795924,-83.61147515000056,17.431601621069476,11.516341240795924,1.8733263314985038,1,-2.0882581981052084,15.477925770399636,-12.792653310000901,0,xstock_reversion
tslax,2026-06-23T17:55:00Z,15,regular,0,6.479809182904361,17.996150423700286,-11.516341240795924,-83.61147515000056,17.431601621069476,11.516341240795924,2.267918895997312,1,3.08071758659878,10.703542550194456,-8.521517345601026,1,xstock_reversion
tslax,2026-06-23T17:55:00Z,30,regular,0,6.479809182904361,17.996150423700286,-11.516341240795924,-83.61147515000056,17.431601621069476,11.516341240795924,0.37412574470430116,1,6.048995959702097,5.841471025798128,-8.521517345601026,1,p1a_catchup
tslax,2026-06-23T17:55:00Z,60,regular,0,6.479809182904361,17.996150423700286,-11.516341240795924,-83.61147515000056,17.431601621069476,11.516341240795924,2.554800823002523,1,56.740294900903265,-42.66915283710482,38.89777168819997,1,p1a_catchup
tslax,2026-06-24T13:05:00Z,5,premarket,0,1.179557951100918,15.813868140206466,-14.634310189105548,-38.37701000110272,7.9384777986333575,14.634310189105548,14.693390991400435,0,17.143381241906397,-17.202462044201283,16.02553290450004,1,persistent_or_wider
tslax,2026-06-24T13:05:00Z,15,premarket,0,1.179557951100918,15.813868140206466,-14.634310189105548,-38.37701000110272,7.9384777986333575,14.634310189105548,0.4695572468982334,1,26.784459340500888,-11.680591904497106,5.515810444798319,1,p1a_catchup
tslax,2026-06-24T13:05:00Z,30,premarket,0,1.179557951100918,15.813868140206466,-14.634310189105548,-38.37701000110272,7.9384777986333575,14.634310189105548,10.69389447459379,1,-55.82550342229986,81.1537080859992,-80.51016164510649,0,xstock_reversion
tslax,2026-06-24T13:05:00Z,60,premarket,0,1.179557951100918,15.813868140206466,-14.634310189105548,-38.37701000110272,7.9384777986333575,14.634310189105548,3.3286847780011897,1,10.22406418810462,7.738930779002118,-9.048158776705506,0,p1a_catchup
tslax,2026-06-24T13:10:00Z,5,premarket,0,0.0026288113996741913,14.696019802800109,-14.693390991400435,-52.048447195600644,8.015853056646257,14.693390991400435,7.237457968098937,1,9.297321833194871,-1.841388809893374,1.3144922793006941,1,p1a_catchup
tslax,2026-06-24T13:10:00Z,15,premarket,0,0.0026288113996741913,14.696019802800109,-14.693390991400435,-52.048447195600644,8.015853056646257,14.693390991400435,6.524081919403457,1,15.711958674193838,-7.54264960219686,10.520779508098599,1,p1a_catchup
tslax,2026-06-24T13:10:00Z,30,premarket,0,0.0026288113996741913,14.696019802800109,-14.693390991400435,-52.048447195600644,8.015853056646257,14.693390991400435,2.6643772199985705,1,-67.17637410019961,79.20538787160147,-79.72863944900155,0,xstock_reversion
tslax,2026-06-24T13:10:00Z,60,premarket,0,0.0026288113996741913,14.696019802800109,-14.693390991400435,-52.048447195600644,8.015853056646257,14.693390991400435,1.1908619802003528,1,-10.76113759280517,26.645390564405957,-24.680349650605393,0,xstock_reversion
tslax,2026-06-24T13:30:00Z,5,regular,1,16.305389922699476,6.8404754899997755,23.14586541269925,82.34351880009427,41.32446193147907,23.14586541269925,10.69389447459379,1,30.306011078105044,-17.854040139999583,32.336325670705435,1,p1a_catchup
tslax,2026-06-24T13:30:00Z,15,regular,1,16.305389922699476,6.8404754899997755,23.14586541269925,82.34351880009427,41.32446193147907,23.14586541269925,10.794919162204764,1,-5.382706752996569,39.323491327900584,-2.612330213400682,0,xstock_reversion
tslax,2026-06-24T13:30:00Z,30,regular,1,16.305389922699476,6.8404754899997755,23.14586541269925,82.34351880009427,41.32446193147907,23.14586541269925,7.468997896902252,1,-42.04490002489791,72.65976333449942,-65.51123200119413,0,xstock_reversion
tslax,2026-06-24T13:30:00Z,60,regular,1,16.305389922699476,6.8404754899997755,23.14586541269925,82.34351880009427,41.32446193147907,23.14586541269925,5.328912698807642,1,-26.955174561793527,55.42995267330042,-38.60124522299557,0,xstock_reversion
tslax,2026-06-24T13:55:00Z,5,regular,0,8.983227309498076,20.51087426229614,-11.527646952798065,-51.525144260295974,51.325729049135255,11.527646952798065,7.468997896902252,1,23.89652601149983,-19.837876955604017,20.01150823550013,1,p1a_catchup
tslax,2026-06-24T13:55:00Z,15,regular,0,8.983227309498076,20.51087426229614,-11.527646952798065,-51.525144260295974,51.325729049135255,11.527646952798065,1.1908619802003528,1,13.75336197989796,-1.034853046899542,-5.980704537398296,1,p1a_catchup
tslax,2026-06-24T13:55:00Z,30,regular,0,8.983227309498076,20.51087426229614,-11.527646952798065,-51.525144260295974,51.325729049135255,11.527646952798065,1.192826464198049,1,-6.384248394599723,16.71906888319974,-23.273134240193727,0,xstock_reversion
tslax,2026-06-24T13:55:00Z,60,regular,0,8.983227309498076,20.51087426229614,-11.527646952798065,-51.525144260295974,51.325729049135255,11.527646952798065,8.9715136152968,1,-31.808374602899647,52.30753517099451,-61.28978453009637,0,xstock_reversion
tslax,2026-06-24T14:20:00Z,5,regular,0,5.750623947200495,7.60991785970333,13.360541806903825,35.99054636600485,35.04911845130961,13.360541806903825,1.192826464198049,1,-1.979258423601138,16.532626694703012,-13.211164700006606,0,xstock_reversion
tslax,2026-06-24T14:20:00Z,15,regular,0,5.750623947200495,7.60991785970333,13.360541806903825,35.99054636600485,35.04911845130961,13.360541806903825,9.363715270795936,1,-43.60023588690254,66.3244929646023,-58.86495795140334,0,xstock_reversion
tslax,2026-06-24T14:20:00Z,30,regular,0,5.750623947200495,7.60991785970333,13.360541806903825,35.99054636600485,35.04911845130961,13.360541806903825,2.149909542801254,1,-0.6124536028995209,16.1229049526046,-11.117143124002027,0,xstock_reversion
tslax,2026-06-24T14:20:00Z,60,regular,0,5.750623947200495,7.60991785970333,13.360541806903825,35.99054636600485,35.04911845130961,13.360541806903825,2.6375752532015184,1,28.662704057298427,-12.664586997193084,16.97881974119575,1,p1a_catchup
tslax,2026-06-24T15:30:00Z,5,regular,0,0.7864373674060232,13.985551691702014,-13.19911432429599,-52.89827448009987,28.120641177921296,13.19911432429599,1.8848344644961657,1,7.51713574030255,3.7971441194972755,-3.404611972603888,1,p1a_catchup
tslax,2026-06-24T15:30:00Z,15,regular,0,0.7864373674060232,13.985551691702014,-13.19911432429599,-52.89827448009987,28.120641177921296,13.19911432429599,0.5303401183986978,1,10.918027348596482,2.8114270940982067,-3.535535441301363,1,p1a_catchup
tslax,2026-06-24T15:30:00Z,30,regular,0,0.7864373674060232,13.985551691702014,-13.19911432429599,-52.89827448009987,28.120641177921296,13.19911432429599,1.0593004734005262,1,32.072901310202795,-17.814486512506278,20.714527236593838,1,p1a_catchup
tslax,2026-06-24T15:30:00Z,60,regular,0,0.7864373674060232,13.985551691702014,-13.19911432429599,-52.89827448009987,28.120641177921296,13.19911432429599,6.373901694498585,1,38.83053746539744,-32.005324835600035,31.87619529179564,1,p1a_catchup
tslax,2026-06-24T16:35:00Z,5,regular,0,2.0545519857950723,16.713777820998033,-14.65922583520296,-73.59284676880407,22.452904094492492,14.65922583520296,5.309690448607185,1,17.34789297559658,-7.998357589000804,2.773613706201772,1,p1a_catchup
tslax,2026-06-24T16:35:00Z,15,regular,0,2.0545519857950723,16.713777820998033,-14.65922583520296,-73.59284676880407,22.452904094492492,14.65922583520296,1.6736073388035067,1,9.212858072995544,3.772760423403909,-2.7754850641947826,1,p1a_catchup
tslax,2026-06-24T16:35:00Z,30,regular,0,2.0545519857950723,16.713777820998033,-14.65922583520296,-73.59284676880407,22.452904094492492,14.65922583520296,13.790762584102723,1,43.587978311299125,-42.71951506019889,31.346951487600805,1,p1a_catchup
tslax,2026-06-24T16:35:00Z,60,regular,0,2.0545519857950723,16.713777820998033,-14.65922583520296,-73.59284676880407,22.452904094492492,14.65922583520296,4.424942869096782,1,106.33478108290184,-96.10049811679566,95.00376633170049,1,p1a_catchup
tslax,2026-06-24T17:05:00Z,5,regular,1,9.31801158680301,4.472750997299713,-13.790762584102723,-46.492275483602796,26.460228694655953,13.790762584102723,3.5869153903966833,1,-9.058875276801714,26.43655325130112,-4.370658383496817,0,xstock_reversion
tslax,2026-06-24T17:05:00Z,15,regular,1,9.31801158680301,4.472750997299713,-13.790762584102723,-46.492275483602796,26.460228694655953,13.790762584102723,5.691157347804676,1,31.16821975559958,-23.068614519301534,39.153476951900856,1,p1a_catchup
tslax,2026-06-24T17:05:00Z,30,regular,1,9.31801158680301,4.472750997299713,-13.790762584102723,-46.492275483602796,26.460228694655953,13.790762584102723,4.424942869096782,1,62.74680277160272,-53.380983056596776,63.656814844099685,1,p1a_catchup
tslax,2026-06-24T17:05:00Z,60,regular,1,9.31801158680301,4.472750997299713,-13.790762584102723,-46.492275483602796,26.460228694655953,13.790762584102723,0.8107965741022127,1,81.86078763739779,-68.88082162739728,76.99762100640051,1,p1a_catchup
tslax,2026-06-24T20:20:00Z,5,afterhours,1,6.142568999498721,5.106928764497809,11.24949776399653,20.276766054392326,16.130046274746753,11.24949776399653,4.336969708296223,1,-3.0182789461008497,18.604746418393603,-15.38339427579416,0,xstock_reversion
tslax,2026-06-24T20:20:00Z,15,afterhours,1,6.142568999498721,5.106928764497809,11.24949776399653,20.276766054392326,16.130046274746753,11.24949776399653,2.943619340403103,1,-9.85360235350008,24.046719457899712,-18.810748016599987,0,xstock_reversion
tslax,2026-06-24T20:20:00Z,30,afterhours,1,6.142568999498721,5.106928764497809,11.24949776399653,20.276766054392326,16.130046274746753,11.24949776399653,3.068527651803876,1,9.178977323696103,-0.9980072115034488,-4.241331841701168,0,p1a_catchup
tslax,2026-06-24T20:20:00Z,60,afterhours,1,6.142568999498721,5.106928764497809,11.24949776399653,20.276766054392326,16.130046274746753,11.24949776399653,1.672528234699655,1,8.502911783399014,4.419114215297171,2.649919193000727,1,p1a_catchup
tslax,2026-06-24T20:45:00Z,5,afterhours,1,22.486427486807514,6.500035374603641,15.986392112203873,34.68763184970136,15.71793109291537,15.986392112203873,3.068527651803876,1,1.8133450262958206,11.104519434104176,0.0,0,xstock_reversion
tslax,2026-06-24T20:45:00Z,15,afterhours,1,22.486427486807514,6.500035374603641,15.986392112203873,34.68763184970136,15.71793109291537,15.986392112203873,3.3455384434066815,1,-0.2769833372973096,19.608913892907864,5.0098807026,0,xstock_reversion
tslax,2026-06-24T20:45:00Z,30,afterhours,1,22.486427486807514,6.500035374603641,15.986392112203873,34.68763184970136,15.71793109291537,15.986392112203873,4.755428237803727,1,2.5219957526978476,8.708968121702299,9.010680916006208,0,xstock_reversion
tslax,2026-06-24T20:45:00Z,60,afterhours,1,22.486427486807514,6.500035374603641,15.986392112203873,34.68763184970136,15.71793109291537,15.986392112203873,7.692007631900921,1,13.820055972599832,-5.52567149229688,25.41840493360148,1,p1a_catchup
tslax,2026-06-25T08:05:00Z,5,premarket,0,3.1629956659973146,8.41091797079585,11.573913636793165,27.588245268495015,8.273057853915873,11.573913636793165,4.988853528198334,1,6.194577607097074,0.39048250149775754,-0.2638000395016604,1,p1a_catchup
tslax,2026-06-25T08:05:00Z,15,premarket,0,3.1629956659973146,8.41091797079585,11.573913636793165,27.588245268495015,8.273057853915873,11.573913636793165,7.519330632206334,1,-5.850206789501655,24.943451058501154,-28.266143058699456,0,xstock_reversion
tslax,2026-06-25T08:05:00Z,30,premarket,0,3.1629956659973146,8.41091797079585,11.573913636793165,27.588245268495015,8.273057853915873,11.573913636793165,3.785966228200266,1,-11.87131568660682,19.65926309519972,-19.540023644699644,0,xstock_reversion
tslax,2026-06-25T08:05:00Z,60,premarket,0,3.1629956659973146,8.41091797079585,11.573913636793165,27.588245268495015,8.273057853915873,11.573913636793165,0.6354448563961057,1,-30.27932742390327,41.21779620430033,-36.470348835804245,0,xstock_reversion
tslax,2026-06-25T10:40:00Z,5,premarket,0,0.5104817900036807,24.772851942698182,-25.283333732701863,-42.93067432660003,23.012440609767943,25.283333732701863,2.6115450518027217,1,5.759677366201643,16.912111314697498,-14.06899346779511,0,xstock_reversion
tslax,2026-06-25T10:40:00Z,15,premarket,0,0.5104817900036807,24.772851942698182,-25.283333732701863,-42.93067432660003,23.012440609767943,25.283333732701863,1.696817915100013,1,6.302809395704045,17.283706421897804,-10.93571045539754,1,xstock_reversion
tslax,2026-06-25T10:40:00Z,30,premarket,0,0.5104817900036807,24.772851942698182,-25.283333732701863,-42.93067432660003,23.012440609767943,25.283333732701863,14.560074924894195,1,22.614672822705018,-11.89141401489735,7.706515043706119,1,p1a_catchup
tslax,2026-06-25T10:40:00Z,60,premarket,0,0.5104817900036807,24.772851942698182,-25.283333732701863,-42.93067432660003,23.012440609767943,25.283333732701863,2.7158413158012706,1,28.867438491202435,-0.8682634426993019,9.83349580250703,1,p1a_catchup
tslax,2026-06-25T11:10:00Z,5,premarket,0,4.695380761194912,9.864694163699284,-14.560074924894195,-29.175120436795154,15.375871601785265,14.560074924894195,4.446617938000941,1,5.815388457000026,4.298068529893229,-0.0,1,p1a_catchup
tslax,2026-06-25T11:10:00Z,15,premarket,0,4.695380761194912,9.864694163699284,-14.560074924894195,-29.175120436795154,15.375871601785265,14.560074924894195,7.820893693093467,1,12.10533235669331,10.275636261294352,-2.3923127133063105,1,p1a_catchup
tslax,2026-06-25T11:10:00Z,30,premarket,0,4.695380761194912,9.864694163699284,-14.560074924894195,-29.175120436795154,15.375871601785265,14.560074924894195,2.7158413158012706,1,6.2527656684974176,11.023150572198048,2.1269807588009115,1,xstock_reversion
tslax,2026-06-25T11:10:00Z,60,premarket,0,4.695380761194912,9.864694163699284,-14.560074924894195,-29.175120436795154,15.375871601785265,14.560074924894195,0.4309023919013555,1,11.82215650399776,2.307016028995079,-1.1218001128998623,1,p1a_catchup
tslax,2026-06-25T12:30:00Z,5,premarket,0,3.5750399448009063,17.138264319296326,13.56322437449542,28.280139179797104,11.453130672337501,13.56322437449542,1.7853135115952767,1,3.9625196451975597,7.815391217702583,-4.772130847001677,1,xstock_reversion
tslax,2026-06-25T12:30:00Z,15,premarket,0,3.5750399448009063,17.138264319296326,13.56322437449542,28.280139179797104,11.453130672337501,13.56322437449542,1.7122189183016445,1,4.293101213894701,7.557904242299074,-13.030644807798808,0,xstock_reversion
tslax,2026-06-25T12:30:00Z,30,premarket,0,3.5750399448009063,17.138264319296326,13.56322437449542,28.280139179797104,11.453130672337501,13.56322437449542,2.153657907797424,1,-9.177399209905346,24.89428149219819,-33.98473959109971,0,xstock_reversion
tslax,2026-06-25T12:30:00Z,60,premarket,0,3.5750399448009063,17.138264319296326,13.56322437449542,28.280139179797104,11.453130672337501,13.56322437449542,15.377911205600725,0,-58.7239627674041,87.66509834750025,-106.32019893360045,0,persistent_or_wider
tslax,2026-06-25T13:25:00Z,5,premarket,0,4.797733573100871,11.630627424192852,-16.428360997293723,-30.703221067600595,16.626392644541564,16.428360997293723,15.377911205600725,1,41.000295903197426,-39.94984611150443,59.827640325904596,1,p1a_catchup
tslax,2026-06-25T13:25:00Z,15,premarket,0,4.797733573100871,11.630627424192852,-16.428360997293723,-30.703221067600595,16.626392644541564,16.428360997293723,3.1276147818992683,1,26.304684995395178,-6.748709216202187,1.8642059202012007,1,p1a_catchup
tslax,2026-06-25T13:25:00Z,30,premarket,0,4.797733573100871,11.630627424192852,-16.428360997293723,-30.703221067600595,16.626392644541564,16.428360997293723,8.055504869703967,1,112.45004669419245,-104.0771905666027,100.360800092405,1,p1a_catchup
tslax,2026-06-25T13:25:00Z,60,premarket,0,4.797733573100871,11.630627424192852,-16.428360997293723,-30.703221067600595,16.626392644541564,16.428360997293723,8.857740027199412,1,-11.102608331903241,36.388709356396376,-23.538966510496806,0,xstock_reversion
tslax,2026-06-25T13:30:00Z,5,regular,0,15.080060641299298,30.457971846900023,-15.377911205600725,-70.01796386130188,22.011028386960515,15.377911205600725,4.265424311604704,1,-6.565269140699215,26.208604657904644,-34.50067811690438,0,xstock_reversion
tslax,2026-06-25T13:30:00Z,15,regular,0,15.080060641299298,30.457971846900023,-15.377911205600725,-70.01796386130188,22.011028386960515,15.377911205600725,11.12127538379859,1,13.569933928501143,-9.313298106699008,-23.81367601619999,0,p1a_catchup
tslax,2026-06-25T13:30:00Z,30,regular,0,15.080060641299298,30.457971846900023,-15.377911205600725,-70.01796386130188,22.011028386960515,15.377911205600725,22.64073934999722,0,9.42780334360016,28.590847211997783,-47.304157161303095,0,persistent_or_wider
tslax,2026-06-25T13:30:00Z,60,regular,0,15.080060641299298,30.457971846900023,-15.377911205600725,-70.01796386130188,22.011028386960515,15.377911205600725,4.220697478602986,1,-63.786615816496806,83.38522450070052,-110.82512129980238,0,xstock_reversion
tslax,2026-06-25T13:50:00Z,5,regular,0,0.9892444866022032,13.672643594704326,-12.683399108102122,-70.61670206610415,29.22680872627944,12.683399108102122,8.055504869703967,1,24.347141285296914,-19.719247046898758,10.215878512997989,1,p1a_catchup
tslax,2026-06-25T13:50:00Z,15,regular,0,0.9892444866022032,13.672643594704326,-12.683399108102122,-70.61670206610415,29.22680872627944,12.683399108102122,14.65582139560162,0,-82.20692999739931,109.54615050110306,-117.26971217060012,0,persistent_or_wider
tslax,2026-06-25T13:50:00Z,30,regular,0,0.9892444866022032,13.672643594704326,-12.683399108102122,-70.61670206610415,29.22680872627944,12.683399108102122,10.159185780302948,1,-75.39612719639877,77.92034052419794,-86.54935607140146,0,xstock_reversion
tslax,2026-06-25T13:50:00Z,60,regular,0,0.9892444866022032,13.672643594704326,-12.683399108102122,-70.61670206610415,29.22680872627944,12.683399108102122,5.586631783494056,1,-131.50274611570367,149.77277700729985,-146.04251323500074,0,xstock_reversion
tslax,2026-06-25T14:00:00Z,5,regular,0,3.6332493080060146,26.273988658003233,22.64073934999722,37.90414531869679,50.24774807455633,22.64073934999722,14.65582139560162,1,44.53212383530136,-36.547205880905764,39.648273755794605,1,p1a_catchup
tslax,2026-06-25T14:00:00Z,15,regular,0,3.6332493080060146,26.273988658003233,22.64073934999722,37.90414531869679,50.24774807455633,22.64073934999722,3.084491942102474,1,64.78734981310019,-45.23110240520545,42.83459384859967,1,p1a_catchup
tslax,2026-06-25T14:00:00Z,30,regular,0,3.6332493080060146,26.273988658003233,22.64073934999722,37.90414531869679,50.24774807455633,22.64073934999722,4.220697478602986,1,73.21441916009697,-54.794377288702734,63.52096413849928,1,p1a_catchup
tslax,2026-06-25T14:00:00Z,60,regular,0,3.6332493080060146,26.273988658003233,22.64073934999722,37.90414531869679,50.24774807455633,22.64073934999722,5.411027618595909,1,47.66337970000478,-30.433667968603473,26.36100100629868,1,p1a_catchup
tslax,2026-06-25T14:05:00Z,5,regular,0,6.734317182894856,21.390138578496476,14.65582139560162,109.54615050110306,51.29647940593024,14.65582139560162,3.729127776406216,1,13.812715365997263,-2.886021746801859,-19.408012712194278,0,p1a_catchup
tslax,2026-06-25T14:05:00Z,15,regular,0,6.734317182894856,21.390138578496476,14.65582139560162,109.54615050110306,51.29647940593024,14.65582139560162,10.159185780302948,1,-6.810802801000548,31.625809976905117,-30.720356099198654,0,xstock_reversion
tslax,2026-06-25T14:05:00Z,30,regular,0,6.734317182894856,21.390138578496476,14.65582139560162,109.54615050110306,51.29647940593024,14.65582139560162,5.107246950100119,1,45.45382053340319,-35.90524608790169,28.375584230300177,1,p1a_catchup
tslax,2026-06-25T14:05:00Z,60,regular,0,6.734317182894856,21.390138578496476,14.65582139560162,109.54615050110306,51.29647940593024,14.65582139560162,4.955903127799033,1,-9.588948841896539,29.20067336529719,-37.24894555619862,0,xstock_reversion
tslax,2026-06-25T14:40:00Z,5,regular,1,39.774586987695315,21.070309001895993,-18.704277985799322,-49.55356284799706,42.62603994879592,18.704277985799322,12.121453145592653,1,-36.719950935601986,67.54568206699396,-29.182831693104205,0,xstock_reversion
tslax,2026-06-25T14:40:00Z,15,regular,1,39.774586987695315,21.070309001895993,-18.704277985799322,-49.55356284799706,42.62603994879592,18.704277985799322,21.156203637993087,0,3.4477753533046496,-5.8997010054984145,43.67168019939527,1,persistent_or_wider
tslax,2026-06-25T14:40:00Z,30,regular,1,39.774586987695315,21.070309001895993,-18.704277985799322,-49.55356284799706,42.62603994879592,18.704277985799322,16.99417085079702,1,52.14978575530438,-50.439678620302075,85.65877136689437,1,p1a_catchup
tslax,2026-06-25T14:40:00Z,60,regular,1,39.774586987695315,21.070309001895993,-18.704277985799322,-49.55356284799706,42.62603994879592,18.704277985799322,0.720551567496841,1,-6.924049103700369,26.348878656996533,11.29906072160125,0,xstock_reversion
tslax,2026-06-25T14:45:00Z,5,regular,0,1.4117366138055587,13.533189759398212,12.121453145592653,10.945450186197192,52.587151610000994,12.121453145592653,5.586631783494056,1,17.56882627430123,-11.034004912202633,4.902760039495746,1,p1a_catchup
tslax,2026-06-25T14:45:00Z,15,regular,0,1.4117366138055587,13.533189759398212,12.121453145592653,10.945450186197192,52.587151610000994,12.121453145592653,5.411027618595909,1,-28.59573397929971,35.30615950629645,-37.15731377440079,0,xstock_reversion
tslax,2026-06-25T14:45:00Z,30,regular,0,1.4117366138055587,13.533189759398212,12.121453145592653,10.945450186197192,52.587151610000994,12.121453145592653,10.04236440990347,1,-63.49326884790507,65.57235758359425,-74.73614390019812,0,xstock_reversion
tslax,2026-06-25T14:45:00Z,60,regular,0,1.4117366138055587,13.533189759398212,12.121453145592653,10.945450186197192,52.587151610000994,12.121453145592653,0.8504546369980659,1,-31.642218870207017,44.61412665279774,-52.06004958729693,0,xstock_reversion
tslax,2026-06-25T14:55:00Z,5,regular,0,2.002607793798461,19.153595844194626,-21.156203637993087,-5.8997010054984145,58.62454079716299,21.156203637993087,5.411027618595909,1,-11.571992309606927,38.13922356619592,-35.69719811809868,0,xstock_reversion
tslax,2026-06-25T14:55:00Z,15,regular,0,2.002607793798461,19.153595844194626,-21.156203637993087,-5.8997010054984145,58.62454079716299,21.156203637993087,16.99417085079702,1,48.70201040199973,-44.53997761480366,41.9870911674991,1,p1a_catchup
tslax,2026-06-25T14:55:00Z,30,regular,0,2.002607793798461,19.153595844194626,-21.156203637993087,-5.8997010054984145,58.62454079716299,21.156203637993087,4.615591698202692,1,10.333416740895274,6.207195198895121,-7.73632509809552,1,p1a_catchup
tslax,2026-06-25T14:55:00Z,60,regular,0,2.002607793798461,19.153595844194626,-21.156203637993087,-5.8997010054984145,58.62454079716299,21.156203637993087,0.8772902291998008,1,-4.276868482202545,24.55578189099583,-22.924784790800956,0,xstock_reversion
tslax,2026-06-25T15:10:00Z,5,regular,0,4.55549424110302,12.438676609694,-16.99417085079702,-44.53997761480366,58.19920799587348,16.99417085079702,10.04236440990347,1,-25.376467843001294,52.41300310370178,-40.10545915980046,0,xstock_reversion
tslax,2026-06-25T15:10:00Z,15,regular,0,4.55549424110302,12.438676609694,-16.99417085079702,-44.53997761480366,58.19920799587348,16.99417085079702,4.615591698202692,1,-38.368593661104455,50.74717281369878,-49.72341626559462,0,xstock_reversion
tslax,2026-06-25T15:10:00Z,30,regular,0,4.55549424110302,12.438676609694,-16.99417085079702,-44.53997761480366,58.19920799587348,16.99417085079702,0.720551567496841,1,-59.07383485900475,76.78855727729861,-74.35971064529312,0,xstock_reversion
tslax,2026-06-25T15:10:00Z,60,regular,0,4.55549424110302,12.438676609694,-16.99417085079702,-44.53997761480366,58.19920799587348,16.99417085079702,0.4421237612994844,1,-59.729037822604525,76.28108491210206,-68.37268236069782,0,xstock_reversion
tslax,2026-06-25T20:00:00Z,5,afterhours,0,6.063958872202235,18.490694498201066,12.42673562599883,59.5647321685,13.231555670448008,12.42673562599883,6.043704099898406,1,-2.976917564199155,21.44735729009639,-19.421872998801604,0,xstock_reversion
tslax,2026-06-25T20:00:00Z,15,afterhours,0,6.063958872202235,18.490694498201066,12.42673562599883,59.5647321685,13.231555670448008,12.42673562599883,4.01106288280495,1,2.5181611759972355,5.897511567196645,-14.150293346402165,0,xstock_reversion
tslax,2026-06-25T20:00:00Z,30,afterhours,0,6.063958872202235,18.490694498201066,12.42673562599883,59.5647321685,13.231555670448008,12.42673562599883,9.072775256599996,1,-4.376553741103351,25.876064623702177,-30.613219526500757,0,xstock_reversion
tslax,2026-06-25T20:00:00Z,60,afterhours,0,6.063958872202235,18.490694498201066,12.42673562599883,59.5647321685,13.231555670448008,12.42673562599883,0.6610672731977019,1,-23.471116468396502,35.23678482119763,-38.63072297050074,0,xstock_reversion
tslax,2026-06-25T21:15:00Z,5,afterhours,1,17.714584600394545,5.752221334596186,11.96236326579836,15.062726270196336,12.663924111420744,11.96236326579836,2.7654113906994127,1,1.6460080057001392,7.550943869398807,0.0,0,xstock_reversion
tslax,2026-06-25T21:15:00Z,15,afterhours,1,17.714584600394545,5.752221334596186,11.96236326579836,15.062726270196336,12.663924111420744,11.96236326579836,1.6599651930970794,1,3.4117974170033705,6.890600655697909,4.537386809992938,0,xstock_reversion
tslax,2026-06-25T21:15:00Z,30,afterhours,1,17.714584600394545,5.752221334596186,11.96236326579836,15.062726270196336,12.663924111420744,11.96236326579836,0.7049150241034141,1,7.494579009996727,3.762869231698218,-0.24561143100676475,0,p1a_catchup
tslax,2026-06-25T21:15:00Z,60,afterhours,1,17.714584600394545,5.752221334596186,11.96236326579836,15.062726270196336,12.663924111420744,11.96236326579836,1.1149951701039384,1,-6.788684718994631,19.86604315489693,-11.977911217400106,0,xstock_reversion
tslax,2026-06-25T23:25:00Z,5,afterhours,1,10.98778722379734,2.2738875514960455,13.261674775293386,18.478792167799796,13.936263765640582,13.261674775293386,1.5676280591048197,1,1.5502438978920452,10.143802818296521,-0.6499782099034235,0,xstock_reversion
tslax,2026-06-25T23:25:00Z,15,afterhours,1,10.98778722379734,2.2738875514960455,13.261674775293386,18.478792167799796,13.936263765640582,13.261674775293386,7.3583175757008235,1,-7.104976467999791,27.724968818994,-21.316790011303155,0,xstock_reversion
tslax,2026-06-25T23:25:00Z,30,afterhours,1,10.98778722379734,2.2738875514960455,13.261674775293386,18.478792167799796,13.936263765640582,13.261674775293386,0.606170516901372,1,-21.307232233302997,33.96273649169501,-26.92419192849904,0,xstock_reversion
tslax,2026-06-26T09:50:00Z,5,premarket,1,38.2525110973031,16.775535188600088,-21.47697590870301,-40.57989407780127,21.20014615307253,21.47697590870301,5.905948242199699,1,-8.177652997698459,35.56057714860117,0.2695381463979629,0,xstock_reversion
tslax,2026-06-26T09:50:00Z,15,premarket,1,38.2525110973031,16.775535188600088,-21.47697590870301,-40.57989407780127,21.20014615307253,21.47697590870301,3.6060889109990057,1,-14.923288319597106,40.00635313929912,0.2695381463979629,0,xstock_reversion
tslax,2026-06-26T09:50:00Z,30,premarket,1,38.2525110973031,16.775535188600088,-21.47697590870301,-40.57989407780127,21.20014615307253,21.47697590870301,3.6481585668024508,1,-15.623640918898118,33.45245826079868,14.835397275003714,0,xstock_reversion
tslax,2026-06-26T09:50:00Z,60,premarket,1,38.2525110973031,16.775535188600088,-21.47697590870301,-40.57989407780127,21.20014615307253,21.47697590870301,1.797976762096809,1,-13.550728749400776,36.825681420200596,4.313482395099655,0,xstock_reversion
tslax,2026-06-26T13:00:00Z,5,premarket,0,1.4313752978001304,14.846881596595196,-13.415506298795066,-30.604084818799393,10.472741851328964,13.415506298795066,9.39354088049349,1,11.544926805999722,-7.522961387698146,10.83423724610455,1,p1a_catchup
tslax,2026-06-26T13:00:00Z,15,premarket,0,1.4313752978001304,14.846881596595196,-13.415506298795066,-30.604084818799393,10.472741851328964,13.415506298795066,9.571925159903572,1,25.976616842795508,-22.133035703904014,22.925555139305942,1,p1a_catchup
tslax,2026-06-26T13:00:00Z,30,premarket,0,1.4313752978001304,14.846881596595196,-13.415506298795066,-30.604084818799393,10.472741851328964,13.415506298795066,7.992256897093597,1,-20.10993838150732,41.51770157739598,-42.99892172159758,0,xstock_reversion
tslax,2026-06-26T13:00:00Z,60,premarket,0,1.4313752978001304,14.846881596595196,-13.415506298795066,-30.604084818799393,10.472741851328964,13.415506298795066,10.290917365196606,1,-143.16727628420622,166.8736999481979,-163.25139703649683,0,xstock_reversion
tslax,2026-06-26T13:20:00Z,5,premarket,1,13.269258163406406,1.887390768402497,11.381867395003908,16.6533851870998,20.18082197541257,11.381867395003908,13.587773312107032,0,13.81399620419721,-16.019902121300333,27.041660610498397,1,persistent_or_wider
tslax,2026-06-26T13:20:00Z,15,premarket,1,13.269258163406406,1.887390768402497,11.381867395003908,16.6533851870998,20.18082197541257,11.381867395003908,5.79308250210353,1,52.915882123096836,-47.32709723019646,59.126240366005334,1,p1a_catchup
tslax,2026-06-26T13:20:00Z,30,premarket,1,13.269258163406406,1.887390768402497,11.381867395003908,16.6533851870998,20.18082197541257,11.381867395003908,0.22587105010352104,1,89.62114915919805,-78.46515281429767,100.76330641550335,1,p1a_catchup
tslax,2026-06-26T13:20:00Z,60,premarket,1,13.269258163406406,1.887390768402497,11.381867395003908,16.6533851870998,20.18082197541257,11.381867395003908,10.19485297700129,1,203.43513965499938,-202.24812523699677,213.51789626060656,1,p1a_catchup
tslax,2026-06-26T13:25:00Z,5,premarket,0,2.247499674208342,11.34027363789869,13.587773312107032,28.003602299300212,21.546636879164815,13.587773312107032,7.992256897093597,1,21.96289207170743,-16.367375656693994,18.664720177303806,1,p1a_catchup
tslax,2026-06-26T13:25:00Z,15,premarket,0,2.247499674208342,11.34027363789869,13.587773312107032,28.003602299300212,21.546636879164815,13.587773312107032,11.885673014804254,1,72.34488173540221,-70.64278143809943,80.95685748250148,1,p1a_catchup
tslax,2026-06-26T13:25:00Z,30,premarket,0,2.247499674208342,11.34027363789869,13.587773312107032,28.003602299300212,21.546636879164815,13.587773312107032,13.401729433004661,1,114.03586003820187,-113.8498161590995,119.45649063139996,1,p1a_catchup
tslax,2026-06-26T13:25:00Z,60,premarket,0,2.247499674208342,11.34027363789869,13.587773312107032,28.003602299300212,21.546636879164815,13.587773312107032,6.288028410601498,1,208.20813718020582,-200.90839227870026,189.92409985700397,1,p1a_catchup
tslax,2026-06-26T13:40:00Z,5,regular,0,8.066576370193701,19.952249384997955,11.885673014804254,70.64278143809943,20.111073182049818,11.885673014804254,0.3305679827025898,1,4.271545582197334,7.283559449904331,-24.13775779039895,0,xstock_reversion
tslax,2026-06-26T13:40:00Z,15,regular,0,8.066576370193701,19.952249384997955,11.885673014804254,70.64278143809943,20.111073182049818,11.885673014804254,13.401729433004661,0,41.690978302799664,-43.20703472100007,38.49963314889848,1,persistent_or_wider
tslax,2026-06-26T13:40:00Z,30,regular,0,8.066576370193701,19.952249384997955,11.885673014804254,70.64278143809943,20.111073182049818,11.885673014804254,9.14483459860449,1,118.34565818110043,-115.60481976490067,100.8797142612039,1,p1a_catchup
tslax,2026-06-26T13:40:00Z,60,regular,0,8.066576370193701,19.952249384997955,11.885673014804254,70.64278143809943,20.111073182049818,11.885673014804254,5.813749886600661,1,130.15022606159832,-124.07830293339472,116.65373962800096,1,p1a_catchup
tslax,2026-06-26T13:55:00Z,5,regular,0,3.3591747980921127,16.760904231096774,13.401729433004661,43.20703472100007,22.690948425828317,13.401729433004661,10.290917365196606,1,30.98436993620446,-27.873557868396404,19.46070486080309,1,p1a_catchup
tslax,2026-06-26T13:55:00Z,15,regular,0,3.3591747980921127,16.760904231096774,13.401729433004661,43.20703472100007,22.690948425828317,13.401729433004661,9.14483459860449,1,76.65467987830077,-72.3977850439006,62.38008111230542,1,p1a_catchup
tslax,2026-06-26T13:55:00Z,30,regular,0,3.3591747980921127,16.760904231096774,13.401729433004661,43.20703472100007,22.690948425828317,13.401729433004661,6.288028410601498,1,94.17227714200394,-87.05857611960077,70.46760922560402,1,p1a_catchup
tslax,2026-06-26T13:55:00Z,60,regular,0,3.3591747980921127,16.760904231096774,13.401729433004661,43.20703472100007,22.690948425828317,13.401729433004661,3.2202635293021586,1,117.32042847760304,-100.69843551529623,91.77239672500725,1,p1a_catchup
tslax,2026-06-26T15:05:00Z,5,regular,1,86.66850224800626,72.51469651870401,-14.153805729302249,-60.00363257900432,30.370803851550495,14.153805729302249,13.35124053450265,1,-48.76663270700021,76.27167897080511,8.159290857605583,0,xstock_reversion
tslax,2026-06-26T15:05:00Z,15,regular,1,86.66850224800626,72.51469651870401,-14.153805729302249,-60.00363257900432,30.370803851550495,14.153805729302249,10.030418166504518,1,-132.49474872189637,156.67897261770315,-103.77704715049951,0,xstock_reversion
tslax,2026-06-26T15:05:00Z,30,regular,1,86.66850224800626,72.51469651870401,-14.153805729302249,-60.00363257900432,30.370803851550495,14.153805729302249,4.424865335801442,1,-244.07476794650051,262.6534390116042,-174.4798915111989,0,xstock_reversion
tslax,2026-06-26T15:05:00Z,60,regular,1,86.66850224800626,72.51469651870401,-14.153805729302249,-60.00363257900432,30.370803851550495,14.153805729302249,11.717405632598599,1,-181.74456382739734,184.18096392410098,-95.0505316671979,0,xstock_reversion
tslax,2026-06-26T15:10:00Z,5,regular,0,2.237532419595567,15.588772954098218,13.35124053450265,33.7532140088026,43.259956660856716,13.35124053450265,17.722912070201602,0,51.12032397120103,-55.49199550689998,66.1350300510044,1,persistent_or_wider
tslax,2026-06-26T15:10:00Z,15,regular,0,2.237532419595567,15.588772954098218,13.35124053450265,33.7532140088026,43.259956660856716,13.35124053450265,17.261297777499962,0,138.3460339924003,-142.2560912353976,133.9142259242987,1,persistent_or_wider
tslax,2026-06-26T15:10:00Z,30,regular,0,2.237532419595567,15.588772954098218,13.35124053450265,33.7532140088026,43.259956660856716,13.35124053450265,1.6529211208915484,1,200.32325328430466,-188.62493387069355,185.35353549700596,1,p1a_catchup
tslax,2026-06-26T15:10:00Z,60,regular,0,2.237532419595567,15.588772954098218,13.35124053450265,33.7532140088026,43.259956660856716,13.35124053450265,8.60678096670675,1,107.03699847300463,-85.07897697179523,84.42851483380309,1,p1a_catchup
tslax,2026-06-26T15:15:00Z,5,regular,0,12.88056696369999,30.603479033901593,17.722912070201602,78.05408922600066,47.35715532232411,17.722912070201602,10.030418166504518,1,32.60779204369513,-24.915298139998043,45.80130795710069,1,p1a_catchup
tslax,2026-06-26T15:15:00Z,15,regular,0,12.88056696369999,30.603479033901593,17.722912070201602,78.05408922600066,47.35715532232411,17.722912070201602,14.524390776200491,1,128.84701834449785,-125.64849705049674,117.40901855979757,1,p1a_catchup
tslax,2026-06-26T15:15:00Z,30,regular,0,12.88056696369999,30.603479033901593,17.722912070201602,78.05408922600066,47.35715532232411,17.722912070201602,3.0413798987982688,1,140.98625782329677,-120.2219658542969,105.50995226719984,1,p1a_catchup
tslax,2026-06-26T15:15:00Z,60,regular,0,12.88056696369999,30.603479033901593,17.722912070201602,78.05408922600066,47.35715532232411,17.722912070201602,0.25589148469506995,1,54.03187982669699,-36.05307627180032,29.253533895294836,1,p1a_catchup
tslax,2026-06-26T15:25:00Z,5,regular,0,6.104332891503361,11.1569648859966,17.261297777499962,142.2560912353976,47.306499670558075,17.261297777499962,14.524390776200491,1,41.62130832329858,-38.88440132199911,49.62982268650329,1,p1a_catchup
tslax,2026-06-26T15:25:00Z,15,regular,0,6.104332891503361,11.1569648859966,17.261297777499962,142.2560912353976,47.306499670558075,17.261297777499962,1.6529211208915484,1,61.97721929190436,-46.36884263529595,51.43930957270726,1,p1a_catchup
tslax,2026-06-26T15:25:00Z,30,regular,0,6.104332891503361,11.1569648859966,17.261297777499962,142.2560912353976,47.306499670558075,17.261297777499962,1.7728723879972819,1,19.275281872301875,-3.7868564827991946,1.1690665017027868,1,p1a_catchup
tslax,2026-06-26T15:25:00Z,60,regular,0,6.104332891503361,11.1569648859966,17.261297777499962,142.2560912353976,47.306499670558075,17.261297777499962,0.03208158250167514,1,-38.94883993520004,56.24221929520168,-48.963531512900005,0,xstock_reversion
tslax,2026-06-26T15:30:00Z,5,regular,0,4.641088473000821,19.16547924920131,14.524390776200491,125.64849705049674,46.526770847981616,14.524390776200491,4.424865335801442,1,15.340792923801416,-5.241267483402368,-0.9048662419974818,1,p1a_catchup
tslax,2026-06-26T15:30:00Z,15,regular,0,4.641088473000821,19.16547924920131,14.524390776200491,125.64849705049674,46.526770847981616,14.524390776200491,3.0413798987982688,1,12.139239478798913,5.426531196199846,-11.899066292597738,1,p1a_catchup
tslax,2026-06-26T15:30:00Z,30,regular,0,4.641088473000821,19.16547924920131,14.524390776200491,125.64849705049674,46.526770847981616,14.524390776200491,3.039480007496209,1,-15.202868352997001,26.687779121701283,-32.75656279379646,0,xstock_reversion
tslax,2026-06-26T15:30:00Z,60,regular,0,4.641088473000821,19.16547924920131,14.524390776200491,125.64849705049674,46.526770847981616,14.524390776200491,14.129046815893886,1,-41.720621328495966,42.11596528880257,-41.708824486299534,0,xstock_reversion
tslax,2026-06-26T15:50:00Z,5,regular,1,13.217552337092542,0.8092005389048751,-14.026752875997417,-60.85241145609821,39.28263842125844,14.026752875997417,1.7728723879972819,1,-4.713973869501231,20.51359913349593,1.4260760761963809,0,xstock_reversion
tslax,2026-06-26T15:50:00Z,15,regular,1,13.217552337092542,0.8092005389048751,-14.026752875997417,-60.85241145609821,39.28263842125844,14.026752875997417,11.717405632598599,1,19.92941087480382,-17.620063631405003,33.299545977394374,1,p1a_catchup
tslax,2026-06-26T15:50:00Z,30,regular,1,13.217552337092542,0.8092005389048751,-14.026752875997417,-60.85241145609821,39.28263842125844,14.026752875997417,1.9080973256002665,1,51.99257062930229,-39.87391507890514,59.65552329179502,1,p1a_catchup
tslax,2026-06-26T15:50:00Z,60,regular,1,13.217552337092542,0.8092005389048751,-14.026752875997417,-60.85241145609821,39.28263842125844,14.026752875997417,0.29057666560028395,1,2.3875698829023406,11.348606327494792,-1.0415044736067358,0,xstock_reversion
tslax,2026-06-26T16:05:00Z,5,regular,0,2.461930008896829,14.179335641495427,-11.717405632598599,-17.620063631405003,29.399732942670422,11.717405632598599,8.60678096670675,1,25.9409326473925,-22.830307981500653,18.781307691000393,1,p1a_catchup
tslax,2026-06-26T16:05:00Z,15,regular,0,2.461930008896829,14.179335641495427,-11.717405632598599,-17.620063631405003,29.399732942670422,11.717405632598599,1.9080973256002665,1,32.06315975449847,-22.25385144750014,26.355977314400647,1,p1a_catchup
tslax,2026-06-26T16:05:00Z,30,regular,0,2.461930008896829,14.179335641495427,-11.717405632598599,-17.620063631405003,29.399732942670422,11.717405632598599,5.274353125708231,1,-22.93575298399908,39.92751174230591,-42.90791796790039,0,xstock_reversion
tslax,2026-06-26T16:05:00Z,60,regular,0,2.461930008896829,14.179335641495427,-11.717405632598599,-17.620063631405003,29.399732942670422,11.717405632598599,0.8800414209009233,1,-55.91290569340046,66.75026990509814,-64.6814302896015,0,xstock_reversion
tslax,2026-06-26T16:30:00Z,5,regular,0,5.048229275503857,19.177276091397744,14.129046815893886,47.47945548989385,33.270402723302475,14.129046815893886,5.274353125708231,1,17.66696311719329,-8.812269427007635,4.282516368201428,1,p1a_catchup
tslax,2026-06-26T16:30:00Z,15,regular,0,5.048229275503857,19.177276091397744,14.129046815893886,47.47945548989385,33.270402723302475,14.129046815893886,1.6660925632017154,1,11.854067002596835,0.6088872500953357,-0.12980185750244289,1,p1a_catchup
tslax,2026-06-26T16:30:00Z,30,regular,0,5.048229275503857,19.177276091397744,14.129046815893886,47.47945548989385,33.270402723302475,14.129046815893886,12.072352821794752,1,50.75285888429981,-48.69616489020068,45.198256067502385,1,p1a_catchup
tslax,2026-06-26T16:30:00Z,60,regular,0,5.048229275503857,19.177276091397744,14.129046815893886,47.47945548989385,33.270402723302475,14.129046815893886,1.8231988157957346,1,35.764143572798446,-23.458295572700294,20.228484964102122,1,p1a_catchup
tslax,2026-06-26T17:00:00Z,5,regular,0,1.5503204528055647,13.622673274600317,12.072352821794752,49.30505214029601,21.11512195922783,12.072352821794752,0.8800414209009233,1,-0.1087430577051407,13.061137300400816,-19.142227377599852,0,xstock_reversion
tslax,2026-06-26T17:00:00Z,15,regular,0,1.5503204528055647,13.622673274600317,12.072352821794752,49.30505214029601,21.11512195922783,12.072352821794752,2.224735391802568,1,-15.211887977502059,29.50897619109938,-29.763852448398964,0,xstock_reversion
tslax,2026-06-26T17:00:00Z,30,regular,0,1.5503204528055647,13.622673274600317,12.072352821794752,49.30505214029601,21.11512195922783,12.072352821794752,1.8231988157957346,1,-14.988715311501366,25.237869317500383,-24.969771103400262,0,xstock_reversion
tslax,2026-06-26T17:00:00Z,60,regular,0,1.5503204528055647,13.622673274600317,12.072352821794752,49.30505214029601,21.11512195922783,12.072352821794752,0.1047926162023316,1,-42.24279560260058,54.419941040597664,-64.16718390480192,0,xstock_reversion
tslax,2026-06-26T18:35:00Z,5,regular,0,2.7564849110017775,16.37107319440112,-13.614588283399343,-48.383943506298266,26.860099449368366,13.614588283399343,5.8829726066012,1,18.858543397399785,-11.126927720601643,16.00682921740315,1,p1a_catchup
tslax,2026-06-26T18:35:00Z,15,regular,0,2.7564849110017775,16.37107319440112,-13.614588283399343,-48.383943506298266,26.860099449368366,13.614588283399343,0.8067071563999662,1,47.630047588702595,-34.82216646170322,39.41095534329975,1,p1a_catchup
tslax,2026-06-26T18:35:00Z,30,regular,0,2.7564849110017775,16.37107319440112,-13.614588283399343,-48.383943506298266,26.860099449368366,13.614588283399343,10.122983441602784,1,85.59058376429896,-82.0989789225024,33.225890104198186,1,p1a_catchup
tslax,2026-06-26T18:35:00Z,60,regular,0,2.7564849110017775,16.37107319440112,-13.614588283399343,-48.383943506298266,26.860099449368366,13.614588283399343,4.4646921888968905,1,69.91922664280281,-60.76933054830036,65.50927376699711,1,p1a_catchup
tslax,2026-06-26T19:10:00Z,5,regular,1,7.89010832690451,7.542154684694324,15.432263011598835,30.497967200204812,39.00456939414405,15.432263011598835,3.1327892852939243,1,-7.298388692804636,25.863440989697395,-22.34520310929966,0,xstock_reversion
tslax,2026-06-26T19:10:00Z,15,regular,1,7.89010832690451,7.542154684694324,15.432263011598835,30.497967200204812,39.00456939414405,15.432263011598835,2.5098890873032076,1,-18.742392243202843,36.684544342104886,-27.873483033697966,0,xstock_reversion
tslax,2026-06-26T19:10:00Z,30,regular,1,7.89010832690451,7.542154684694324,15.432263011598835,30.497967200204812,39.00456939414405,15.432263011598835,0.542312198801298,1,-36.12779905959762,52.10237426999775,-44.21292533010046,0,xstock_reversion
tslax,2026-06-26T19:10:00Z,60,regular,1,7.89010832690451,7.542154684694324,15.432263011598835,30.497967200204812,39.00456939414405,15.432263011598835,2.4623483576036165,1,-64.99235316970164,82.8869645389041,-71.68111649539455,0,xstock_reversion
tslax,2026-06-26T20:00:00Z,5,afterhours,0,13.994346534405011,36.324935271006,-22.330588736600987,-44.00930477749476,24.84055187245594,22.330588736600987,8.39023402360084,1,11.78969570160504,2.1506590113951063,-18.392837145002616,1,p1a_catchup
tslax,2026-06-26T20:00:00Z,15,afterhours,0,13.994346534405011,36.324935271006,-22.330588736600987,-44.00930477749476,24.84055187245594,22.330588736600987,2.2602948520944466,1,16.332115067108077,3.738178817398463,-18.715634496304645,1,p1a_catchup
tslax,2026-06-26T20:00:00Z,30,afterhours,0,13.994346534405011,36.324935271006,-22.330588736600987,-44.00930477749476,24.84055187245594,22.330588736600987,2.725748517899973,1,26.34356600460741,-1.2872287501064505,-17.334412080503014,1,p1a_catchup
tslax,2026-06-26T20:00:00Z,60,afterhours,0,13.994346534405011,36.324935271006,-22.330588736600987,-44.00930477749476,24.84055187245594,22.330588736600987,1.9345489346012101,1,27.406531756204444,-3.141394085002247,-13.689926930897656,1,p1a_catchup
tslax,2026-06-26T20:25:00Z,5,afterhours,1,21.468541727793777,7.834954882799394,-13.633586844994383,-26.090360305994764,17.77872313633139,13.633586844994383,2.725748517899973,1,-3.1284649490004313,19.487800311894787,-2.646552880305464,0,xstock_reversion
tslax,2026-06-26T20:25:00Z,15,afterhours,1,21.468541727793777,7.834954882799394,-13.633586844994383,-26.090360305994764,17.77872313633139,13.633586844994383,1.1098432630962662,1,-4.578704860200844,17.10244844209896,6.619448179696619,0,xstock_reversion
tslax,2026-06-26T20:25:00Z,30,afterhours,1,21.468541727793777,7.834954882799394,-13.633586844994383,-26.090360305994764,17.77872313633139,13.633586844994383,7.453552093803495,1,-1.7857474201044,7.965782171295288,17.89053080709202,1,xstock_reversion
tslax,2026-06-26T20:25:00Z,60,afterhours,1,21.468541727793777,7.834954882799394,-13.633586844994383,-26.090360305994764,17.77872313633139,13.633586844994383,2.006053766105964,1,0.6097146457939573,11.017818433094462,6.097676598297852,0,xstock_reversion
tslax,2026-06-29T09:35:00Z,5,premarket,1,98.99127166580257,51.13691552760535,-47.85435613819722,-95.07192730970004,40.00529125500401,47.85435613819722,21.13914944650297,1,-28.17001014659759,97.16351573129778,3.3975825220000644,0,xstock_reversion
tslax,2026-06-29T09:35:00Z,15,premarket,1,98.99127166580257,51.13691552760535,-47.85435613819722,-95.07192730970004,40.00529125500401,47.85435613819722,0.6684052841965382,1,-42.15163057890159,90.67439200129535,10.19621259850112,0,xstock_reversion
tslax,2026-06-29T09:35:00Z,30,premarket,1,98.99127166580257,51.13691552760535,-47.85435613819722,-95.07192730970004,40.00529125500401,47.85435613819722,13.854653881804069,1,-28.57940294750172,62.57910520389487,9.934641339999217,0,xstock_reversion
tslax,2026-06-29T09:35:00Z,60,premarket,1,98.99127166580257,51.13691552760535,-47.85435613819722,-95.07192730970004,40.00529125500401,47.85435613819722,1.910702506702222,1,-44.261694691902775,94.02675333680222,3.658982843601777,0,xstock_reversion
tslax,2026-06-29T09:40:00Z,5,premarket,0,1.569826587495271,19.5693228590077,21.13914944650297,-0.6529763305973546,61.7146787929099,21.13914944650297,9.590786667006412,1,12.33213832810165,-0.7837755486050924,0.5227801448981495,1,p1a_catchup
tslax,2026-06-29T09:40:00Z,15,premarket,0,1.569826587495271,19.5693228590077,21.13914944650297,-0.6529763305973546,61.7146787929099,21.13914944650297,4.246962990297476,1,18.22258647760755,-1.3304000214020562,-9.93801896790103,0,p1a_catchup
tslax,2026-06-29T09:40:00Z,30,premarket,0,1.569826587495271,19.5693228590077,21.13914944650297,-0.6529763305973546,61.7146787929099,21.13914944650297,4.539159923000469,1,6.661131064999992,9.938858458502509,-11.769784402400063,0,xstock_reversion
tslax,2026-06-29T09:40:00Z,60,premarket,0,1.569826587495271,19.5693228590077,21.13914944650297,-0.6529763305973546,61.7146787929099,21.13914944650297,6.140248262100911,1,22.836766336107317,-7.837865151705259,8.622379526892487,1,p1a_catchup
tslax,2026-06-29T10:05:00Z,5,premarket,1,26.477525121908485,12.622871240104416,-13.854653881804069,-28.095286797400476,43.980521897513505,13.854653881804069,4.539159923000469,1,-6.251738264095863,24.6455520689004,5.23272558440091,0,xstock_reversion
tslax,2026-06-29T10:05:00Z,15,premarket,1,26.477525121908485,12.622871240104416,-13.854653881804069,-28.095286797400476,43.980521897513505,13.854653881804069,4.567833012201206,1,-8.317387327698711,26.739874221703985,0.26157125850190255,0,xstock_reversion
tslax,2026-06-29T10:05:00Z,30,premarket,1,26.477525121908485,12.622871240104416,-13.854653881804069,-28.095286797400476,43.980521897513505,13.854653881804069,1.910702506702222,1,-15.682291744401056,31.447648132907347,-6.2756584963974404,0,xstock_reversion
tslax,2026-06-29T10:05:00Z,60,premarket,1,26.477525121908485,12.622871240104416,-13.854653881804069,-28.095286797400476,43.980521897513505,13.854653881804069,3.0178630677024643,1,-29.074285753898366,45.9468027034049,-20.3815069248936,0,xstock_reversion
tslax,2026-06-29T13:30:00Z,5,regular,0,3.8955977707999523,20.950972396898138,24.84657016769809,76.42691997959972,42.380226749394765,24.84657016769809,20.857400795302183,1,60.375234248093435,-56.38606487569753,60.022947462501364,1,p1a_catchup
tslax,2026-06-29T13:30:00Z,15,regular,0,3.8955977707999523,20.950972396898138,24.84657016769809,76.42691997959972,42.380226749394765,24.84657016769809,8.990414114204981,1,180.39794431489398,-164.54178826140088,181.80215046279534,1,p1a_catchup
tslax,2026-06-29T13:30:00Z,30,regular,0,3.8955977707999523,20.950972396898138,24.84657016769809,76.42691997959972,42.380226749394765,24.84657016769809,2.0567130350990226,1,193.17778505089757,-170.3879279182985,167.7770815446955,1,p1a_catchup
tslax,2026-06-29T13:30:00Z,60,regular,0,3.8955977707999523,20.950972396898138,24.84657016769809,76.42691997959972,42.380226749394765,24.84657016769809,16.73960576139777,1,308.2163450663966,-300.1093806600963,315.19989891680035,1,p1a_catchup
tslax,2026-06-29T13:35:00Z,5,regular,0,0.2587151839961166,20.598685611306067,20.857400795302183,132.29022526849656,44.543513833903376,20.857400795302183,31.01818641660259,0,88.32594802400173,-98.48673364530214,109.79536699399439,1,persistent_or_wider
tslax,2026-06-29T13:35:00Z,15,regular,0,0.2587151839961166,20.598685611306067,20.857400795302183,132.29022526849656,44.543513833903376,20.857400795302183,3.575713432795169,1,133.57854215950482,-116.2968547969978,119.230653111293,1,p1a_catchup
tslax,2026-06-29T13:35:00Z,30,regular,0,0.2587151839961166,20.598685611306067,20.857400795302183,132.29022526849656,44.543513833903376,20.857400795302183,5.218571817398043,1,146.32948595630245,-130.69065697839832,129.0390088326987,1,p1a_catchup
tslax,2026-06-29T13:35:00Z,60,regular,0,0.2587151839961166,20.598685611306067,20.857400795302183,132.29022526849656,44.543513833903376,20.857400795302183,7.811102598500597,1,231.18448148220062,-202.51597808839784,208.04569084379665,1,p1a_catchup
tslax,2026-06-29T13:40:00Z,5,regular,0,11.049918164696138,42.068104581298726,31.01818641660259,252.36154591610216,53.38099120888828,31.01818641660259,8.990414114204981,1,31.69676204279881,-9.668989740401202,11.983836006299597,1,p1a_catchup
tslax,2026-06-29T13:40:00Z,15,regular,0,11.049918164696138,42.068104581298726,31.01818641660259,252.36154591610216,53.38099120888828,31.01818641660259,2.6712453618937815,1,38.99904314519809,-5.309611366701716,-3.955267255397743,1,p1a_catchup
tslax,2026-06-29T13:40:00Z,30,regular,0,11.049918164696138,42.068104581298726,31.01818641660259,252.36154591610216,53.38099120888828,31.01818641660259,18.138570844303814,1,8.93512982890421,40.221627432002194,-47.31043130859369,0,xstock_reversion
tslax,2026-06-29T13:40:00Z,60,regular,0,11.049918164696138,42.068104581298726,31.01818641660259,252.36154591610216,53.38099120888828,31.01818641660259,2.3196196982055994,1,136.08342585450293,-102.74561973969476,102.54417486859957,1,p1a_catchup
tslax,2026-06-29T14:10:00Z,5,regular,0,3.961114288104639,14.177456556199175,-18.138570844303814,-45.53123879870391,33.688363235771504,18.138570844303814,7.528136350192227,1,-18.20415179920154,43.87085899369758,-37.1000975646929,0,xstock_reversion
tslax,2026-06-29T14:10:00Z,15,regular,0,3.961114288104639,14.177456556199175,-18.138570844303814,-45.53123879870391,33.688363235771504,18.138570844303814,29.74336613640105,0,-100.25192971819585,148.1338666989007,-141.26505963189652,0,persistent_or_wider
tslax,2026-06-29T14:10:00Z,30,regular,0,3.961114288104639,14.177456556199175,-18.138570844303814,-45.53123879870391,33.688363235771504,18.138570844303814,2.3196196982055994,1,-127.14829602559874,142.96724717169695,-149.85460617719326,0,xstock_reversion
tslax,2026-06-29T14:10:00Z,60,regular,0,3.961114288104639,14.177456556199175,-18.138570844303814,-45.53123879870391,33.688363235771504,18.138570844303814,0.28370989909376476,1,-152.1310241873941,169.98588513260415,-169.02813241030046,0,xstock_reversion
tslax,2026-06-29T14:25:00Z,5,regular,0,2.9076927788995732,26.835673357501477,29.74336613640105,148.1338666989007,61.23153337826238,29.74336613640105,16.73960576139777,1,50.32810324720138,-37.3243428721981,51.42695613700177,1,p1a_catchup
tslax,2026-06-29T14:25:00Z,15,regular,0,2.9076927788995732,26.835673357501477,29.74336613640105,148.1338666989007,61.23153337826238,29.74336613640105,2.3196196982055994,1,26.896366307402886,5.166619527203764,8.589546545296756,1,p1a_catchup
tslax,2026-06-29T14:25:00Z,30,regular,0,2.9076927788995732,26.835673357501477,29.74336613640105,148.1338666989007,61.23153337826238,29.74336613640105,3.453514552793635,1,73.80378404680421,-47.513932463196795,49.1636877162005,1,p1a_catchup
tslax,2026-06-29T14:25:00Z,60,regular,0,2.9076927788995732,26.835673357501477,29.74336613640105,148.1338666989007,61.23153337826238,29.74336613640105,2.707540674000697,1,36.44236883100227,-9.406543368601916,51.68091318379808,1,p1a_catchup
tslax,2026-06-29T14:30:00Z,5,regular,0,11.194920485904092,27.93452624730186,16.73960576139777,141.58735057740125,61.620447954011965,16.73960576139777,7.811102598500597,1,-16.65662933610257,41.207337696000934,-47.13126061050232,0,xstock_reversion
tslax,2026-06-29T14:30:00Z,15,regular,0,11.194920485904092,27.93452624730186,16.73960576139777,141.58735057740125,61.620447954011965,16.73960576139777,6.300328108403974,1,-39.22991968259737,62.26985355239911,-61.792231196697855,0,xstock_reversion
tslax,2026-06-29T14:30:00Z,30,regular,0,11.194920485904092,27.93452624730186,16.73960576139777,141.58735057740125,61.620447954011965,16.73960576139777,8.690489583402794,1,0.06923520680324202,25.36086013799732,-29.084245142803056,0,xstock_reversion
tslax,2026-06-29T14:30:00Z,60,regular,0,11.194920485904092,27.93452624730186,16.73960576139777,141.58735057740125,61.620447954011965,16.73960576139777,20.375615879997255,0,48.96214267859911,-52.598152797198594,40.65148254579931,1,persistent_or_wider
tslax,2026-06-29T14:50:00Z,5,regular,0,10.346068354998295,27.7672928421957,17.421224487197406,51.22975301690147,58.76536981968928,17.421224487197406,3.453514552793635,1,14.13488420450193,-0.16717427009815822,-11.436831610796006,1,p1a_catchup
tslax,2026-06-29T14:50:00Z,15,regular,0,10.346068354998295,27.7672928421957,17.421224487197406,51.22975301690147,58.76536981968928,17.421224487197406,0.7749685870006573,1,-7.356981709101262,24.00323760929801,-33.08949126129335,0,xstock_reversion
tslax,2026-06-29T14:50:00Z,30,regular,0,10.346068354998295,27.7672928421957,17.421224487197406,51.22975301690147,58.76536981968928,17.421224487197406,2.2501993749024507,1,-31.419018732901094,46.59004384519605,-54.536544205596726,0,xstock_reversion
tslax,2026-06-29T14:50:00Z,60,regular,0,10.346068354998295,27.7672928421957,17.421224487197406,51.22975301690147,58.76536981968928,17.421224487197406,5.028345664204181,1,78.3546077765962,-65.96172895360297,55.73975889790361,1,p1a_catchup
tslax,2026-06-29T15:15:00Z,5,regular,1,25.179200204297203,13.304116683698908,-11.875083520598295,-33.73381474840009,41.28678618512573,11.875083520598295,2.2501993749024507,1,-8.401763466601153,22.5270463621019,0.2525858475976861,0,xstock_reversion
tslax,2026-06-29T15:15:00Z,15,regular,1,25.179200204297203,13.304116683698908,-11.875083520598295,-33.73381474840009,41.28678618512573,11.875083520598295,20.375615879997255,0,-79.44212828300046,111.69282768359601,-85.76187771380361,0,persistent_or_wider
tslax,2026-06-29T15:15:00Z,30,regular,1,25.179200204297203,13.304116683698908,-11.875083520598295,-33.73381474840009,41.28678618512573,11.875083520598295,1.344693364195848,1,-104.79286628299889,115.32325643940133,-89.26722340180326,0,xstock_reversion
tslax,2026-06-29T15:15:00Z,60,regular,1,25.179200204297203,13.304116683698908,-11.875083520598295,-33.73381474840009,41.28678618512573,11.875083520598295,2.871703230393763,1,-165.57204725300423,180.3188340039963,-153.64673459690613,0,xstock_reversion
tslax,2026-06-29T15:30:00Z,5,regular,0,0.751749765495191,19.623866114502064,20.375615879997255,111.69282768359601,40.216440959409084,20.375615879997255,8.452067687905185,1,26.436486746899135,-14.512938554807064,15.264313254697015,1,p1a_catchup
tslax,2026-06-29T15:30:00Z,15,regular,0,0.751749765495191,19.623866114502064,20.375615879997255,111.69282768359601,40.216440959409084,20.375615879997255,1.344693364195848,1,25.35073799999843,-3.630428755805326,3.5053456879996503,1,p1a_catchup
tslax,2026-06-29T15:30:00Z,30,regular,0,0.751749765495191,19.623866114502064,20.375615879997255,111.69282768359601,40.216440959409084,20.375615879997255,8.382524051500084,1,72.7818452724005,-60.78875344390333,60.29566800219932,1,p1a_catchup
tslax,2026-06-29T15:30:00Z,60,regular,0,0.751749765495191,19.623866114502064,20.375615879997255,111.69282768359601,40.216440959409084,20.375615879997255,2.3108096115986854,1,119.09981459790053,-101.03500832950196,106.61188011219735,1,p1a_catchup
tslax,2026-06-29T17:05:00Z,5,regular,0,16.057048328699253,29.60369931559903,13.546650986899778,46.68453653089877,30.33902624422732,13.546650986899778,7.022872412800751,1,24.210487357496646,-17.68670878339762,12.124160256199445,1,p1a_catchup
tslax,2026-06-29T17:05:00Z,15,regular,0,16.057048328699253,29.60369931559903,13.546650986899778,46.68453653089877,30.33902624422732,13.546650986899778,2.6289937148948894,1,52.52298824440338,-41.60533097239849,36.20575439810203,1,p1a_catchup
tslax,2026-06-29T17:05:00Z,30,regular,0,16.057048328699253,29.60369931559903,13.546650986899778,46.68453653089877,30.33902624422732,13.546650986899778,0.5040052683025209,1,109.80671250710117,-96.76406678850391,89.68999882440265,1,p1a_catchup
tslax,2026-06-29T17:05:00Z,60,regular,0,16.057048328699253,29.60369931559903,13.546650986899778,46.68453653089877,30.33902624422732,13.546650986899778,3.385100542701025,1,95.758909707504,-78.8271581779032,67.69451124940318,1,p1a_catchup
tslax,2026-06-29T17:25:00Z,5,regular,0,0.45890912230284187,12.146401992003675,11.687492869700833,67.19612656530316,21.923117321671196,11.687492869700833,6.633133230993238,1,20.19798924660421,-15.143629607896614,16.867295129401327,1,p1a_catchup
tslax,2026-06-29T17:25:00Z,15,regular,0,0.45890912230284187,12.146401992003675,11.687492869700833,67.19612656530316,21.923117321671196,11.687492869700833,1.0632916090003164,1,21.756648358604025,-9.005863879902876,6.849582488497319,1,p1a_catchup
tslax,2026-06-29T17:25:00Z,30,regular,0,0.45890912230284187,12.146401992003675,11.687492869700833,67.19612656530316,21.923117321671196,11.687492869700833,0.6983147205019691,1,16.64114277110329,-5.651964621904426,3.424155000892881,1,p1a_catchup
tslax,2026-06-29T17:25:00Z,60,regular,0,0.45890912230284187,12.146401992003675,11.687492869700833,67.19612656530316,21.923117321671196,11.687492869700833,0.48071627229973046,1,7.355558990598254,3.851217606802848,5.1357929203010855,1,p1a_catchup
tslax,2026-06-29T19:50:00Z,5,regular,1,30.065752923098543,14.466116210396507,-15.599636712702036,-58.34345281130027,25.413730785182274,15.599636712702036,5.907330853593962,1,-18.60369696710329,40.11066453339929,-12.149784013502085,0,xstock_reversion
tslax,2026-06-29T19:50:00Z,15,regular,1,30.065752923098543,14.466116210396507,-15.599636712702036,-58.34345281130027,25.413730785182274,15.599636712702036,2.3155330274970964,1,-23.207612364402053,41.122782104601185,-11.178344339102253,0,xstock_reversion
tslax,2026-06-29T19:50:00Z,30,regular,1,30.065752923098543,14.466116210396507,-15.599636712702036,-58.34345281130027,25.413730785182274,15.599636712702036,0.21873174450348642,1,-19.548234286803634,34.929139255002184,-1.580306947506216,0,xstock_reversion
tslax,2026-06-29T19:50:00Z,60,regular,1,30.065752923098543,14.466116210396507,-15.599636712702036,-58.34345281130027,25.413730785182274,15.599636712702036,2.0071861826043147,1,-7.109318077800353,24.716140973106704,4.630521444397573,0,xstock_reversion
tslax,2026-06-29T20:30:00Z,5,afterhours,0,0.8538657399981275,12.32674677660306,-11.472881036604932,-22.267282050902892,8.335465913901743,11.472881036604932,7.234013578791831,1,-4.609161821900187,23.31605643729695,-14.608850690498443,0,xstock_reversion
tslax,2026-06-29T20:30:00Z,15,afterhours,0,0.8538657399981275,12.32674677660306,-11.472881036604932,-22.267282050902892,8.335465913901743,11.472881036604932,5.519204138204614,1,0.3584705144010769,5.5952063839992405,-13.676956463894996,0,xstock_reversion
tslax,2026-06-29T20:30:00Z,30,afterhours,0,0.8538657399981275,12.32674677660306,-11.472881036604932,-22.267282050902892,8.335465913901743,11.472881036604932,0.2725316483953577,1,-1.7669961498967268,13.512408834897016,-15.09544501689497,0,xstock_reversion
tslax,2026-06-29T20:30:00Z,60,afterhours,0,0.8538657399981275,12.32674677660306,-11.472881036604932,-22.267282050902892,8.335465913901743,11.472881036604932,0.2558577560929365,1,-1.7834267331995335,13.512165525897402,-14.608850690498443,0,xstock_reversion
tslax,2026-06-29T22:50:00Z,5,afterhours,1,28.874989345002433,12.200523746503933,-16.6744655984985,-31.807785029105418,11.118265555901505,16.6744655984985,1.2408932621976732,1,-2.3869056793035526,20.302264539999726,7.579740451202355,0,xstock_reversion
tslax,2026-06-29T22:50:00Z,15,afterhours,1,28.874989345002433,12.200523746503933,-16.6744655984985,-31.807785029105418,11.118265555901505,16.6744655984985,0.4346647565078854,1,-4.064429076899856,21.17355943190624,8.068953307800442,0,xstock_reversion
tslax,2026-06-29T22:50:00Z,30,afterhours,1,28.874989345002433,12.200523746503933,-16.6744655984985,-31.807785029105418,11.118265555901505,16.6744655984985,2.005371291105007,1,-0.1562185859071974,14.82531289330069,14.6977000678028,0,xstock_reversion
tslax,2026-06-29T22:50:00Z,60,afterhours,1,28.874989345002433,12.200523746503933,-16.6744655984985,-31.807785029105418,11.118265555901505,16.6744655984985,0.5734040518046157,1,-10.575172133604482,26.676233680298367,3.42239717819659,0,xstock_reversion
tslax,2026-06-30T08:35:00Z,5,premarket,0,1.2239796371016354,11.701454144503742,-12.925433781605378,-26.554631388107097,9.848506303835999,12.925433781605378,10.105210036801537,1,11.89214336990041,-9.07191962509657,9.070073059795902,1,p1a_catchup
tslax,2026-06-30T08:35:00Z,15,premarket,0,1.2239796371016354,11.701454144503742,-12.925433781605378,-26.554631388107097,9.848506303835999,12.925433781605378,5.8850214503980425,1,12.364375292097662,6.446079939905758,3.430952122798203,1,p1a_catchup
tslax,2026-06-30T08:35:00Z,30,premarket,0,1.2239796371016354,11.701454144503742,-12.925433781605378,-26.554631388107097,9.848506303835999,12.925433781605378,2.622491018495765,1,13.340924949201138,-3.0379821860915257,1.7153289184967946,1,p1a_catchup
tslax,2026-06-30T08:35:00Z,60,premarket,0,1.2239796371016354,11.701454144503742,-12.925433781605378,-26.554631388107097,9.848506303835999,12.925433781605378,1.0072047369025228,1,11.795334233299926,0.12289481140292935,0.24502897459477424,1,p1a_catchup
tslax,2026-06-30T12:00:00Z,5,premarket,0,2.7001851516050834,8.78013915639464,-11.480324307999723,-35.32731058910166,9.655803425343585,11.480324307999723,3.84324577339612,1,5.057658750198257,2.5794197844053457,0.49142464019880094,1,p1a_catchup
tslax,2026-06-30T12:00:00Z,15,premarket,0,2.7001851516050834,8.78013915639464,-11.480324307999723,-35.32731058910166,9.655803425343585,11.480324307999723,4.0936441201999685,1,17.9389075253944,-10.552227337594644,12.78735610379833,1,p1a_catchup
tslax,2026-06-30T12:00:00Z,30,premarket,0,2.7001851516050834,8.78013915639464,-11.480324307999723,-35.32731058910166,9.655803425343585,11.480324307999723,2.382859353300404,1,32.19187519519551,-18.32869153389538,20.90687367609867,1,p1a_catchup
tslax,2026-06-30T12:00:00Z,60,premarket,0,2.7001851516050834,8.78013915639464,-11.480324307999723,-35.32731058910166,9.655803425343585,11.480324307999723,1.8457060386989355,1,60.874734686695575,-47.54870433999692,51.16385900460152,1,p1a_catchup
tslax,2026-06-30T12:45:00Z,5,premarket,1,12.054110652197636,0.7533394517000858,-11.30077120049755,-29.675717207098273,11.879652443188666,11.30077120049755,3.617820925301274,1,3.6470748279970877,4.035875447199189,7.155635367901425,1,xstock_reversion
tslax,2026-06-30T12:45:00Z,15,premarket,1,12.054110652197636,0.7533394517000858,-11.30077120049755,-29.675717207098273,11.879652443188666,11.30077120049755,1.8457060386989355,1,12.690772838199749,0.45570440099673704,12.513375764200418,1,p1a_catchup
tslax,2026-06-30T12:45:00Z,30,premarket,1,12.054110652197636,0.7533394517000858,-11.30077120049755,-29.675717207098273,11.879652443188666,11.30077120049755,3.1834948589981593,1,-9.978433267301412,24.46269932679712,-11.832570527099406,0,xstock_reversion
tslax,2026-06-30T12:45:00Z,60,premarket,1,12.054110652197636,0.7533394517000858,-11.30077120049755,-29.675717207098273,11.879652443188666,11.30077120049755,7.4670871774973335,1,-126.09036604939838,144.85822442739328,-127.68998932719988,0,xstock_reversion
tslax,2026-06-30T13:10:00Z,5,premarket,0,4.313507235194081,12.069192994399458,16.38270022959354,44.4004902375017,18.731414995298163,16.38270022959354,3.1834948589981593,1,4.781855607998153,8.417349762597226,-4.6798606749032245,0,xstock_reversion
tslax,2026-06-30T13:10:00Z,15,premarket,0,4.313507235194081,12.069192994399458,16.38270022959354,44.4004902375017,18.731414995298163,16.38270022959354,0.7745175250040148,1,3.9095955047940834,11.69858719979544,-4.6798606749032245,0,xstock_reversion
tslax,2026-06-30T13:10:00Z,30,premarket,0,4.313507235194081,12.069192994399458,16.38270022959354,44.4004902375017,18.731414995298163,16.38270022959354,6.895859828901507,1,102.79723772719684,-79.5186776687018,76.90317118079548,1,p1a_catchup
tslax,2026-06-30T13:10:00Z,60,premarket,0,4.313507235194081,12.069192994399458,16.38270022959354,44.4004902375017,18.731414995298163,16.38270022959354,14.192896317997139,1,232.2488472144979,-230.0590433029015,237.49808402359741,1,p1a_catchup
tslax,2026-06-30T13:30:00Z,5,regular,0,0.793375492804671,26.07161001590086,25.278234523096188,86.68719761649513,37.9673590605081,25.278234523096188,16.017245416097836,1,48.02584452630043,-38.76485541930208,47.22038325960298,1,p1a_catchup
tslax,2026-06-30T13:30:00Z,15,regular,0,0.793375492804671,26.07161001590086,25.278234523096188,86.68719761649513,37.9673590605081,25.278234523096188,7.4670871774973335,1,51.519474829699874,-33.70832748410102,27.8008275433006,1,p1a_catchup
tslax,2026-06-30T13:30:00Z,30,regular,0,0.793375492804671,26.07161001590086,25.278234523096188,86.68719761649513,37.9673590605081,25.278234523096188,6.520066084201304,1,99.48071048720308,-80.7225420483082,86.07746577579789,1,p1a_catchup
tslax,2026-06-30T13:30:00Z,60,regular,0,0.793375492804671,26.07161001590086,25.278234523096188,86.68719761649513,37.9673590605081,25.278234523096188,1.885156955401257,1,159.60270142709732,-136.20962385940237,139.29974603150265,1,p1a_catchup
tslax,2026-06-30T13:35:00Z,5,regular,0,9.248903333105574,25.26614874920341,16.017245416097836,130.82831155979414,37.49537391908786,16.017245416097836,6.895859828901507,1,-14.602920359498839,37.51602560449818,-53.69394266070415,0,xstock_reversion
tslax,2026-06-30T13:35:00Z,15,regular,0,9.248903333105574,25.26614874920341,16.017245416097836,130.82831155979414,37.49537391908786,16.017245416097836,6.871994240498225,1,22.692340440197967,-13.547089264598355,2.231003127093345,1,p1a_catchup
tslax,2026-06-30T13:35:00Z,30,regular,0,9.248903333105574,25.26614874920341,16.017245416097836,130.82831155979414,37.49537391908786,16.017245416097836,7.060255981095054,1,72.90954248140302,-63.95255304640024,66.05778595349499,1,p1a_catchup
tslax,2026-06-30T13:35:00Z,60,regular,0,9.248903333105574,25.26614874920341,16.017245416097836,130.82831155979414,37.49537391908786,16.017245416097836,1.418361779998989,1,116.43100944110252,-101.83212580500367,94.14786138759901,1,p1a_catchup
tslax,2026-06-30T14:10:00Z,5,regular,0,3.125533485501819,17.318429803498958,14.192896317997139,93.7019859768018,14.561407933114168,14.192896317997139,3.2810809523020623,1,11.899707551599192,-0.9878921859041156,-7.457390980603051,1,p1a_catchup
tslax,2026-06-30T14:10:00Z,15,regular,0,3.125533485501819,17.318429803498958,14.192896317997139,93.7019859768018,14.561407933114168,14.192896317997139,1.9135128205061136,1,-9.062647855699879,25.16905699420313,-22.629890730296864,0,xstock_reversion
tslax,2026-06-30T14:10:00Z,30,regular,0,3.125533485501819,17.318429803498958,14.192896317997139,93.7019859768018,14.561407933114168,14.192896317997139,2.6249987798010466,1,-5.096190654700905,21.91408575249909,-23.83504396700431,0,xstock_reversion
tslax,2026-06-30T14:10:00Z,60,regular,0,3.125533485501819,17.318429803498958,14.192896317997139,93.7019859768018,14.561407933114168,14.192896317997139,2.1765539954987645,1,-40.25904268590175,56.62849299939765,-61.14604206140406,0,xstock_reversion
tslax,2026-06-30T15:20:00Z,5,regular,0,0.7216937769971565,18.909803171602846,18.18810939460569,58.89761448580444,40.622146091009704,18.18810939460569,1.8567236651012564,1,8.271266470103456,8.060119259400977,-8.18035317370125,1,p1a_catchup
tslax,2026-06-30T15:20:00Z,15,regular,0,0.7216937769971565,18.909803171602846,18.18810939460569,58.89761448580444,40.622146091009704,18.18810939460569,4.114414497502494,1,44.80395569300022,-30.730260795897024,40.08309997789894,1,p1a_catchup
tslax,2026-06-30T15:20:00Z,30,regular,0,0.7216937769971565,18.909803171602846,18.18810939460569,58.89761448580444,40.622146091009704,18.18810939460569,0.3237161392011245,1,53.75786785339898,-35.89347459799441,32.41493924170058,1,p1a_catchup
tslax,2026-06-30T15:20:00Z,60,regular,0,0.7216937769971565,18.909803171602846,18.18810939460569,58.89761448580444,40.622146091009704,18.18810939460569,1.4136720602930808,1,37.07813632030543,-20.303698985992824,20.18164156240232,1,p1a_catchup
tslax,2026-06-30T15:55:00Z,5,regular,1,6.1257662154989845,5.316269394697315,-11.4420356101963,-18.886402697804172,28.358697558623703,11.4420356101963,3.7435814596964434,1,-9.34515371250555,24.530770782398292,-18.404584373596933,0,xstock_reversion
tslax,2026-06-30T15:55:00Z,15,regular,1,6.1257662154989845,5.316269394697315,-11.4420356101963,-18.886402697804172,28.358697558623703,11.4420356101963,4.115131311905884,1,-8.556392866205798,15.883297164496213,-8.19708343720471,0,xstock_reversion
tslax,2026-06-30T15:55:00Z,30,regular,1,6.1257662154989845,5.316269394697315,-11.4420356101963,-18.886402697804172,28.358697558623703,11.4420356101963,2.416236467395194,1,-8.765052280699237,17.790851423500342,-17.56416248130499,0,xstock_reversion
tslax,2026-06-30T15:55:00Z,60,regular,1,6.1257662154989845,5.316269394697315,-11.4420356101963,-18.886402697804172,28.358697558623703,11.4420356101963,0.6583650413016784,1,-47.18579696350034,59.286197614998315,-53.27977027819841,0,xstock_reversion
tslax,2026-06-30T20:05:00Z,5,afterhours,0,2.7953225171994944,10.074478539499054,-12.869801056698549,-40.63865897509622,10.929124985794408,12.869801056698549,3.700186846895548,1,4.248774232902264,4.920839976900737,1.909809263596074,1,xstock_reversion
tslax,2026-06-30T20:05:00Z,15,afterhours,0,2.7953225171994944,10.074478539499054,-12.869801056698549,-40.63865897509622,10.929124985794408,12.869801056698549,3.278792898298022,1,15.106319294702075,-5.515311136301548,12.181287706800603,1,p1a_catchup
tslax,2026-06-30T20:05:00Z,30,afterhours,0,2.7953225171994944,10.074478539499054,-12.869801056698549,-40.63865897509622,10.929124985794408,12.869801056698549,2.2624959635031416,1,30.872590830997027,-20.26528573780162,24.616720723100727,1,p1a_catchup
tslax,2026-06-30T20:05:00Z,60,afterhours,0,2.7953225171994944,10.074478539499054,-12.869801056698549,-40.63865897509622,10.929124985794408,12.869801056698549,0.7841945700981512,1,35.47869044489893,-23.393083958298533,25.095315568695042,1,p1a_catchup
tslax,2026-07-01T08:00:00Z,5,premarket,1,22.300116269402537,4.849607465207129,-17.450508804195408,-40.27146492689759,16.411226976651225,17.450508804195408,3.942423646297044,1,-4.667663148705259,26.06059559919771,-0.4789272030958358,0,xstock_reversion
tslax,2026-07-01T08:00:00Z,15,premarket,1,22.300116269402537,4.849607465207129,-17.450508804195408,-40.27146492689759,16.411226976651225,17.450508804195408,9.961255125601198,1,-25.463905551204036,52.87566948100064,-28.9338907481973,0,xstock_reversion
tslax,2026-07-01T08:00:00Z,30,premarket,1,22.300116269402537,4.849607465207129,-17.450508804195408,-40.27146492689759,16.411226976651225,17.450508804195408,0.9499395997991655,1,-35.70134220760579,54.101790611600364,-31.321380314297542,0,xstock_reversion
tslax,2026-07-01T08:00:00Z,60,premarket,1,22.300116269402537,4.849607465207129,-17.450508804195408,-40.27146492689759,16.411226976651225,17.450508804195408,8.666577064895264,1,-20.969300992099704,29.753232731399848,-2.992918776492104,0,xstock_reversion
tslax,2026-07-01T11:05:00Z,5,premarket,0,0.11862904109705141,13.927097756099016,13.808468715001965,31.57950281059918,12.742123319336244,13.808468715001965,11.384662121294298,1,13.48975143230291,-11.065944838595243,16.168921156296534,1,p1a_catchup
tslax,2026-07-01T11:05:00Z,15,premarket,0,0.11862904109705141,13.927097756099016,13.808468715001965,31.57950281059918,12.742123319336244,13.808468715001965,1.4739470397007182,1,22.06556949809979,-6.783153743397108,3.8068047093009483,1,p1a_catchup
tslax,2026-07-01T11:05:00Z,30,premarket,0,0.11862904109705141,13.927097756099016,13.808468715001965,31.57950281059918,12.742123319336244,13.808468715001965,6.606202640400127,1,6.8421703860988,13.572500969303292,-15.241727170698383,0,xstock_reversion
tslax,2026-07-01T11:05:00Z,60,premarket,0,0.11862904109705141,13.927097756099016,13.808468715001965,31.57950281059918,12.742123319336244,13.808468715001965,4.9153114222999506,1,-26.470703809495788,45.1944839467977,-45.79505212749524,0,xstock_reversion
tslax,2026-07-01T11:10:00Z,5,premarket,0,5.221605358798342,16.60626748009264,11.384662121294298,41.09253555009573,9.760660029010882,11.384662121294298,6.5744874610018655,1,8.847885454095206,-4.037710793802773,2.375579058506716,1,p1a_catchup
tslax,2026-07-01T11:10:00Z,15,premarket,0,5.221605358798342,16.60626748009264,11.384662121294298,41.09253555009573,9.760660029010882,11.384662121294298,3.600026583896465,1,4.319058802293441,10.665629902897322,-12.124239262893965,0,xstock_reversion
tslax,2026-07-01T11:10:00Z,30,premarket,0,5.221605358798342,16.60626748009264,11.384662121294298,41.09253555009573,9.760660029010882,11.384662121294298,5.740279218802158,1,-13.589411586103495,30.71435292619995,-32.392630855193616,0,xstock_reversion
tslax,2026-07-01T11:10:00Z,60,premarket,0,5.221605358798342,16.60626748009264,11.384662121294298,41.09253555009573,9.760660029010882,11.384662121294298,4.077140133595947,1,-36.41213146900135,43.7196534566997,-51.211926372491945,0,xstock_reversion
tslax,2026-07-01T12:20:00Z,5,premarket,0,1.1085266007970773,11.148537166603134,12.257063767400211,38.88703271309524,10.952454383284877,12.257063767400211,2.890126381096536,1,4.3648537157015,5.002083670602175,-2.9415845586999723,1,xstock_reversion
tslax,2026-07-01T12:20:00Z,15,premarket,0,1.1085266007970773,11.148537166603134,12.257063767400211,38.88703271309524,10.952454383284877,12.257063767400211,6.751853804898289,1,-18.3238045219003,37.3327220941988,-40.65135978810197,0,xstock_reversion
tslax,2026-07-01T12:20:00Z,30,premarket,0,1.1085266007970773,11.148537166603134,12.257063767400211,38.88703271309524,10.952454383284877,12.257063767400211,8.387654535502165,1,-7.838669212798521,11.708078444696568,-12.951833982404182,0,xstock_reversion
tslax,2026-07-01T12:20:00Z,60,premarket,0,1.1085266007970773,11.148537166603134,12.257063767400211,38.88703271309524,10.952454383284877,12.257063767400211,5.8387724088948545,1,4.6339914249049485,1.7842999336004084,-1.2741834377028027,1,p1a_catchup
tslax,2026-07-01T12:30:00Z,5,premarket,0,3.8751465735042956,17.444810673898914,-13.569664100394618,-14.15756635299914,17.779610352643232,13.569664100394618,6.751853804898289,1,9.134821427796425,-2.3170111323000953,2.8690288534960473,1,p1a_catchup
tslax,2026-07-01T12:30:00Z,15,premarket,0,3.8751465735042956,17.444810673898914,-13.569664100394618,-14.15756635299914,17.779610352643232,13.569664100394618,2.8764462159980297,1,8.014933825597481,8.431176490795167,-15.048911794206532,0,xstock_reversion
tslax,2026-07-01T12:30:00Z,30,premarket,0,3.8751465735042956,17.444810673898914,-13.569664100394618,-14.15756635299914,17.779610352643232,13.569664100394618,2.4534827088018574,1,-2.9056962628004612,18.928843071996937,-23.39964296840691,0,xstock_reversion
tslax,2026-07-01T12:30:00Z,60,premarket,0,3.8751465735042956,17.444810673898914,-13.569664100394618,-14.15756635299914,17.779610352643232,13.569664100394618,14.104301388400131,0,-72.9972129576062,100.67117844640094,-121.29712897309908,0,persistent_or_wider
tslax,2026-07-01T13:25:00Z,5,premarket,0,0.9265856003004558,18.389031647201293,19.31561724750175,53.881012788794536,13.764875509782641,19.31561724750175,14.104301388400131,1,38.558371234005406,-33.34705537490379,51.02444492839808,1,p1a_catchup
tslax,2026-07-01T13:25:00Z,15,premarket,0,0.9265856003004558,18.389031647201293,19.31561724750175,53.881012788794536,13.764875509782641,19.31561724750175,3.381336554495462,1,0.8750008685076693,15.059279824498617,-21.624712869501295,0,xstock_reversion
tslax,2026-07-01T13:25:00Z,30,premarket,0,0.9265856003004558,18.389031647201293,19.31561724750175,53.881012788794536,13.764875509782641,19.31561724750175,2.1895721856957095,1,56.123517909201226,-34.61832847600377,33.414332884804665,1,p1a_catchup
tslax,2026-07-01T13:25:00Z,60,premarket,0,0.9265856003004558,18.389031647201293,19.31561724750175,53.881012788794536,13.764875509782641,19.31561724750175,6.214807098894326,1,139.99306579490778,-126.89225564630036,136.97391025750073,1,p1a_catchup
tslax,2026-07-01T13:30:00Z,5,regular,0,16.750803953193838,30.85510534159397,14.104301388400131,73.99326698630304,16.725153148216535,14.104301388400131,17.70324140660584,0,-43.150887478997646,74.95843027400362,-96.43324787219854,0,persistent_or_wider
tslax,2026-07-01T13:30:00Z,15,regular,0,16.750803953193838,30.85510534159397,14.104301388400131,73.99326698630304,16.725153148216535,14.104301388400131,16.773238225198384,0,7.513763823396857,-10.18270066019511,-4.370087412297607,1,persistent_or_wider
tslax,2026-07-01T13:30:00Z,30,regular,0,16.750803953193838,30.85510534159397,14.104301388400131,73.99326698630304,16.725153148216535,14.104301388400131,6.088209925598775,1,33.493260114099144,-25.477168651297788,7.908544590806699,1,p1a_catchup
tslax,2026-07-01T13:30:00Z,60,regular,0,16.750803953193838,30.85510534159397,14.104301388400131,73.99326698630304,16.725153148216535,14.104301388400131,4.488644617497428,1,91.74776178019428,-73.15481577429672,57.92953996650141,1,p1a_catchup
tslax,2026-07-01T13:35:00Z,5,regular,0,4.7240136450010795,22.42725505160692,-17.70324140660584,-7.5186628559009705,40.229834010774454,17.70324140660584,3.381336554495462,1,-5.467517113499909,26.552095074601212,-23.784090074299158,0,xstock_reversion
tslax,2026-07-01T13:35:00Z,15,regular,0,4.7240136450010795,22.42725505160692,-17.70324140660584,-7.5186628559009705,40.229834010774454,17.70324140660584,4.379344212797065,1,-65.84811113079958,87.93069675020249,-93.36257513449908,0,xstock_reversion
tslax,2026-07-01T13:35:00Z,30,regular,0,4.7240136450010795,22.42725505160692,-17.70324140660584,-7.5186628559009705,40.229834010774454,17.70324140660584,18.738005404195235,0,-128.80036206969868,165.24160888049977,-173.01239767310682,0,persistent_or_wider
tslax,2026-07-01T13:35:00Z,60,regular,0,4.7240136450010795,22.42725505160692,-17.70324140660584,-7.5186628559009705,40.229834010774454,17.70324140660584,6.286461910001151,1,-151.59819595309543,175.5878992697024,-191.6272914469008,0,xstock_reversion
tslax,2026-07-01T13:45:00Z,5,regular,0,2.1980158807011208,18.971254105899504,16.773238225198384,10.18270066019511,46.6750690697027,16.773238225198384,4.379344212797065,1,15.183459828405077,-2.7895658160037584,1.2994146745981539,1,p1a_catchup
tslax,2026-07-01T13:45:00Z,15,regular,0,2.1980158807011208,18.971254105899504,16.773238225198384,10.18270066019511,46.6750690697027,16.773238225198384,6.088209925598775,1,25.979496290702286,-15.294467991102678,12.278632003104306,1,p1a_catchup
tslax,2026-07-01T13:45:00Z,30,regular,0,2.1980158807011208,18.971254105899504,16.773238225198384,10.18270066019511,46.6750690697027,16.773238225198384,2.2702707772026542,1,95.57241287580176,-81.06944542780603,84.4641345558017,1,p1a_catchup
tslax,2026-07-01T13:45:00Z,60,regular,0,2.1980158807011208,18.971254105899504,16.773238225198384,10.18270066019511,46.6750690697027,16.773238225198384,10.253354340994392,1,131.88719240740278,-125.36730852319877,130.86196452079867,1,p1a_catchup
tslax,2026-07-01T14:05:00Z,5,regular,0,3.0467751476059846,21.78478055180122,18.738005404195235,77.31091213029728,30.05771078224289,18.738005404195235,2.619266213406135,1,10.842761084592922,5.2759781061961775,-8.675366023203068,1,p1a_catchup
tslax,2026-07-01T14:05:00Z,15,regular,0,3.0467751476059846,21.78478055180122,18.738005404195235,77.31091213029728,30.05771078224289,18.738005404195235,8.341249714503007,1,-4.057772655103875,31.137027773802117,-9.01784567440167,1,xstock_reversion
tslax,2026-07-01T14:05:00Z,30,regular,0,3.0467751476059846,21.78478055180122,18.738005404195235,77.31091213029728,30.05771078224289,18.738005404195235,6.286461910001151,1,22.797833883396734,-10.34629038920265,18.614893773793995,1,p1a_catchup
tslax,2026-07-01T14:05:00Z,60,regular,0,3.0467751476059846,21.78478055180122,18.738005404195235,77.31091213029728,30.05771078224289,18.738005404195235,10.330806301093176,1,65.89399628380121,-57.486797180699156,63.31279106959187,1,p1a_catchup
tslax,2026-07-01T15:20:00Z,5,regular,0,3.160138500497567,17.160777122997573,14.000638622500006,66.27319240540608,32.01486570759242,14.000638622500006,2.8993997964033014,1,10.82883032519355,0.27240850090315405,-4.012394718300172,1,p1a_catchup
tslax,2026-07-01T15:20:00Z,15,regular,0,3.160138500497567,17.160777122997573,14.000638622500006,66.27319240540608,32.01486570759242,14.000638622500006,7.652835886799991,1,-18.578843059504635,40.23231756880463,-41.714362175504505,0,xstock_reversion
tslax,2026-07-01T15:20:00Z,30,regular,0,3.160138500497567,17.160777122997573,14.000638622500006,66.27319240540608,32.01486570759242,14.000638622500006,2.8013175178021044,1,-53.06536324040323,69.86731938070534,-73.84402591240402,0,xstock_reversion
tslax,2026-07-01T15:20:00Z,60,regular,0,3.160138500497567,17.160777122997573,14.000638622500006,66.27319240540608,32.01486570759242,14.000638622500006,0.3641303262025275,1,-75.48631699650699,89.12282529280446,-91.66223222059955,0,xstock_reversion
tslax,2026-07-01T20:45:00Z,5,afterhours,1,25.65295254949973,10.130804234300683,-15.522148315199047,-30.71613008540197,12.95380341120481,15.522148315199047,6.795241135399976,1,-6.750452603503376,29.0678420541024,-3.4137125633026955,0,xstock_reversion
tslax,2026-07-01T20:45:00Z,15,afterhours,1,25.65295254949973,10.130804234300683,-15.522148315199047,-30.71613008540197,12.95380341120481,15.522148315199047,3.5218293918948262,1,-20.95558080720039,32.95589973050461,-3.8844780280022917,0,xstock_reversion
tslax,2026-07-01T20:45:00Z,30,afterhours,1,25.65295254949973,10.130804234300683,-15.522148315199047,-30.71613008540197,12.95380341120481,15.522148315199047,0.1370014614998638,1,-16.23295236059974,31.89210213729865,-5.60023055860448,0,xstock_reversion
tslax,2026-07-01T20:45:00Z,60,afterhours,1,25.65295254949973,10.130804234300683,-15.522148315199047,-30.71613008540197,12.95380341120481,15.522148315199047,3.804823002999669,1,-7.4607339923993266,19.178059304598705,7.420014355998816,0,xstock_reversion
tslax,2026-07-01T20:55:00Z,5,afterhours,1,33.26633600369888,11.88486336750394,21.381472636194943,32.267311510292274,23.124623695342052,21.381472636194943,3.5218293918948262,1,-4.2384083145030615,29.14171034259283,0.7061565081034615,0,xstock_reversion
tslax,2026-07-01T20:55:00Z,15,afterhours,1,33.26633600369888,11.88486336750394,21.381472636194943,32.267311510292274,23.124623695342052,21.381472636194943,0.6220496499942385,1,-9.025292769804238,31.02881505599342,2.419555670298834,0,xstock_reversion
tslax,2026-07-01T20:55:00Z,30,afterhours,1,33.26633600369888,11.88486336750394,21.381472636194943,32.267311510292274,23.124623695342052,21.381472636194943,3.23873608170544,1,-11.82291825959858,36.44312697749896,-2.7921604039971015,0,xstock_reversion
tslax,2026-07-01T20:55:00Z,60,afterhours,1,33.26633600369888,11.88486336750394,21.381472636194943,32.267311510292274,23.124623695342052,21.381472636194943,1.282198696905823,1,-21.989263477699694,44.65293481080046,-14.605076681597495,0,xstock_reversion
tslax,2026-07-02T09:25:00Z,5,premarket,0,11.805732590994822,38.17272049910336,26.36698790810854,53.608289649504925,20.402971608419747,26.36698790810854,13.451481619100036,1,18.621167027905727,-5.7056607388972225,6.782912000300456,1,p1a_catchup
tslax,2026-07-02T09:25:00Z,15,premarket,0,11.805732590994822,38.17272049910336,26.36698790810854,53.608289649504925,20.402971608419747,26.36698790810854,18.242264549392928,1,56.652488358208686,-48.52776499949307,42.02667871489929,1,p1a_catchup
tslax,2026-07-02T09:25:00Z,30,premarket,0,11.805732590994822,38.17272049910336,26.36698790810854,53.608289649504925,20.402971608419747,26.36698790810854,7.95650564570316,1,69.85130101380577,-35.527807459994065,21.735836447103196,1,p1a_catchup
tslax,2026-07-02T09:25:00Z,60,premarket,0,11.805732590994822,38.17272049910336,26.36698790810854,53.608289649504925,20.402971608419747,26.36698790810854,14.709575561200339,1,42.95790856960302,-31.300496222694818,21.735836447103196,1,p1a_catchup
tslax,2026-07-02T09:30:00Z,5,premarket,0,12.882983852398056,26.334465471498092,13.451481619100036,57.43876985750518,19.72394448344872,13.451481619100036,13.881037478498115,0,17.603028919301877,-18.032584778699956,3.9740518318964746,1,persistent_or_wider
tslax,2026-07-02T09:30:00Z,15,premarket,0,12.882983852398056,26.334465471498092,13.451481619100036,57.43876985750518,19.72394448344872,13.451481619100036,18.131016067304273,0,59.683694974594914,-64.36322942279915,53.209910566298646,1,persistent_or_wider
tslax,2026-07-02T09:30:00Z,30,premarket,0,12.882983852398056,26.334465471498092,13.451481619100036,57.43876985750518,19.72394448344872,13.451481619100036,16.868025267200437,0,32.5637816616009,-2.2442747753004255,-5.145236092696237,1,persistent_or_wider
tslax,2026-07-02T09:30:00Z,60,premarket,0,12.882983852398056,26.334465471498092,13.451481619100036,57.43876985750518,19.72394448344872,13.451481619100036,15.448959285304653,0,42.40164439609728,-44.3991220623019,30.582848429396847,1,persistent_or_wider
tslax,2026-07-02T09:35:00Z,5,premarket,0,1.1755490944054259,12.705488384092689,13.881037478498115,74.8953733734048,18.939550424980407,13.881037478498115,18.242264549392928,0,20.42829241100108,-24.789519481895894,31.26971488270236,1,persistent_or_wider
tslax,2026-07-02T09:35:00Z,15,premarket,0,1.1755490944054259,12.705488384092689,13.881037478498115,74.8953733734048,18.939550424980407,13.881037478498115,2.5652225309968912,1,41.881838514594705,-25.4355785050997,28.939527292104472,1,p1a_catchup
tslax,2026-07-02T09:35:00Z,30,premarket,0,1.1755490944054259,12.705488384092689,13.881037478498115,74.8953733734048,18.939550424980407,13.881037478498115,7.142935585404686,1,6.171403519399377,14.852569544503424,-15.437516222798209,0,xstock_reversion
tslax,2026-07-02T09:35:00Z,60,premarket,0,1.1755490944054259,12.705488384092689,13.881037478498115,74.8953733734048,18.939550424980407,13.881037478498115,1.6728853900982443,1,28.320973507396374,-16.112821418996504,11.912688420405715,1,p1a_catchup
tslax,2026-07-02T09:40:00Z,5,premarket,0,5.30464630640104,23.546910855793968,18.242264549392928,48.52776499949307,19.25886703882226,18.242264549392928,18.131016067304273,1,21.652373644291956,-21.5411251622033,17.96614385169981,1,p1a_catchup
tslax,2026-07-02T09:40:00Z,15,premarket,0,5.30464630640104,23.546910855793968,18.242264549392928,48.52776499949307,19.25886703882226,18.242264549392928,7.95650564570316,1,13.19881265559708,12.999957539499007,-20.290842267796094,0,p1a_catchup
tslax,2026-07-02T09:40:00Z,30,premarket,0,5.30464630640104,23.546910855793968,18.242264549392928,48.52776499949307,19.25886703882226,18.242264549392928,2.685602368099893,1,-18.13299770370591,39.06086462119873,-43.8986367884997,0,xstock_reversion
tslax,2026-07-02T09:40:00Z,60,premarket,0,5.30464630640104,23.546910855793968,18.242264549392928,48.52776499949307,19.25886703882226,18.242264549392928,5.1391780408049925,1,2.122413697396297,21.259028892801624,-27.99815174739706,0,xstock_reversion
tslax,2026-07-02T09:45:00Z,5,premarket,0,1.7296649958975507,19.860681063201824,18.131016067304273,64.36322942279915,17.782189635078133,18.131016067304273,2.5652225309968912,1,-0.19882754069833197,20.895066138999496,-20.2963314422977,0,xstock_reversion
tslax,2026-07-02T09:45:00Z,15,premarket,0,1.7296649958975507,19.860681063201824,18.131016067304273,64.36322942279915,17.782189635078133,18.131016067304273,16.868025267200437,1,-27.119913312994015,62.118954647498725,-58.35514665899488,0,xstock_reversion
tslax,2026-07-02T09:45:00Z,30,premarket,0,1.7296649958975507,19.860681063201824,18.131016067304273,64.36322942279915,17.782189635078133,18.131016067304273,24.703709736497714,0,-65.59825948549758,108.43298528929957,-81.30705143699402,0,persistent_or_wider
tslax,2026-07-02T09:45:00Z,60,premarket,0,1.7296649958975507,19.860681063201824,18.131016067304273,64.36322942279915,17.782189635078133,18.131016067304273,3.115247943696886,1,-23.562473850695653,44.80873786169681,-43.628119908101226,0,xstock_reversion
tslax,2026-07-02T10:00:00Z,5,premarket,0,5.493472984401393,11.374552282799044,-16.868025267200437,-62.118954647498725,23.60606523626911,16.868025267200437,7.142935585404686,1,8.789349222899645,0.935740458896106,6.318228298205497,1,p1a_catchup
tslax,2026-07-02T10:00:00Z,15,premarket,0,5.493472984401393,11.374552282799044,-16.868025267200437,-62.118954647498725,23.60606523626911,16.868025267200437,24.703709736497714,0,38.478346172503564,-46.31403064180084,22.951904777999133,1,persistent_or_wider
tslax,2026-07-02T10:00:00Z,30,premarket,0,5.493472984401393,11.374552282799044,-16.868025267200437,-62.118954647498725,23.60606523626911,16.868025267200437,15.448959285304653,1,-9.837862734496383,42.15484728700147,-35.728084522093084,0,xstock_reversion
tslax,2026-07-02T10:00:00Z,60,premarket,0,5.493472984401393,11.374552282799044,-16.868025267200437,-62.118954647498725,23.60606523626911,16.868025267200437,8.901130296292692,1,-1.5268383058941737,9.493733276801919,-0.7017790099972387,1,xstock_reversion
tslax,2026-07-02T10:15:00Z,5,premarket,1,28.8555988482031,4.151889111705387,-24.703709736497714,-46.31403064180084,18.50813564184157,24.703709736497714,13.433405171099366,1,-14.40035800640338,52.53747291400046,-15.463195996199275,0,xstock_reversion
tslax,2026-07-02T10:15:00Z,15,premarket,1,28.8555988482031,4.151889111705387,-24.703709736497714,-46.31403064180084,18.50813564184157,24.703709736497714,15.448959285304653,1,-48.31620890699995,88.46887792880231,-58.67998930009222,0,xstock_reversion
tslax,2026-07-02T10:15:00Z,30,premarket,1,28.8555988482031,4.151889111705387,-24.703709736497714,-46.31403064180084,18.50813564184157,24.703709736497714,3.115247943696886,1,-42.035785634801925,63.624247427602754,-37.67893152889279,0,xstock_reversion
tslax,2026-07-02T10:15:00Z,60,premarket,1,28.8555988482031,4.151889111705387,-24.703709736497714,-46.31403064180084,18.50813564184157,24.703709736497714,3.638580334603958,1,-31.211635911301272,52.27676531319503,-24.804494760193307,0,xstock_reversion
tslax,2026-07-02T10:20:00Z,5,premarket,1,8.218678069598084,5.214727101501282,13.433405171099366,5.287701813303514,34.03464276171685,13.433405171099366,14.709575561200339,0,15.850948046196578,-17.12711843629755,27.586869321298835,1,persistent_or_wider
tslax,2026-07-02T10:20:00Z,15,premarket,1,8.218678069598084,5.214727101501282,13.433405171099366,5.287701813303514,34.03464276171685,13.433405171099366,1.6728853900982443,1,37.438208931197536,-25.677689150196414,28.520685126798284,1,p1a_catchup
tslax,2026-07-02T10:20:00Z,30,premarket,1,8.218678069598084,5.214727101501282,13.433405171099366,5.287701813303514,34.03464276171685,13.433405171099366,1.6370440411073162,1,29.302496836294267,-17.506135706302217,25.952481804401017,1,p1a_catchup
tslax,2026-07-02T10:20:00Z,60,premarket,1,8.218678069598084,5.214727101501282,13.433405171099366,5.287701813303514,34.03464276171685,13.433405171099366,0.3284676351977822,1,16.19314613759748,-2.431273331300332,9.210318828296593,1,p1a_catchup
tslax,2026-07-02T10:25:00Z,5,premarket,0,2.2410728154032,16.95064837660354,14.709575561200339,21.833595844400477,34.92879176333,14.709575561200339,15.448959285304653,0,18.06490285439999,-18.804286578504303,15.629923982594107,1,persistent_or_wider
tslax,2026-07-02T10:25:00Z,15,premarket,0,2.2410728154032,16.95064837660354,14.709575561200339,21.833595844400477,34.92879176333,14.709575561200339,5.1391780408049925,1,15.816993486001962,4.031760116003369,-7.707309479600966,1,p1a_catchup
tslax,2026-07-02T10:25:00Z,30,premarket,0,2.2410728154032,16.95064837660354,14.709575561200339,21.833595844400477,34.92879176333,14.709575561200339,4.706779599601418,1,18.547767051702024,-8.544971090103104,4.901560428196561,1,p1a_catchup
tslax,2026-07-02T10:25:00Z,60,premarket,0,2.2410728154032,16.95064837660354,14.709575561200339,21.833595844400477,34.92879176333,14.709575561200339,1.2622656077976302,1,-1.1811283640028591,17.152969533000828,-19.39638152950174,0,xstock_reversion
tslax,2026-07-02T10:30:00Z,5,premarket,0,0.9332897805069962,14.515669504797657,15.448959285304653,88.46887792880231,32.86326564615639,15.448959285304653,1.6728853900982443,1,3.5223580306009694,10.25371586460544,-14.696108177094658,0,xstock_reversion
tslax,2026-07-02T10:30:00Z,15,premarket,0,0.9332897805069962,14.515669504797657,15.448959285304653,88.46887792880231,32.86326564615639,15.448959285304653,3.115247943696886,1,-6.280423272198021,24.84463050119956,-21.001057771199427,0,xstock_reversion
tslax,2026-07-02T10:30:00Z,30,premarket,0,0.9332897805069962,14.515669504797657,15.448959285304653,88.46887792880231,32.86326564615639,15.448959285304653,8.901130296292692,1,-8.31102442860221,32.661114010199555,-35.026305512095846,0,xstock_reversion
tslax,2026-07-02T10:30:00Z,60,premarket,0,0.9332897805069962,14.515669504797657,15.448959285304653,88.46887792880231,32.86326564615639,15.448959285304653,5.0750588254011575,1,-24.64885576490161,45.17287387560742,-51.17969596829752,0,xstock_reversion
tslax,2026-07-02T12:25:00Z,5,premarket,0,2.0741528520051844,13.419341592300071,15.493494444305256,28.06773926970152,13.418415183145475,15.493494444305256,19.790489272102363,0,22.117028558596985,-26.414023386394092,34.86753881180249,1,persistent_or_wider
tslax,2026-07-02T12:25:00Z,15,premarket,0,2.0741528520051844,13.419341592300071,15.493494444305256,28.06773926970152,13.418415183145475,15.493494444305256,2.3413545862016605,1,35.838508897203525,-18.00365986669661,19.22240262819841,1,p1a_catchup
tslax,2026-07-02T12:25:00Z,30,premarket,0,2.0741528520051844,13.419341592300071,15.493494444305256,28.06773926970152,13.418415183145475,15.493494444305256,2.4089578741026685,1,23.282267695901027,-5.379815377493102,9.077262083403426,1,p1a_catchup
tslax,2026-07-02T12:25:00Z,60,premarket,0,2.0741528520051844,13.419341592300071,15.493494444305256,28.06773926970152,13.418415183145475,15.493494444305256,17.467741111003576,0,-1.4140688608943464,34.37530441620318,-29.149440566502705,0,persistent_or_wider
tslax,2026-07-02T12:30:00Z,5,premarket,0,6.379362573403213,26.169851845505576,19.790489272102363,55.76903847579473,14.824435479716524,19.790489272102363,11.278664242500014,1,14.892347830306463,-6.380522800704114,-1.160294716200383,1,p1a_catchup
tslax,2026-07-02T12:30:00Z,15,premarket,0,6.379362573403213,26.169851845505576,19.790489272102363,55.76903847579473,14.824435479716524,19.790489272102363,1.5890535786056148,1,11.683855461805948,9.69568738890203,-16.256390017597155,1,p1a_catchup
tslax,2026-07-02T12:30:00Z,30,premarket,0,6.379362573403213,26.169851845505576,19.790489272102363,55.76903847579473,14.824435479716524,19.790489272102363,3.5490880167987626,1,4.737264877503478,11.504136377800123,-29.513284962101594,0,xstock_reversion
tslax,2026-07-02T12:30:00Z,60,premarket,0,6.379362573403213,26.169851845505576,19.790489272102363,55.76903847579473,14.824435479716524,19.790489272102363,19.297859083895474,1,-74.9481819690967,114.03653032509453,-131.62003234040043,0,xstock_reversion
tslax,2026-07-02T12:35:00Z,5,premarket,0,1.1614549435012833,10.11720929899873,11.278664242500014,63.195543827401224,13.60445331102362,11.278664242500014,2.3413545862016605,1,-1.1708674916999229,14.790886320401597,-14.484841467403697,0,xstock_reversion
tslax,2026-07-02T12:35:00Z,15,premarket,0,1.1614549435012833,10.11720929899873,11.278664242500014,63.195543827401224,13.60445331102362,11.278664242500014,6.82215657040075,1,-10.47994984940459,28.580770662305355,-26.72400358830096,0,xstock_reversion
tslax,2026-07-02T12:35:00Z,30,premarket,0,1.1614549435012833,10.11720929899873,11.278664242500014,63.195543827401224,13.60445331102362,11.278664242500014,7.355032189595434,1,-3.549504273800963,7.473136326705543,-23.466826136404606,0,xstock_reversion
tslax,2026-07-02T12:35:00Z,60,premarket,0,1.1614549435012833,10.11720929899873,11.278664242500014,63.195543827401224,13.60445331102362,11.278664242500014,44.93062720309915,0,-217.46504342050167,273.6743348661008,-286.01961482509705,0,persistent_or_wider
tslax,2026-07-02T13:20:00Z,5,premarket,0,2.640610898803075,15.858819185607942,-13.218208286804867,-35.43010867369745,15.558887047511721,13.218208286804867,17.467741111003576,0,20.017072778699685,-24.266605602898395,18.47428370640003,1,persistent_or_wider
tslax,2026-07-02T13:20:00Z,15,premarket,0,2.640610898803075,15.858819185607942,-13.218208286804867,-35.43010867369745,15.558887047511721,13.218208286804867,44.93062720309915,0,199.05867094940356,-230.77108986569783,241.6372138693923,1,persistent_or_wider
tslax,2026-07-02T13:20:00Z,30,premarket,0,2.640610898803075,15.858819185607942,-13.218208286804867,-35.43010867369745,15.558887047511721,13.218208286804867,9.816489390797045,1,388.12325421840654,-384.7215353223987,384.8670283531952,1,p1a_catchup
tslax,2026-07-02T13:20:00Z,60,premarket,0,2.640610898803075,15.858819185607942,-13.218208286804867,-35.43010867369745,15.558887047511721,13.218208286804867,31.04835808949602,0,577.8155179154077,-595.6456677180988,620.1748863959988,1,persistent_or_wider
tslax,2026-07-02T13:25:00Z,5,premarket,0,3.1517109976952895,14.316030113308287,-17.467741111003576,-45.91616580439606,17.712597868336886,17.467741111003576,19.297859083895474,0,51.41708454960536,-53.24720252249726,67.60305296209523,1,persistent_or_wider
tslax,2026-07-02T13:25:00Z,15,premarket,0,3.1517109976952895,14.316030113308287,-17.467741111003576,-45.91616580439606,17.712597868336886,17.467741111003576,37.83728714849666,0,292.40301706370707,-312.77256310120015,337.24402330269857,1,persistent_or_wider
tslax,2026-07-02T13:25:00Z,30,premarket,0,3.1517109976952895,14.316030113308287,-17.467741111003576,-45.91616580439606,17.712597868336886,17.467741111003576,0.21131322480272274,1,370.8112059362012,-353.5547780500003,361.10580323229334,1,p1a_catchup
tslax,2026-07-02T13:25:00Z,60,premarket,0,3.1517109976952895,14.316030113308287,-17.467741111003576,-45.91616580439606,17.712597868336886,17.467741111003576,20.560318059894556,0,623.8762000858067,-626.9687770346977,643.5793647867971,1,persistent_or_wider
tslax,2026-07-02T13:30:00Z,5,regular,0,11.204139441902683,30.501998525798157,-19.297859083895474,-105.94180870329595,23.767144903330934,19.297859083895474,44.93062720309915,0,127.6245136210985,-153.25728174030218,155.55987720089703,1,persistent_or_wider
tslax,2026-07-02T13:30:00Z,15,regular,0,11.204139441902683,30.501998525798157,-19.297859083895474,-105.94180870329595,23.767144903330934,19.297859083895474,12.649767276000645,1,285.5784402563977,-278.93034844850285,280.2770594379034,1,p1a_catchup
tslax,2026-07-02T13:30:00Z,30,regular,0,11.204139441902683,30.501998525798157,-19.297859083895474,-105.94180870329595,23.767144903330934,19.297859083895474,10.714107344602652,1,349.48578818849717,-340.9020364492044,343.341847003602,1,p1a_catchup
tslax,2026-07-02T13:30:00Z,60,regular,0,11.204139441902683,30.501998525798157,-19.297859083895474,-105.94180870329595,23.767144903330934,19.297859083895474,19.830904826800833,0,632.4572697243003,-632.9903154672056,636.1805880468019,1,persistent_or_wider
tslax,2026-07-02T13:35:00Z,5,regular,0,13.506734902497541,58.43736210559669,-44.93062720309915,-230.77108986569783,56.82502283338081,44.93062720309915,37.83728714849666,1,113.36141889300322,-106.26807883840073,114.08109313970627,1,p1a_catchup
tslax,2026-07-02T13:35:00Z,15,regular,0,13.506734902497541,58.43736210559669,-44.93062720309915,-230.77108986569783,56.82502283338081,44.93062720309915,9.816489390797045,1,189.06458326900298,-153.9504454567009,143.2298144838029,1,p1a_catchup
tslax,2026-07-02T13:35:00Z,30,regular,0,13.506734902497541,58.43736210559669,-44.93062720309915,-230.77108986569783,56.82502283338081,44.93062720309915,6.868885650099799,1,207.17894667280135,-155.3794338196024,155.22843426430734,1,p1a_catchup
tslax,2026-07-02T13:35:00Z,60,regular,0,13.506734902497541,58.43736210559669,-44.93062720309915,-230.77108986569783,56.82502283338081,44.93062720309915,8.537467306597435,1,533.9671079148989,-497.5739480183972,489.8983783423994,1,p1a_catchup
tslax,2026-07-02T13:40:00Z,5,regular,0,21.319749203803084,59.15703635229974,-37.83728714849666,-312.77256310120015,59.35654326277915,37.83728714849666,12.649767276000645,1,44.59250774229595,-19.40498786979994,10.636089097300072,1,p1a_catchup
tslax,2026-07-02T13:40:00Z,15,regular,0,21.319749203803084,59.15703635229974,-37.83728714849666,-312.77256310120015,59.35654326277915,37.83728714849666,0.21131322480272274,1,78.40818887249412,-40.78221494880019,23.861779929594817,1,p1a_catchup
tslax,2026-07-02T13:40:00Z,30,regular,0,21.319749203803084,59.15703635229974,-37.83728714849666,-312.77256310120015,59.35654326277915,37.83728714849666,3.358791157701546,1,104.10185720919785,-69.62336121840274,43.573053689494046,1,p1a_catchup
tslax,2026-07-02T13:40:00Z,60,regular,0,21.319749203803084,59.15703635229974,-37.83728714849666,-312.77256310120015,59.35654326277915,37.83728714849666,10.42231174990249,1,451.54581934539806,-424.1308439468039,402.5603151912005,1,p1a_catchup
tslax,2026-07-02T13:45:00Z,5,regular,0,12.550850431303218,25.200617707303863,-12.649767276000645,-278.93034844850285,54.22503774031648,12.649767276000645,9.816489390797045,1,31.110656633703826,-28.277378748500226,18.512632246796557,1,p1a_catchup
tslax,2026-07-02T13:45:00Z,15,regular,0,12.550850431303218,25.200617707303863,-12.649767276000645,-278.93034844850285,54.22503774031648,12.649767276000645,10.714107344602652,1,63.90734793209951,-61.97168800070152,63.064787565698666,1,p1a_catchup
tslax,2026-07-02T13:45:00Z,30,regular,0,12.550850431303218,25.200617707303863,-12.649767276000645,-278.93034844850285,54.22503774031648,12.649767276000645,25.42830452030742,0,128.84910683849782,-141.62764408280458,145.16308905609952,1,persistent_or_wider
tslax,2026-07-02T13:45:00Z,60,regular,0,12.550850431303218,25.200617707303863,-12.649767276000645,-278.93034844850285,54.22503774031648,12.649767276000645,5.46210414110071,1,423.61410298010327,-416.42643984520333,408.9127346250976,1,p1a_catchup
tslax,2026-07-02T14:15:00Z,5,regular,0,16.08629540459816,41.51459992490558,-25.42830452030742,-79.65595608210307,42.354493691981645,25.42830452030742,31.04835808949602,0,91.9538134922071,-97.5738670613957,108.65740123350065,1,persistent_or_wider
tslax,2026-07-02T14:15:00Z,15,regular,0,16.08629540459816,41.51459992490558,-25.42830452030742,-79.65595608210307,42.354493691981645,25.42830452030742,19.830904826800833,1,218.02972262940477,-212.43232293589818,210.740439552799,1,p1a_catchup
tslax,2026-07-02T14:15:00Z,30,regular,0,16.08629540459816,41.51459992490558,-25.42830452030742,-79.65595608210307,42.354493691981645,25.42830452030742,5.46210414110071,1,294.7649961416055,-274.79879576239875,263.74964556899806,1,p1a_catchup
tslax,2026-07-02T14:15:00Z,60,regular,0,16.08629540459816,41.51459992490558,-25.42830452030742,-79.65595608210307,42.354493691981645,25.42830452030742,11.19189479160454,1,346.85720246399933,-332.62079273529645,315.2688139953952,1,p1a_catchup
tslax,2026-07-02T14:20:00Z,5,regular,0,27.16982957670311,58.21818766619913,-31.04835808949602,-209.49514403279858,52.18965105754936,31.04835808949602,20.560318059894556,1,66.07775494909873,-55.58971491949727,41.87876209719832,1,p1a_catchup
tslax,2026-07-02T14:20:00Z,15,regular,0,27.16982957670311,58.21818766619913,-31.04835808949602,-209.49514403279858,52.18965105754936,31.04835808949602,8.537467306597435,1,155.21026094889478,-132.69937016599619,111.36070581579283,1,p1a_catchup
tslax,2026-07-02T14:20:00Z,30,regular,0,27.16982957670311,58.21818766619913,-31.04835808949602,-209.49514403279858,52.18965105754936,31.04835808949602,6.5867918662032565,1,222.60440127979564,-198.14283505650286,173.49754420509456,1,p1a_catchup
tslax,2026-07-02T14:20:00Z,60,regular,0,27.16982957670311,58.21818766619913,-31.04835808949602,-209.49514403279858,52.18965105754936,31.04835808949602,9.568195077500619,1,230.4002215030998,-189.78366833610318,169.20835164289548,1,p1a_catchup
tslax,2026-07-02T14:25:00Z,5,regular,0,13.458876754404159,34.019194814298714,-20.560318059894556,-244.57285271509477,48.20172575816171,20.560318059894556,19.830904826800833,1,59.99815418809895,-59.26874095500523,60.204276222100006,1,p1a_catchup
tslax,2026-07-02T14:25:00Z,15,regular,0,13.458876754404159,34.019194814298714,-20.560318059894556,-244.57285271509477,48.20172575816171,20.560318059894556,10.42231174990249,1,120.07263632329845,-109.93463001330639,96.22497370710192,1,p1a_catchup
tslax,2026-07-02T14:25:00Z,30,regular,0,13.458876754404159,34.019194814298714,-20.560318059894556,-244.57285271509477,48.20172575816171,20.560318059894556,10.110659357902563,1,130.4017855524009,-99.73080813460378,92.20229580649608,1,p1a_catchup
tslax,2026-07-02T14:25:00Z,60,regular,0,13.458876754404159,34.019194814298714,-20.560318059894556,-244.57285271509477,48.20172575816171,20.560318059894556,4.54137259800369,1,151.3955208316009,-126.29383017370266,114.72496954469946,1,p1a_catchup
tslax,2026-07-02T14:30:00Z,5,regular,0,14.394412021498937,34.22531684829977,-19.830904826800833,-212.43232293589818,48.41868904471532,19.830904826800833,8.537467306597435,1,29.1343518116971,-17.840914291493704,9.277667496494502,1,p1a_catchup
tslax,2026-07-02T14:30:00Z,15,regular,0,14.394412021498937,34.22531684829977,-19.830904826800833,-212.43232293589818,48.41868904471532,19.830904826800833,5.46210414110071,1,76.73527351220066,-62.36647282650054,53.00920601619907,1,p1a_catchup
tslax,2026-07-02T14:30:00Z,30,regular,0,14.394412021498937,34.22531684829977,-19.830904826800833,-212.43232293589818,48.41868904471532,19.830904826800833,15.783114762601969,1,112.88038746779527,-108.83259740359641,101.99672885949695,1,p1a_catchup
tslax,2026-07-02T14:30:00Z,60,regular,0,14.394412021498937,34.22531684829977,-19.830904826800833,-212.43232293589818,48.41868904471532,19.830904826800833,11.458733259903653,1,59.599076553702446,-28.30943846699796,15.042628834196492,1,p1a_catchup
tslax,2026-07-02T15:00:00Z,5,regular,0,7.558543477399482,23.34165824000145,-15.783114762601969,-46.46612457709587,36.06779844520091,15.783114762601969,6.692727303505563,1,-14.371895240294918,36.84773730640245,-36.889222690899004,0,xstock_reversion
tslax,2026-07-02T15:00:00Z,15,regular,0,7.558543477399482,23.34165824000145,-15.783114762601969,-46.46612457709587,36.06779844520091,15.783114762601969,11.19189479160454,1,15.947092366799254,-11.355872395801825,2.5316455830992624,1,p1a_catchup
tslax,2026-07-02T15:00:00Z,30,regular,0,7.558543477399482,23.34165824000145,-15.783114762601969,-46.46612457709587,36.06779844520091,15.783114762601969,11.458733259903653,1,-53.28131091409283,80.52315893659845,-86.95410002530046,0,xstock_reversion
tslax,2026-07-02T15:00:00Z,60,regular,0,7.558543477399482,23.34165824000145,-15.783114762601969,-46.46612457709587,36.06779844520091,15.783114762601969,10.093798159598322,1,-46.313933504293914,52.00325010729756,-57.17077784320068,0,xstock_reversion
tslax,2026-07-02T15:30:00Z,5,regular,0,1.1276023886974684,10.331130871206184,11.458733259903653,91.87903133240027,34.025855171452946,11.458733259903653,8.624809309303316,1,25.34081555410239,-22.506891603502055,19.426533711000005,1,p1a_catchup
tslax,2026-07-02T15:30:00Z,15,regular,0,1.1276023886974684,10.331130871206184,11.458733259903653,91.87903133240027,34.025855171452946,11.458733259903653,2.0473090421990747,1,41.9764878905049,-32.56506367280032,34.81760117280075,1,p1a_catchup
tslax,2026-07-02T15:30:00Z,30,regular,0,1.1276023886974684,10.331130871206184,11.458733259903653,91.87903133240027,34.025855171452946,11.458733259903653,10.093798159598322,1,-6.967377409798914,28.51990882930089,-29.78332218209978,0,xstock_reversion
tslax,2026-07-02T15:30:00Z,60,regular,0,1.1276023886974684,10.331130871206184,11.458733259903653,91.87903133240027,34.025855171452946,11.458733259903653,14.405084307798077,0,-163.73075612199807,189.59457368969979,-187.82821507620008,0,persistent_or_wider
tslax,2026-07-02T16:05:00Z,5,regular,0,13.009148903595502,33.576712870502234,-20.567563966906732,-126.06118486200302,28.641269718943892,20.567563966906732,0.5165348648983326,1,4.253345862705871,16.830752969099194,-23.059877180902077,1,xstock_reversion
tslax,2026-07-02T16:05:00Z,15,regular,0,13.009148903595502,33.576712870502234,-20.567563966906732,-126.06118486200302,28.641269718943892,20.567563966906732,3.7530359479998054,1,35.913386268005,-19.098858249098072,6.2175247373019715,1,p1a_catchup
tslax,2026-07-02T16:05:00Z,30,regular,0,13.009148903595502,33.576712870502234,-20.567563966906732,-126.06118486200302,28.641269718943892,20.567563966906732,0.9609097152996071,1,98.07823839670604,-76.5497647144997,72.82203592509973,1,p1a_catchup
tslax,2026-07-02T16:05:00Z,60,regular,0,13.009148903595502,33.576712870502234,-20.567563966906732,-126.06118486200302,28.641269718943892,20.567563966906732,4.947085586604061,1,104.73433821120537,-79.21968865769458,58.41673588010465,1,p1a_catchup
tslax,2026-07-02T16:30:00Z,5,regular,0,0.6387562248022505,13.766328082995827,-14.405084307798077,-81.24237213520402,29.813667888599454,14.405084307798077,0.9609097152996071,1,-0.30575297270019064,15.671746995797875,-5.751570656800098,1,xstock_reversion
tslax,2026-07-02T16:30:00Z,15,regular,0,0.6387562248022505,13.766328082995827,-14.405084307798077,-81.24237213520402,29.813667888599454,14.405084307798077,0.6619003946983781,1,-9.627492156498718,23.370676069598417,-22.858904170597327,0,xstock_reversion
tslax,2026-07-02T16:30:00Z,30,regular,0,0.6387562248022505,13.766328082995827,-14.405084307798077,-81.24237213520402,29.813667888599454,14.405084307798077,2.5878784099919727,1,19.491862550502503,-7.674656652696399,8.05776050659901,1,p1a_catchup
tslax,2026-07-02T16:30:00Z,60,regular,0,0.6387562248022505,13.766328082995827,-14.405084307798077,-81.24237213520402,29.813667888599454,14.405084307798077,1.6397017018032756,1,3.6503459319003895,12.394440077700963,-11.244426888499248,0,xstock_reversion
tslax,2026-07-02T18:05:00Z,5,regular,0,4.9024058793012415,8.936198019799946,13.838603899101187,74.45417180010239,17.633593716637286,13.838603899101187,1.3629818995042342,1,-2.2209701754949407,17.422555974100362,-25.78450421619749,0,xstock_reversion
tslax,2026-07-02T18:05:00Z,15,regular,0,4.9024058793012415,8.936198019799946,13.838603899101187,74.45417180010239,17.633593716637286,13.838603899101187,0.8354843097002629,1,-7.113847307795851,21.7879355165973,-17.902379702796622,0,xstock_reversion
tslax,2026-07-02T18:05:00Z,30,regular,0,4.9024058793012415,8.936198019799946,13.838603899101187,74.45417180010239,17.633593716637286,13.838603899101187,1.7376051386985836,1,-14.361696288203163,29.937905326002934,-29.348755349696276,0,xstock_reversion
tslax,2026-07-02T18:05:00Z,60,regular,0,4.9024058793012415,8.936198019799946,13.838603899101187,74.45417180010239,17.633593716637286,13.838603899101187,0.7596804459009121,1,-60.95626192100134,75.55454626600344,-69.37532996089679,0,xstock_reversion
tslax,2026-07-06T11:00:00Z,5,premarket,0,8.715903069802522,25.374717026807048,-16.658813957004526,-33.4704610408032,13.358866909894774,16.658813957004526,10.439471788092902,1,13.926573792808483,-7.70723162389686,-2.0861006707040275,1,p1a_catchup
tslax,2026-07-06T11:00:00Z,15,premarket,0,8.715903069802522,25.374717026807048,-16.658813957004526,-33.4704610408032,13.358866909894774,16.658813957004526,4.576555254507397,1,11.309456461807699,9.925912749704224,-23.600312234401954,0,p1a_catchup
tslax,2026-07-06T11:00:00Z,30,premarket,0,8.715903069802522,25.374717026807048,-16.658813957004526,-33.4704610408032,13.358866909894774,16.658813957004526,9.778760315199975,1,-5.100552007997194,31.538126280201695,-36.88235711559962,0,xstock_reversion
tslax,2026-07-06T11:00:00Z,60,premarket,0,8.715903069802522,25.374717026807048,-16.658813957004526,-33.4704610408032,13.358866909894774,16.658813957004526,4.84748509280486,1,-14.367581755392322,35.87388080520171,-23.349537968799794,0,xstock_reversion
tslax,2026-07-06T12:20:00Z,5,premarket,0,0.6182013115996199,13.266622261802752,-12.648420950203132,-23.370679875203137,16.15696690342479,12.648420950203132,4.328559344592975,1,6.113531791802629,2.2063298138075282,0.31935734239318947,1,p1a_catchup
tslax,2026-07-06T12:20:00Z,15,premarket,0,0.6182013115996199,13.266622261802752,-12.648420950203132,-23.370679875203137,16.15696690342479,12.648420950203132,6.412532724402453,1,-3.682692067199511,22.743645741805096,-21.852990875101952,0,xstock_reversion
tslax,2026-07-06T12:20:00Z,30,premarket,0,0.6182013115996199,13.266622261802752,-12.648420950203132,-23.370679875203137,16.15696690342479,12.648420950203132,2.4574812204924967,1,4.036985670294868,11.06891650040076,-11.309233308507416,0,xstock_reversion
tslax,2026-07-06T12:20:00Z,60,premarket,0,0.6182013115996199,13.266622261802752,-12.648420950203132,-23.370679875203137,16.15696690342479,12.648420950203132,5.311868367101624,1,-8.174232979998308,26.134522297303064,-13.60470237909972,0,xstock_reversion
tslax,2026-07-06T13:25:00Z,5,premarket,0,1.665537964701258,12.930300999602906,-14.595838964304164,-24.791426859405163,17.065393508657912,14.595838964304164,23.729807335497455,0,62.64827852159982,-71.78224689279311,78.0632256291014,1,persistent_or_wider
tslax,2026-07-06T13:25:00Z,15,premarket,0,1.665537964701258,12.930300999602906,-14.595838964304164,-24.791426859405163,17.065393508657912,14.595838964304164,33.72454404489744,0,27.0975900027981,21.222793006403506,-16.09253553230161,0,persistent_or_wider
tslax,2026-07-06T13:25:00Z,30,premarket,0,1.665537964701258,12.930300999602906,-14.595838964304164,-24.791426859405163,17.065393508657912,14.595838964304164,4.132997628101265,1,-82.14055017649713,100.86938676890256,-108.2872073915997,0,xstock_reversion
tslax,2026-07-06T13:25:00Z,60,premarket,0,1.665537964701258,12.930300999602906,-14.595838964304164,-24.791426859405163,17.065393508657912,14.595838964304164,3.8622409612010244,1,-179.4472766886024,197.90535661410757,-195.49466673300486,0,xstock_reversion
tslax,2026-07-06T13:30:00Z,5,regular,0,4.615440771607027,28.34524810710448,-23.729807335497455,-97.53902811149295,32.78512149979332,23.729807335497455,18.08868405370312,1,54.05407276500185,-48.41294948320751,41.42581691430003,1,p1a_catchup
tslax,2026-07-06T13:30:00Z,15,regular,0,4.615440771607027,28.34524810710448,-23.729807335497455,-97.53902811149295,32.78512149979332,23.729807335497455,28.959768321596968,0,-119.88997835840287,172.5795540154973,-177.72101013970422,0,persistent_or_wider
tslax,2026-07-06T13:30:00Z,30,regular,0,4.615440771607027,28.34524810710448,-23.729807335497455,-97.53902811149295,32.78512149979332,23.729807335497455,2.2910120886976415,1,-153.2874439132037,179.30826333739878,-199.87106710460444,0,xstock_reversion
tslax,2026-07-06T13:30:00Z,60,regular,0,4.615440771607027,28.34524810710448,-23.729807335497455,-97.53902811149295,32.78512149979332,23.729807335497455,4.085456462501469,1,-253.7993267957006,281.6145905936995,-288.7231409640023,0,xstock_reversion
tslax,2026-07-06T13:35:00Z,5,regular,0,2.371691797300457,15.716992256402662,-18.08868405370312,-156.16005856440296,32.74616841183901,18.08868405370312,33.72454404489744,0,-89.60476128380357,141.41798938240413,-135.58157807570302,0,persistent_or_wider
tslax,2026-07-06T13:35:00Z,15,regular,0,2.371691797300457,15.716992256402662,-18.08868405370312,-156.16005856440296,32.74616841183901,18.08868405370312,1.9692463146014916,1,-184.30802176919946,204.36595213750408,-219.14682705400423,0,xstock_reversion
tslax,2026-07-06T13:35:00Z,30,regular,0,2.371691797300457,15.716992256402662,-18.08868405370312,-156.16005856440296,32.74616841183901,18.08868405370312,6.335536958506083,1,-227.75340104249864,252.17762205470785,-249.2489731038017,0,xstock_reversion
tslax,2026-07-06T13:35:00Z,60,regular,0,2.371691797300457,15.716992256402662,-18.08868405370312,-156.16005856440296,32.74616841183901,18.08868405370312,5.304922260105371,1,-294.4494843605039,307.2332461541016,-306.4243065146055,0,xstock_reversion
tslax,2026-07-06T13:40:00Z,5,regular,0,3.4647195094006378,30.259824535496804,33.72454404489744,21.222793006403506,76.0158377989231,33.72454404489744,28.959768321596968,1,84.33928983960115,-79.57451411630068,83.5652489783012,1,p1a_catchup
tslax,2026-07-06T13:40:00Z,15,regular,0,3.4647195094006378,30.259824535496804,33.72454404489744,21.222793006403506,76.0158377989231,33.72454404489744,4.132997628101265,1,109.23814017929523,-79.64659376249905,92.19467185929808,1,p1a_catchup
tslax,2026-07-06T13:40:00Z,30,regular,0,3.4647195094006378,30.259824535496804,33.72454404489744,21.222793006403506,76.0158377989231,33.72454404489744,7.955549875102719,1,160.89006547789887,-135.12107130810415,141.69772580729932,1,p1a_catchup
tslax,2026-07-06T13:40:00Z,60,regular,0,3.4647195094006378,30.259824535496804,33.72454404489744,21.222793006403506,76.0158377989231,33.72454404489744,5.3576428410018195,1,189.55478665679593,-150.47259977089666,153.33326254030055,1,p1a_catchup
tslax,2026-07-06T13:45:00Z,5,regular,0,0.5260153525998845,29.485783674196853,28.959768321596968,172.5795540154973,82.80920054249825,28.959768321596968,1.9692463146014916,1,10.363970645794751,16.626551361200725,0.0,1,xstock_reversion
tslax,2026-07-06T13:45:00Z,15,regular,0,0.5260153525998845,29.485783674196853,28.959768321596968,172.5795540154973,82.80920054249825,28.959768321596968,2.2910120886976415,1,33.39746555480083,-6.728709321901505,22.150056964900244,1,p1a_catchup
tslax,2026-07-06T13:45:00Z,30,regular,0,0.5260153525998845,29.485783674196853,28.959768321596968,172.5795540154973,82.80920054249825,28.959768321596968,5.582992207600057,1,93.69351946039828,-70.31674334640137,72.39032848739946,1,p1a_catchup
tslax,2026-07-06T13:45:00Z,60,regular,0,0.5260153525998845,29.485783674196853,28.959768321596968,172.5795540154973,82.80920054249825,28.959768321596968,4.351426157400695,1,92.3039675259929,-58.99277304699524,60.73307993589516,1,p1a_catchup
tslax,2026-07-06T14:55:00Z,5,regular,0,2.362606443693238,20.397992225600348,18.03538578190711,80.80449219100672,32.88447899016385,18.03538578190711,14.314605384999624,1,42.60690211930651,-38.886121722399025,50.70178114310764,1,p1a_catchup
tslax,2026-07-06T14:55:00Z,15,regular,0,2.362606443693238,20.397992225600348,18.03538578190711,80.80449219100672,32.88447899016385,18.03538578190711,3.26577285459706,1,58.6036823035041,-37.30252366699993,52.569092448502275,1,p1a_catchup
tslax,2026-07-06T14:55:00Z,30,regular,0,2.362606443693238,20.397992225600348,18.03538578190711,80.80449219100672,32.88447899016385,18.03538578190711,9.334713213595691,1,101.8047077410067,-93.10403517269528,93.04664480350056,1,p1a_catchup
tslax,2026-07-06T14:55:00Z,60,regular,0,2.362606443693238,20.397992225600348,18.03538578190711,80.80449219100672,32.88447899016385,18.03538578190711,4.3155442789988285,1,164.3538132796074,-150.63397177669913,159.91383842210104,1,p1a_catchup
tslax,2026-07-06T15:00:00Z,5,regular,0,14.178265864401851,28.492871249401475,14.314605384999624,131.5959265210065,35.11433514613032,14.314605384999624,6.659243208195775,1,23.028137227898426,-15.372775051094578,5.815587475392903,1,p1a_catchup
tslax,2026-07-06T15:00:00Z,15,regular,0,14.178265864401851,28.492871249401475,14.314605384999624,131.5959265210065,35.11433514613032,14.314605384999624,1.50336140700702,1,22.533982268493347,-9.722738290500743,-0.4076816500031555,1,p1a_catchup
tslax,2026-07-06T15:00:00Z,30,regular,0,14.178265864401851,28.492871249401475,14.314605384999624,131.5959265210065,35.11433514613032,14.314605384999624,8.67077050980214,1,84.88524932469765,-79.24141444950017,71.23013163549352,1,p1a_catchup
tslax,2026-07-06T15:00:00Z,60,regular,0,14.178265864401851,28.492871249401475,14.314605384999624,131.5959265210065,35.11433514613032,14.314605384999624,8.036707363405782,1,146.428314575493,-140.15041655389916,127.30549671079672,1,p1a_catchup
tslax,2026-07-06T18:20:00Z,5,regular,0,4.626607751694323,16.21165375019551,11.585045998501187,33.61435231590271,21.47492000735956,11.585045998501187,7.552446552905323,1,23.399281777196634,-19.36668233160077,21.21399960210546,1,p1a_catchup
tslax,2026-07-06T18:20:00Z,15,regular,0,4.626607751694323,16.21165375019551,11.585045998501187,33.61435231590271,21.47492000735956,11.585045998501187,4.184799319304489,1,14.640362656299644,1.1294826615060316,-1.559865854696696,1,p1a_catchup
tslax,2026-07-06T18:20:00Z,30,regular,0,4.626607751694323,16.21165375019551,11.585045998501187,33.61435231590271,21.47492000735956,11.585045998501187,2.1253368377927018,1,16.19731124510082,-6.737602084392336,7.795681587401404,1,p1a_catchup
tslax,2026-07-06T18:20:00Z,60,regular,0,4.626607751694323,16.21165375019551,11.585045998501187,33.61435231590271,21.47492000735956,11.585045998501187,6.440378663796764,1,23.03156848749488,-5.006143825196929,4.678138186298142,1,p1a_catchup
tslax,2026-07-07T11:15:00Z,5,premarket,0,12.267655501094765,25.08406879510261,12.816413294007845,23.290660716908107,12.815469217037926,12.816413294007845,2.0510547606011897,1,5.218679531200365,5.5466790022062895,-15.6813618338969,1,xstock_reversion
tslax,2026-07-07T11:15:00Z,15,premarket,0,12.267655501094765,25.08406879510261,12.816413294007845,23.290660716908107,12.815469217037926,12.816413294007845,4.242304658497176,1,11.754354795305844,-3.1802461597951748,-8.848394115599234,1,p1a_catchup
tslax,2026-07-07T11:15:00Z,30,premarket,0,12.267655501094765,25.08406879510261,12.816413294007845,23.290660716908107,12.815469217037926,12.816413294007845,4.620942332298483,1,13.172976367608058,-4.977505405898697,-8.130665010099847,1,p1a_catchup
tslax,2026-07-07T11:15:00Z,60,premarket,0,12.267655501094765,25.08406879510261,12.816413294007845,23.290660716908107,12.815469217037926,12.816413294007845,3.4930207438943484,1,15.186907674200611,1.1225263637015814,-17.20655268619531,1,p1a_catchup
tslax,2026-07-07T12:05:00Z,5,premarket,0,1.4497936816049162,13.12456058900402,11.674766907399103,23.293748453401264,11.219588305485876,11.674766907399103,4.959708783704997,1,-3.5062809562980135,20.140756647402114,-12.186527034208083,0,xstock_reversion
tslax,2026-07-07T12:05:00Z,15,premarket,0,1.4497936816049162,13.12456058900402,11.674766907399103,23.293748453401264,11.219588305485876,11.674766907399103,2.243525862404283,1,-9.79063957689874,23.708932346702127,-27.739932177199833,0,xstock_reversion
tslax,2026-07-07T12:05:00Z,30,premarket,0,1.4497936816049162,13.12456058900402,11.674766907399103,23.293748453401264,11.219588305485876,11.674766907399103,0.09769446149832106,1,-10.656006417999464,22.42846778689689,-21.276349451699872,0,xstock_reversion
tslax,2026-07-07T12:05:00Z,60,premarket,0,1.4497936816049162,13.12456058900402,11.674766907399103,23.293748453401264,11.219588305485876,11.674766907399103,0.6111089085969468,1,-54.434189746999095,66.72006556299515,-70.21608824040015,0,xstock_reversion
tslax,2026-07-07T12:45:00Z,5,premarket,0,6.566029296593001,9.309981583900395,-15.876010880493396,-33.28666872829622,13.6301545237087,15.876010880493396,10.865420811496662,1,12.382668404997688,-7.372078336000953,7.20132535499296,1,p1a_catchup
tslax,2026-07-07T12:45:00Z,15,premarket,0,6.566029296593001,9.309981583900395,-15.876010880493396,-33.28666872829622,13.6301545237087,15.876010880493396,5.772766216596281,1,27.75955258289997,-17.656307919002856,21.379078273495722,1,p1a_catchup
tslax,2026-07-07T12:45:00Z,30,premarket,0,6.566029296593001,9.309981583900395,-15.876010880493396,-33.28666872829622,13.6301545237087,15.876010880493396,1.1659735106039903,1,29.120134197295755,-14.410096827406349,21.747006167398553,1,p1a_catchup
tslax,2026-07-07T12:45:00Z,60,premarket,0,6.566029296593001,9.309981583900395,-15.876010880493396,-33.28666872829622,13.6301545237087,15.876010880493396,1.883434425495878,1,54.49700067539531,-36.73755536940604,36.78109801979801,1,p1a_catchup
tslax,2026-07-07T13:25:00Z,5,premarket,0,7.563313153093887,10.827334255703036,18.390647408796923,30.131398117294594,18.150380543824223,18.390647408796923,2.320953126000447,1,7.308613498100414,8.761080784696063,4.076298777198062,1,xstock_reversion
tslax,2026-07-07T13:25:00Z,15,premarket,0,7.563313153093887,10.827334255703036,18.390647408796923,30.131398117294594,18.150380543824223,18.390647408796923,6.77941827309958,1,-42.84365440869742,68.01372009059392,-65.20637629810366,0,xstock_reversion
tslax,2026-07-07T13:25:00Z,30,premarket,0,7.563313153093887,10.827334255703036,18.390647408796923,30.131398117294594,18.150380543824223,18.390647408796923,2.662946662201904,1,-80.71141982919805,101.76501390019688,-94.70064388370503,0,xstock_reversion
tslax,2026-07-07T13:25:00Z,60,premarket,0,7.563313153093887,10.827334255703036,18.390647408796923,30.131398117294594,18.150380543824223,18.390647408796923,14.490362323194006,1,-175.44775658629774,179.34804167190066,-182.3655760055054,0,xstock_reversion
tslax,2026-07-07T13:35:00Z,5,regular,1,14.572726444797013,2.3743432030975953,-12.198383241699418,-14.217601066599528,27.994579420918573,12.198383241699418,6.77941827309958,1,18.145054813798467,-12.72608984519863,32.05478565059927,1,p1a_catchup
tslax,2026-07-07T13:35:00Z,15,regular,1,14.572726444797013,2.3743432030975953,-12.198383241699418,-14.217601066599528,27.994579420918573,12.198383241699418,11.413220070704,1,44.7464395587982,-43.96127638780278,70.70754457349615,1,p1a_catchup
tslax,2026-07-07T13:35:00Z,30,regular,1,14.572726444797013,2.3743432030975953,-12.198383241699418,-14.217601066599528,27.994579420918573,12.198383241699418,8.266320949799066,1,72.96613653759998,-69.03407424569963,91.25198535340218,1,p1a_catchup
tslax,2026-07-07T13:35:00Z,60,regular,1,14.572726444797013,2.3743432030975953,-12.198383241699418,-14.217601066599528,27.994579420918573,12.198383241699418,7.886309018001469,1,163.90363525039754,-159.5915610266996,177.0967491392028,1,p1a_catchup
tslax,2026-07-07T13:50:00Z,5,regular,0,12.173541740896354,23.586761811600354,-11.413220070704,-43.96127638780278,33.24125939415411,11.413220070704,2.662946662201904,1,11.266380675500898,-2.5161072669988016,-9.158491337295516,1,p1a_catchup
tslax,2026-07-07T13:50:00Z,15,regular,0,12.173541740896354,23.586761811600354,-11.413220070704,-43.96127638780278,33.24125939415411,11.413220070704,8.266320949799066,1,28.219696978801778,-25.072797857896845,20.544440779906026,1,p1a_catchup
tslax,2026-07-07T13:50:00Z,30,regular,0,12.173541740896354,23.586761811600354,-11.413220070704,-43.96127638780278,33.24125939415411,11.413220070704,13.895469523994564,0,143.6765915076066,-146.15884096089715,131.7713293223033,1,persistent_or_wider
tslax,2026-07-07T13:50:00Z,60,regular,0,12.173541740896354,23.586761811600354,-11.413220070704,-43.96127638780278,33.24125939415411,11.413220070704,3.4102728586926645,1,103.39769489569939,-88.57420196630272,82.04862023900361,1,p1a_catchup
tslax,2026-07-07T14:10:00Z,5,regular,0,13.878055898199904,36.18978817110374,-22.31173227290384,-100.33179971140171,35.73892782691331,22.31173227290384,2.2905519911020633,1,12.374467366402797,7.646712915398979,-15.904673208497755,1,p1a_catchup
tslax,2026-07-07T14:10:00Z,15,regular,0,13.878055898199904,36.18978817110374,-22.31173227290384,-100.33179971140171,35.73892782691331,22.31173227290384,14.490362323194006,1,14.053322656399914,22.74877193969793,-26.045980351199205,0,xstock_reversion
tslax,2026-07-07T14:10:00Z,30,regular,0,13.878055898199904,36.18978817110374,-22.31173227290384,-100.33179971140171,35.73892782691331,22.31173227290384,2.7239309637039355,1,21.581017362102273,3.454645874505502,-12.725761592102813,1,p1a_catchup
tslax,2026-07-07T14:10:00Z,60,regular,0,13.878055898199904,36.18978817110374,-22.31173227290384,-100.33179971140171,35.73892782691331,22.31173227290384,5.266663393594939,1,29.04542539040378,-12.000356511094878,1.8367834300025976,1,p1a_catchup
tslax,2026-07-07T14:20:00Z,5,regular,0,2.2139698976975097,11.681499626297054,-13.895469523994564,-121.0860431030003,35.99618612092996,13.895469523994564,14.490362323194006,0,-37.673874075006,66.05970592219457,-53.26488853779843,0,persistent_or_wider
tslax,2026-07-07T14:20:00Z,15,regular,0,2.2139698976975097,11.681499626297054,-13.895469523994564,-121.0860431030003,35.99618612092996,13.895469523994564,7.886309018001469,1,-24.51939581600726,30.528556322000355,-25.382124756596625,0,xstock_reversion
tslax,2026-07-07T14:20:00Z,30,regular,0,2.2139698976975097,11.681499626297054,-13.895469523994564,-121.0860431030003,35.99618612092996,13.895469523994564,3.4102728586926645,1,-40.2788966119072,57.58463899459443,-49.72270908329968,0,xstock_reversion
tslax,2026-07-07T14:20:00Z,60,regular,0,2.2139698976975097,11.681499626297054,-13.895469523994564,-121.0860431030003,35.99618612092996,13.895469523994564,6.007155635501249,1,32.351331918496484,-24.46301803000317,25.077458193099034,1,p1a_catchup
tslax,2026-07-07T14:25:00Z,5,regular,1,10.58084748669863,3.909514836495376,14.490362323194006,22.74877193969793,51.75595513396614,14.490362323194006,3.5257705653002347,1,10.3062174109958,0.6583743468979719,-4.766355241798692,0,p1a_catchup
tslax,2026-07-07T14:25:00Z,15,regular,1,10.58084748669863,3.909514836495376,14.490362323194006,22.74877193969793,51.75595513396614,14.490362323194006,2.7239309637039355,1,-7.527694705702359,19.29412606519243,-13.320218759096392,0,xstock_reversion
tslax,2026-07-07T14:25:00Z,30,regular,1,10.58084748669863,3.909514836495376,14.490362323194006,22.74877193969793,51.75595513396614,14.490362323194006,2.507058810303775,1,-4.631876672203106,21.629297805700887,-15.404176838895722,0,xstock_reversion
tslax,2026-07-07T14:25:00Z,60,regular,1,10.58084748669863,3.909514836495376,14.490362323194006,22.74877193969793,51.75595513396614,14.490362323194006,0.5293701739983447,1,-69.32071414990304,83.2817062990987,-75.38879136720134,0,xstock_reversion
tslax,2026-07-07T15:15:00Z,5,regular,0,4.267557209196582,16.78561945509749,-12.518062245900907,-54.38585299420318,20.916449011836363,12.518062245900907,6.007155635501249,1,19.268266238698928,-12.75735962829927,6.890272684501042,1,p1a_catchup
tslax,2026-07-07T15:15:00Z,15,regular,0,4.267557209196582,16.78561945509749,-12.518062245900907,-54.38585299420318,20.916449011836363,12.518062245900907,2.2367238435982983,1,25.047689783601612,-14.766351381299003,18.21046536120363,1,p1a_catchup
tslax,2026-07-07T15:15:00Z,30,regular,0,4.267557209196582,16.78561945509749,-12.518062245900907,-54.38585299420318,20.916449011836363,12.518062245900907,4.801888607195437,1,33.664270262603324,-25.948096623897854,28.08298638280249,1,p1a_catchup
tslax,2026-07-07T15:15:00Z,60,regular,0,4.267557209196582,16.78561945509749,-12.518062245900907,-54.38585299420318,20.916449011836363,12.518062245900907,0.08177766769534855,1,-5.268713822701443,17.8685537362977,-20.64237825360138,0,xstock_reversion
tslax,2026-07-07T17:10:00Z,5,regular,0,3.8576087476993592,17.70975568850197,-13.852146940802612,-56.82063199180298,24.500449358097537,13.852146940802612,6.837443747995664,1,21.69587749659918,-14.681174303792233,12.178096924797543,1,p1a_catchup
tslax,2026-07-07T17:10:00Z,15,regular,0,3.8576087476993592,17.70975568850197,-13.852146940802612,-56.82063199180298,24.500449358097537,13.852146940802612,4.408822023593828,1,15.384256939601215,-5.940932022392431,-6.636352707607429,1,p1a_catchup
tslax,2026-07-07T17:10:00Z,30,regular,0,3.8576087476993592,17.70975568850197,-13.852146940802612,-56.82063199180298,24.500449358097537,13.852146940802612,2.330848255800433,1,12.15797264079832,4.025022555804725,-6.265324779599624,1,p1a_catchup
tslax,2026-07-07T17:10:00Z,60,regular,0,3.8576087476993592,17.70975568850197,-13.852146940802612,-56.82063199180298,24.500449358097537,13.852146940802612,0.6817223350008561,1,10.156914031602682,4.376955244200786,-6.759206603605961,1,p1a_catchup
tslax,2026-07-07T20:10:00Z,5,afterhours,1,27.399245841799313,14.89865844400029,12.500587397799023,32.15163920040176,9.058095033877153,12.500587397799023,4.5879816087968095,1,-5.4767771991048875,22.56534620570072,5.450806606601688,0,xstock_reversion
tslax,2026-07-07T20:10:00Z,15,afterhours,1,27.399245841799313,14.89865844400029,12.500587397799023,32.15163920040176,9.058095033877153,12.500587397799023,3.490918888804373,1,-0.2548559877979528,16.24636227440135,6.193868268695724,0,xstock_reversion
tslax,2026-07-07T20:10:00Z,30,afterhours,1,27.399245841799313,14.89865844400029,12.500587397799023,32.15163920040176,9.058095033877153,12.500587397799023,2.5563799377970042,1,-2.5553716007031824,17.61233893629921,9.371072462203145,0,xstock_reversion
tslax,2026-07-07T20:10:00Z,60,afterhours,1,27.399245841799313,14.89865844400029,12.500587397799023,32.15163920040176,9.058095033877153,12.500587397799023,0.9766351238038595,1,4.798859699794988,6.7250925742001755,19.487814279299798,0,xstock_reversion
tslax,2026-07-08T08:10:00Z,5,premarket,0,6.324913508795049,8.670166562607662,14.995080071402711,23.929899333197113,15.86954635198532,14.995080071402711,9.08174215559221,1,-8.317545555600603,32.39436778259552,-46.961713273807604,0,xstock_reversion
tslax,2026-07-08T08:10:00Z,15,premarket,0,6.324913508795049,8.670166562607662,14.995080071402711,23.929899333197113,15.86954635198532,14.995080071402711,25.407130712506998,0,-77.47135523919368,117.8735660231034,-114.18759716090854,0,persistent_or_wider
tslax,2026-07-08T08:10:00Z,30,premarket,0,6.324913508795049,8.670166562607662,14.995080071402711,23.929899333197113,15.86954635198532,14.995080071402711,1.591469904500542,1,-116.3388790291986,132.92542900510185,-136.78080370890024,0,xstock_reversion
tslax,2026-07-08T08:10:00Z,60,premarket,0,6.324913508795049,8.670166562607662,14.995080071402711,23.929899333197113,15.86954635198532,14.995080071402711,10.688538185599228,1,-145.22736972309326,170.91098798009517,-167.48887485850793,0,xstock_reversion
tslax,2026-07-08T08:20:00Z,5,premarket,0,6.508167528398445,39.67270265039957,-33.164535122001126,-67.91923743589834,33.03269768261205,33.164535122001126,25.407130712506998,1,31.166201132499793,-23.408796723005665,19.539573841207414,1,p1a_catchup
tslax,2026-07-08T08:20:00Z,15,premarket,0,6.508167528398445,39.67270265039957,-33.164535122001126,-67.91923743589834,33.03269768261205,33.164535122001126,17.46971266060271,1,65.43479924720152,-49.73997678580311,49.675206893802226,1,p1a_catchup
tslax,2026-07-08T08:20:00Z,30,premarket,0,6.508167528398445,39.67270265039957,-33.164535122001126,-67.91923743589834,33.03269768261205,33.164535122001126,3.2977547339019253,1,63.883119471705996,-27.420829615802944,17.53375696550208,1,p1a_catchup
tslax,2026-07-08T08:20:00Z,60,premarket,0,6.508167528398445,39.67270265039957,-33.164535122001126,-67.91923743589834,33.03269768261205,33.164535122001126,1.3001711429971863,1,102.89628206030521,-71.03191808130127,65.78475528310257,1,p1a_catchup
tslax,2026-07-08T08:25:00Z,5,premarket,0,2.6389446466001942,28.046075359107192,-25.407130712506998,-117.8735660231034,32.443395043762656,25.407130712506998,11.158058813407479,1,14.999403525699506,-0.7503316265999871,-3.259248145406346,1,p1a_catchup
tslax,2026-07-08T08:25:00Z,15,premarket,0,2.6389446466001942,28.046075359107192,-25.407130712506998,-117.8735660231034,32.443395043762656,25.407130712506998,1.591469904500542,1,38.86752379000491,-15.051862981998454,22.593206547991684,1,p1a_catchup
tslax,2026-07-08T08:25:00Z,30,premarket,0,2.6389446466001942,28.046075359107192,-25.407130712506998,-117.8735660231034,32.443395043762656,25.407130712506998,1.0055585564039404,1,32.93179545099889,-8.530223294895833,8.868023206494158,1,p1a_catchup
tslax,2026-07-08T08:25:00Z,60,premarket,0,2.6389446466001942,28.046075359107192,-25.407130712506998,-117.8735660231034,32.443395043762656,25.407130712506998,2.3011524316984833,1,69.66748263979916,-41.95919949559368,41.7117472878914,1,p1a_catchup
tslax,2026-07-08T08:35:00Z,5,premarket,0,6.443397636397563,23.913110297000273,-17.46971266060271,-49.73997678580311,30.00809176518151,17.46971266060271,1.591469904500542,1,4.598925675303178,11.27931708079899,-7.542426504603128,1,xstock_reversion
tslax,2026-07-08T08:35:00Z,15,premarket,0,6.443397636397563,23.913110297000273,-17.46971266060271,-49.73997678580311,30.00809176518151,17.46971266060271,3.2977547339019253,1,-1.5516797754955292,22.319147170000164,-32.14144992830015,0,xstock_reversion
tslax,2026-07-08T08:35:00Z,30,premarket,0,6.443397636397563,23.913110297000273,-17.46971266060271,-49.73997678580311,30.00809176518151,17.46971266060271,14.986735344599822,1,20.374701315102328,-17.89172399909944,13.162582420500613,1,p1a_catchup
tslax,2026-07-08T08:35:00Z,60,premarket,0,6.443397636397563,23.913110297000273,-17.46971266060271,-49.73997678580311,30.00809176518151,17.46971266060271,1.8991421106040463,1,25.684360871300882,-6.315506100094126,-2.263325337494848,1,p1a_catchup
tslax,2026-07-08T09:05:00Z,5,premarket,0,1.7142560577987354,16.700991402398557,-14.986735344599822,-40.210871169099605,13.771876203900947,14.986735344599822,10.688538185599228,1,13.112715054095503,-8.814517895094909,10.003062224503978,1,p1a_catchup
tslax,2026-07-08T09:05:00Z,15,premarket,0,1.7142560577987354,16.700991402398557,-14.986735344599822,-40.210871169099605,13.771876203900947,14.986735344599822,1.3001711429971863,1,17.086781498001358,-3.400217296398722,2.9469659687997307,1,p1a_catchup
tslax,2026-07-08T09:05:00Z,30,premarket,0,1.7142560577987354,16.700991402398557,-14.986735344599822,-40.210871169099605,13.771876203900947,14.986735344599822,1.8991421106040463,1,5.309659556198554,11.576217899005314,-15.42590775799546,0,xstock_reversion
tslax,2026-07-08T09:05:00Z,60,premarket,0,1.7142560577987354,16.700991402398557,-14.986735344599822,-40.210871169099605,13.771876203900947,14.986735344599822,1.3348544520930261,1,20.121129807701976,-6.46924891519518,6.4743917404008755,1,p1a_catchup
tslax,2026-07-08T11:00:00Z,5,premarket,0,0.8741948908053132,12.394360649095049,-13.268555539900362,-26.271128918402553,12.03537169395888,13.268555539900362,10.169231484198349,1,12.043914382697807,-8.944590326995794,11.082566244402514,1,p1a_catchup
tslax,2026-07-08T11:00:00Z,15,premarket,0,0.8741948908053132,12.394360649095049,-13.268555539900362,-26.271128918402553,12.03537169395888,13.268555539900362,5.442768461003666,1,22.565931093296854,-14.740144014400158,17.132783228399617,1,p1a_catchup
tslax,2026-07-08T11:00:00Z,30,premarket,0,0.8741948908053132,12.394360649095049,-13.268555539900362,-26.271128918402553,12.03537169395888,13.268555539900362,6.1656585129021835,1,28.151391282698057,-8.717177229895512,18.645909602605926,1,p1a_catchup
tslax,2026-07-08T11:00:00Z,60,premarket,0,0.8741948908053132,12.394360649095049,-13.268555539900362,-26.271128918402553,12.03537169395888,13.268555539900362,0.7245921093002039,1,-6.818441876905723,19.36240530750588,-20.369934994297623,0,xstock_reversion
tslax,2026-07-08T11:40:00Z,5,premarket,0,2.2593004288040675,18.281696254902613,16.022395826098546,40.04059036240015,16.958387458770485,16.022395826098546,6.946220669998837,1,9.439127897703514,-0.36295274160380586,-4.020908779605037,1,p1a_catchup
tslax,2026-07-08T11:40:00Z,15,premarket,0,2.2593004288040675,18.281696254902613,16.022395826098546,40.04059036240015,16.958387458770485,16.022395826098546,2.9895569853000126,1,18.43523822909532,-5.402399388296786,5.77722533429359,1,p1a_catchup
tslax,2026-07-08T11:40:00Z,30,premarket,0,2.2593004288040675,18.281696254902613,16.022395826098546,40.04059036240015,16.958387458770485,16.022395826098546,1.0689751681969284,1,29.446303283995334,-12.35493228969986,10.296205125994717,1,p1a_catchup
tslax,2026-07-08T11:40:00Z,60,premarket,0,2.2593004288040675,18.281696254902613,16.022395826098546,40.04059036240015,16.958387458770485,16.022395826098546,0.7355592404056921,1,47.386050685602754,-30.628095619098517,30.85686629829887,1,p1a_catchup
tslax,2026-07-08T13:10:00Z,5,premarket,0,6.110317912897401,20.708926543200334,14.598608630302934,48.5616042203052,17.221599578859735,14.598608630302934,9.293450683900417,1,12.165510090698106,-6.8603521442955895,-0.7483442885991565,1,p1a_catchup
tslax,2026-07-08T13:10:00Z,15,premarket,0,6.110317912897401,20.708926543200334,14.598608630302934,48.5616042203052,17.221599578859735,14.598608630302934,15.727881769098673,0,-2.9654055068029095,33.291895906204516,-31.729006169802787,0,persistent_or_wider
tslax,2026-07-08T13:10:00Z,30,premarket,0,6.110317912897401,20.708926543200334,14.598608630302934,48.5616042203052,17.221599578859735,14.598608630302934,7.610255642305219,1,-46.73330681700172,53.72165980499943,-55.03016076330525,0,xstock_reversion
tslax,2026-07-08T13:10:00Z,60,premarket,0,6.110317912897401,20.708926543200334,14.598608630302934,48.5616042203052,17.221599578859735,14.598608630302934,4.116405530698586,1,-138.51091228230138,157.2259264433029,-161.94278673100195,0,xstock_reversion
tslax,2026-07-08T13:25:00Z,5,premarket,0,7.67320764929913,8.054674119799543,-15.727881769098673,-33.291895906204516,20.013507194895073,15.727881769098673,16.280549694203117,0,42.88088317399463,-43.43355109909908,52.435610690295675,1,persistent_or_wider
tslax,2026-07-08T13:25:00Z,15,premarket,0,7.67320764929913,8.054674119799543,-15.727881769098673,-33.291895906204516,20.013507194895073,15.727881769098673,7.610255642305219,1,43.76790131019881,-20.429763898794917,23.30115459350246,1,p1a_catchup
tslax,2026-07-08T13:25:00Z,30,premarket,0,7.67320764929913,8.054674119799543,-15.727881769098673,-33.291895906204516,20.013507194895073,15.727881769098673,4.468168624898183,1,105.18883924289568,-84.99278884889883,94.7496904128986,1,p1a_catchup
tslax,2026-07-08T13:25:00Z,60,premarket,0,7.67320764929913,8.054674119799543,-15.727881769098673,-33.291895906204516,20.013507194895073,15.727881769098673,3.0838761569995654,1,107.33640584129844,-94.69240022919934,107.93217824559775,1,p1a_catchup
tslax,2026-07-08T13:30:00Z,5,regular,0,1.3288519418974687,17.609401636100586,-16.280549694203117,-83.58579914959918,26.265353918017237,16.280549694203117,6.195911053294978,1,19.829862778903973,-9.745224137995834,13.340886756205705,1,p1a_catchup
tslax,2026-07-08T13:30:00Z,15,regular,0,1.3288519418974687,17.609401636100586,-16.280549694203117,-83.58579914959918,26.265353918017237,16.280549694203117,11.844726311496245,1,31.199022101606744,-26.763198718899872,28.46528781420332,1,p1a_catchup
tslax,2026-07-08T13:30:00Z,30,regular,0,1.3288519418974687,17.609401636100586,-16.280549694203117,-83.58579914959918,26.265353918017237,16.280549694203117,9.112226613403607,1,86.83638526060022,-79.66806217980071,84.49847241060127,1,p1a_catchup
tslax,2026-07-08T13:30:00Z,60,regular,0,1.3288519418974687,17.609401636100586,-16.280549694203117,-83.58579914959918,26.265353918017237,16.280549694203117,3.345893048996018,1,75.06970255530376,-62.135045910096665,64.85745312720503,1,p1a_catchup
tslax,2026-07-08T13:45:00Z,5,regular,0,3.0309410372009182,14.875667348697164,-11.844726311496245,-26.763198718899872,30.330578183542816,11.844726311496245,13.965684912307097,0,40.72026990159294,-42.841228502403794,41.33046828320275,1,persistent_or_wider
tslax,2026-07-08T13:45:00Z,15,regular,0,3.0309410372009182,14.875667348697164,-11.844726311496245,-26.763198718899872,30.330578183542816,11.844726311496245,9.112226613403607,1,55.63736315899348,-52.90486346090084,56.033184596397945,1,p1a_catchup
tslax,2026-07-08T13:45:00Z,30,regular,0,3.0309410372009182,14.875667348697164,-11.844726311496245,-26.763198718899872,30.330578183542816,11.844726311496245,3.151457591705764,1,70.54745616349223,-61.85418744370175,57.68225065799548,1,p1a_catchup
tslax,2026-07-08T13:45:00Z,60,regular,0,3.0309410372009182,14.875667348697164,-11.844726311496245,-26.763198718899872,30.330578183542816,11.844726311496245,12.81775475120206,0,103.34007377159615,-104.31310221130197,109.32119882739677,1,persistent_or_wider
tslax,2026-07-08T13:50:00Z,5,regular,0,1.5201808179998721,15.48586573030697,-13.965684912307097,-59.85920308330783,31.262466469518685,13.965684912307097,4.468168624898183,1,-9.611335934298637,28.045189471503917,-27.481676374803143,0,xstock_reversion
tslax,2026-07-08T13:50:00Z,15,regular,0,1.5201808179998721,15.48586573030697,-13.965684912307097,-59.85920308330783,31.262466469518685,13.965684912307097,2.706639133700506,1,10.08908267190023,6.583241374107374,-8.98842326350291,0,p1a_catchup
tslax,2026-07-08T13:50:00Z,30,regular,0,1.5201808179998721,15.48586573030697,-13.965684912307097,-59.85920308330783,31.262466469518685,13.965684912307097,15.669433132803334,0,-12.704731337995767,42.3398493831062,-47.130859341706355,0,persistent_or_wider
tslax,2026-07-08T13:50:00Z,60,regular,0,1.5201808179998721,15.48586573030697,-13.965684912307097,-59.85920308330783,31.262466469518685,13.965684912307097,4.695769501399383,1,53.29218147000603,-34.63072705629955,35.14496141269419,1,p1a_catchup
tslax,2026-07-08T14:20:00Z,5,regular,0,3.2708291406002843,18.94026227340362,15.669433132803334,35.756608008998825,35.64472884200034,15.669433132803334,3.0838761569995654,1,-5.2409620020998915,23.99427129190279,-32.831670799602364,0,xstock_reversion
tslax,2026-07-08T14:20:00Z,15,regular,0,3.2708291406002843,18.94026227340362,15.669433132803334,35.756608008998825,35.64472884200034,15.669433132803334,5.511285444299574,1,-32.18227399210072,53.36299256920363,-58.789860269605754,0,xstock_reversion
tslax,2026-07-08T14:20:00Z,30,regular,0,3.2708291406002843,18.94026227340362,15.669433132803334,35.756608008998825,35.64472884200034,15.669433132803334,4.695769501399383,1,-65.9969128080018,76.97057643940575,-82.27582075440054,0,xstock_reversion
tslax,2026-07-08T14:20:00Z,60,regular,0,3.2708291406002843,18.94026227340362,15.669433132803334,35.756608008998825,35.64472884200034,15.669433132803334,4.503466003500378,1,-107.6296878053995,127.80258694170321,-130.4380828389995,0,xstock_reversion
tslax,2026-07-08T14:45:00Z,5,regular,0,8.039037653295722,20.85679240449778,-12.81775475120206,-68.94125502010517,36.91431321241372,12.81775475120206,4.695769501399383,1,-9.327622399997182,26.841146652598624,-32.845769131499836,0,xstock_reversion
tslax,2026-07-08T14:45:00Z,15,regular,0,8.039037653295722,20.85679240449778,-12.81775475120206,-68.94125502010517,36.91431321241372,12.81775475120206,5.880221998602053,1,19.083760244198444,-12.146227491598438,11.123246011006671,1,p1a_catchup
tslax,2026-07-08T14:45:00Z,30,regular,0,8.039037653295722,20.85679240449778,-12.81775475120206,-68.94125502010517,36.91431321241372,12.81775475120206,6.252159843800342,1,20.479551100098803,-1.409636505096401,-3.31493124550164,1,p1a_catchup
tslax,2026-07-08T14:45:00Z,60,regular,0,8.039037653295722,20.85679240449778,-12.81775475120206,-68.94125502010517,36.91431321241372,12.81775475120206,1.0875939622945197,1,7.544723154797595,6.360625558698985,-14.80413465949404,0,p1a_catchup
tslax,2026-07-09T11:25:00Z,5,premarket,0,1.5214355293036164,11.753388341899651,-13.274823871203267,-31.937062014604223,13.42614334009549,13.274823871203267,1.4221753704024565,1,-0.018520144093869817,14.715519385699594,-12.682309879998854,0,xstock_reversion
tslax,2026-07-09T11:25:00Z,15,premarket,0,1.5214355293036164,11.753388341899651,-13.274823871203267,-31.937062014604223,13.42614334009549,13.274823871203267,2.4689119836018847,1,3.5660511911039805,12.177684663701172,-8.625720401900239,0,xstock_reversion
tslax,2026-07-09T11:25:00Z,30,premarket,0,1.5214355293036164,11.753388341899651,-13.274823871203267,-31.937062014604223,13.42614334009549,13.274823871203267,2.091864432802737,1,-9.452547758792562,24.819236062798566,-21.297102517596755,0,xstock_reversion
tslax,2026-07-09T11:25:00Z,60,premarket,0,1.5214355293036164,11.753388341899651,-13.274823871203267,-31.937062014604223,13.42614334009549,13.274823871203267,13.465022080199063,0,-19.477568854293636,19.28737064529784,-29.904480077398432,0,persistent_or_wider
tslax,2026-07-09T12:20:00Z,5,premarket,0,5.1877817047074615,7.118660350196038,12.3064420549035,20.347867163001965,12.660324372660758,12.3064420549035,13.465022080199063,0,-13.040949082103737,38.8124132172063,-21.48608655109463,0,persistent_or_wider
tslax,2026-07-09T12:20:00Z,15,premarket,0,5.1877817047074615,7.118660350196038,12.3064420549035,20.347867163001965,12.660324372660758,12.3064420549035,0.15628584350224628,1,-17.61706867210222,29.767224883503474,-31.106584014493066,0,xstock_reversion
tslax,2026-07-09T12:20:00Z,30,premarket,0,5.1877817047074615,7.118660350196038,12.3064420549035,20.347867163001965,12.660324372660758,12.3064420549035,0.5240690094954203,1,-31.73306428569944,43.51543733110752,-37.947829387992016,0,xstock_reversion
tslax,2026-07-09T12:20:00Z,60,premarket,0,5.1877817047074615,7.118660350196038,12.3064420549035,20.347867163001965,12.660324372660758,12.3064420549035,3.796618144402686,1,-22.849333516301584,38.95239371560777,-35.66689419459479,0,xstock_reversion
tslax,2026-07-09T12:25:00Z,5,premarket,1,12.138544961404207,1.3264771187948554,-13.465022080199063,-11.383164440701421,22.2481228701886,13.465022080199063,3.334082659796067,1,3.610635448900723,6.520303971502273,11.40890458770194,1,xstock_reversion
tslax,2026-07-09T12:25:00Z,15,premarket,1,12.138544961404207,1.3264771187948554,-13.465022080199063,-11.383164440701421,22.2481228701886,13.465022080199063,11.317873489797847,1,17.063506669900974,-14.916358079499759,32.39209910880447,1,p1a_catchup
tslax,2026-07-09T12:25:00Z,30,premarket,1,12.138544961404207,1.3264771187948554,-13.465022080199063,-11.383164440701421,22.2481228701886,13.465022080199063,0.5147884909995071,1,18.04827821069388,-4.06846763949531,16.953479257102444,1,p1a_catchup
tslax,2026-07-09T12:25:00Z,60,premarket,1,12.138544961404207,1.3264771187948554,-13.465022080199063,-11.383164440701421,22.2481228701886,13.465022080199063,11.30991740329712,1,22.204549224698056,-20.049444547796114,32.18900496960053,1,p1a_catchup
tslax,2026-07-09T12:40:00Z,5,premarket,0,5.337196067900507,16.655069557698354,-11.317873489797847,-14.916358079499759,22.908071878122566,11.317873489797847,0.03015247219906314,1,2.088341563792895,9.19937945380589,-13.902421463098946,0,xstock_reversion
tslax,2026-07-09T12:40:00Z,15,premarket,0,5.337196067900507,16.655069557698354,-11.317873489797847,-14.916358079499759,22.908071878122566,11.317873489797847,0.5147884909995071,1,0.9847715407929059,10.847890440004448,-15.438619851702029,0,xstock_reversion
tslax,2026-07-09T12:40:00Z,30,premarket,0,5.337196067900507,16.655069557698354,-11.317873489797847,-14.916358079499759,22.908071878122566,11.317873489797847,2.2870169772026827,1,-11.301267134200543,24.906157601201073,-29.46389068450017,0,xstock_reversion
tslax,2026-07-09T12:40:00Z,60,premarket,0,5.337196067900507,16.655069557698354,-11.317873489797847,-14.916358079499759,22.908071878122566,11.317873489797847,10.02569674949605,1,5.633271946994256,15.71029829229964,-33.28026251020688,0,xstock_reversion
tslax,2026-07-09T13:25:00Z,5,premarket,0,0.0010154604002110545,11.310932863697332,-11.30991740329712,-30.03924406949743,11.623773319445736,11.30991740329712,13.603468785898798,0,36.39558810779597,-38.68913949039765,46.05547510419861,1,persistent_or_wider
tslax,2026-07-09T13:25:00Z,15,premarket,0,0.0010154604002110545,11.310932863697332,-11.30991740329712,-30.03924406949743,11.623773319445736,11.30991740329712,10.02569674949605,1,0.4922293921971743,20.843384760595995,-33.07716837100294,0,xstock_reversion
tslax,2026-07-09T13:25:00Z,30,premarket,0,0.0010154604002110545,11.310932863697332,-11.30991740329712,-30.03924406949743,11.623773319445736,11.30991740329712,8.758037497997861,1,-14.95099903180197,35.01895393309695,-38.0074445271017,0,xstock_reversion
tslax,2026-07-09T13:25:00Z,60,premarket,0,0.0010154604002110545,11.310932863697332,-11.30991740329712,-30.03924406949743,11.623773319445736,11.30991740329712,11.815316371501794,0,1.4816112596971465,21.643622515101768,-15.600528254902102,0,persistent_or_wider
tslax,2026-07-09T13:30:00Z,5,regular,0,7.367351074201167,20.970819860099965,-13.603468785898798,-68.40993751350055,18.286962730301852,13.603468785898798,4.26733290040282,1,-8.149289139698368,26.020090825999986,-31.066206136696195,0,xstock_reversion
tslax,2026-07-09T13:30:00Z,15,regular,0,7.367351074201167,20.970819860099965,-13.603468785898798,-68.40993751350055,18.286962730301852,13.603468785898798,2.9159761948971408,1,-31.681695866394577,42.369188457396234,-59.50128165840063,0,xstock_reversion
tslax,2026-07-09T13:30:00Z,30,regular,0,7.367351074201167,20.970819860099965,-13.603468785898798,-68.40993751350055,18.286962730301852,13.603468785898798,17.484705945198797,0,-101.16657673099994,132.25475146209754,-149.60221298649935,0,persistent_or_wider
tslax,2026-07-09T13:30:00Z,60,regular,0,7.367351074201167,20.970819860099965,-13.603468785898798,-68.40993751350055,18.286962730301852,13.603468785898798,7.005627100200584,1,-16.720717830800425,23.318559516498638,-29.159180010998043,0,xstock_reversion
tslax,2026-07-09T14:00:00Z,5,regular,0,9.980110450200641,27.46481639539944,17.484705945198797,89.8855630047013,27.276522588123193,17.484705945198797,4.284858765801758,1,-7.088176875198471,28.857741586199026,-43.558461453203634,0,xstock_reversion
tslax,2026-07-09T14:00:00Z,15,regular,0,9.980110450200641,27.46481639539944,17.484705945198797,89.8855630047013,27.276522588123193,17.484705945198797,14.474281799303768,1,-101.66994803340046,133.62893577790302,-141.189532286905,0,xstock_reversion
tslax,2026-07-09T14:00:00Z,30,regular,0,9.980110450200641,27.46481639539944,17.484705945198797,89.8855630047013,27.276522588123193,17.484705945198797,7.005627100200584,1,-84.44585890019951,108.93619194559889,-120.4430329755013,0,xstock_reversion
tslax,2026-07-09T14:00:00Z,60,regular,0,9.980110450200641,27.46481639539944,17.484705945198797,89.8855630047013,27.276522588123193,17.484705945198797,5.976110765004705,1,-18.791551736505596,30.30014691669969,-41.54241406240544,0,xstock_reversion
tslax,2026-07-09T14:10:00Z,5,regular,0,3.749028500195095,14.873402267099323,-18.622430767294418,-37.11901089939573,44.818455579550836,18.622430767294418,14.474281799303768,1,42.111415807895014,-37.963266839904364,39.2927813989008,1,p1a_catchup
tslax,2026-07-09T14:10:00Z,15,regular,0,3.749028500195095,14.873402267099323,-18.622430767294418,-37.11901089939573,44.818455579550836,18.622430767294418,11.815316371501794,1,6.694067657395664,23.743679481400548,-13.950541260605576,0,xstock_reversion
tslax,2026-07-09T14:10:00Z,30,regular,0,3.749028500195095,14.873402267099323,-18.622430767294418,-37.11901089939573,44.818455579550836,18.622430767294418,1.4036199863998178,1,4.072073489593819,13.14673729130078,-3.1722869282013733,1,xstock_reversion
tslax,2026-07-09T14:10:00Z,60,regular,0,3.749028500195095,14.873402267099323,-18.622430767294418,-37.11901089939573,44.818455579550836,18.622430767294418,3.6209021967081867,1,-24.51693929250709,39.51846786309332,-35.21933353930251,0,xstock_reversion
tslax,2026-07-09T14:15:00Z,5,regular,0,2.419513941198659,12.054767858105109,-14.474281799303768,-133.62893577790302,46.816490995641445,14.474281799303768,1.957924961804025,1,-3.3224154822963925,19.754622243404185,-14.005426208001381,0,xstock_reversion
tslax,2026-07-09T14:15:00Z,15,regular,0,2.419513941198659,12.054767858105109,-14.474281799303768,-133.62893577790302,46.816490995641445,14.474281799303768,7.005627100200584,1,-17.22408913320095,24.69274383230413,-20.74649931140371,0,xstock_reversion
tslax,2026-07-09T14:15:00Z,30,regular,0,2.419513941198659,12.054767858105109,-14.474281799303768,-133.62893577790302,46.816490995641445,14.474281799303768,3.3918096665974673,1,-46.031741380501145,63.89783284640238,-61.79425665740368,0,xstock_reversion
tslax,2026-07-09T14:15:00Z,60,regular,0,2.419513941198659,12.054767858105109,-14.474281799303768,-133.62893577790302,46.816490995641445,14.474281799303768,3.247376617494524,1,-57.039686313693494,68.26659149550274,-67.04787021990732,0,xstock_reversion
tslax,2026-07-09T14:25:00Z,5,regular,1,6.044109720599877,5.771206650901917,11.815316371501794,23.743679481400548,49.56897258750883,11.815316371501794,7.005627100200584,1,-18.193259017298402,37.01420248900078,-32.496823348102666,0,xstock_reversion
tslax,2026-07-09T14:25:00Z,15,regular,1,6.044109720599877,5.771206650901917,11.815316371501794,23.743679481400548,49.56897258750883,11.815316371501794,1.4036199863998178,1,2.6219941678018444,10.596942190099767,-10.778254332404202,0,xstock_reversion
tslax,2026-07-09T14:25:00Z,30,regular,1,6.044109720599877,5.771206650901917,11.815316371501794,23.743679481400548,49.56897258750883,11.815316371501794,4.127713666601807,1,30.371341755097703,-22.683739050197715,28.98020871699991,1,p1a_catchup
tslax,2026-07-09T14:25:00Z,60,regular,1,6.044109720599877,5.771206650901917,11.815316371501794,23.743679481400548,49.56897258750883,11.815316371501794,2.8138827302015557,1,32.82263765179927,-23.82120401049903,32.26523534269887,1,p1a_catchup
tslax,2026-07-09T15:45:00Z,5,regular,0,9.467633410507048,26.528770725802175,17.061137315295127,89.93606763930018,22.01751415347871,17.061137315295127,0.5650832093007097,1,2.9310728286002785,14.695147695995558,-14.265516165501424,1,xstock_reversion
tslax,2026-07-09T15:45:00Z,15,regular,0,9.467633410507048,26.528770725802175,17.061137315295127,89.93606763930018,22.01751415347871,17.061137315295127,5.173256456698638,1,26.731398002199924,-14.843517143603435,2.7681550323954696,1,p1a_catchup
tslax,2026-07-09T15:45:00Z,30,regular,0,9.467633410507048,26.528770725802175,17.061137315295127,89.93606763930018,22.01751415347871,17.061137315295127,5.571826002004343,1,57.56493154789766,-46.07562023460687,37.69303398099666,1,p1a_catchup
tslax,2026-07-09T15:45:00Z,60,regular,0,9.467633410507048,26.528770725802175,17.061137315295127,89.93606763930018,22.01751415347871,17.061137315295127,7.641416771102527,1,68.28409552349868,-58.86437497930608,50.88942556299436,1,p1a_catchup
tslax,2026-07-09T16:25:00Z,5,regular,1,8.414077478704485,4.671909312596867,-13.085986791301352,-57.77739560610229,28.11358468359696,13.085986791301352,1.9795854778958955,1,6.204555623101626,4.90184569030383,5.520564241496828,1,p1a_catchup
tslax,2026-07-09T16:25:00Z,15,regular,1,8.414077478704485,4.671909312596867,-13.085986791301352,-57.77739560610229,28.11358468359696,13.085986791301352,10.973149865698417,1,-44.88134773160013,68.9404843885999,-62.021906414200245,0,xstock_reversion
tslax,2026-07-09T16:25:00Z,30,regular,1,8.414077478704485,4.671909312596867,-13.085986791301352,-57.77739560610229,28.11358468359696,13.085986791301352,0.4601185114960771,1,-73.58062889050387,87.1267341933013,-78.7120344679959,0,xstock_reversion
tslax,2026-07-09T16:25:00Z,60,regular,1,8.414077478704485,4.671909312596867,-13.085986791301352,-57.77739560610229,28.11358468359696,13.085986791301352,0.4244202327008395,1,-142.06161870510493,154.72318526370543,-145.45498174239668,0,xstock_reversion
tslax,2026-07-09T17:00:00Z,5,regular,0,0.6192400675963938,13.86803812760462,14.487278195201014,52.24853938469387,21.312407128095995,14.487278195201014,0.8028541932958433,1,0.1438484401017348,15.146283948395123,-6.68937015710469,0,xstock_reversion
tslax,2026-07-09T17:00:00Z,15,regular,0,0.6192400675963938,13.86803812760462,14.487278195201014,52.24853938469387,21.312407128095995,14.487278195201014,10.185921018104338,1,33.47188486070074,-29.170527683604064,30.89969952109861,1,p1a_catchup
tslax,2026-07-09T17:00:00Z,30,regular,0,0.6192400675963938,13.86803812760462,14.487278195201014,52.24853938469387,21.312407128095995,14.487278195201014,4.691986282905347,1,15.713637074608044,3.465627403498317,0.0,1,p1a_catchup
tslax,2026-07-09T17:00:00Z,60,regular,0,0.6192400675963938,13.86803812760462,14.487278195201014,52.24853938469387,21.312407128095995,14.487278195201014,2.437866926996435,1,32.75686297190106,-15.831717849703608,16.00066045989834,1,p1a_catchup
tslax,2026-07-09T19:55:00Z,5,regular,0,5.18244353419739,17.886884866200603,12.704441332003213,38.07737608860329,30.789763846701508,12.704441332003213,6.248470110898907,1,9.477597446201358,-3.0216262250970516,4.672265272995801,1,p1a_catchup
tslax,2026-07-09T19:55:00Z,15,regular,0,5.18244353419739,17.886884866200603,12.704441332003213,38.07737608860329,30.789763846701508,12.704441332003213,2.1787560433050857,1,22.593793865794964,-12.068108577096837,5.9014460256001655,1,p1a_catchup
tslax,2026-07-09T19:55:00Z,30,regular,0,5.18244353419739,17.886884866200603,12.704441332003213,38.07737608860329,30.789763846701508,12.704441332003213,7.667284034598154,1,20.30927898029944,0.06244638630192867,-0.2238317061031836,1,p1a_catchup
tslax,2026-07-09T19:55:00Z,60,regular,0,5.18244353419739,17.886884866200603,12.704441332003213,38.07737608860329,30.789763846701508,12.704441332003213,3.446124199903977,1,16.656670192496392,-7.398353060397156,-0.20661370459862383,1,p1a_catchup
tslax,2026-07-10T08:35:00Z,5,premarket,0,1.239834516297833,10.0784089262973,-11.318243442595133,-34.80193768129247,8.672521702229563,11.318243442595133,8.047599870293354,1,9.564501720902285,-6.293858148600506,12.919898437999677,1,p1a_catchup
tslax,2026-07-10T08:35:00Z,15,premarket,0,1.239834516297833,10.0784089262973,-11.318243442595133,-34.80193768129247,8.672521702229563,11.318243442595133,1.0027637936982359,1,7.850825982798071,4.470181253495298,-6.20555292769609,0,p1a_catchup
tslax,2026-07-10T08:35:00Z,30,premarket,0,1.239834516297833,10.0784089262973,-11.318243442595133,-34.80193768129247,8.672521702229563,11.318243442595133,2.4391387621047755,1,10.492013527798605,-1.6129088473082476,10.819278747504768,1,p1a_catchup
tslax,2026-07-10T08:35:00Z,60,premarket,0,1.239834516297833,10.0784089262973,-11.318243442595133,-34.80193768129247,8.672521702229563,11.318243442595133,8.614552075103532,1,-19.189124242098288,39.12191975979695,-38.16514756199929,0,xstock_reversion
tslax,2026-07-10T13:25:00Z,5,premarket,0,15.603653777702675,47.15053029490157,31.546876517198896,56.132001571400636,27.943448557536048,31.546876517198896,11.226358013800564,1,34.706613149797505,-14.386094646399172,3.3117582328934247,1,p1a_catchup
tslax,2026-07-10T13:25:00Z,15,premarket,0,15.603653777702675,47.15053029490157,31.546876517198896,56.132001571400636,27.943448557536048,31.546876517198896,4.187046907793146,1,-24.614351645197985,51.974181254603735,-65.85361343200091,0,xstock_reversion
tslax,2026-07-10T13:25:00Z,30,premarket,0,15.603653777702675,47.15053029490157,31.546876517198896,56.132001571400636,27.943448557536048,31.546876517198896,0.9740083400977539,1,31.362757443202938,-0.7898892661017953,-18.28310054290405,1,p1a_catchup
tslax,2026-07-10T13:25:00Z,60,premarket,0,15.603653777702675,47.15053029490157,31.546876517198896,56.132001571400636,27.943448557536048,31.546876517198896,0.45611177180049367,1,-20.199463782297755,51.29022852769616,-73.70184859520457,0,xstock_reversion
tslax,2026-07-10T13:35:00Z,5,regular,0,2.838893997703096,28.016462856603752,-25.177568858900656,-21.86974857429469,54.76308097212339,25.177568858900656,4.187046907793146,1,-6.728972492000551,36.09358825869435,-40.65670385670295,0,xstock_reversion
tslax,2026-07-10T13:35:00Z,15,regular,0,2.838893997703096,28.016462856603752,-25.177568858900656,-21.86974857429469,54.76308097212339,25.177568858900656,7.29276473079743,1,-58.65731644630223,91.12765003600032,-94.87394347770461,0,xstock_reversion
tslax,2026-07-10T13:35:00Z,30,regular,0,2.838893997703096,28.016462856603752,-25.177568858900656,-21.86974857429469,54.76308097212339,25.177568858900656,7.956606140497868,1,-71.32897151199913,104.46314651139765,-102.85637037640072,0,xstock_reversion
tslax,2026-07-10T13:35:00Z,60,regular,0,2.838893997703096,28.016462856603752,-25.177568858900656,-21.86974857429469,54.76308097212339,25.177568858900656,6.493344181199845,1,-11.332254655496143,43.003167695596645,-51.070627600005025,0,xstock_reversion
tslax,2026-07-10T14:20:00Z,5,regular,0,4.251754003403718,17.804964824099656,-13.553210820695938,-79.93798490409709,26.267058797978642,13.553210820695938,0.45611177180049367,1,1.7569432141950614,12.25237937830137,-9.696167091899355,1,xstock_reversion
tslax,2026-07-10T14:20:00Z,15,regular,0,4.251754003403718,17.804964824099656,-13.553210820695938,-79.93798490409709,26.267058797978642,13.553210820695938,6.493344181199845,1,1.5685489135996988,18.478006088296084,-27.958325998405087,0,xstock_reversion
tslax,2026-07-10T14:20:00Z,30,regular,0,4.251754003403718,17.804964824099656,-13.553210820695938,-79.93798490409709,26.267058797978642,13.553210820695938,8.729515994794212,1,1.0058265208012784,3.817868305100447,-3.0694242615059153,1,xstock_reversion
tslax,2026-07-10T14:20:00Z,60,regular,0,4.251754003403718,17.804964824099656,-13.553210820695938,-79.93798490409709,26.267058797978642,13.553210820695938,12.518838561996759,1,-15.092015529400982,41.16406491209368,-47.04276818820574,0,xstock_reversion
tslax,2026-07-10T15:20:00Z,5,regular,0,1.6269492727083446,14.145787834705104,12.518838561996759,58.31677669239532,24.697666857909542,12.518838561996759,5.7307169581033435,1,18.06642514569745,-11.278303541804036,11.359959202099645,1,p1a_catchup
tslax,2026-07-10T15:20:00Z,15,regular,0,1.6269492727083446,14.145787834705104,12.518838561996759,58.31677669239532,24.697666857909542,12.518838561996759,10.9105235944007,1,6.888055274600902,16.541306881796558,-16.146002480104116,0,xstock_reversion
tslax,2026-07-10T15:20:00Z,30,regular,0,1.6269492727083446,14.145787834705104,12.518838561996759,58.31677669239532,24.697666857909542,12.518838561996759,10.700291662502082,1,16.88158914020299,-15.063042240708313,15.143746329799868,1,p1a_catchup
tslax,2026-07-10T15:20:00Z,60,regular,0,1.6269492727083446,14.145787834705104,12.518838561996759,58.31677669239532,24.697666857909542,12.518838561996759,2.12284982829658,1,59.24610376330186,-44.60441537300852,37.81401734449297,1,p1a_catchup
tslax,2026-07-10T17:10:00Z,5,regular,0,1.6430623017971158,13.372089798302511,-11.729027496505395,-78.72229485140103,20.334722963047593,11.729027496505395,0.8160899406028932,1,4.4895441078018905,6.423393448100612,-4.15581881719973,1,xstock_reversion
tslax,2026-07-10T17:10:00Z,15,regular,0,1.6430623017971158,13.372089798302511,-11.729027496505395,-78.72229485140103,20.334722963047593,11.729027496505395,0.3285322662005541,1,-15.110467484191759,27.168027246897708,-29.66401296309762,0,xstock_reversion
tslax,2026-07-10T17:10:00Z,30,regular,0,1.6430623017971158,13.372089798302511,-11.729027496505395,-78.72229485140103,20.334722963047593,11.729027496505395,4.00407163620109,1,12.640687903306969,-4.915732043002663,8.072111295298612,1,p1a_catchup
tslax,2026-07-10T17:10:00Z,60,regular,0,1.6430623017971158,13.372089798302511,-11.729027496505395,-78.72229485140103,20.334722963047593,11.729027496505395,5.018439530903862,1,-20.663202362491973,37.41066938990123,-38.80183014810079,0,xstock_reversion
tslax,2026-07-13T08:05:00Z,5,premarket,0,3.8675901650986333,16.03130689739274,12.163716732294105,30.438444914899776,9.042374095484723,12.163716732294105,3.9204760469946365,1,6.031065160199134,2.212175525100335,-2.4825600285982574,1,p1a_catchup
tslax,2026-07-13T08:05:00Z,15,premarket,0,3.8675901650986333,16.03130689739274,12.163716732294105,30.438444914899776,9.042374095484723,12.163716732294105,3.8625148896009875,1,7.8492628822957045,8.176968739599388,-12.170437278395951,0,xstock_reversion
tslax,2026-07-13T08:05:00Z,30,premarket,0,3.8675901650986333,16.03130689739274,12.163716732294105,30.438444914899776,9.042374095484723,12.163716732294105,0.6584676053922323,1,5.693082692399543,5.8121664345023305,-3.9723919286949183,1,xstock_reversion
tslax,2026-07-13T08:05:00Z,60,premarket,0,3.8675901650986333,16.03130689739274,12.163716732294105,30.438444914899776,9.042374095484723,12.163716732294105,4.157595389102653,1,5.053766096994039,11.26754602440272,-16.893574523599852,0,xstock_reversion
tslax,2026-07-13T11:00:00Z,5,premarket,0,10.298797766097323,27.878257422697672,17.57945965660035,45.651512323798826,13.067312027814614,17.57945965660035,9.57216037440034,1,13.339169812400797,-5.3318705302007885,-5.1521677838017865,1,p1a_catchup
tslax,2026-07-13T11:00:00Z,15,premarket,0,10.298797766097323,27.878257422697672,17.57945965660035,45.651512323798826,13.067312027814614,17.57945965660035,5.479495600599904,1,8.793562492801499,14.265392764398754,-24.72994383979632,0,xstock_reversion
tslax,2026-07-13T11:00:00Z,30,premarket,0,10.298797766097323,27.878257422697672,17.57945965660035,45.651512323798826,13.067312027814614,17.57945965660035,0.07330265090033095,1,7.996183516700839,9.656578790799841,-17.488710182300693,1,xstock_reversion
tslax,2026-07-13T11:00:00Z,60,premarket,0,10.298797766097323,27.878257422697672,17.57945965660035,45.651512323798826,13.067312027814614,17.57945965660035,6.372957896694231,1,-5.973357055903961,29.92577460919854,-39.73291114879984,0,xstock_reversion
tslax,2026-07-13T13:25:00Z,5,premarket,0,0.8664589407025858,13.102427672997408,12.235968732294822,17.904975997797834,13.239186881805727,12.235968732294822,22.701281037198484,0,-56.78666185540138,91.72391162489468,-104.34358805720301,0,persistent_or_wider
tslax,2026-07-13T13:25:00Z,15,premarket,0,0.8664589407025858,13.102427672997408,12.235968732294822,17.904975997797834,13.239186881805727,12.235968732294822,4.071154777101071,1,-169.62427583590232,185.93139934529825,-189.23917038979886,0,xstock_reversion
tslax,2026-07-13T13:25:00Z,30,premarket,0,0.8664589407025858,13.102427672997408,12.235968732294822,17.904975997797834,13.239186881805727,12.235968732294822,4.728895856400683,1,-215.2652679446021,222.77234082049625,-228.693782580498,0,xstock_reversion
tslax,2026-07-13T13:25:00Z,60,premarket,0,0.8664589407025858,13.102427672997408,12.235968732294822,17.904975997797834,13.239186881805727,12.235968732294822,16.35727305689727,0,-189.38995980129823,185.2686554766958,-170.490150189595,0,persistent_or_wider
tslax,2026-07-13T13:30:00Z,5,regular,0,11.753217491605739,34.45449852880422,-22.701281037198484,-68.04660823429565,40.45382408284209,22.701281037198484,32.70048382030488,0,94.92450090229809,-104.92370368540449,100.64967062519692,1,persistent_or_wider
tslax,2026-07-13T13:30:00Z,15,regular,0,11.753217491605739,34.45449852880422,-22.701281037198484,-68.04660823429565,40.45382408284209,22.701281037198484,13.563567417396172,1,151.0459828454014,-141.90826922559907,118.57647852169251,1,p1a_catchup
tslax,2026-07-13T13:30:00Z,30,regular,0,11.753217491605739,34.45449852880422,-22.701281037198484,-68.04660823429565,40.45382408284209,22.701281037198484,1.640417769097624,1,163.02178390589893,-141.9609206377981,128.70290803840055,1,p1a_catchup
tslax,2026-07-13T13:30:00Z,60,regular,0,11.753217491605739,34.45449852880422,-22.701281037198484,-68.04660823429565,40.45382408284209,22.701281037198484,11.89995949579803,1,94.64442186770228,-60.043181334705764,47.0612663910952,1,p1a_catchup
tslax,2026-07-13T13:35:00Z,5,regular,0,7.479184431398167,40.17966825170305,-32.70048382030488,-168.83423942660514,53.82562731591095,32.70048382030488,4.071154777101071,1,17.91311307820287,10.716215965000941,-15.754088292601054,1,p1a_catchup
tslax,2026-07-13T13:35:00Z,15,regular,0,7.479184431398167,40.17966825170305,-32.70048382030488,-168.83423942660514,53.82562731591095,32.70048382030488,6.781523410399615,1,75.0105659385003,-49.09160552859504,43.61050781380271,1,p1a_catchup
tslax,2026-07-13T13:35:00Z,30,regular,0,7.479184431398167,40.17966825170305,-32.70048382030488,-168.83423942660514,53.82562731591095,32.70048382030488,1.7365239620037443,1,63.36908124060514,-28.932073458296514,27.53465673049682,1,p1a_catchup
tslax,2026-07-13T13:35:00Z,60,regular,0,7.479184431398167,40.17966825170305,-32.70048382030488,-168.83423942660514,53.82562731591095,32.70048382030488,5.2541632357971935,1,-16.871007938599192,54.82565499470127,-66.12633310639993,0,xstock_reversion
tslax,2026-07-13T13:45:00Z,5,regular,1,11.578573212300824,1.9849942050953473,-13.563567417396172,-141.90826922559907,55.23823062305952,13.563567417396172,6.781523410399615,1,18.889083995397016,-12.107039988400459,25.683699917307123,1,p1a_catchup
tslax,2026-07-13T13:45:00Z,15,regular,1,11.578573212300824,1.9849942050953473,-13.563567417396172,-141.90826922559907,55.23823062305952,13.563567417396172,1.640417769097624,1,11.97580106049756,-0.052651412199011816,10.126429516708058,1,p1a_catchup
tslax,2026-07-13T13:45:00Z,30,regular,1,11.578573212300824,1.9849942050953473,-13.563567417396172,-141.90826922559907,55.23823062305952,13.563567417396172,7.123241254101131,1,35.89573617699848,-29.455410013703442,48.6397067769051,1,p1a_catchup
tslax,2026-07-13T13:45:00Z,60,regular,1,11.578573212300824,1.9849942050953473,-13.563567417396172,-141.90826922559907,55.23823062305952,13.563567417396172,0.2712716851949182,1,-61.29268924089715,74.5849849730984,-68.00177319060019,0,xstock_reversion
tslax,2026-07-13T14:25:00Z,5,regular,0,15.64496422780337,32.00223728470064,16.35727305689727,53.059959052701444,29.83760279335138,16.35727305689727,11.89995949579803,1,37.95887607819459,-33.50156251709535,19.085295741296804,1,p1a_catchup
tslax,2026-07-13T14:25:00Z,15,regular,0,15.64496422780337,32.00223728470064,16.35727305689727,53.059959052701444,29.83760279335138,16.35727305689727,4.562230775295717,1,43.59929832279619,-22.6797944906032,11.554985889699054,1,p1a_catchup
tslax,2026-07-13T14:25:00Z,30,regular,0,15.64496422780337,32.00223728470064,16.35727305689727,53.059959052701444,29.83760279335138,16.35727305689727,3.4446009389998977,1,38.34751466389896,-18.545640668001795,-1.2595691762040673,1,p1a_catchup
tslax,2026-07-13T14:25:00Z,60,regular,0,15.64496422780337,32.00223728470064,16.35727305689727,53.059959052701444,29.83760279335138,16.35727305689727,6.618639141393601,1,27.828580099393818,-4.852667901102947,-13.712949236301952,1,p1a_catchup
tslax,2026-07-13T14:30:00Z,5,regular,0,1.2286974520048233,13.128656947802853,11.89995949579803,111.32049790459675,30.234704091554967,11.89995949579803,5.2541632357971935,1,16.590928904003377,-9.945132644002541,12.53792887229821,1,p1a_catchup
tslax,2026-07-13T14:30:00Z,15,regular,0,1.2286974520048233,13.128656947802853,11.89995949579803,111.32049790459675,30.234704091554967,11.89995949579803,0.2712716851949182,1,4.891128263198041,7.280102917794906,-3.5134389399971155,1,xstock_reversion
tslax,2026-07-13T14:30:00Z,30,regular,0,1.2286974520048233,13.128656947802853,11.89995949579803,111.32049790459675,30.234704091554967,11.89995949579803,4.502704075495245,1,-13.214089332000967,29.61675290329424,-31.41376997460199,0,xstock_reversion
tslax,2026-07-13T14:30:00Z,60,regular,0,1.2286974520048233,13.128656947802853,11.89995949579803,111.32049790459675,30.234704091554967,11.89995949579803,2.507020103097446,1,-4.881044417999192,14.273983810699775,-20.093441230804032,0,xstock_reversion
tslax,2026-07-13T15:45:00Z,5,regular,0,0.12572698389945458,12.046900304802932,-12.172627288702387,-51.085200644696016,22.79685473550753,12.172627288702387,3.982147544707715,1,12.928160216798545,-4.7376804728038735,8.338914150201049,1,p1a_catchup
tslax,2026-07-13T15:45:00Z,15,regular,0,0.12572698389945458,12.046900304802932,-12.172627288702387,-51.085200644696016,22.79685473550753,12.172627288702387,5.905391617799793,1,35.68060898980541,-29.413373318902813,36.4391313673007,1,p1a_catchup
tslax,2026-07-13T15:45:00Z,30,regular,0,0.12572698389945458,12.046900304802932,-12.172627288702387,-51.085200644696016,22.79685473550753,12.172627288702387,0.5792512515956361,1,32.51605501260357,-20.922678975496822,32.1303705763043,1,p1a_catchup
tslax,2026-07-13T15:45:00Z,60,regular,0,0.12572698389945458,12.046900304802932,-12.172627288702387,-51.085200644696016,22.79685473550753,12.172627288702387,0.251268477899913,1,62.30878024780395,-49.88488448120165,50.011182639799756,1,p1a_catchup
tslax,2026-07-14T12:30:00Z,5,premarket,0,3.3680599426944013,28.12667596509222,24.758616022397817,62.403834633100175,18.667042721975022,24.758616022397817,7.203645798998792,1,10.921269308097337,6.633700915301688,-6.018808959193933,1,p1a_catchup
tslax,2026-07-14T12:30:00Z,15,premarket,0,3.3680599426944013,28.12667596509222,24.758616022397817,62.403834633100175,18.667042721975022,24.758616022397817,2.080245622497756,1,16.605472228397034,10.23338941649854,-10.033361766792481,1,p1a_catchup
tslax,2026-07-14T12:30:00Z,30,premarket,0,3.3680599426944013,28.12667596509222,24.758616022397817,62.403834633100175,18.667042721975022,24.758616022397817,3.5135970110022896,1,17.8567293135945,3.388289697801028,-5.767952912894003,1,p1a_catchup
tslax,2026-07-14T12:30:00Z,60,premarket,0,3.3680599426944013,28.12667596509222,24.758616022397817,62.403834633100175,18.667042721975022,24.758616022397817,10.60798628319759,1,-4.002342469204834,39.36894477480024,-40.31984963259738,0,xstock_reversion
tslax,2026-07-15T13:30:00Z,5,regular,0,2.644847606001477,38.98717809950547,36.342330493503994,135.87852870240448,48.61645663927333,36.342330493503994,6.051745223398797,1,22.99425483260009,7.296330437505105,-8.159733407007153,1,p1a_catchup
tslax,2026-07-15T13:30:00Z,15,regular,0,2.644847606001477,38.98717809950547,36.342330493503994,135.87852870240448,48.61645663927333,36.342330493503994,16.985400855400457,1,-44.507124285297905,97.83485563420236,-100.85788258660244,0,xstock_reversion
tslax,2026-07-15T13:30:00Z,30,regular,0,2.644847606001477,38.98717809950547,36.342330493503994,135.87852870240448,48.61645663927333,36.342330493503994,3.538107577298888,1,-99.90561377919427,132.70983669539936,-137.8748633753002,0,xstock_reversion
tslax,2026-07-15T13:30:00Z,60,regular,0,2.644847606001477,38.98717809950547,36.342330493503994,135.87852870240448,48.61645663927333,36.342330493503994,1.984822516103435,1,-158.48666440689385,196.81381741650128,-198.1992891154061,0,xstock_reversion
tslax,2026-07-15T13:45:00Z,5,regular,0,0.3781793463986105,17.363580201799067,-16.985400855400457,-97.83485563420236,62.04676279027223,16.985400855400457,21.338362659797383,0,61.31161304340438,-65.6645748478013,61.47990658400104,1,persistent_or_wider
tslax,2026-07-15T13:45:00Z,15,regular,0,0.3781793463986105,17.363580201799067,-16.985400855400457,-97.83485563420236,62.04676279027223,16.985400855400457,3.538107577298888,1,55.39848949389636,-34.87498106119702,37.01698078869775,1,p1a_catchup
tslax,2026-07-15T13:45:00Z,30,regular,0,0.3781793463986105,17.363580201799067,-16.985400855400457,-97.83485563420236,62.04676279027223,16.985400855400457,14.411983095996561,1,101.3078015465041,-98.7343837871002,82.98137030240404,1,p1a_catchup
tslax,2026-07-15T13:45:00Z,60,regular,0,0.3781793463986105,17.363580201799067,-16.985400855400457,-97.83485563420236,62.04676279027223,16.985400855400457,0.11337533940114497,1,136.96629859659913,-120.09427308059983,116.0125512141974,1,p1a_catchup
tslax,2026-07-15T13:50:00Z,5,regular,0,3.8064889174016514,17.53187374239573,-21.338362659797383,-156.20310004449857,68.82712858214582,21.338362659797383,0.2520170923947518,1,3.6482792298997424,17.43806633750289,-13.179780361998183,0,xstock_reversion
tslax,2026-07-15T13:50:00Z,15,regular,0,3.8064889174016514,17.53187374239573,-21.338362659797383,-156.20310004449857,68.82712858214582,21.338362659797383,7.840027237397962,1,-27.535050698306307,56.71344059550165,-47.74116115449978,0,xstock_reversion
tslax,2026-07-15T13:50:00Z,30,regular,0,3.8064889174016514,17.53187374239573,-21.338362659797383,-156.20310004449857,68.82712858214582,21.338362659797383,21.151143761501956,1,97.70274190609385,-97.51552300779842,98.07403179229901,1,p1a_catchup
tslax,2026-07-15T13:50:00Z,60,regular,0,3.8064889174016514,17.53187374239573,-21.338362659797383,-156.20310004449857,68.82712858214582,21.338362659797383,1.760544115896323,1,79.86559975029728,-60.28778120639622,69.45119194170069,1,p1a_catchup
tslax,2026-07-15T14:15:00Z,5,regular,1,15.374834138297544,0.9628510423009828,-14.411983095996561,-63.85940272590318,39.71631186239019,14.411983095996561,21.151143761501956,0,57.70655340299413,-64.44571406849953,76.57256807389601,1,persistent_or_wider
tslax,2026-07-15T14:15:00Z,15,regular,1,15.374834138297544,0.9628510423009828,-14.411983095996561,-63.85940272590318,39.71631186239019,14.411983095996561,1.984822516103435,1,12.671738575091851,-0.2445779951987248,14.360036226399586,1,p1a_catchup
tslax,2026-07-15T14:15:00Z,30,regular,1,15.374834138297544,0.9628510423009828,-14.411983095996561,-63.85940272590318,39.71631186239019,14.411983095996561,0.11337533940114497,1,35.65849705009505,-21.359889293499634,33.031180911793356,1,p1a_catchup
tslax,2026-07-15T14:15:00Z,60,regular,1,15.374834138297544,0.9628510423009828,-14.411983095996561,-63.85940272590318,39.71631186239019,14.411983095996561,5.124006617895915,1,-3.813013120907982,23.34900283480046,-9.033731155003721,0,xstock_reversion
tslax,2026-07-15T14:20:00Z,5,regular,0,3.2479801329010627,17.903163628600893,-21.151143761501956,-154.2289636033001,39.416259836092514,21.151143761501956,18.137700610498797,1,-46.602909744200005,85.89175411620076,-87.39194839879616,0,xstock_reversion
tslax,2026-07-15T14:20:00Z,15,regular,0,3.2479801329010627,17.903163628600893,-21.151143761501956,-154.2289636033001,39.416259836092514,21.151143761501956,4.338155304202118,1,-33.0432904559963,49.85627891329614,-52.56966400329688,0,xstock_reversion
tslax,2026-07-15T14:20:00Z,30,regular,0,3.2479801329010627,17.903163628600893,-21.151143761501956,-154.2289636033001,39.416259836092514,21.151143761501956,1.760544115896323,1,-17.83714215579657,37.2277418014022,-28.622839850598325,0,xstock_reversion
tslax,2026-07-15T14:20:00Z,60,regular,0,3.2479801329010627,17.903163628600893,-21.151143761501956,-154.2289636033001,39.416259836092514,21.151143761501956,1.2100665538028466,1,-59.252421872502126,79.19349908020124,-67.51303027639821,0,xstock_reversion
tslax,2026-07-15T14:25:00Z,5,regular,0,4.7481744154964645,22.88587502599526,18.137700610498797,-26.177429219895743,57.071235238659504,18.137700610498797,1.984822516103435,1,-1.5680949162977242,21.690618042899956,-25.179416551299738,0,xstock_reversion
tslax,2026-07-15T14:25:00Z,15,regular,0,4.7481744154964645,22.88587502599526,18.137700610498797,-26.177429219895743,57.071235238659504,18.137700610498797,3.4734606061004314,1,-22.788987615998124,44.40014883259735,-54.30030945399622,0,xstock_reversion
tslax,2026-07-15T14:25:00Z,30,regular,0,4.7481744154964645,22.88587502599526,18.137700610498797,-26.177429219895743,57.071235238659504,18.137700610498797,4.320613867001555,1,-18.145845226102963,31.962931969600206,-42.0851647458953,0,xstock_reversion
tslax,2026-07-15T14:25:00Z,60,regular,0,4.7481744154964645,22.88587502599526,18.137700610498797,-26.177429219895743,57.071235238659504,18.137700610498797,2.746580755799144,1,18.53676898569745,-3.1456491309977963,-5.408226925096571,1,p1a_catchup
tslax,2026-07-15T15:05:00Z,5,regular,0,2.8488566816964322,9.181517471699152,12.030374153395584,60.409560376797344,19.525490408319268,12.030374153395584,6.058886651096884,1,-15.027457588505655,33.11671839299812,-35.63270643790695,0,xstock_reversion
tslax,2026-07-15T15:05:00Z,15,regular,0,2.8488566816964322,9.181517471699152,12.030374153395584,60.409560376797344,19.525490408319268,12.030374153395584,1.2100665538028466,1,-5.203362390799882,18.443803097998313,-24.02743508720384,0,xstock_reversion
tslax,2026-07-15T15:05:00Z,30,regular,0,2.8488566816964322,9.181517471699152,12.030374153395584,60.409560376797344,19.525490408319268,12.030374153395584,0.9084050352026196,1,-2.595192956702519,15.533972145300723,-17.10799838620325,0,xstock_reversion
tslax,2026-07-15T15:05:00Z,60,regular,0,2.8488566816964322,9.181517471699152,12.030374153395584,60.409560376797344,19.525490408319268,12.030374153395584,3.3343768543048213,1,-70.40262625110039,85.76737725880079,-83.17237013830692,0,xstock_reversion
tslax,2026-07-15T16:10:00Z,5,regular,1,12.155825688600075,2.501273797799186,-14.657099486399261,-65.46962648229737,18.49080427771715,14.657099486399261,1.4545525637998935,1,4.4017502194027,8.800796703196667,1.5269895431035962,0,xstock_reversion
tslax,2026-07-15T16:10:00Z,15,regular,1,12.155825688600075,2.501273797799186,-14.657099486399261,-65.46962648229737,18.49080427771715,14.657099486399261,4.881657599096201,1,11.635545059096586,7.903212026398876,7.127946944001096,1,p1a_catchup
tslax,2026-07-15T16:10:00Z,30,regular,1,12.155825688600075,2.501273797799186,-14.657099486399261,-65.46962648229737,18.49080427771715,14.657099486399261,5.322207415501268,1,29.47873940530421,-9.499432503403682,29.30797107859817,1,p1a_catchup
tslax,2026-07-15T16:10:00Z,60,regular,1,12.155825688600075,2.501273797799186,-14.657099486399261,-65.46962648229737,18.49080427771715,14.657099486399261,3.37038768989828,1,-29.08508495710116,40.37179675360214,-31.505691998994223,0,xstock_reversion
tslax,2026-07-15T17:30:00Z,5,regular,0,4.051129517694818,17.07494085569472,13.023811337999902,57.48805608259744,23.113695357757077,13.023811337999902,3.5563191709009345,1,12.611660657295687,-3.1441684901967193,0.37444943060016556,1,p1a_catchup
tslax,2026-07-15T17:30:00Z,15,regular,0,4.051129517694818,17.07494085569472,13.023811337999902,57.48805608259744,23.113695357757077,13.023811337999902,3.274997653397449,1,23.50843696239835,-13.759623277795896,9.166210861000224,1,p1a_catchup
tslax,2026-07-15T17:30:00Z,30,regular,0,4.051129517694818,17.07494085569472,13.023811337999902,57.48805608259744,23.113695357757077,13.023811337999902,7.426298567301259,1,21.731735821095555,-1.2816259157943932,0.5001004600035941,1,p1a_catchup
tslax,2026-07-15T17:30:00Z,60,regular,0,4.051129517694818,17.07494085569472,13.023811337999902,57.48805608259744,23.113695357757077,13.023811337999902,3.375406183696583,1,-6.7470768810018455,16.395482035305164,-19.802958047199226,0,xstock_reversion
tslax,2026-07-16T11:00:00Z,5,premarket,0,0.5038236673016172,12.63541382179767,-13.139237489099287,-35.7614633831016,10.996653766785464,13.139237489099287,4.569333406898579,1,6.2844809990991735,2.2854230831015343,1.270405896400817,1,p1a_catchup
tslax,2026-07-16T11:00:00Z,15,premarket,0,0.5038236673016172,12.63541382179767,-13.139237489099287,-35.7614633831016,10.996653766785464,13.139237489099287,5.258411228599158,1,14.364326289397766,-6.483500028897637,8.89623239709536,1,p1a_catchup
tslax,2026-07-16T11:00:00Z,30,premarket,0,0.5038236673016172,12.63541382179767,-13.139237489099287,-35.7614633831016,10.996653766785464,13.139237489099287,1.696057288098629,1,20.715856535300503,-9.272676334299845,15.00108339939743,1,p1a_catchup
tslax,2026-07-16T11:00:00Z,60,premarket,0,0.5038236673016172,12.63541382179767,-13.139237489099287,-35.7614633831016,10.996653766785464,13.139237489099287,1.8888766402991308,1,34.71687164419812,-23.466510795397966,22.18923405330031,1,p1a_catchup
tslax,2026-07-16T12:55:00Z,5,premarket,0,2.133334441998258,15.48071415440333,-13.347379712405072,-25.669015076497104,10.645247057666454,13.347379712405072,1.0841338075984197,1,3.0329017877051,9.230344117101552,-10.700987084302227,0,xstock_reversion
tslax,2026-07-16T12:55:00Z,15,premarket,0,2.133334441998258,15.48071415440333,-13.347379712405072,-25.669015076497104,10.645247057666454,13.347379712405072,1.5510618132985599,1,-5.318423591900157,20.21686511760379,-21.176448485702437,0,xstock_reversion
tslax,2026-07-16T12:55:00Z,30,premarket,0,2.133334441998258,15.48071415440333,-13.347379712405072,-25.669015076497104,10.645247057666454,13.347379712405072,1.8208547291997945,1,-12.732006753894964,24.258531737100242,-27.03669452889912,0,xstock_reversion
tslax,2026-07-16T12:55:00Z,60,premarket,0,2.133334441998258,15.48071415440333,-13.347379712405072,-25.669015076497104,10.645247057666454,13.347379712405072,5.6428536325991985,1,137.3676204585994,-118.37738711359513,112.7782256819998,1,p1a_catchup
tslax,2026-07-16T13:30:00Z,5,regular,0,1.1389519609039667,26.584266329701123,-27.72321829060509,-95.34448153280195,41.87087234700546,27.72321829060509,13.718476305903948,1,41.841255477201855,-27.836513492500714,24.177556171904868,1,p1a_catchup
tslax,2026-07-16T13:30:00Z,15,regular,0,1.1389519609039667,26.584266329701123,-27.72321829060509,-95.34448153280195,41.87087234700546,27.72321829060509,2.8538329238969595,1,77.58962739740305,-52.72024203069492,62.84284749720648,1,p1a_catchup
tslax,2026-07-16T13:30:00Z,30,regular,0,1.1389519609039667,26.584266329701123,-27.72321829060509,-95.34448153280195,41.87087234700546,27.72321829060509,15.196934335302004,1,35.513396503805694,7.406756122101399,-3.1861797729959562,1,p1a_catchup
tslax,2026-07-16T13:30:00Z,60,regular,0,1.1389519609039667,26.584266329701123,-27.72321829060509,-95.34448153280195,41.87087234700546,27.72321829060509,5.969560056797718,1,-89.81930219009726,111.57296042390463,-108.08012247789378,0,xstock_reversion
tslax,2026-07-16T13:35:00Z,5,regular,0,4.7979092814998126,8.920567024404136,-13.718476305903948,-134.76695112510484,39.86740568623743,13.718476305903948,8.744822478403691,1,25.426398558501262,-20.452744731001005,31.402859136697714,1,p1a_catchup
tslax,2026-07-16T13:35:00Z,15,regular,0,4.7979092814998126,8.920567024404136,-13.718476305903948,-134.76695112510484,39.86740568623743,13.718476305903948,4.36962202519986,1,49.701303900704374,-40.352449620000286,55.74385204440091,1,p1a_catchup
tslax,2026-07-16T13:35:00Z,30,regular,0,4.7979092814998126,8.920567024404136,-13.718476305903948,-134.76695112510484,39.86740568623743,13.718476305903948,17.09384998650698,0,-55.14088442799547,85.9532107204064,-76.12505862600649,0,persistent_or_wider
tslax,2026-07-16T13:35:00Z,60,regular,0,4.7979092814998126,8.920567024404136,-13.718476305903948,-134.76695112510484,39.86740568623743,13.718476305903948,1.0013186160051646,1,-132.99543639299748,147.7152313149066,-144.463035264506,0,xstock_reversion
tslax,2026-07-16T14:00:00Z,5,regular,0,3.081624388201476,12.115309947100528,15.196934335302004,60.12699815279632,30.79825297466928,15.196934335302004,17.09384998650698,0,48.81302545459931,-50.70994110580429,48.76132268110567,1,persistent_or_wider
tslax,2026-07-16T14:00:00Z,15,regular,0,3.081624388201476,12.115309947100528,15.196934335302004,60.12699815279632,30.79825297466928,15.196934335302004,15.829443958592648,0,129.8428779566052,-130.47538757989585,125.73575586130481,1,persistent_or_wider
tslax,2026-07-16T14:00:00Z,30,regular,0,3.081624388201476,12.115309947100528,15.196934335302004,60.12699815279632,30.79825297466928,15.196934335302004,5.969560056797718,1,125.33269869390296,-104.16620430180323,104.89394270489782,1,p1a_catchup
tslax,2026-07-16T14:00:00Z,60,regular,0,3.081624388201476,12.115309947100528,15.196934335302004,60.12699815279632,30.79825297466928,15.196934335302004,6.309468705900656,1,130.18380753590185,-108.6774044946992,105.14837297190383,1,p1a_catchup
tslax,2026-07-16T14:05:00Z,5,regular,0,5.030242812900099,12.063607173606883,17.09384998650698,126.30566034040669,32.61014006566732,17.09384998650698,11.957240147104642,1,34.75065198140115,-29.61404214199881,40.286675012195516,1,p1a_catchup
tslax,2026-07-16T14:05:00Z,15,regular,0,5.030242812900099,12.063607173606883,17.09384998650698,126.30566034040669,32.61014006566732,17.09384998650698,13.283220368398574,1,46.03876498360471,-15.661694628699152,14.31822494109447,1,p1a_catchup
tslax,2026-07-16T14:05:00Z,30,regular,0,5.030242812900099,12.063607173606883,17.09384998650698,126.30566034040669,32.61014006566732,17.09384998650698,1.0013186160051646,1,77.85455196500202,-61.7620205945002,68.3379766384995,1,p1a_catchup
tslax,2026-07-16T14:05:00Z,60,regular,0,5.030242812900099,12.063607173606883,17.09384998650698,126.30566034040669,32.61014006566732,17.09384998650698,1.536301363502801,1,83.39360305240184,-67.83605442939766,75.15123791629996,1,p1a_catchup
tslax,2026-07-16T14:10:00Z,5,regular,0,5.642390057296609,17.59963020440125,11.957240147104642,132.99375746409936,28.01262339889474,11.957240147104642,15.829443958592648,0,46.279200520604746,-50.15140433209275,36.687758168003626,1,persistent_or_wider
tslax,2026-07-16T14:10:00Z,15,regular,0,5.642390057296609,17.59963020440125,11.957240147104642,132.99375746409936,28.01262339889474,11.957240147104642,17.184717728397914,0,54.9877083814998,-60.21518596279307,55.839142350100346,1,persistent_or_wider
tslax,2026-07-16T14:10:00Z,30,regular,0,5.642390057296609,17.59963020440125,11.957240147104642,132.99375746409936,28.01262339889474,11.957240147104642,3.6031988292961614,1,53.39201994200238,-45.0379786241939,44.04825799910306,1,p1a_catchup
tslax,2026-07-16T14:10:00Z,60,regular,0,5.642390057296609,17.59963020440125,11.957240147104642,132.99375746409936,28.01262339889474,11.957240147104642,6.113880796396742,1,32.56040393449844,-14.489282990997054,8.082710534704773,1,p1a_catchup
tslax,2026-07-16T14:15:00Z,5,regular,0,7.821256106792518,8.00818785180013,15.829443958592648,130.47538757989585,26.25932267649851,15.829443958592648,13.283220368398574,1,-34.99108751840119,64.10375184539241,-62.65620823910467,0,xstock_reversion
tslax,2026-07-16T14:15:00Z,15,regular,0,7.821256106792518,8.00818785180013,15.829443958592648,130.47538757989585,26.25932267649851,15.829443958592648,5.969560056797718,1,-4.510179262702252,26.30918327809262,-20.841813156406985,0,xstock_reversion
tslax,2026-07-16T14:15:00Z,30,regular,0,7.821256106792518,8.00818785180013,15.829443958592648,130.47538757989585,26.25932267649851,15.829443958592648,0.604307342104704,1,10.159492086696531,5.065644529791413,8.882685692892522,1,p1a_catchup
tslax,2026-07-16T14:15:00Z,60,regular,0,7.821256106792518,8.00818785180013,15.829443958592648,130.47538757989585,26.25932267649851,15.829443958592648,0.23197818539877346,1,-15.51425988070676,31.57568202469818,-25.295391043602677,0,xstock_reversion
tslax,2026-07-16T14:20:00Z,5,regular,0,6.37371250050478,19.656932868903354,-13.283220368398574,15.661694628699152,44.751595280845414,13.283220368398574,17.184717728397914,0,-43.69959537929624,74.16753347609273,-81.80759242120139,0,persistent_or_wider
tslax,2026-07-16T14:20:00Z,15,regular,0,6.37371250050478,19.656932868903354,-13.283220368398574,15.661694628699152,44.751595280845414,13.283220368398574,1.0013186160051646,1,-31.81578698139731,46.10032596580105,-54.01975169740503,0,xstock_reversion
tslax,2026-07-16T14:20:00Z,30,regular,0,6.37371250050478,19.656932868903354,-13.283220368398574,15.661694628699152,44.751595280845414,13.283220368398574,0.5940155294048566,1,-47.91181410859657,61.789050006400004,-67.2279699358036,0,xstock_reversion
tslax,2026-07-16T14:20:00Z,60,regular,0,6.37371250050478,19.656932868903354,-13.283220368398574,15.661694628699152,44.751595280845414,13.283220368398574,2.8402088472034848,1,-26.94836378159593,43.07179299719799,-51.35110258990494,0,xstock_reversion
tslax,2026-07-16T14:25:00Z,5,regular,0,1.266346444603883,18.451064173001797,17.184717728397914,60.21518596279307,49.24683978486173,17.184717728397914,5.969560056797718,1,-13.218687123597306,36.37296490879294,-39.993197338503705,0,xstock_reversion
tslax,2026-07-16T14:25:00Z,15,regular,0,1.266346444603883,18.451064173001797,17.184717728397914,60.21518596279307,49.24683978486173,17.184717728397914,3.6031988292961614,1,-1.5956884394974225,15.177207338599175,-11.790884350997288,0,xstock_reversion
tslax,2026-07-16T14:25:00Z,30,regular,0,1.266346444603883,18.451064173001797,17.184717728397914,60.21518596279307,49.24683978486173,17.184717728397914,1.46550143250046,1,8.164286131000509,7.554930164896945,-5.957096408604201,1,p1a_catchup
tslax,2026-07-16T14:25:00Z,60,regular,0,1.266346444603883,18.451064173001797,17.184717728397914,60.21518596279307,49.24683978486173,17.184717728397914,2.342227812102138,1,-9.542023621396112,24.384513537691888,-22.198693685302473,0,xstock_reversion
tslax,2026-07-16T16:00:00Z,5,regular,0,2.2302770781035264,18.37431781200216,-16.144040733898635,-46.3712166623953,30.028398375307106,16.144040733898635,5.494504570702219,1,18.133781226801204,-7.484245063604789,5.767049801299606,1,p1a_catchup
tslax,2026-07-16T16:00:00Z,15,regular,0,2.2302770781035264,18.37431781200216,-16.144040733898635,-46.3712166623953,30.028398375307106,16.144040733898635,1.734984985901633,1,50.62200730209909,-36.21295155410209,33.62640116559845,1,p1a_catchup
tslax,2026-07-16T16:00:00Z,30,regular,0,2.2302770781035264,18.37431781200216,-16.144040733898635,-46.3712166623953,30.028398375307106,16.144040733898635,0.32991480319211064,1,46.927095662496754,-30.45314012540601,32.85255251889829,1,p1a_catchup
tslax,2026-07-16T16:00:00Z,60,regular,0,2.2302770781035264,18.37431781200216,-16.144040733898635,-46.3712166623953,30.028398375307106,16.144040733898635,3.544900257095307,1,63.50461290190346,-50.90547242510013,48.675645953997204,1,p1a_catchup
tslax,2026-07-16T17:45:00Z,5,regular,0,1.2842551238989586,12.636091766298208,11.351836642399249,21.479751877002684,34.512205937000196,11.351836642399249,1.9162259421001693,1,7.375280522996519,2.0603301773025606,-5.397139647094207,1,p1a_catchup
tslax,2026-07-16T17:45:00Z,15,regular,0,1.2842551238989586,12.636091766298208,11.351836642399249,21.479751877002684,34.512205937000196,11.351836642399249,0.33950663139492576,1,5.779664621696767,5.911678652097407,-8.996851708999998,0,xstock_reversion
tslax,2026-07-16T17:45:00Z,30,regular,0,1.2842551238989586,12.636091766298208,11.351836642399249,21.479751877002684,34.512205937000196,11.351836642399249,3.6287838008952633,1,28.960801164403804,-21.23774832289982,13.608413639003558,1,p1a_catchup
tslax,2026-07-16T17:45:00Z,60,regular,0,1.2842551238989586,12.636091766298208,11.351836642399249,21.479751877002684,34.512205937000196,11.351836642399249,4.656082882599222,1,47.95385879989844,-41.258105040098414,40.25801301140497,1,p1a_catchup
tslax,2026-07-17T08:15:00Z,5,premarket,0,4.514899463492483,21.71872153879484,-17.203822075302355,-34.86898262700322,14.171759372392344,17.203822075302355,2.099755026998551,1,4.853282116696889,10.250784931606916,-6.618417187196357,1,xstock_reversion
tslax,2026-07-17T08:15:00Z,15,premarket,0,4.514899463492483,21.71872153879484,-17.203822075302355,-34.86898262700322,14.171759372392344,17.203822075302355,7.723053888302189,1,16.520814405396322,-7.0400462183961565,0.16708298180567738,1,p1a_catchup
tslax,2026-07-17T08:15:00Z,30,premarket,0,4.514899463492483,21.71872153879484,-17.203822075302355,-34.86898262700322,14.171759372392344,17.203822075302355,5.364776187706255,1,18.15414225950107,4.414456003507539,-6.618417187196357,1,p1a_catchup
tslax,2026-07-17T08:15:00Z,60,premarket,0,4.514899463492483,21.71872153879484,-17.203822075302355,-34.86898262700322,14.171759372392344,17.203822075302355,6.030219212096455,1,-14.564186875700713,37.79822816309952,-37.74654292189261,0,xstock_reversion
tslax,2026-07-17T13:35:00Z,5,regular,0,0.03698008840480327,24.546924461397168,-24.58390454980197,-108.46689789880237,35.3432342854215,24.58390454980197,10.70305646790004,1,33.41861951959402,-19.537771437692086,20.635473869203835,1,p1a_catchup
tslax,2026-07-17T13:35:00Z,15,regular,0,0.03698008840480327,24.546924461397168,-24.58390454980197,-108.46689789880237,35.3432342854215,24.58390454980197,9.751385579699345,1,-19.670595318102002,54.00588544760332,-47.326913682494975,0,xstock_reversion
tslax,2026-07-17T13:35:00Z,30,regular,0,0.03698008840480327,24.546924461397168,-24.58390454980197,-108.46689789880237,35.3432342854215,24.58390454980197,0.028982009805389453,1,-76.45740135050261,101.01232389049919,-103.32816169950299,0,xstock_reversion
tslax,2026-07-17T13:35:00Z,60,regular,0,0.03698008840480327,24.546924461397168,-24.58390454980197,-108.46689789880237,35.3432342854215,24.58390454980197,9.150228440404362,1,-55.27386637799836,89.0079993682047,-92.46720054919777,0,xstock_reversion
tslax,2026-07-17T16:20:00Z,5,regular,0,1.8310088998951812,9.645947088099405,-11.476955987994586,-24.95953401259854,26.939688869703996,11.476955987994586,1.9288281156981668,1,-3.6493317790053936,17.055115882698146,-8.760861739904868,0,xstock_reversion
tslax,2026-07-17T16:20:00Z,15,regular,0,1.8310088998951812,9.645947088099405,-11.476955987994586,-24.95953401259854,26.939688869703996,11.476955987994586,5.547266523198147,1,-22.28144922230335,39.305671733496084,-37.343683227701874,0,xstock_reversion
tslax,2026-07-17T16:20:00Z,30,regular,0,1.8310088998951812,9.645947088099405,-11.476955987994586,-24.95953401259854,26.939688869703996,11.476955987994586,2.679256262405616,1,-44.48377968940598,53.28147941499495,-54.14198390869984,0,xstock_reversion
tslax,2026-07-17T16:20:00Z,60,regular,0,1.8310088998951812,9.645947088099405,-11.476955987994586,-24.95953401259854,26.939688869703996,11.476955987994586,0.6362306595075751,1,-52.653305318299815,64.76649196580198,-61.42549488280302,0,xstock_reversion
tslax,2026-07-17T20:00:00Z,5,afterhours,0,0.7161260552024373,13.322245115299225,-12.606119060096788,-55.11746691500008,14.1976654517291,12.606119060096788,7.713175265999794,1,8.359300963096672,-3.4663571689996786,2.8030354557007087,1,p1a_catchup
tslax,2026-07-17T20:00:00Z,15,afterhours,0,0.7161260552024373,13.322245115299225,-12.606119060096788,-55.11746691500008,14.1976654517291,12.606119060096788,4.61234404479427,1,7.938348611995494,9.280114492895564,-8.375472037300824,0,xstock_reversion
tslax,2026-07-17T20:00:00Z,30,afterhours,0,0.7161260552024373,13.322245115299225,-12.606119060096788,-55.11746691500008,14.1976654517291,12.606119060096788,1.9091542860039112,1,14.531220800897415,-3.834256026804539,2.592451506400195,1,p1a_catchup
tslax,2026-07-17T20:00:00Z,60,afterhours,0,0.7161260552024373,13.322245115299225,-12.606119060096788,-55.11746691500008,14.1976654517291,12.606119060096788,2.586469923704371,1,12.932998919996663,-2.9133497836042466,2.592451506400195,1,p1a_catchup
tslax,2026-07-20T11:00:00Z,5,premarket,0,1.2584205373045165,12.877760664000704,11.619340126696187,27.883545475200222,10.977472277780391,11.619340126696187,7.519444083801119,1,9.364256391695136,-5.264360348800068,10.049371116496175,1,p1a_catchup
tslax,2026-07-20T11:00:00Z,15,premarket,0,1.2584205373045165,12.877760664000704,11.619340126696187,27.883545475200222,10.977472277780391,11.619340126696187,2.3711347389010484,1,30.461807183694845,-21.213601795899706,26.067817115498215,1,p1a_catchup
tslax,2026-07-20T11:00:00Z,30,premarket,0,1.2584205373045165,12.877760664000704,11.619340126696187,27.883545475200222,10.977472277780391,11.619340126696187,17.00159325290329,0,48.15846316459371,-53.540716290800816,66.72804889459982,1,persistent_or_wider
tslax,2026-07-20T11:00:00Z,60,premarket,0,1.2584205373045165,12.877760664000704,11.619340126696187,27.883545475200222,10.977472277780391,11.619340126696187,8.108209635002694,1,63.466562842098284,-43.7390130803994,40.246220193091986,1,p1a_catchup
tslax,2026-07-20T11:10:00Z,5,premarket,0,2.6655397737052056,12.282989268399547,14.948529042104752,52.78665144690109,11.442780985348374,14.948529042104752,2.3711347389010484,1,3.9684402598005875,8.608954043403116,0.16922158720511504,1,xstock_reversion
tslax,2026-07-20T11:10:00Z,15,premarket,0,2.6655397737052056,12.282989268399547,14.948529042104752,52.78665144690109,11.442780985348374,14.948529042104752,1.1243314711073538,1,3.699154342307054,12.373706170905052,-5.429627539896842,0,xstock_reversion
tslax,2026-07-20T11:10:00Z,30,premarket,0,2.6655397737052056,12.282989268399547,14.948529042104752,52.78665144690109,11.442780985348374,14.948529042104752,2.739042227792865,1,42.07672339730628,-29.867236582994394,33.56691219530639,1,p1a_catchup
tslax,2026-07-20T11:10:00Z,60,premarket,0,2.6655397737052056,12.282989268399547,14.948529042104752,52.78665144690109,11.442780985348374,14.948529042104752,2.455121557103368,1,32.06065440290118,-19.567246917899794,16.687079582506925,1,p1a_catchup
tslax,2026-07-20T11:30:00Z,5,premarket,0,14.445753141103523,31.447346394006814,17.00159325290329,32.32711449490111,17.543966457678174,17.00159325290329,11.251535400607082,1,15.516157585899748,-9.76609973360354,0.7778166689931254,1,p1a_catchup
tslax,2026-07-20T11:30:00Z,15,premarket,0,14.445753141103523,31.447346394006814,17.00159325290329,32.32711449490111,17.543966457678174,17.00159325290329,1.1513640966942518,1,19.68738858709962,-1.5344312375020763,-17.64675809580396,1,p1a_catchup
tslax,2026-07-20T11:30:00Z,30,premarket,0,14.445753141103523,31.447346394006814,17.00159325290329,32.32711449490111,17.543966457678174,17.00159325290329,8.108209635002694,1,15.308099677504572,9.801703210401413,-26.481828701507837,0,p1a_catchup
tslax,2026-07-20T11:30:00Z,60,premarket,0,14.445753141103523,31.447346394006814,17.00159325290329,32.32711449490111,17.543966457678174,17.00159325290329,0.4877612671982945,1,6.632666145902633,10.856688374198953,-23.882468129503565,0,xstock_reversion
tslax,2026-07-20T11:35:00Z,5,premarket,0,5.4574700764931094,16.70900547710019,11.251535400607082,44.99534138020067,17.452204919789438,11.251535400607082,2.739042227792865,1,4.895469570707078,3.617023602107139,-8.040357839993462,1,p1a_catchup
tslax,2026-07-20T11:35:00Z,15,premarket,0,5.4574700764931094,16.70900547710019,11.251535400607082,44.99534138020067,17.452204919789438,11.251535400607082,1.8262995022055861,1,5.332155294501817,4.093080603899679,-10.635401321597016,1,p1a_catchup
tslax,2026-07-20T11:35:00Z,30,premarket,0,5.4574700764931094,16.70900547710019,11.251535400607082,44.99534138020067,17.452204919789438,11.251535400607082,5.009990841404743,1,-6.664891418193264,22.92641766020509,-31.420028185698,0,xstock_reversion
tslax,2026-07-20T11:35:00Z,60,premarket,0,5.4574700764931094,16.70900547710019,11.251535400607082,44.99534138020067,17.452204919789438,11.251535400607082,2.8463297419012434,1,-11.710900516792577,25.808765659300903,-27.779598574797504,0,xstock_reversion
tslax,2026-07-20T13:25:00Z,5,premarket,0,0.043935348799095664,18.052354584101593,18.008419235302497,36.87966795220099,16.461638085273872,18.008419235302497,25.611874085900155,0,-63.663533049798104,107.28382637100076,-110.12488006659993,0,persistent_or_wider
tslax,2026-07-20T13:25:00Z,15,premarket,0,0.043935348799095664,18.052354584101593,18.008419235302497,36.87966795220099,16.461638085273872,18.008419235302497,3.9155926483047665,1,-102.52433143859818,124.44834332220545,-117.2651874032038,0,xstock_reversion
tslax,2026-07-20T13:25:00Z,30,premarket,0,0.043935348799095664,18.052354584101593,18.008419235302497,36.87966795220099,16.461638085273872,18.008419235302497,22.34277853579769,0,-213.7033094806995,254.0545072517997,-273.126221307205,0,persistent_or_wider
tslax,2026-07-20T13:25:00Z,60,premarket,0,0.043935348799095664,18.052354584101593,18.008419235302497,36.87966795220099,16.461638085273872,18.008419235302497,3.1137373056999706,1,-271.30929778619975,286.20397971580223,-293.11423515760106,0,xstock_reversion
tslax,2026-07-20T13:30:00Z,5,regular,0,2.797118346800076,28.40899243270023,-25.611874085900155,-76.14767598459693,49.44413374412872,25.611874085900155,7.988139268793049,1,26.5153986432054,-8.891663826098295,7.795636803704653,1,p1a_catchup
tslax,2026-07-20T13:30:00Z,15,regular,0,2.797118346800076,28.40899243270023,-25.611874085900155,-76.14767598459693,49.44413374412872,25.611874085900155,7.48660009450397,1,58.78496445809844,-40.65969046670226,37.04605518549897,1,p1a_catchup
tslax,2026-07-20T13:30:00Z,30,regular,0,2.797118346800076,28.40899243270023,-25.611874085900155,-76.14767598459693,49.44413374412872,25.611874085900155,5.579794124397353,1,172.28786795230099,-152.25578799079818,150.49585183030345,1,p1a_catchup
tslax,2026-07-20T13:30:00Z,60,regular,0,2.797118346800076,28.40899243270023,-25.611874085900155,-76.14767598459693,49.44413374412872,25.611874085900155,0.08510488600066424,1,208.51191435809824,-182.98514515819875,181.922318517298,1,p1a_catchup
tslax,2026-07-20T13:55:00Z,5,regular,0,19.027778706606213,41.370557242403905,-22.34277853579769,-129.60616392959423,40.14211690055541,22.34277853579769,5.579794124397353,1,22.248091521399616,-5.4851071099992765,-12.505489410301607,1,p1a_catchup
tslax,2026-07-20T13:55:00Z,15,regular,0,19.027778706606213,41.370557242403905,-22.34277853579769,-129.60616392959423,40.14211690055541,22.34277853579769,9.822245424802034,1,42.783240782497955,-30.262707671502298,16.19788252269494,1,p1a_catchup
tslax,2026-07-20T13:55:00Z,30,regular,0,19.027778706606213,41.370557242403905,-22.34277853579769,-129.60616392959423,40.14211690055541,22.34277853579769,3.1137373056999706,1,57.60598830550023,-32.14947246400257,19.988013850396058,1,p1a_catchup
tslax,2026-07-20T13:55:00Z,60,regular,0,19.027778706606213,41.370557242403905,-22.34277853579769,-129.60616392959423,40.14211690055541,22.34277853579769,0.6286361208918123,1,91.22063630620403,-69.50649389129815,59.548622500695814,1,p1a_catchup
tslax,2026-07-20T16:05:00Z,5,regular,0,1.7126339847006733,14.731907852905124,13.01927386820445,72.7460827946036,25.749946320175695,13.01927386820445,5.804784629601656,1,18.3679891502031,-11.153499911600306,13.46278079979335,1,p1a_catchup
tslax,2026-07-20T16:05:00Z,15,regular,0,1.7126339847006733,14.731907852905124,13.01927386820445,72.7460827946036,25.749946320175695,13.01927386820445,3.0551896747965657,1,5.823038594501284,4.141045598906601,-4.390487348100436,1,p1a_catchup
tslax,2026-07-20T16:05:00Z,30,regular,0,1.7126339847006733,14.731907852905124,13.01927386820445,72.7460827946036,25.749946320175695,13.01927386820445,0.8854908307043274,1,-13.391891951899382,25.525674989399505,-26.238519059207377,0,xstock_reversion
tslax,2026-07-20T16:05:00Z,60,regular,0,1.7126339847006733,14.731907852905124,13.01927386820445,72.7460827946036,25.749946320175695,13.01927386820445,0.6917040823051224,1,-68.03158894239658,81.74256689290615,-84.95796549060408,0,xstock_reversion
tslax,2026-07-20T17:50:00Z,5,regular,1,15.243455572901965,0.10824795030117684,15.351703523203142,56.38699581550277,25.259431972610866,15.351703523203142,0.22873451780647258,1,0.6440809096996958,14.478888095696973,-0.2680174748004305,0,xstock_reversion
tslax,2026-07-20T17:50:00Z,15,regular,1,15.243455572901965,0.10824795030117684,15.351703523203142,56.38699581550277,25.259431972610866,15.351703523203142,3.7121505819026623,1,17.84161388200367,-6.202060940703191,20.74953388690126,1,p1a_catchup
tslax,2026-07-20T17:50:00Z,30,regular,1,15.243455572901965,0.10824795030117684,15.351703523203142,56.38699581550277,25.259431972610866,15.351703523203142,4.740020584597104,1,9.237081520900858,10.854642586899388,-2.144340958496471,0,xstock_reversion
tslax,2026-07-20T17:50:00Z,60,regular,1,15.243455572901965,0.10824795030117684,15.351703523203142,56.38699581550277,25.259431972610866,15.351703523203142,0.1730733108029625,1,-52.25233678949337,67.77711362349947,-50.10993000799324,0,xstock_reversion
tslax,2026-07-21T12:35:00Z,5,premarket,0,7.916446089302198,25.10606305830443,-17.18961696900223,-35.0777782325995,20.720684782775546,17.18961696900223,12.14321019610054,1,15.654725410803039,-10.608318637901348,1.615682898794546,1,p1a_catchup
tslax,2026-07-21T12:35:00Z,15,premarket,0,7.916446089302198,25.10606305830443,-17.18961696900223,-35.0777782325995,20.720684782775546,17.18961696900223,2.3231372913024018,1,25.474798315601177,-10.608318637901348,1.615682898794546,1,p1a_catchup
tslax,2026-07-21T12:35:00Z,30,premarket,0,7.916446089302198,25.10606305830443,-17.18961696900223,-35.0777782325995,20.720684782775546,17.18961696900223,1.1172892948074775,1,29.104651740698984,-13.03232406650423,3.7703329111948847,1,p1a_catchup
tslax,2026-07-21T12:35:00Z,60,premarket,0,7.916446089302198,25.10606305830443,-17.18961696900223,-35.0777782325995,20.720684782775546,17.18961696900223,10.484802868804266,1,-53.895362666196434,81.56978250400293,-79.38465268670036,0,xstock_reversion
tslax,2026-07-21T12:40:00Z,5,premarket,0,1.0761896498046042,11.067020546295936,-12.14321019610054,-38.843764485996246,17.77035291756966,12.14321019610054,5.298566075397915,1,6.844644120702625,0.0,0.4228134520012361,1,p1a_catchup
tslax,2026-07-21T12:40:00Z,15,premarket,0,1.0761896498046042,11.067020546295936,-12.14321019610054,-38.843764485996246,17.77035291756966,12.14321019610054,0.3232355578042245,1,9.63992824620341,2.826517507701354,-0.0,1,p1a_catchup
tslax,2026-07-21T12:40:00Z,30,premarket,0,1.0761896498046042,11.067020546295936,-12.14321019610054,-38.843764485996246,17.77035291756966,12.14321019610054,0.7609286508980517,1,12.635080576401947,0.2690582705966449,4.3097643765044324,1,p1a_catchup
tslax,2026-07-21T12:40:00Z,60,premarket,0,1.0761896498046042,11.067020546295936,-12.14321019610054,-38.843764485996246,17.77035291756966,12.14321019610054,13.843512084301679,0,-107.48443292749599,133.47115520789822,-132.15815678379704,0,persistent_or_wider
tslax,2026-07-21T13:30:00Z,5,regular,0,15.277756213700755,33.692647487804095,18.41489127410334,65.23121240830321,25.229290618985395,18.41489127410334,10.484802868804266,1,34.20434503540015,-26.27425663010108,0.8949245097955583,1,p1a_catchup
tslax,2026-07-21T13:30:00Z,15,regular,0,15.277756213700755,33.692647487804095,18.41489127410334,65.23121240830321,25.229290618985395,18.41489127410334,2.2170566386936486,1,80.50071693250338,-64.30288229709369,49.12888566039442,1,p1a_catchup
tslax,2026-07-21T13:30:00Z,30,regular,0,15.277756213700755,33.692647487804095,18.41489127410334,65.23121240830321,25.229290618985395,18.41489127410334,12.016086887198796,1,140.6529721431049,-134.25416775620036,120.58448709039382,1,p1a_catchup
tslax,2026-07-21T13:30:00Z,60,regular,0,15.277756213700755,33.692647487804095,18.41489127410334,65.23121240830321,25.229290618985395,18.41489127410334,1.1084599488953017,1,249.86205351810398,-232.55562219289595,217.5322357871945,1,p1a_catchup
tslax,2026-07-21T13:40:00Z,5,regular,0,0.23680877429654856,13.60670331000513,13.843512084301679,129.60303400329389,26.066163329229603,13.843512084301679,2.2170566386936486,1,8.362027046606713,3.264428399001318,-2.923860047703286,1,p1a_catchup
tslax,2026-07-21T13:40:00Z,15,regular,0,0.23680877429654856,13.60670331000513,13.843512084301679,129.60303400329389,26.066163329229603,13.843512084301679,10.058902158300853,1,32.72363512610177,-28.939025200100943,36.38891699429436,1,p1a_catchup
tslax,2026-07-21T13:40:00Z,30,regular,0,0.23680877429654856,13.60670331000513,13.843512084301679,129.60303400329389,26.066163329229603,13.843512084301679,6.856635678094136,1,73.74177718140196,-53.04162941900614,99.95852215519463,1,p1a_catchup
tslax,2026-07-21T13:40:00Z,60,regular,0,0.23680877429654856,13.60670331000513,13.843512084301679,129.60303400329389,26.066163329229603,13.843512084301679,4.022780686598892,1,188.17080959890654,-178.35007820120376,183.80546955389931,1,p1a_catchup
tslax,2026-07-21T14:00:00Z,5,regular,0,1.6080755478942166,13.624162435093012,12.016086887198796,69.95128545910667,21.3941586551234,12.016086887198796,7.203886659601366,1,22.00895188529728,-17.19675165769985,20.106074520906958,1,p1a_catchup
tslax,2026-07-21T14:00:00Z,15,regular,0,1.6080755478942166,13.624162435093012,12.016086887198796,69.95128545910667,21.3941586551234,12.016086887198796,15.269695158703911,0,53.7258378174954,-56.97944608900052,60.45971608420686,1,persistent_or_wider
tslax,2026-07-21T14:00:00Z,30,regular,0,1.6080755478942166,13.624162435093012,12.016086887198796,69.95128545910667,21.3941586551234,12.016086887198796,1.1084599488953017,1,109.20908137499907,-98.30145443669558,96.94774869680067,1,p1a_catchup
tslax,2026-07-21T14:00:00Z,60,regular,0,1.6080755478942166,13.624162435093012,12.016086887198796,69.95128545910667,21.3941586551234,12.016086887198796,6.335711452400972,1,101.6486964197938,-83.29689808019403,81.03383272509923,1,p1a_catchup
tslax,2026-07-21T14:15:00Z,5,regular,0,5.088345543100559,20.35804070180447,15.269695158703911,56.97944608900052,35.87767106904188,15.269695158703911,11.97095645399493,1,36.18798945460355,-32.88925074989457,23.06110902909886,1,p1a_catchup
tslax,2026-07-21T14:15:00Z,15,regular,0,5.088345543100559,20.35804070180447,15.269695158703911,56.97944608900052,35.87767106904188,15.269695158703911,1.1084599488953017,1,55.48324355750367,-41.32200834769506,36.48803261259381,1,p1a_catchup
tslax,2026-07-21T14:15:00Z,30,regular,0,5.088345543100559,20.35804070180447,15.269695158703911,56.97944608900052,35.87767106904188,15.269695158703911,6.1425520175983905,1,84.2961908888018,-75.16904774769628,62.89945742299352,1,p1a_catchup
tslax,2026-07-21T14:15:00Z,60,regular,0,5.088345543100559,20.35804070180447,15.269695158703911,56.97944608900052,35.87767106904188,15.269695158703911,3.6466558063974475,1,37.126079091098774,-18.209728125997415,18.217447912096674,1,p1a_catchup
tslax,2026-07-21T14:20:00Z,5,regular,0,4.739796177695155,7.231160276299775,11.97095645399493,72.67194518119524,33.496676934741956,11.97095645399493,5.168434198097316,1,15.361085252996176,-8.558562997098562,13.47136231769852,1,p1a_catchup
tslax,2026-07-21T14:20:00Z,15,regular,0,4.739796177695155,7.231160276299775,11.97095645399493,72.67194518119524,33.496676934741956,11.97095645399493,1.0740573954048926,1,16.58665540969828,-3.5416415602984586,22.093967139698023,1,p1a_catchup
tslax,2026-07-21T14:20:00Z,30,regular,0,4.739796177695155,7.231160276299775,11.97095645399493,72.67194518119524,33.496676934741956,11.97095645399493,3.8271871144068825,1,37.46180944109945,-21.663665872697635,30.970093554598677,1,p1a_catchup
tslax,2026-07-21T14:20:00Z,60,regular,0,4.739796177695155,7.231160276299775,11.97095645399493,72.67194518119524,33.496676934741956,11.97095645399493,7.033834265399719,1,-18.061711581607298,37.06650230100195,-24.897800889904786,0,xstock_reversion
tslax,2026-07-22T08:50:00Z,5,premarket,0,5.083922999702395,6.362417601799564,11.446340601501959,16.308717080901758,11.235031688598498,11.446340601501959,1.2489916785973776,1,2.0770761012034455,8.120272821701136,-2.3787812822995136,0,xstock_reversion
tslax,2026-07-22T08:50:00Z,15,premarket,0,5.083922999702395,6.362417601799564,11.446340601501959,16.308717080901758,11.235031688598498,11.446340601501959,3.836722096801637,1,21.39891855230225,-13.789300047601927,11.357484613903068,1,p1a_catchup
tslax,2026-07-22T08:50:00Z,30,premarket,0,5.083922999702395,6.362417601799564,11.446340601501959,16.308717080901758,11.235031688598498,11.446340601501959,2.841798471200363,1,12.846024906600917,1.4421141661014047,3.170828405503201,1,p1a_catchup
tslax,2026-07-22T08:50:00Z,60,premarket,0,5.083922999702395,6.362417601799564,11.446340601501959,16.308717080901758,11.235031688598498,11.446340601501959,6.077190213398254,1,-0.40367561989995693,17.92720643480017,-26.091780547998766,0,xstock_reversion
tslax,2026-07-22T09:00:00Z,5,premarket,0,4.608711170401847,17.181422975598437,12.57271180519659,38.57695054029442,15.05130900032609,12.57271180519659,3.836722096801637,1,6.0886086123979055,2.647381095997048,-14.771830699800148,0,p1a_catchup
tslax,2026-07-22T09:00:00Z,15,premarket,0,4.608711170401847,17.181422975598437,12.57271180519659,38.57695054029442,15.05130900032609,12.57271180519659,5.033741080495702,1,0.647230642396579,16.959222243295713,-17.940063908294945,0,xstock_reversion
tslax,2026-07-22T09:00:00Z,30,premarket,0,4.608711170401847,17.181422975598437,12.57271180519659,38.57695054029442,15.05130900032609,12.57271180519659,2.260043579402904,1,-5.211014273900361,20.043769658499855,-31.151850742201503,0,xstock_reversion
tslax,2026-07-22T09:00:00Z,60,premarket,0,4.608711170401847,17.181422975598437,12.57271180519659,38.57695054029442,15.05130900032609,12.57271180519659,0.6161901255019586,1,-24.238683290604968,36.1952049702996,-38.82269266259897,0,xstock_reversion
tslax,2026-07-22T11:40:00Z,5,premarket,0,2.39599200789975,13.683853052794959,-11.287861044895209,-22.826657179795262,11.162093623437224,11.287861044895209,5.67363657279607,1,-4.175262032903859,21.13675965059514,-14.607266391193363,0,xstock_reversion
tslax,2026-07-22T11:40:00Z,15,premarket,0,2.39599200789975,13.683853052794959,-11.287861044895209,-22.826657179795262,11.162093623437224,11.287861044895209,2.322333486999284,1,1.2650899370036939,7.700437620892231,-9.93526222879737,0,xstock_reversion
tslax,2026-07-22T11:40:00Z,30,premarket,0,2.39599200789975,13.683853052794959,-11.287861044895209,-22.826657179795262,11.162093623437224,11.287861044895209,1.005655666599381,1,8.15775746500158,2.1244479132942473,-6.642311768594311,1,p1a_catchup
tslax,2026-07-22T11:40:00Z,60,premarket,0,2.39599200789975,13.683853052794959,-11.287861044895209,-22.826657179795262,11.162093623437224,11.287861044895209,1.4754850267006958,1,10.905359303698958,1.8579867678969464,-2.6574541744928126,1,p1a_catchup
tslax,2026-07-22T14:05:00Z,5,regular,0,1.893661163503424,15.100695517800133,-16.994356681303557,-75.70147645380665,30.832089279205253,16.994356681303557,1.6605687354953602,1,7.091747033003415,8.242040912804782,-8.881995983900381,0,xstock_reversion
tslax,2026-07-22T14:05:00Z,15,regular,0,1.893661163503424,15.100695517800133,-16.994356681303557,-75.70147645380665,30.832089279205253,16.994356681303557,1.47810701889739,1,6.631582069003272,8.884667593402895,-21.197676193995818,0,xstock_reversion
tslax,2026-07-22T14:05:00Z,30,regular,0,1.893661163503424,15.100695517800133,-16.994356681303557,-75.70147645380665,30.832089279205253,16.994356681303557,2.8301349862047687,1,4.708702604903081,15.115789062605245,-14.048482821600317,0,xstock_reversion
tslax,2026-07-22T14:05:00Z,60,regular,0,1.893661163503424,15.100695517800133,-16.994356681303557,-75.70147645380665,30.832089279205253,16.994356681303557,2.526162051097458,1,16.551168422100915,-2.0829737918948155,8.226194257101582,1,p1a_catchup
tslax,2026-07-22T19:50:00Z,5,regular,0,3.0876988718997467,9.178671178897702,-12.266370050797448,-31.25539937749444,21.72422269336851,12.266370050797448,5.333048192497358,1,-13.042060405403788,30.641478648698595,-24.384674103696824,0,xstock_reversion
tslax,2026-07-22T19:50:00Z,15,regular,0,3.0876988718997467,9.178671178897702,-12.266370050797448,-31.25539937749444,21.72422269336851,12.266370050797448,69.77844344840278,0,153.64069449860017,-211.15276789620552,220.56330761360599,1,persistent_or_wider
tslax,2026-07-22T19:50:00Z,30,regular,0,3.0876988718997467,9.178671178897702,-12.266370050797448,-31.25539937749444,21.72422269336851,12.266370050797448,29.184743313104278,0,263.0651023044983,-279.98347556680517,281.0196610287008,1,persistent_or_wider
tslax,2026-07-22T19:50:00Z,60,regular,0,3.0876988718997467,9.178671178897702,-12.266370050797448,-31.25539937749444,21.72422269336851,12.266370050797448,6.736797386803772,1,241.81096278589996,-236.2813901219063,237.01518958049837,1,p1a_catchup
tslax,2026-07-22T20:00:00Z,5,afterhours,0,3.667142503394061,95.14473328639639,-91.47759078300233,-208.98691564330107,81.26529312687776,91.47759078300233,69.77844344840278,1,72.48941175659773,-50.79026442199819,53.44596276410485,1,p1a_catchup
tslax,2026-07-22T20:00:00Z,15,afterhours,0,3.667142503394061,95.14473328639639,-91.47759078300233,-208.98691564330107,81.26529312687776,91.47759078300233,39.45739920530045,1,153.66386003419663,-101.64366845649475,95.17675031750272,1,p1a_catchup
tslax,2026-07-22T20:00:00Z,30,afterhours,0,3.667142503394061,95.14473328639639,-91.47759078300233,-208.98691564330107,81.26529312687776,91.47759078300233,6.977009020099345,1,148.57791516539544,-50.12331536229375,53.993922982300546,1,p1a_catchup
tslax,2026-07-22T20:00:00Z,60,afterhours,0,3.667142503394061,95.14473328639639,-91.47759078300233,-208.98691564330107,81.26529312687776,91.47759078300233,15.217090427999125,1,173.1773751602006,-96.9168748051974,94.62652885329881,1,p1a_catchup
tslax,2026-07-22T20:05:00Z,5,afterhours,0,6.322840845500721,76.1012842939035,-69.77844344840278,-211.15276789620552,80.90753968852586,69.77844344840278,40.079511151196456,1,42.24802199050082,-12.54908969329449,21.392729148193013,1,p1a_catchup
tslax,2026-07-22T20:05:00Z,15,afterhours,0,6.322840845500721,76.1012842939035,-69.77844344840278,-211.15276789620552,80.90753968852586,69.77844344840278,29.184743313104278,1,109.42440780589813,-68.83070767059962,60.45635341509481,1,p1a_catchup
tslax,2026-07-22T20:05:00Z,30,afterhours,0,6.322840845500721,76.1012842939035,-69.77844344840278,-211.15276789620552,80.90753968852586,69.77844344840278,2.4988815591964197,1,78.2180294151047,-10.938467525898332,-0.24109298410124325,1,p1a_catchup
tslax,2026-07-22T20:05:00Z,60,afterhours,0,6.322840845500721,76.1012842939035,-69.77844344840278,-211.15276789620552,80.90753968852586,69.77844344840278,20.7429523002034,1,119.69612351429681,-70.66063236609743,78.66476189989591,1,p1a_catchup
tslax,2026-07-22T20:10:00Z,5,afterhours,0,15.166480300399243,55.2459914515957,-40.079511151196456,-254.34333623819862,79.02033555505434,40.079511151196456,39.45739920530045,1,38.92642628709808,-38.30431434120207,20.338058405204862,1,p1a_catchup
tslax,2026-07-22T20:10:00Z,15,afterhours,0,15.166480300399243,55.2459914515957,-40.079511151196456,-254.34333623819862,79.02033555505434,40.079511151196456,33.15543249600594,1,42.77378589580216,30.461157751400236,-40.82588931959563,0,p1a_catchup
tslax,2026-07-22T20:10:00Z,30,afterhours,0,15.166480300399243,55.2459914515957,-40.079511151196456,-254.34333623819862,79.02033555505434,40.079511151196456,1.608189168802454,1,37.037317121697555,1.4340048606964473,-12.506590363496883,1,p1a_catchup
tslax,2026-07-22T20:10:00Z,60,afterhours,0,15.166480300399243,55.2459914515957,-40.079511151196456,-254.34333623819862,79.02033555505434,40.079511151196456,3.1227264222000173,1,83.941765435398,-46.98498070640156,36.58322628810495,1,p1a_catchup
tslax,2026-07-22T20:15:00Z,5,afterhours,0,2.7997756355979675,36.65762356970248,-39.45739920530045,-101.64366845649475,74.71039107426625,39.45739920530045,29.184743313104278,1,28.24995952829923,-17.97730363610306,18.725565861696936,1,p1a_catchup
tslax,2026-07-22T20:15:00Z,15,afterhours,0,2.7997756355979675,36.65762356970248,-39.45739920530045,-101.64366845649475,74.71039107426625,39.45739920530045,6.977009020099345,1,-5.0859448688012066,51.520353094201,-41.18282733520218,0,xstock_reversion
tslax,2026-07-22T20:15:00Z,30,afterhours,0,2.7997756355979675,36.65762356970248,-39.45739920530045,-101.64366845649475,74.71039107426625,39.45739920530045,2.557981227200301,1,0.862597938002807,36.03682004009734,-30.76587417409904,0,xstock_reversion
tslax,2026-07-22T20:15:00Z,60,afterhours,0,2.7997756355979675,36.65762356970248,-39.45739920530045,-101.64366845649475,74.71039107426625,39.45739920530045,22.71756531139424,1,64.68596354980427,-47.94612965589806,47.70909315559457,1,p1a_catchup
tslax,2026-07-22T20:20:00Z,5,afterhours,0,2.051513410004091,27.133229903100187,-29.184743313104278,-68.83070767059962,76.00504131201102,29.184743313104278,33.15543249600594,0,-24.402599919595147,86.74277572870537,-79.88951358649743,0,persistent_or_wider
tslax,2026-07-22T20:20:00Z,15,afterhours,0,2.051513410004091,27.133229903100187,-29.184743313104278,-68.83070767059962,76.00504131201102,29.184743313104278,2.4988815591964197,1,-31.206378390793432,57.89224014470129,-60.69744639919605,0,xstock_reversion
tslax,2026-07-22T20:20:00Z,30,afterhours,0,2.051513410004091,27.133229903100187,-29.184743313104278,-68.83070767059962,76.00504131201102,29.184743313104278,6.736797386803772,1,-21.254139518598336,43.70208544489884,-44.00447144820241,0,xstock_reversion
tslax,2026-07-22T20:20:00Z,60,afterhours,0,2.051513410004091,27.133229903100187,-29.184743313104278,-68.83070767059962,76.00504131201102,29.184743313104278,2.8388326240058603,1,40.978787588699106,-14.632876899600689,22.9038277753979,1,p1a_catchup
tslax,2026-07-22T20:25:00Z,5,afterhours,0,4.801748732203848,28.353683763802096,33.15543249600594,30.461157751400236,89.64428954777118,33.15543249600594,6.977009020099345,1,8.933304477505288,17.24511899840131,-19.981120389598317,0,xstock_reversion
tslax,2026-07-22T20:25:00Z,15,afterhours,0,4.801748732203848,28.353683763802096,33.15543249600594,30.461157751400236,89.64428954777118,33.15543249600594,1.608189168802454,1,5.736468774104608,29.02715289070379,-28.31929895609875,0,xstock_reversion
tslax,2026-07-22T20:25:00Z,30,afterhours,0,4.801748732203848,28.353683763802096,33.15543249600594,30.461157751400236,89.64428954777118,33.15543249600594,0.8922149818957337,1,-2.8991939774947184,35.16241149160493,-32.86683685000291,0,xstock_reversion
tslax,2026-07-22T20:25:00Z,60,afterhours,0,4.801748732203848,28.353683763802096,33.15543249600594,30.461157751400236,89.64428954777118,33.15543249600594,7.6811930432985065,1,-60.03789448379315,85.51213393650059,-78.92208519090005,0,xstock_reversion
tslax,2026-07-22T21:00:00Z,5,afterhours,0,1.3767965514954739,16.5938869794946,-15.217090427999125,-31.310026388799983,12.535730148517729,15.217090427999125,20.7429523002034,0,19.00816011069395,-24.534021982898224,37.48419581070195,1,persistent_or_wider
tslax,2026-07-22T21:00:00Z,15,afterhours,0,1.3767965514954739,16.5938869794946,-15.217090427999125,-31.310026388799983,12.535730148517729,15.217090427999125,22.71756531139424,0,45.172448423800304,-52.67292330719542,48.25931461979849,1,persistent_or_wider
tslax,2026-07-22T21:00:00Z,30,afterhours,0,1.3767965514954739,16.5938869794946,-15.217090427999125,-31.310026388799983,12.535730148517729,15.217090427999125,7.608692537797168,1,37.02217494309323,-14.19639197729694,12.66275942040096,1,p1a_catchup
tslax,2026-07-22T21:00:00Z,60,afterhours,0,1.3767965514954739,16.5938869794946,-15.217090427999125,-31.310026388799983,12.535730148517729,15.217090427999125,0.11988865429302109,1,179.5154640592944,-164.17848497700226,159.035097211504,1,p1a_catchup
tslax,2026-07-22T21:05:00Z,5,afterhours,0,14.326970379299198,35.0699226795026,-20.7429523002034,-45.53201014039665,14.306911367147034,20.7429523002034,3.1227264222000173,1,6.493663911601999,11.126561966401383,-20.688806463597942,1,xstock_reversion
tslax,2026-07-22T21:05:00Z,15,afterhours,0,14.326970379299198,35.0699226795026,-20.7429523002034,-45.53201014039665,14.306911367147034,20.7429523002034,2.8388326240058603,1,30.70707188030042,-12.80295220410288,4.695419290596803,1,p1a_catchup
tslax,2026-07-22T21:05:00Z,30,afterhours,0,14.326970379299198,35.0699226795026,-20.7429523002034,-45.53201014039665,14.306911367147034,20.7429523002034,107.20033324409961,0,105.82004173560478,-192.277422679501,169.03536655980213,1,persistent_or_wider
tslax,2026-07-22T21:05:00Z,60,afterhours,0,14.326970379299198,35.0699226795026,-20.7429523002034,-45.53201014039665,14.306911367147034,20.7429523002034,2.543280212199406,1,162.17762345580587,-143.9779513678019,132.87200348639948,1,p1a_catchup
tslax,2026-07-22T21:15:00Z,5,afterhours,0,3.0368121359014566,19.680753175492782,-22.71756531139424,-52.67292330719542,20.46566287958688,22.71756531139424,2.8388326240058603,1,4.542783567194064,15.335949120194314,-6.079699518499737,1,xstock_reversion
tslax,2026-07-22T21:15:00Z,15,afterhours,0,3.0368121359014566,19.680753175492782,-22.71756531139424,-52.67292330719542,20.46566287958688,22.71756531139424,7.608692537797168,1,-8.150273480707071,38.47653132989848,-35.59655519939753,0,xstock_reversion
tslax,2026-07-22T21:15:00Z,30,afterhours,0,3.0368121359014566,19.680753175492782,-22.71756531139424,-52.67292330719542,20.46566287958688,22.71756531139424,4.47602006840242,1,128.7992890603995,-101.60570368060284,107.83014687630654,1,p1a_catchup
tslax,2026-07-22T21:15:00Z,60,afterhours,0,3.0368121359014566,19.680753175492782,-22.71756531139424,-52.67292330719542,20.46566287958688,22.71756531139424,13.942219331193328,1,107.0886346908928,-70.42885004830524,76.03122258050377,1,p1a_catchup
tslax,2026-07-22T21:35:00Z,5,afterhours,0,8.915085740399675,98.28524750369994,-107.20033324409961,-179.4744704753981,86.13532016385173,107.20033324409961,43.44549862079994,1,46.896273960799206,16.858560662500466,1.966098844894404,1,p1a_catchup
tslax,2026-07-22T21:35:00Z,15,afterhours,0,8.915085740399675,98.28524750369994,-107.20033324409961,-179.4744704753981,86.13532016385173,107.20033324409961,30.439445816403676,1,74.17819772619794,2.5826897014979977,13.20837096769445,1,p1a_catchup
tslax,2026-07-22T21:35:00Z,30,afterhours,0,8.915085740399675,98.28524750369994,-107.20033324409961,-179.4744704753981,86.13532016385173,107.20033324409961,2.543280212199406,1,56.35758172020111,48.299471311699094,-36.16336307340262,1,p1a_catchup
tslax,2026-07-22T21:35:00Z,60,afterhours,0,8.915085740399675,98.28524750369994,-107.20033324409961,-179.4744704753981,86.13532016385173,107.20033324409961,18.867736951797554,1,50.5295715773979,37.803024714904154,-30.285208644604822,1,p1a_catchup
tslax,2026-07-22T21:40:00Z,5,afterhours,0,9.909573766995194,53.35507238779513,-43.44549862079994,-178.4794285047031,86.73958680508683,43.44549862079994,4.47602006840242,1,2.247261677101875,45.67425701210048,-52.396199719293435,0,xstock_reversion
tslax,2026-07-22T21:40:00Z,15,afterhours,0,9.909573766995194,53.35507238779513,-43.44549862079994,-178.4794285047031,86.73958680508683,43.44549862079994,25.81317074859868,1,10.091330544295118,59.1673388251035,-63.003358562498946,0,xstock_reversion
tslax,2026-07-22T21:40:00Z,30,afterhours,0,9.909573766995194,53.35507238779513,-43.44549862079994,-178.4794285047031,86.73958680508683,43.44549862079994,18.83473885610165,1,-5.475278552502516,67.7555160294041,-80.85203998889234,0,xstock_reversion
tslax,2026-07-22T21:40:00Z,60,afterhours,0,9.909573766995194,53.35507238779513,-43.44549862079994,-178.4794285047031,86.73958680508683,43.44549862079994,12.398630680099387,1,-4.674228639203193,60.51835794010252,-70.62641180249685,0,xstock_reversion
tslax,2026-07-22T21:50:00Z,5,afterhours,0,6.875974928792772,37.31542074519645,-30.439445816403676,2.5826897014979977,91.76787684256986,30.439445816403676,25.81317074859868,1,-17.19059322110361,73.44320978610597,-74.24563068529899,0,xstock_reversion
tslax,2026-07-22T21:50:00Z,15,afterhours,0,6.875974928792772,37.31542074519645,-30.439445816403676,2.5826897014979977,91.76787684256986,30.439445816403676,2.543280212199406,1,-17.820616005996825,45.716781610201096,-49.37173404109707,0,xstock_reversion
tslax,2026-07-22T21:50:00Z,30,afterhours,0,6.875974928792772,37.31542074519645,-30.439445816403676,2.5826897014979977,91.76787684256986,30.439445816403676,3.018525213800416,1,-50.510740862801384,83.96871189300548,-95.15884848529943,0,xstock_reversion
tslax,2026-07-22T21:50:00Z,60,afterhours,0,6.875974928792772,37.31542074519645,-30.439445816403676,2.5826897014979977,91.76787684256986,30.439445816403676,12.022434115097624,1,-55.152432354903524,97.61431228640483,-108.79856722789683,0,xstock_reversion
tslax,2026-07-22T21:55:00Z,5,afterhours,0,6.073554029599748,19.73961671899893,25.81317074859868,59.1673388251035,100.09148265426069,25.81317074859868,0.11988865429302109,1,2.300342292098634,23.392939802207025,-13.552794558604475,0,xstock_reversion
tslax,2026-07-22T21:55:00Z,15,afterhours,0,6.073554029599748,19.73961671899893,25.81317074859868,59.1673388251035,100.09148265426069,25.81317074859868,18.83473885610165,1,15.566609096797634,-8.588177204300607,17.848681426393398,1,p1a_catchup
tslax,2026-07-22T21:55:00Z,30,afterhours,0,6.073554029599748,19.73961671899893,25.81317074859868,59.1673388251035,100.09148265426069,25.81317074859868,5.587502695796331,1,29.516053517895102,1.8846199264999086,-0.5582849488039443,1,p1a_catchup
tslax,2026-07-22T21:55:00Z,60,afterhours,0,6.073554029599748,19.73961671899893,25.81317074859868,59.1673388251035,100.09148265426069,25.81317074859868,4.744896838992929,1,43.70768060479868,-22.639406695192932,26.482697197698357,1,p1a_catchup
tslax,2026-07-22T22:10:00Z,5,afterhours,0,3.1869501924930432,22.021689048594695,18.83473885610165,8.588177204300607,49.383570116408215,18.83473885610165,13.942219331193328,1,13.988114139902308,-9.095594614993985,3.3430840262038686,1,p1a_catchup
tslax,2026-07-22T22:10:00Z,15,afterhours,0,3.1869501924930432,22.021689048594695,18.83473885610165,8.588177204300607,49.383570116408215,18.83473885610165,5.587502695796331,1,13.949444421097468,10.472797130800515,-18.406966375197342,0,p1a_catchup
tslax,2026-07-22T22:10:00Z,30,afterhours,0,3.1869501924930432,22.021689048594695,18.83473885610165,8.588177204300607,49.383570116408215,18.83473885610165,12.398630680099387,1,-0.8010499132993232,7.237158089301587,-10.225628186395497,1,xstock_reversion
tslax,2026-07-22T22:10:00Z,60,afterhours,0,3.1869501924930432,22.021689048594695,18.83473885610165,8.588177204300607,49.383570116408215,18.83473885610165,3.7362982918942578,1,21.504875311295635,1.0661618367002745,-5.016722513193628,1,p1a_catchup
tslax,2026-07-22T22:15:00Z,5,afterhours,0,2.565560396297073,11.376658934896255,13.942219331193328,41.076711621501616,46.46162437970528,13.942219331193328,3.018525213800416,1,3.7654244049978303,7.158269712395082,-0.2785476525968278,1,xstock_reversion
tslax,2026-07-22T22:15:00Z,15,afterhours,0,2.565560396297073,11.376658934896255,13.942219331193328,41.076711621501616,46.46162437970528,13.942219331193328,6.245510424003342,1,-6.357144383501989,26.54487413869866,-27.89324282059802,0,xstock_reversion
tslax,2026-07-22T22:15:00Z,30,afterhours,0,2.565560396297073,11.376658934896255,13.942219331193328,41.076711621501616,46.46162437970528,13.942219331193328,12.828088572698348,1,-2.7735554182051203,3.8876861767001003,-3.064450999801238,1,xstock_reversion
tslax,2026-07-22T22:15:00Z,60,afterhours,0,2.565560396297073,11.376658934896255,13.942219331193328,41.076711621501616,46.46162437970528,13.942219331193328,18.86434158089756,0,-8.588878987803028,41.395439899893915,-34.04021144110203,0,persistent_or_wider
tslax,2026-07-22T22:35:00Z,5,afterhours,0,1.3972696701003429,17.47046728169721,-18.867736951797554,-48.74837687959932,22.35689952772524,18.867736951797554,12.398630680099387,1,-8.30752625580189,39.57389388769883,-38.37510431299762,0,xstock_reversion
tslax,2026-07-22T22:35:00Z,15,afterhours,0,1.3972696701003429,17.47046728169721,-18.867736951797554,-48.74837687959932,22.35689952772524,18.867736951797554,12.022434115097624,1,-31.50380620610349,62.39397727299867,-65.30498761559755,0,xstock_reversion
tslax,2026-07-22T22:35:00Z,30,afterhours,0,1.3972696701003429,17.47046728169721,-18.867736951797554,-48.74837687959932,22.35689952772524,18.867736951797554,1.9260927637976266,1,-34.166877743899704,54.960707459494884,-47.48612275099262,0,xstock_reversion
tslax,2026-07-22T22:35:00Z,60,afterhours,0,1.3972696701003429,17.47046728169721,-18.867736951797554,-48.74837687959932,22.35689952772524,18.867736951797554,2.3548948100948763,1,-19.825412704497225,36.3382548461999,-37.158930539193946,0,xstock_reversion
tslax,2026-07-22T22:40:00Z,5,afterhours,0,0.19848009539913392,12.597110775498521,12.398630680099387,3.235639041498928,23.478204580576886,12.398630680099387,12.828088572698348,0,12.01560863499651,-12.445066527595472,10.504261212798127,1,persistent_or_wider
tslax,2026-07-22T22:40:00Z,15,afterhours,0,0.19848009539913392,12.597110775498521,12.398630680099387,3.235639041498928,23.478204580576886,12.398630680099387,4.744896838992929,1,28.94212142130037,-21.288387580193913,18.859643957700456,1,p1a_catchup
tslax,2026-07-22T22:40:00Z,30,afterhours,0,0.19848009539913392,12.597110775498521,12.398630680099387,3.235639041498928,23.478204580576886,12.398630680099387,3.7362982918942578,1,22.305925224594958,-6.170996252601313,5.208905673201869,1,p1a_catchup
tslax,2026-07-22T22:40:00Z,60,afterhours,0,0.19848009539913392,12.597110775498521,12.398630680099387,3.235639041498928,23.478204580576886,12.398630680099387,0.6268733768965973,1,12.021140530000807,-0.24938322679801672,-1.4839750251027795,1,p1a_catchup
tslax,2026-07-22T22:45:00Z,5,afterhours,0,1.7423252193982108,11.085763353300138,12.828088572698348,22.65718796199856,23.80962277461188,12.828088572698348,12.022434115097624,1,11.18067131530509,-10.375016857704367,16.425622089801806,1,p1a_catchup
tslax,2026-07-22T22:45:00Z,15,afterhours,0,1.7423252193982108,11.085763353300138,12.828088572698348,22.65718796199856,23.80962277461188,12.828088572698348,5.255440846800852,1,12.859823680901883,5.223705738597317,-3.6897304963989797,1,p1a_catchup
tslax,2026-07-22T22:45:00Z,30,afterhours,0,1.7423252193982108,11.085763353300138,12.828088572698348,22.65718796199856,23.80962277461188,12.828088572698348,18.86434158089756,0,-5.815323569597908,37.507753723193815,-30.975760441300793,0,persistent_or_wider
tslax,2026-07-22T22:45:00Z,60,afterhours,0,1.7423252193982108,11.085763353300138,12.828088572698348,22.65718796199856,23.80962277461188,12.828088572698348,5.396004510895835,1,4.367645813303511,3.064438248499002,-2.786679689199545,1,p1a_catchup
tslax,2026-07-22T22:50:00Z,5,afterhours,0,4.308280012699228,16.330714127796853,12.022434115097624,62.39397727299867,23.926454460091662,12.022434115097624,4.744896838992929,1,5.745841470998769,1.531695805105926,-8.070239344899477,1,p1a_catchup
tslax,2026-07-22T22:50:00Z,15,afterhours,0,4.308280012699228,16.330714127796853,12.022434115097624,62.39397727299867,23.926454460091662,12.022434115097624,1.9260927637976266,1,2.6630715377962133,7.4332698135037845,-17.818864864604933,0,xstock_reversion
tslax,2026-07-22T22:50:00Z,30,afterhours,0,4.308280012699228,16.330714127796853,12.022434115097624,62.39397727299867,23.926454460091662,12.022434115097624,2.009622464402838,1,-16.903187235204342,26.91599888589913,-50.19670876389881,0,xstock_reversion
tslax,2026-07-22T22:50:00Z,60,afterhours,0,4.308280012699228,16.330714127796853,12.022434115097624,62.39397727299867,23.926454460091662,12.022434115097624,1.9888372635978868,1,-4.729539619603429,14.763136471103167,-17.105500313805422,0,xstock_reversion
tslax,2026-07-22T23:15:00Z,5,afterhours,0,4.789668062494812,14.074673518402747,-18.86434158089756,-32.2840479845965,15.49545267342972,18.86434158089756,2.009622464402838,1,-0.09280764969865629,20.966771694999053,2.7953262327962136,1,xstock_reversion
tslax,2026-07-22T23:15:00Z,15,afterhours,0,4.789668062494812,14.074673518402747,-18.86434158089756,-32.2840479845965,15.49545267342972,18.86434158089756,10.140614162095218,1,-6.342938271002296,35.347894013995074,-28.690740409604842,0,xstock_reversion
tslax,2026-07-22T23:15:00Z,30,afterhours,0,4.789668062494812,14.074673518402747,-18.86434158089756,-32.2840479845965,15.49545267342972,18.86434158089756,5.396004510895835,1,-10.182969382901419,34.44331547469481,-28.189080752101248,0,xstock_reversion
tslax,2026-07-23T08:00:00Z,5,premarket,0,3.6016009601080867,25.65824878019818,-29.259849740306265,-45.36628122250086,30.68632292858372,29.259849740306265,8.900304662899927,1,-6.029599146302189,44.18975354950838,-24.76711744199278,0,xstock_reversion
tslax,2026-07-23T08:00:00Z,15,premarket,0,3.6016009601080867,25.65824878019818,-29.259849740306265,-45.36628122250086,30.68632292858372,29.259849740306265,7.658419159399799,1,5.814225347799962,15.787205233106505,7.611315856506096,1,xstock_reversion
tslax,2026-07-23T08:00:00Z,30,premarket,0,3.6016009601080867,25.65824878019818,-29.259849740306265,-45.36628122250086,30.68632292858372,29.259849740306265,15.891668070500131,1,43.118722840000956,2.0327949708054405,16.075133543305142,1,p1a_catchup
tslax,2026-07-23T08:00:00Z,60,premarket,0,3.6016009601080867,25.65824878019818,-29.259849740306265,-45.36628122250086,30.68632292858372,29.259849740306265,23.129361624700806,1,56.90423874209927,-4.515027377092196,32.74156866630129,1,p1a_catchup
tslax,2026-07-23T08:20:00Z,5,premarket,0,8.717614314104338,32.652661968297636,-23.935047654193298,-72.81427673380136,37.85600836187548,23.935047654193298,18.6636077494029,1,23.327633223093613,-18.056193318303215,9.058484455701787,1,p1a_catchup
tslax,2026-07-23T08:20:00Z,15,premarket,0,8.717614314104338,32.652661968297636,-23.935047654193298,-72.81427673380136,37.85600836187548,23.935047654193298,0.9285183225937743,1,9.958193303498675,13.048336028100849,-13.007212352800224,1,xstock_reversion
tslax,2026-07-23T08:20:00Z,30,premarket,0,8.717614314104338,32.652661968297636,-23.935047654193298,-72.81427673380136,37.85600836187548,23.935047654193298,10.168275430002538,1,50.81631765629702,-37.04954543210626,25.497931484501635,1,p1a_catchup
tslax,2026-07-23T08:20:00Z,60,premarket,0,8.717614314104338,32.652661968297636,-23.935047654193298,-72.81427673380136,37.85600836187548,23.935047654193298,7.20088343729941,1,28.136621969299114,-11.402457752405226,-0.28294546230434037,1,p1a_catchup
tslax,2026-07-23T08:25:00Z,5,premarket,0,0.2800945484970896,18.38351320090581,-18.6636077494029,-77.3013246944032,36.73950650959018,18.6636077494029,15.891668070500131,1,-14.158235653498608,48.71351147340164,-33.92708937090205,0,xstock_reversion
tslax,2026-07-23T08:25:00Z,15,premarket,0,0.2800945484970896,18.38351320090581,-18.6636077494029,-77.3013246944032,36.73950650959018,18.6636077494029,3.50939496129854,1,-8.544874549993864,23.699087338098224,11.618188019593134,1,xstock_reversion
tslax,2026-07-23T08:25:00Z,30,premarket,0,0.2800945484970896,18.38351320090581,-18.6636077494029,-77.3013246944032,36.73950650959018,18.6636077494029,4.342026981598579,1,23.905772953600746,-0.9001382225992671,2.5491779038944173,1,p1a_catchup
tslax,2026-07-23T08:25:00Z,60,premarket,0,0.2800945484970896,18.38351320090581,-18.6636077494029,-77.3013246944032,36.73950650959018,18.6636077494029,1.6142878524050275,1,7.000704418000936,10.048615478996936,-9.669636624902722,0,xstock_reversion
tslax,2026-07-23T08:30:00Z,5,premarket,1,14.506327554002496,1.3853405164976351,15.891668070500131,-13.754410262301064,37.49034834953044,15.891668070500131,0.9285183225937743,1,-0.7887957339036689,17.608982126997574,-11.861392562400042,0,xstock_reversion
tslax,2026-07-23T08:30:00Z,15,premarket,1,14.506327554002496,1.3853405164976351,15.891668070500131,-13.754410262301064,37.49034834953044,15.891668070500131,15.675317238192932,1,-26.57971949000526,58.14670479869832,-64.84427585950137,0,xstock_reversion
tslax,2026-07-23T08:30:00Z,30,premarket,1,14.506327554002496,1.3853405164976351,15.891668070500131,-13.754410262301064,37.49034834953044,15.891668070500131,23.129361624700806,0,-13.785515902098311,6.547822347897636,-16.66643512299615,0,persistent_or_wider
tslax,2026-07-23T08:30:00Z,60,premarket,1,14.506327554002496,1.3853405164976351,15.891668070500131,-13.754410262301064,37.49034834953044,15.891668070500131,12.247575155095447,1,-34.032159197501244,62.17140242309682,-56.893118263294795,0,xstock_reversion
tslax,2026-07-23T08:45:00Z,5,premarket,0,21.20389861480554,36.87921585299847,-15.675317238192932,-58.14670479869832,32.47297458476545,15.675317238192932,10.168275430002538,1,15.06720059669675,-9.560158788506357,-14.477739459799466,1,p1a_catchup
tslax,2026-07-23T08:45:00Z,15,premarket,0,21.20389861480554,36.87921585299847,-15.675317238192932,-58.14670479869832,32.47297458476545,15.675317238192932,23.129361624700806,0,-12.79420358790695,51.59888245080069,-48.17784073650522,0,persistent_or_wider
tslax,2026-07-23T08:45:00Z,30,premarket,0,21.20389861480554,36.87921585299847,-15.675317238192932,-58.14670479869832,32.47297458476545,15.675317238192932,3.52464076219583,1,-17.539994928004177,36.73995292839294,-34.31507982750048,0,xstock_reversion
tslax,2026-07-23T08:45:00Z,60,premarket,0,21.20389861480554,36.87921585299847,-15.675317238192932,-58.14670479869832,32.47297458476545,15.675317238192932,14.895539170005634,1,0.6843062625971896,29.886550145601376,-32.33311569450059,0,xstock_reversion
tslax,2026-07-23T09:00:00Z,5,premarket,1,24.62494032910101,1.4955787044002022,23.129361624700806,51.59888245080069,27.309140199133374,23.129361624700806,4.172059771594405,1,4.128371663201236,14.828930189905165,0.2827134840988066,0,xstock_reversion
tslax,2026-07-23T09:00:00Z,15,premarket,1,24.62494032910101,1.4955787044002022,23.129361624700806,51.59888245080069,27.309140199133374,23.129361624700806,3.52464076219583,1,4.745791340097227,14.858929522407749,-13.862760909004734,0,xstock_reversion
tslax,2026-07-23T09:00:00Z,30,premarket,1,24.62494032910101,1.4955787044002022,23.129361624700806,51.59888245080069,27.309140199133374,23.129361624700806,12.247575155095447,1,-20.246643295402933,55.623580075199186,-40.22668314029865,0,xstock_reversion
tslax,2026-07-23T09:00:00Z,60,premarket,1,24.62494032910101,1.4955787044002022,23.129361624700806,51.59888245080069,27.309140199133374,23.129361624700806,2.9370582914989285,1,-26.753424789900393,52.81984470610013,-58.97881955930551,0,xstock_reversion
tslax,2026-07-23T09:30:00Z,5,premarket,0,9.22804339420047,21.475618549295916,-12.247575155095447,-40.76465055279144,11.80772982898125,12.247575155095447,7.78849294739814,1,10.704374823600205,-6.245292615902898,-4.540681747897679,1,p1a_catchup
tslax,2026-07-23T09:30:00Z,15,premarket,0,9.22804339420047,21.475618549295916,-12.247575155095447,-40.76465055279144,11.80772982898125,12.247575155095447,14.895539170005634,0,-6.768133444898794,33.911247769999875,-24.38195809829402,0,persistent_or_wider
tslax,2026-07-23T09:30:00Z,30,premarket,0,9.22804339420047,21.475618549295916,-12.247575155095447,-40.76465055279144,11.80772982898125,12.247575155095447,2.9370582914989285,1,6.50678149449746,2.8037353690990585,18.75213641900686,1,p1a_catchup
tslax,2026-07-23T09:30:00Z,60,premarket,0,9.22804339420047,21.475618549295916,-12.247575155095447,-40.76465055279144,11.80772982898125,12.247575155095447,3.9741976681018087,1,45.762663676800486,-29.54089085360323,17.045942932503166,1,p1a_catchup
tslax,2026-07-23T09:45:00Z,5,premarket,1,18.757333065906323,3.861793895900689,14.895539170005634,33.911247769999875,19.8300261224873,14.895539170005634,3.612615085399895,1,-4.211736417802925,22.719890673208454,-7.081651737097516,0,xstock_reversion
tslax,2026-07-23T09:45:00Z,15,premarket,1,18.757333065906323,3.861793895900689,14.895539170005634,33.911247769999875,19.8300261224873,14.895539170005634,2.9370582914989285,1,-13.274914939396254,31.107512400900816,-43.13409451730088,0,xstock_reversion
tslax,2026-07-23T09:45:00Z,30,premarket,1,18.757333065906323,3.861793895900689,14.895539170005634,33.911247769999875,19.8300261224873,14.895539170005634,5.400821015397739,1,-48.707340151299405,58.2020583059073,-46.83184604210133,0,xstock_reversion
tslax,2026-07-23T09:45:00Z,60,premarket,1,18.757333065906323,3.861793895900689,14.895539170005634,33.911247769999875,19.8300261224873,14.895539170005634,6.248743726899875,1,-19.81809347760155,28.46488892070731,-22.678960819000338,0,xstock_reversion
tslax,2026-07-23T10:05:00Z,5,premarket,0,2.846558952596112,21.90264601120262,-24.749204963798732,-59.95072523589329,27.89612276630006,24.749204963798732,7.644869985101721,1,10.60864134649897,6.495693632198041,-5.981116938205133,1,p1a_catchup
tslax,2026-07-23T10:05:00Z,15,premarket,0,2.846558952596112,21.90264601120262,-24.749204963798732,-59.95072523589329,27.89612276630006,24.749204963798732,0.019754147100314867,1,5.906386489105131,18.862572621793916,-18.217015171098083,0,xstock_reversion
tslax,2026-07-23T10:05:00Z,30,premarket,0,2.846558952596112,21.90264601120262,-24.749204963798732,-59.95072523589329,27.89612276630006,24.749204963798732,10.18383086590191,1,-1.9175714134966881,36.85060724319733,-20.207489336998563,0,xstock_reversion
tslax,2026-07-23T10:05:00Z,60,premarket,0,2.846558952596112,21.90264601120262,-24.749204963798732,-59.95072523589329,27.89612276630006,24.749204963798732,6.1913527171952865,1,14.994082547001852,3.5637696996015933,0.27065893349664805,1,p1a_catchup
tslax,2026-07-23T10:40:00Z,5,premarket,1,28.531607108694956,12.28672149359511,16.244885615099847,53.546090736293905,14.551878319148733,16.244885615099847,6.248743726899875,1,4.942379453298784,5.053762434901188,10.506439709594417,0,xstock_reversion
tslax,2026-07-23T10:40:00Z,15,premarket,1,28.531607108694956,12.28672149359511,16.244885615099847,53.546090736293905,14.551878319148733,16.244885615099847,3.419996998399455,1,-9.190569161701134,28.855451775200436,6.248402600395053,0,xstock_reversion
tslax,2026-07-23T10:40:00Z,30,premarket,1,28.531607108694956,12.28672149359511,16.244885615099847,53.546090736293905,14.551878319148733,16.244885615099847,0.8645252021999283,1,-33.25247996589731,48.632840378797226,-33.438422699303416,0,xstock_reversion
tslax,2026-07-23T10:40:00Z,60,premarket,1,28.531607108694956,12.28672149359511,16.244885615099847,53.546090736293905,14.551878319148733,16.244885615099847,10.27006252179774,1,-84.46138502280043,110.97633315969802,-80.72726510020445,0,xstock_reversion
tslax,2026-07-23T11:00:00Z,5,premarket,0,4.991343542908311,20.061564590401204,-15.070221047492893,-50.64224216859259,20.613581188358726,15.070221047492893,6.1913527171952865,1,8.878583450497857,0.0002848797997501151,-4.003758742205932,1,p1a_catchup
tslax,2026-07-23T11:00:00Z,15,premarket,0,4.991343542908311,20.061564590401204,-15.070221047492893,-50.64224216859259,20.613581188358726,15.070221047492893,5.6999143366009974,1,4.519552527995074,16.250582856098816,-3.613427169799621,1,xstock_reversion
tslax,2026-07-23T11:00:00Z,30,premarket,0,4.991343542908311,20.061564590401204,-15.070221047492893,-50.64224216859259,20.613581188358726,15.070221047492893,11.533155851699561,1,42.77621440819779,-39.239149212404456,45.99416755689312,1,p1a_catchup
tslax,2026-07-23T11:00:00Z,60,premarket,0,4.991343542908311,20.061564590401204,-15.070221047492893,-50.64224216859259,20.613581188358726,15.070221047492893,10.237220438300554,1,95.6629994562963,-90.82999884710397,118.98929007319481,1,p1a_catchup
tslax,2026-07-23T11:30:00Z,5,premarket,0,11.746361887396972,23.279517739096534,-11.533155851699561,-55.48973206850327,14.053391608867285,11.533155851699561,0.4881120309985221,1,3.380009043203458,7.665034777497581,6.874427401806216,1,xstock_reversion
tslax,2026-07-23T11:30:00Z,15,premarket,0,11.746361887396972,23.279517739096534,-11.533155851699561,-55.48973206850327,14.053391608867285,11.533155851699561,0.23576004149816754,1,18.604387041998294,-7.3069912317969,-6.297409682796129,1,p1a_catchup
tslax,2026-07-23T11:30:00Z,30,premarket,0,11.746361887396972,23.279517739096534,-11.533155851699561,-55.48973206850327,14.053391608867285,11.533155851699561,10.237220438300554,1,52.88678504809852,-51.59084963469951,72.99512251630169,1,p1a_catchup
tslax,2026-07-23T11:30:00Z,60,premarket,0,11.746361887396972,23.279517739096534,-11.533155851699561,-55.48973206850327,14.053391608867285,11.533155851699561,11.921323036299114,0,123.50905091629727,-123.89721810089682,104.48393246139887,1,persistent_or_wider
tslax,2026-07-23T11:55:00Z,5,premarket,0,24.79077907880267,42.834703598098045,-18.043924519295373,-27.482299208196892,21.406460463084017,18.043924519295373,10.237220438300554,1,15.874075163697654,-8.067371082702834,16.427226772899317,1,p1a_catchup
tslax,2026-07-23T11:55:00Z,15,premarket,0,24.79077907880267,42.834703598098045,-18.043924519295373,-27.482299208196892,21.406460463084017,18.043924519295373,5.627854164096391,1,52.19056920630294,-39.77449885110396,15.273558105297624,1,p1a_catchup
tslax,2026-07-23T11:55:00Z,30,premarket,0,24.79077907880267,42.834703598098045,-18.043924519295373,-27.482299208196892,21.406460463084017,18.043924519295373,10.779588358600378,1,73.3158629692987,-66.05152680860371,37.41259957870113,1,p1a_catchup
tslax,2026-07-23T11:55:00Z,60,premarket,0,24.79077907880267,42.834703598098045,-18.043924519295373,-27.482299208196892,21.406460463084017,18.043924519295373,6.313871355798639,1,87.90669919769734,-76.1766460342006,51.099321605398984,1,p1a_catchup
tslax,2026-07-23T12:05:00Z,5,premarket,0,1.2214326664050645,20.630871839397713,-21.852304505802778,-90.58495647980003,22.500824373653234,21.852304505802778,5.627854164096391,1,8.366353984303743,7.858096357402644,-6.34682535800124,1,p1a_catchup
tslax,2026-07-23T12:05:00Z,15,premarket,0,1.2214326664050645,20.630871839397713,-21.852304505802778,-90.58495647980003,22.500824373653234,21.852304505802778,1.1574582356033147,1,15.257756697302227,7.752006044103865,19.64296662560372,1,p1a_catchup
tslax,2026-07-23T12:05:00Z,30,premarket,0,1.2214326664050645,20.630871839397713,-21.852304505802778,-90.58495647980003,22.500824373653234,21.852304505802778,0.12427252630509145,1,43.06913908790122,-21.09256205579335,19.64296662560372,1,p1a_catchup
tslax,2026-07-23T12:05:00Z,60,premarket,0,1.2214326664050645,20.630871839397713,-21.852304505802778,-90.58495647980003,22.500824373653234,21.852304505802778,21.792685386792243,1,84.49120325620285,-84.43158413719232,91.40399787800568,1,p1a_catchup
tslax,2026-07-23T12:30:00Z,5,premarket,1,7.666923752100985,4.254399284198129,-11.921323036299114,-32.66458788879767,18.815297035103026,11.921323036299114,0.12427252630509145,1,0.3970132780040103,11.648582284600195,-6.652686629093907,0,xstock_reversion
tslax,2026-07-23T12:30:00Z,15,premarket,1,7.666923752100985,4.254399284198129,-11.921323036299114,-32.66458788879767,18.815297035103026,11.921323036299114,3.5192887137913687,1,-13.022937503102128,28.46354925319261,-3.47151911380017,0,xstock_reversion
tslax,2026-07-23T12:30:00Z,30,premarket,1,7.666923752100985,4.254399284198129,-11.921323036299114,-32.66458788879767,18.815297035103026,11.921323036299114,12.972196916294365,0,15.565563094703805,-16.616436974699056,41.461953597004,1,persistent_or_wider
tslax,2026-07-23T12:30:00Z,60,premarket,1,7.666923752100985,4.254399284198129,-11.921323036299114,-32.66458788879767,18.815297035103026,11.921323036299114,35.99421107730372,0,167.70484908850136,-191.77773712950597,225.31383859530683,1,persistent_or_wider
tslax,2026-07-23T13:00:00Z,5,premarket,0,17.178592870203957,30.150789786498322,-12.972196916294365,-45.079986227891666,16.574367315559574,12.972196916294365,21.792685386792243,0,26.253514351601837,-35.074002822099715,23.64639102630406,1,persistent_or_wider
tslax,2026-07-23T13:00:00Z,15,premarket,0,17.178592870203957,30.150789786498322,-12.972196916294365,-45.079986227891666,16.574367315559574,12.972196916294365,20.377095309900284,0,10.586954043798613,22.762338182396036,-16.257333894795778,1,persistent_or_wider
tslax,2026-07-23T13:00:00Z,30,premarket,0,17.178592870203957,30.150789786498322,-12.972196916294365,-45.079986227891666,16.574367315559574,12.972196916294365,35.99421107730372,0,152.13928599379756,-175.1613001548069,183.85188499830286,1,persistent_or_wider
tslax,2026-07-23T13:00:00Z,60,premarket,0,17.178592870203957,30.150789786498322,-12.972196916294365,-45.079986227891666,16.574367315559574,12.972196916294365,1.2060397572977166,1,521.2242371095944,-507.04600043600226,503.181483058599,1,p1a_catchup
tslax,2026-07-23T13:05:00Z,5,premarket,0,5.750981074408301,27.543666461200544,-21.792685386792243,-67.7299510650986,19.21157727793342,21.792685386792243,1.456565011102029,1,4.907892544698811,15.428227830991403,-18.656477551601824,0,xstock_reversion
tslax,2026-07-23T13:05:00Z,15,premarket,0,5.750981074408301,27.543666461200544,-21.792685386792243,-67.7299510650986,19.21157727793342,21.792685386792243,7.824190679004417,1,-7.169459968805469,21.137954676593296,-9.690466216500937,1,xstock_reversion
tslax,2026-07-23T13:05:00Z,30,premarket,0,5.750981074408301,27.543666461200544,-21.792685386792243,-67.7299510650986,19.21157727793342,21.792685386792243,40.83744244199217,0,247.56514360650073,-266.60990066170064,284.9781920026917,1,persistent_or_wider
tslax,2026-07-23T13:05:00Z,60,premarket,0,5.750981074408301,27.543666461200544,-21.792685386792243,-67.7299510650986,19.21157727793342,21.792685386792243,6.851874777096256,1,478.26756148549697,-449.6230013216085,455.73136985509245,1,p1a_catchup
tslax,2026-07-23T13:15:00Z,5,premarket,1,23.683597157804215,3.306501847903931,20.377095309900284,22.762338182396036,27.969460767272313,20.377095309900284,7.824190679004417,1,-8.497100338997754,36.698386327902455,-30.2132587045989,0,xstock_reversion
tslax,2026-07-23T13:15:00Z,15,premarket,1,23.683597157804215,3.306501847903931,20.377095309900284,22.762338182396036,27.969460767272313,20.377095309900284,35.99421107730372,0,-141.55233194999894,197.92363833720293,-200.1092188930986,0,persistent_or_wider
tslax,2026-07-23T13:15:00Z,30,premarket,1,23.683597157804215,3.306501847903931,20.377095309900284,22.762338182396036,27.969460767272313,20.377095309900284,30.19741180880331,0,-373.27001725519614,423.84452437389973,-419.7207255844937,0,persistent_or_wider
tslax,2026-07-23T13:15:00Z,60,premarket,1,23.683597157804215,3.306501847903931,20.377095309900284,22.762338182396036,27.969460767272313,20.377095309900284,9.406238221698615,1,-527.7672757233009,557.5506092548999,-562.2999490865955,0,xstock_reversion
tslax,2026-07-23T13:25:00Z,5,premarket,0,38.896950784401696,67.0270161753006,-28.130065390898906,-46.767875953293014,36.14537451306663,28.130065390898906,35.99421107730372,0,100.88350352400077,-108.74764921040558,95.71987613970379,1,persistent_or_wider
tslax,2026-07-23T13:25:00Z,15,premarket,0,38.896950784401696,67.0270161753006,-28.130065390898906,-46.767875953293014,36.14537451306663,28.130065390898906,4.543850810501127,1,245.94768532010036,-222.36147073970258,202.82869220680232,1,p1a_catchup
tslax,2026-07-23T13:25:00Z,30,premarket,0,38.896950784401696,67.0270161753006,-28.130065390898906,-46.767875953293014,36.14537451306663,28.130065390898906,21.597634161798496,1,467.9414354487044,-461.40900421960396,432.4773440217999,1,p1a_catchup
tslax,2026-07-23T13:25:00Z,60,premarket,0,38.896950784401696,67.0270161753006,-28.130065390898906,-46.767875953293014,36.14537451306663,28.130065390898906,5.346629232203526,1,565.5690370443978,-542.7856008857024,520.5569069460037,1,p1a_catchup
tslax,2026-07-23T13:30:00Z,5,regular,0,25.869177713699898,61.863388791003615,-35.99421107730372,-197.92363833720293,53.06562980994883,35.99421107730372,40.83744244199217,0,121.679371964305,-126.52260332899345,124.77269803069291,1,persistent_or_wider
tslax,2026-07-23T13:30:00Z,15,regular,0,25.869177713699898,61.863388791003615,-35.99421107730372,-197.92363833720293,53.06562980994883,35.99421107730372,30.19741180880331,1,231.71768530519722,-225.9208860366968,219.61150669139505,1,p1a_catchup
tslax,2026-07-23T13:30:00Z,30,regular,0,25.869177713699898,61.863388791003615,-35.99421107730372,-197.92363833720293,53.06562980994883,35.99421107730372,1.2060397572977166,1,369.08495111579674,-331.8847002811953,319.3295980602961,1,p1a_catchup
tslax,2026-07-23T13:30:00Z,60,regular,0,25.869177713699898,61.863388791003615,-35.99421107730372,-197.92363833720293,53.06562980994883,35.99421107730372,2.619049904302173,1,475.5665365444006,-442.1913753713991,430.70557557570055,1,p1a_catchup
tslax,2026-07-23T13:35:00Z,5,regular,0,24.11927241539935,64.95671485739152,-40.83744244199217,-287.74785533829396,66.51971508005812,40.83744244199217,4.543850810501127,1,23.384809831794584,12.908781799696456,-17.663881963594363,1,p1a_catchup
tslax,2026-07-23T13:35:00Z,15,regular,0,24.11927241539935,64.95671485739152,-40.83744244199217,-287.74785533829396,66.51971508005812,40.83744244199217,22.578810686404438,1,180.21066403129282,-161.9520322757051,151.2641494846001,1,p1a_catchup
tslax,2026-07-23T13:35:00Z,30,regular,0,24.11927241539935,64.95671485739152,-40.83744244199217,-287.74785533829396,66.51971508005812,40.83744244199217,6.851874777096256,1,230.70241787899624,-183.01310065990782,170.75317785240074,1,p1a_catchup
tslax,2026-07-23T13:35:00Z,60,regular,0,24.11927241539935,64.95671485739152,-40.83744244199217,-287.74785533829396,66.51971508005812,40.83744244199217,6.619287649698435,1,338.64635842329346,-291.1896283316029,287.5665491195001,1,p1a_catchup
tslax,2026-07-23T13:45:00Z,5,regular,0,19.559798368398162,49.75721017720147,-30.19741180880331,-225.9208860366968,54.35716566450284,30.19741180880331,22.578810686404438,1,70.17235069040062,-62.55374956800175,56.42534082389794,1,p1a_catchup
tslax,2026-07-23T13:45:00Z,15,regular,0,19.559798368398162,49.75721017720147,-30.19741180880331,-225.9208860366968,54.35716566450284,30.19741180880331,1.2060397572977166,1,137.36726581059955,-105.96381424449852,99.71809136890109,1,p1a_catchup
tslax,2026-07-23T13:45:00Z,30,regular,0,19.559798368398162,49.75721017720147,-30.19741180880331,-225.9208860366968,54.35716566450284,30.19741180880331,9.406238221698615,1,154.4972584681048,-133.7060848810001,142.57922350210174,1,p1a_catchup
tslax,2026-07-23T13:45:00Z,60,regular,0,19.559798368398162,49.75721017720147,-30.19741180880331,-225.9208860366968,54.35716566450284,30.19741180880331,10.159022838003295,1,266.4286293860041,-246.39024041520406,249.01364752400568,1,p1a_catchup
tslax,2026-07-23T13:50:00Z,5,regular,0,13.431389624294354,36.01020031069879,-22.578810686404438,-161.9520322757051,52.106441012510125,22.578810686404438,21.597634161798496,1,65.16789592910577,-64.18671940449983,60.720620366803146,1,p1a_catchup
tslax,2026-07-23T13:50:00Z,15,regular,0,13.431389624294354,36.01020031069879,-22.578810686404438,-161.9520322757051,52.106441012510125,22.578810686404438,6.851874777096256,1,50.491753847703436,-21.06106838420274,19.489028367800643,1,p1a_catchup
tslax,2026-07-23T13:50:00Z,30,regular,0,13.431389624294354,36.01020031069879,-22.578810686404438,-161.9520322757051,52.106441012510125,22.578810686404438,18.86177302990788,1,142.31621832339948,-138.5991806669029,140.9756680851082,1,p1a_catchup
tslax,2026-07-23T13:50:00Z,60,regular,0,13.431389624294354,36.01020031069879,-22.578810686404438,-161.9520322757051,52.106441012510125,22.578810686404438,0.5632398011989892,1,200.1735031430041,-177.03145265540064,177.093556319301,1,p1a_catchup
tslax,2026-07-23T13:55:00Z,5,regular,0,9.965290586597675,31.56292474839617,-21.597634161798496,-239.04753347990138,51.309639285805176,21.597634161798496,1.2060397572977166,1,2.02701919109316,20.776654728003052,-17.4278698218,1,xstock_reversion
tslax,2026-07-23T13:55:00Z,15,regular,0,9.965290586597675,31.56292474839617,-21.597634161798496,-239.04753347990138,51.309639285805176,21.597634161798496,1.0684804925009672,1,-10.907717295003394,31.436870964300923,-16.816772290502158,1,xstock_reversion
tslax,2026-07-23T13:55:00Z,30,regular,0,9.965290586597675,31.56292474839617,-21.597634161798496,-239.04753347990138,51.309639285805176,21.597634161798496,5.346629232203526,1,97.62760159569339,-81.37659666609842,88.07956292420371,1,p1a_catchup
tslax,2026-07-23T13:55:00Z,60,regular,0,9.965290586597675,31.56292474839617,-21.597634161798496,-239.04753347990138,51.309639285805176,21.597634161798496,2.5054625658960106,1,130.3328926032954,-106.22979587560089,101.52052898930286,1,p1a_catchup
tslax,2026-07-23T14:20:00Z,5,regular,0,15.80787704249964,34.66965007240752,-18.86177302990788,-117.53811228270017,40.02478068236058,18.86177302990788,5.346629232203526,1,20.47927920139969,-6.964135403695337,7.824515205898663,1,p1a_catchup
tslax,2026-07-23T14:20:00Z,15,regular,0,15.80787704249964,34.66965007240752,-18.86177302990788,-117.53811228270017,40.02478068236058,18.86177302990788,6.619287649698435,1,16.1194760686012,9.361584611005114,-4.673268450208212,1,p1a_catchup
tslax,2026-07-23T14:20:00Z,30,regular,0,15.80787704249964,34.66965007240752,-18.86177302990788,-117.53811228270017,40.02478068236058,18.86177302990788,0.5632398011989892,1,57.857284819604615,-38.432271988497746,36.11788823419282,1,p1a_catchup
tslax,2026-07-23T14:20:00Z,60,regular,0,15.80787704249964,34.66965007240752,-18.86177302990788,-117.53811228270017,40.02478068236058,18.86177302990788,13.415546857400429,1,142.22998290589928,-136.78375673339184,145.40178795309444,1,p1a_catchup
tslax,2026-07-23T15:00:00Z,5,regular,1,6.948338395007525,4.559742248195775,-11.5080806432033,-32.54361332539979,27.26354447130867,11.5080806432033,3.3960137796018586,1,10.060941413296831,-1.9488745496953896,24.225018956300914,1,p1a_catchup
tslax,2026-07-23T15:00:00Z,15,regular,1,6.948338395007525,4.559742248195775,-11.5080806432033,-32.54361332539979,27.26354447130867,11.5080806432033,2.6374337866919007,1,19.91674391070397,-11.046097054192572,18.165591301304573,1,p1a_catchup
tslax,2026-07-23T15:00:00Z,30,regular,1,6.948338395007525,4.559742248195775,-11.5080806432033,-32.54361332539979,27.26354447130867,11.5080806432033,9.307827910802757,1,46.31870212190137,-25.50279356789531,43.99574912900661,1,p1a_catchup
tslax,2026-07-23T15:00:00Z,60,regular,1,6.948338395007525,4.559742248195775,-11.5080806432033,-32.54361332539979,27.26354447130867,11.5080806432033,10.845078279793086,1,-79.11422040880467,101.46737933180106,-86.95371208779612,0,xstock_reversion
tslax,2026-07-23T15:20:00Z,5,regular,0,24.425908262202256,37.841455119602685,-13.415546857400429,-57.05395867799723,24.37478262022591,13.415546857400429,1.560823197594985,1,10.65668951240717,1.1980341473982747,-3.2896945684957046,1,p1a_catchup
tslax,2026-07-23T15:20:00Z,15,regular,0,24.425908262202256,37.841455119602685,-13.415546857400429,-57.05395867799723,24.37478262022591,13.415546857400429,0.43593755149728963,1,-11.591888421298435,25.443372830196154,-47.78347291980012,0,xstock_reversion
tslax,2026-07-23T15:20:00Z,30,regular,0,24.425908262202256,37.841455119602685,-13.415546857400429,-57.05395867799723,24.37478262022591,13.415546857400429,6.258666168097449,1,-63.70625239069838,83.38046541619626,-98.13320008019488,0,xstock_reversion
tslax,2026-07-23T15:20:00Z,60,regular,0,24.425908262202256,37.841455119602685,-13.415546857400429,-57.05395867799723,24.37478262022591,13.415546857400429,0.6303247923966637,1,-156.9314166494973,170.97728829929437,-183.78736406480022,0,xstock_reversion
tslax,2026-07-23T15:55:00Z,5,regular,0,4.794830055194765,19.459985515997147,14.665155460802382,81.47233152720368,18.76665189718927,14.665155460802382,10.845078279793086,1,32.956052068904285,-29.13597488789499,16.775815983702813,1,p1a_catchup
tslax,2026-07-23T15:55:00Z,15,regular,0,4.794830055194765,19.459985515997147,14.665155460802382,81.47233152720368,18.76665189718927,14.665155460802382,0.7483724329926389,1,60.272908644396495,-44.859380750601474,26.763291739504425,1,p1a_catchup
tslax,2026-07-23T15:55:00Z,30,regular,0,4.794830055194765,19.459985515997147,14.665155460802382,81.47233152720368,18.76665189718927,14.665155460802382,1.6746103078002506,1,47.242216459197905,-30.902450690595273,17.54467415279848,1,p1a_catchup
tslax,2026-07-23T15:55:00Z,60,regular,0,4.794830055194765,19.459985515997147,14.665155460802382,81.47233152720368,18.76665189718927,14.665155460802382,1.8677215974971517,1,-58.79191346809698,71.58934733140221,-76.66714167229749,0,xstock_reversion
tslax,2026-07-23T16:45:00Z,5,regular,0,3.8029201528022583,17.350131629401133,-13.547211476598875,-103.22868802799867,16.44503373495373,13.547211476598875,1.3179311990008102,1,-0.6777350833964135,15.542877758996099,-0.6253306515979773,1,xstock_reversion
tslax,2026-07-23T16:45:00Z,15,regular,0,3.8029201528022583,17.350131629401133,-13.547211476598875,-103.22868802799867,16.44503373495373,13.547211476598875,7.660494674297524,1,-24.077231168195823,45.28493731909222,-27.964728816201045,0,xstock_reversion
tslax,2026-07-23T16:45:00Z,30,regular,0,3.8029201528022583,17.350131629401133,-13.547211476598875,-103.22868802799867,16.44503373495373,13.547211476598875,1.3151554497969897,1,-25.991126483893012,38.2231825106949,-28.585210931000304,0,xstock_reversion
tslax,2026-07-23T16:45:00Z,60,regular,0,3.8029201528022583,17.350131629401133,-13.547211476598875,-103.22868802799867,16.44503373495373,13.547211476598875,2.7227940055940536,1,19.151113253599306,-2.881107771406377,1.8606677299981556,1,p1a_catchup
tslax,2026-07-23T17:35:00Z,5,regular,0,0.31256820990144263,16.139656136404668,-15.827087926503225,-55.109872450698205,31.071182401443323,15.827087926503225,0.45163607680365203,1,1.4881428145052666,14.79058118880161,-16.048491692401967,0,xstock_reversion
tslax,2026-07-23T17:35:00Z,15,regular,0,0.31256820990144263,16.139656136404668,-15.827087926503225,-55.109872450698205,31.071182401443323,15.827087926503225,5.003125414697607,1,-19.875485360598688,40.70569870179952,-17.605226910504257,0,xstock_reversion
tslax,2026-07-23T17:35:00Z,30,regular,0,0.31256820990144263,16.139656136404668,-15.827087926503225,-55.109872450698205,31.071182401443323,15.827087926503225,2.576177706696825,1,-2.3148714493004263,20.718137082500476,-3.4299969154005794,1,xstock_reversion
tslax,2026-07-23T17:35:00Z,60,regular,0,0.31256820990144263,16.139656136404668,-15.827087926503225,-55.109872450698205,31.071182401443323,15.827087926503225,1.232843045793075,1,-12.737894258600946,29.797825230897246,-11.844095700999091,0,xstock_reversion
tslax,2026-07-23T19:35:00Z,5,regular,0,30.163015812201266,46.80567967260352,-16.64266386040225,-96.11286652599915,27.117111145155846,16.64266386040225,11.568202328398058,1,39.54949876990632,-34.47503723790213,28.480741349303784,1,p1a_catchup
tslax,2026-07-23T19:35:00Z,15,regular,0,30.163015812201266,46.80567967260352,-16.64266386040225,-96.11286652599915,27.117111145155846,16.64266386040225,35.77761023640491,0,-44.34927234789221,96.76954644469937,-132.93398667300062,0,persistent_or_wider
tslax,2026-07-23T19:35:00Z,30,regular,0,30.163015812201266,46.80567967260352,-16.64266386040225,-96.11286652599915,27.117111145155846,16.64266386040225,4.291868038199809,1,-49.066857338395664,61.41765316059811,-83.55351384239817,0,xstock_reversion
tslax,2026-07-23T19:35:00Z,60,regular,0,30.163015812201266,46.80567967260352,-16.64266386040225,-96.11286652599915,27.117111145155846,16.64266386040225,9.153067701097584,1,-152.6339882106953,178.42971977219514,-194.78294002500007,0,xstock_reversion
tslax,2026-07-23T19:40:00Z,5,regular,0,24.16871992360292,35.73692225200098,-11.568202328398058,-119.24651027739763,26.22593217124659,11.568202328398058,2.5172303261022932,1,12.91822623139538,-3.867254229099615,-16.480108296903495,1,p1a_catchup
tslax,2026-07-23T19:40:00Z,15,regular,0,24.16871992360292,35.73692225200098,-11.568202328398058,-119.24651027739763,26.22593217124659,11.568202328398058,2.8645730696030824,1,-98.7870162293003,113.21979162730145,-107.23182621000582,0,xstock_reversion
tslax,2026-07-23T19:40:00Z,30,regular,0,24.16871992360292,35.73692225200098,-11.568202328398058,-119.24651027739763,26.22593217124659,11.568202328398058,11.961626931098479,0,-97.22202463300356,120.7518538925001,-124.59606494320319,0,persistent_or_wider
tslax,2026-07-23T19:40:00Z,60,regular,0,24.16871992360292,35.73692225200098,-11.568202328398058,-119.24651027739763,26.22593217124659,11.568202328398058,3.4591224694935363,1,-194.52546873150567,209.55279352939726,-227.53426301200363,0,xstock_reversion
tslax,2026-07-23T19:50:00Z,5,regular,0,6.001424416099965,41.779034652504876,35.77761023640491,96.76954644469937,69.13319639319793,35.77761023640491,2.8645730696030824,1,14.888245111501774,18.024792055300054,-54.18290181229857,0,xstock_reversion
tslax,2026-07-23T19:50:00Z,15,regular,0,6.001424416099965,41.779034652504876,35.77761023640491,96.76954644469937,69.13319639319793,35.77761023640491,4.291868038199809,1,4.717584990503454,35.351893284101266,-49.38047283060243,0,xstock_reversion
tslax,2026-07-23T19:50:00Z,30,regular,0,6.001424416099965,41.779034652504876,35.77761023640491,96.76954644469937,69.13319639319793,35.77761023640491,32.44965376770104,1,63.404836587803715,-60.07688011909984,54.97505809099579,1,p1a_catchup
tslax,2026-07-23T19:50:00Z,60,regular,0,6.001424416099965,41.779034652504876,35.77761023640491,96.76954644469937,69.13319639319793,35.77761023640491,4.158404209899658,1,114.02350489790436,-74.08749045159979,72.9239395576009,1,p1a_catchup
tslax,2026-07-23T20:10:00Z,5,afterhours,1,20.324508872899827,8.362881941801348,11.961626931098479,7.532062265198647,58.20144404607772,11.961626931098479,27.20118588059428,0,21.625495524402183,-36.865054473897985,44.29064350140344,1,persistent_or_wider
tslax,2026-07-23T20:10:00Z,15,afterhours,1,20.324508872899827,8.362881941801348,11.961626931098479,7.532062265198647,58.20144404607772,11.961626931098479,26.594392287497826,0,75.80291256809701,-90.43567792449636,106.6502654235979,1,persistent_or_wider
tslax,2026-07-23T20:10:00Z,30,afterhours,1,20.324508872899827,8.362881941801348,11.961626931098479,7.532062265198647,58.20144404607772,11.961626931098479,3.4591224694935363,1,97.30344409850211,-88.80093963689717,102.93819806880045,1,p1a_catchup
tslax,2026-07-23T20:10:00Z,60,afterhours,1,20.324508872899827,8.362881941801348,11.961626931098479,7.532062265198647,58.20144404607772,11.961626931098479,13.956110863997395,0,105.62472074459706,-79.70698294950118,99.54354379660302,1,persistent_or_wider
tslax,2026-07-23T20:15:00Z,5,afterhours,0,12.898919845394374,14.302266035199906,27.20118588059428,51.63605177649799,57.21030724071607,27.20118588059428,32.44965376770104,0,28.456087548196507,-33.70455543530326,47.50307766869355,1,persistent_or_wider
tslax,2026-07-23T20:15:00Z,15,afterhours,0,12.898919845394374,14.302266035199906,27.20118588059428,51.63605177649799,57.21030724071607,27.20118588059428,10.257598740004426,1,65.16987040889433,-48.22628326830447,56.20302450069836,1,p1a_catchup
tslax,2026-07-23T20:15:00Z,30,afterhours,0,12.898919845394374,14.302266035199906,27.20118588059428,51.63605177649799,57.21030724071607,27.20118588059428,9.473849498995435,1,83.21013864819982,-65.48280226660097,62.66889867849734,1,p1a_catchup
tslax,2026-07-23T20:15:00Z,60,afterhours,0,12.898919845394374,14.302266035199906,27.20118588059428,51.63605177649799,57.21030724071607,27.20118588059428,19.41683830450458,1,66.32770375349928,-19.709679568400418,31.619322068596745,1,p1a_catchup
tslax,2026-07-23T20:20:00Z,5,afterhours,0,0.8996023879959125,33.34925615569695,32.44965376770104,95.4287734032011,24.456226719672127,32.44965376770104,26.594392287497826,1,25.721329495498324,-19.866068015295113,14.856544253500914,1,p1a_catchup
tslax,2026-07-23T20:20:00Z,15,afterhours,0,0.8996023879959125,33.34925615569695,32.44965376770104,95.4287734032011,24.456226719672127,32.44965376770104,9.153067701097584,1,44.87987927499937,-21.583293208395915,6.873895261003682,1,p1a_catchup
tslax,2026-07-23T20:20:00Z,30,afterhours,0,0.8996023879959125,33.34925615569695,32.44965376770104,95.4287734032011,24.456226719672127,32.44965376770104,4.158404209899658,1,50.618668310100645,-14.010610332499951,17.948881466605116,1,p1a_catchup
tslax,2026-07-23T20:20:00Z,60,afterhours,0,0.8996023879959125,33.34925615569695,32.44965376770104,95.4287734032011,24.456226719672127,32.44965376770104,9.879707983193597,1,27.424007598897404,14.90535415199723,-14.87864878799705,1,p1a_catchup
tslax,2026-07-23T20:25:00Z,5,afterhours,0,4.1099213737982865,22.48447091369954,26.594392287497826,90.43567792449636,20.30875783695169,26.594392287497826,10.257598740004426,1,10.992453365199495,5.344340182293905,-6.156597421496102,1,p1a_catchup
tslax,2026-07-23T20:25:00Z,15,afterhours,0,4.1099213737982865,22.48447091369954,26.594392287497826,90.43567792449636,20.30875783695169,26.594392287497826,3.4591224694935363,1,21.500531530405098,1.6347382875991912,-3.7120673547974548,1,p1a_catchup
tslax,2026-07-23T20:25:00Z,30,afterhours,0,4.1099213737982865,22.48447091369954,26.594392287497826,90.43567792449636,20.30875783695169,26.594392287497826,10.729788410701602,1,33.84837258139761,-17.98376870460139,22.67245070980195,1,p1a_catchup
tslax,2026-07-23T20:25:00Z,60,afterhours,0,4.1099213737982865,22.48447091369954,26.594392287497826,90.43567792449636,20.30875783695169,26.594392287497826,8.811807178696895,1,-6.584505986397815,41.990705452592536,-37.74162343929355,0,xstock_reversion
tslax,2026-07-23T21:10:00Z,5,afterhours,0,0.4879480257979907,14.444058889795386,-13.956110863997395,-28.712463679596567,18.762019983610397,13.956110863997395,19.41683830450458,0,17.671521466695594,-23.13224890720278,23.633578226602836,1,persistent_or_wider
tslax,2026-07-23T21:10:00Z,15,afterhours,0,0.4879480257979907,14.444058889795386,-13.956110863997395,-28.712463679596567,18.762019983610397,13.956110863997395,8.811807178696895,1,36.40631416289786,-31.262010477597357,30.634901812298665,1,p1a_catchup
tslax,2026-07-23T21:10:00Z,30,afterhours,0,0.4879480257979907,14.444058889795386,-13.956110863997395,-28.712463679596567,18.762019983610397,13.956110863997395,12.380646104004356,1,24.743447200101798,1.593309767899953,-4.632163168398762,1,p1a_catchup
tslax,2026-07-23T21:10:00Z,60,afterhours,0,0.4879480257979907,14.444058889795386,-13.956110863997395,-28.712463679596567,18.762019983610397,13.956110863997395,1.8739639534981478,1,4.376771659400092,7.705375251099156,-8.034523201798649,0,xstock_reversion
tslax,2026-07-23T21:15:00Z,5,afterhours,0,0.9892773451980474,20.406115649702627,-19.41683830450458,-54.711710671000446,18.84800162847257,19.41683830450458,9.879707983193597,1,10.447608606405367,-0.9104782850943849,-1.0051068120997542,1,p1a_catchup
tslax,2026-07-23T21:15:00Z,15,afterhours,0,0.9892773451980474,20.406115649702627,-19.41683830450458,-54.711710671000446,18.84800162847257,19.41683830450458,1.3883210560994286,1,20.850249496202622,-2.8217322477974704,1.1355199653984016,1,p1a_catchup
tslax,2026-07-23T21:15:00Z,30,afterhours,0,0.9892773451980474,20.406115649702627,-19.41683830450458,-54.711710671000446,18.84800162847257,19.41683830450458,12.253882065005328,1,-4.7290362207963454,36.399756590306254,-36.92092741649944,0,xstock_reversion
tslax,2026-07-23T21:15:00Z,60,afterhours,0,0.9892773451980474,20.406115649702627,-19.41683830450458,-54.711710671000446,18.84800162847257,19.41683830450458,12.444149851900121,1,-23.36139416629912,55.22238232270382,-38.778388458000634,0,xstock_reversion
tslax,2026-07-23T21:40:00Z,5,afterhours,0,2.550905374700818,14.931551478705174,12.380646104004356,32.85532024549731,14.522774507307156,12.380646104004356,12.253882065005328,1,11.800961954202549,-11.674197915203521,8.65518602149784,1,p1a_catchup
tslax,2026-07-23T21:40:00Z,15,afterhours,0,2.550905374700818,14.931551478705174,12.380646104004356,32.85532024549731,14.522774507307156,12.380646104004356,12.04472666829659,1,26.849956704007027,-26.514037268299262,15.455953617795615,1,p1a_catchup
tslax,2026-07-23T21:40:00Z,30,afterhours,0,2.550905374700818,14.931551478705174,12.380646104004356,32.85532024549731,14.522774507307156,12.380646104004356,1.8739639534981478,1,20.366675540701706,-6.112065483199203,3.402360033399887,1,p1a_catchup
tslax,2026-07-23T21:40:00Z,60,afterhours,0,2.550905374700818,14.931551478705174,12.380646104004356,32.85532024549731,14.522774507307156,12.380646104004356,0.9981253199065065,1,40.649291987806535,-27.270520563895673,28.15213765559932,1,p1a_catchup
tslax,2026-07-23T21:45:00Z,5,afterhours,0,0.4681065190048628,11.785775546000465,12.253882065005328,39.221488838103724,9.331026171929517,12.253882065005328,3.9566436004978556,1,4.587020420698806,3.7102180438086663,-2.723457627098469,1,p1a_catchup
tslax,2026-07-23T21:45:00Z,15,afterhours,0,0.4681065190048628,11.785775546000465,12.253882065005328,39.221488838103724,9.331026171929517,12.253882065005328,3.7762427859000525,1,12.319906807096714,3.7102180438086663,-3.397481043201367,1,p1a_catchup
tslax,2026-07-23T21:45:00Z,30,afterhours,0,0.4681065190048628,11.785775546000465,12.253882065005328,39.221488838103724,9.331026171929517,12.253882065005328,12.444149851900121,0,18.632357945502775,-18.82262573239757,1.857461041501196,1,persistent_or_wider
tslax,2026-07-23T21:45:00Z,60,afterhours,0,0.4681065190048628,11.785775546000465,12.253882065005328,39.221488838103724,9.331026171929517,12.253882065005328,1.0356563214930503,1,29.9764457499041,-18.758220006391824,19.552479391498068,1,p1a_catchup
tslax,2026-07-23T21:55:00Z,5,afterhours,1,8.50717827580283,3.537548392493761,12.04472666829659,26.514037268299262,8.644464710378942,12.04472666829659,3.7762427859000525,1,-2.729087942707764,18.550057396904407,-10.198248639499141,0,xstock_reversion
tslax,2026-07-23T21:55:00Z,15,afterhours,1,8.50717827580283,3.537548392493761,12.04472666829659,26.514037268299262,8.644464710378942,12.04472666829659,1.8739639534981478,1,-6.483281163305321,20.40197178510006,-12.053593584395728,0,xstock_reversion
tslax,2026-07-23T21:55:00Z,30,afterhours,1,8.50717827580283,3.537548392493761,12.04472666829659,26.514037268299262,8.644464710378942,12.04472666829659,2.503399763993386,1,11.75560841459422,2.7925180176957554,7.719027785801913,1,p1a_catchup
tslax,2026-07-23T21:55:00Z,60,afterhours,1,8.50717827580283,3.537548392493761,12.04472666829659,26.514037268299262,8.644464710378942,12.04472666829659,0.42745995159521044,1,17.168971957994827,-4.696785338103027,11.730568734202862,1,p1a_catchup
tslax,2026-07-23T22:15:00Z,5,afterhours,1,17.433271209901235,4.989121358001114,12.444149851900121,22.532843776206235,15.779958582158242,12.444149851900121,12.790282634993488,0,10.023287035201278,-10.369419818294645,16.98238871699509,1,persistent_or_wider
tslax,2026-07-23T22:15:00Z,15,afterhours,1,17.433271209901235,4.989121358001114,12.444149851900121,22.532843776206235,15.779958582158242,12.444149851900121,4.40071915069673,1,11.75670236610138,-3.713271664897988,21.300577612395344,1,p1a_catchup
tslax,2026-07-23T22:15:00Z,30,afterhours,1,17.433271209901235,4.989121358001114,12.444149851900121,22.532843776206235,15.779958582158242,12.444149851900121,1.0356563214930503,1,11.344087804401326,0.06440572600574512,17.69501834999687,1,p1a_catchup
tslax,2026-07-23T22:15:00Z,60,afterhours,1,17.433271209901235,4.989121358001114,12.444149851900121,22.532843776206235,15.779958582158242,12.444149851900121,2.151246925699013,1,10.768429053698014,-0.4755261274969058,18.2163472575958,1,p1a_catchup
tslax,2026-07-23T22:20:00Z,5,afterhours,1,10.820302311200791,1.9699803237926972,12.790282634993488,32.12854387709463,15.60395246091132,12.790282634993488,2.503399763993386,1,-1.8510418163053544,17.14472421529223,-4.320054376396598,0,xstock_reversion
tslax,2026-07-23T22:20:00Z,15,afterhours,1,10.820302311200791,1.9699803237926972,12.790282634993488,32.12854387709463,15.60395246091132,12.790282634993488,1.076135989395155,1,1.3511803072940864,12.515238317094557,-3.6040306287965507,0,xstock_reversion
tslax,2026-07-23T22:20:00Z,30,afterhours,1,10.820302311200791,1.9699803237926972,12.790282634993488,32.12854387709463,15.60395246091132,12.790282634993488,4.685373862303166,1,5.348216678298101,2.7566920943922213,-9.466440141991939,0,p1a_catchup
tslax,2026-07-23T22:20:00Z,60,afterhours,1,10.820302311200791,1.9699803237926972,12.790282634993488,32.12854387709463,15.60395246091132,12.790282634993488,9.651649279502905,1,9.002794338792697,-5.8641609833021136,6.476584291004173,1,p1a_catchup
tslax,2026-07-24T08:00:00Z,5,premarket,0,2.2255035774954024,32.325330060194446,-30.099826482699044,-63.392459478004426,21.59548967968142,30.099826482699044,3.6165548292999006,1,0.24676437189619094,33.46961694010275,-19.188517540094097,0,xstock_reversion
tslax,2026-07-24T08:00:00Z,15,premarket,0,2.2255035774954024,32.325330060194446,-30.099826482699044,-63.392459478004426,21.59548967968142,30.099826482699044,0.08957247620067221,1,2.0788163003970794,28.110582658502636,-19.188517540094097,0,xstock_reversion
tslax,2026-07-24T08:00:00Z,30,premarket,0,2.2255035774954024,32.325330060194446,-30.099826482699044,-63.392459478004426,21.59548967968142,30.099826482699044,16.53446417579474,1,-7.301712585805475,53.93600324429926,-39.2660544394996,0,xstock_reversion
tslax,2026-07-24T08:00:00Z,60,premarket,0,2.2255035774954024,32.325330060194446,-30.099826482699044,-63.392459478004426,21.59548967968142,30.099826482699044,8.67612263790285,1,13.504803803394694,7.9189000414015,-5.574654051292427,1,p1a_catchup
tslax,2026-07-24T08:30:00Z,5,premarket,1,16.895452382295062,0.36098820650032337,16.53446417579474,25.82542058579662,20.272602705621946,16.53446417579474,1.0617048388983363,1,1.053008744094086,14.419750592802316,-1.8516232617038497,0,xstock_reversion
tslax,2026-07-24T08:30:00Z,15,premarket,1,16.895452382295062,0.36098820650032337,16.53446417579474,25.82542058579662,20.272602705621946,16.53446417579474,3.4092550222997176,1,-11.771546702004088,31.715265900098544,-14.513566554006374,0,xstock_reversion
tslax,2026-07-24T08:30:00Z,30,premarket,1,16.895452382295062,0.36098820650032337,16.53446417579474,25.82542058579662,20.272602705621946,16.53446417579474,8.67612263790285,1,-20.80651638920017,46.01710320289776,-33.69140038820717,0,xstock_reversion
tslax,2026-07-24T08:30:00Z,60,premarket,1,16.895452382295062,0.36098820650032337,16.53446417579474,25.82542058579662,20.272602705621946,16.53446417579474,5.542378268801329,1,2.9039829709986975,8.088102935994712,7.40306644130051,0,xstock_reversion
tslax,2026-07-24T09:10:00Z,5,premarket,1,22.717624155701444,10.92911869740476,11.788505458296683,23.72146007609821,16.143478684490205,11.788505458296683,4.945549509001168,1,3.7628155047997325,3.0801404444957825,6.178560592005056,0,p1a_catchup
tslax,2026-07-24T09:10:00Z,15,premarket,1,22.717624155701444,10.92911869740476,11.788505458296683,23.72146007609821,16.143478684490205,11.788505458296683,5.354440298601659,1,1.6858187203983022,15.45712703650004,8.0313846099056,0,xstock_reversion
tslax,2026-07-24T09:10:00Z,30,premarket,1,22.717624155701444,10.92911869740476,11.788505458296683,23.72146007609821,16.143478684490205,11.788505458296683,4.107601807294969,1,15.974631573598685,-8.293727922596972,33.93493924460422,1,p1a_catchup
tslax,2026-07-24T09:10:00Z,60,premarket,1,22.717624155701444,10.92911869740476,11.788505458296683,23.72146007609821,16.143478684490205,11.788505458296683,0.04880218790859203,1,-2.4795243930064714,14.219227663394562,2.867326830600092,0,xstock_reversion
tslax,2026-07-24T10:15:00Z,5,premarket,1,41.323520012204185,27.09435175310304,14.229168259101144,26.191385615002005,15.140490927614719,14.229168259101144,12.973133985507701,1,-16.758291199394648,43.96059344400349,-3.104512638092416,0,xstock_reversion
tslax,2026-07-24T10:15:00Z,15,premarket,1,41.323520012204185,27.09435175310304,14.229168259101144,26.191385615002005,15.140490927614719,14.229168259101144,1.9800206612963223,1,-17.959835468897012,30.208983066701833,12.346664725200185,0,xstock_reversion
tslax,2026-07-24T10:15:00Z,30,premarket,1,41.323520012204185,27.09435175310304,14.229168259101144,26.191385615002005,15.140490927614719,14.229168259101144,1.2643343377938265,1,-18.47889964629701,31.443733567604326,13.272976615006371,0,xstock_reversion
tslax,2026-07-24T10:15:00Z,60,premarket,1,41.323520012204185,27.09435175310304,14.229168259101144,26.191385615002005,15.140490927614719,14.229168259101144,0.5513740636953202,1,-30.47922537610326,45.25976769889972,-25.08628591299633,0,xstock_reversion
tslax,2026-07-24T10:20:00Z,5,premarket,0,0.46743920629310765,13.440573191800809,-12.973133985507701,-11.744213950901639,24.041785753959264,12.973133985507701,0.6962873046045814,1,0.940301723906245,12.729119566206037,6.1871618369035986,1,xstock_reversion
tslax,2026-07-24T10:20:00Z,15,premarket,0,0.46743920629310765,13.440573191800809,-12.973133985507701,-11.744213950901639,24.041785753959264,12.973133985507701,6.654070159504144,1,-6.074224474392764,25.70142861940461,7.425053708702833,1,xstock_reversion
tslax,2026-07-24T10:20:00Z,30,premarket,0,0.46743920629310765,13.440573191800809,-12.973133985507701,-11.744213950901639,24.041785753959264,12.973133985507701,3.839603338500197,1,5.114733394000481,4.018797253007023,-4.637860483596157,1,p1a_catchup
tslax,2026-07-24T10:20:00Z,60,premarket,0,0.46743920629310765,13.440573191800809,-12.973133985507701,-11.744213950901639,24.041785753959264,12.973133985507701,14.306441356497501,0,31.19149130350607,-32.52479867449587,34.461662550802075,1,persistent_or_wider
tslax,2026-07-24T11:20:00Z,5,premarket,0,2.404303082599313,16.710744439096814,-14.306441356497501,-27.420441070500345,17.0466873339371,14.306441356497501,5.256306799799049,1,7.498047177501022,1.552087379197431,-1.6259970904020093,1,p1a_catchup
tslax,2026-07-24T11:20:00Z,15,premarket,0,2.404303082599313,16.710744439096814,-14.306441356497501,-27.420441070500345,17.0466873339371,14.306441356497501,5.219028218395039,1,22.319371875596516,-2.7939023007039765,17.43712100120476,1,p1a_catchup
tslax,2026-07-24T11:20:00Z,30,premarket,0,2.404303082599313,16.710744439096814,-14.306441356497501,-27.420441070500345,17.0466873339371,14.306441356497501,1.83333785800599,1,17.594715037896336,-5.1216115394048245,-5.038489949500402,1,p1a_catchup
tslax,2026-07-24T11:20:00Z,60,premarket,0,2.404303082599313,16.710744439096814,-14.306441356497501,-27.420441070500345,17.0466873339371,14.306441356497501,2.49123396780071,1,5.450195063501084,11.347480260797127,-11.550017132702095,0,xstock_reversion
tslax,2026-07-24T11:30:00Z,5,premarket,0,4.795501254495349,20.942593751795968,-16.14709249730062,-58.1943611262048,16.95329975955485,16.14709249730062,5.219028218395039,1,-2.808713690205522,24.17483440590118,-11.922813877296434,1,xstock_reversion
tslax,2026-07-24T11:30:00Z,15,premarket,0,4.795501254495349,20.942593751795968,-16.14709249730062,-58.1943611262048,16.95329975955485,16.14709249730062,12.490227796799758,1,-9.69191361370747,38.32923390780785,-28.503387347900144,0,xstock_reversion
tslax,2026-07-24T11:30:00Z,30,premarket,0,4.795501254495349,20.942593751795968,-16.14709249730062,-58.1943611262048,16.95329975955485,16.14709249730062,15.688290029007845,1,-10.98449732350737,11.443299791800143,-14.030301340399731,0,xstock_reversion
tslax,2026-07-24T11:30:00Z,60,premarket,0,4.795501254495349,20.942593751795968,-16.14709249730062,-58.1943611262048,16.95329975955485,16.14709249730062,9.183300978499176,1,-3.3951310702029502,10.358922589004393,-17.32430348959646,0,xstock_reversion
tslax,2026-07-24T11:45:00Z,5,premarket,1,14.621347814403052,2.131120017603294,12.490227796799758,38.32923390780785,25.943484548844097,12.490227796799758,1.83333785800599,1,-2.1585430858017673,16.482108740607515,5.8950374801014505,0,xstock_reversion
tslax,2026-07-24T11:45:00Z,15,premarket,1,14.621347814403052,2.131120017603294,12.490227796799758,38.32923390780785,25.943484548844097,12.490227796799758,15.688290029007845,0,1.2925837097998993,26.885934116007704,-14.473086007500413,0,persistent_or_wider
tslax,2026-07-24T11:45:00Z,30,premarket,1,14.621347814403052,2.131120017603294,12.490227796799758,38.32923390780785,25.943484548844097,12.490227796799758,4.0133529027031045,1,8.011836472698874,8.491744226803988,5.274670843302687,0,xstock_reversion
tslax,2026-07-24T11:45:00Z,60,premarket,1,14.621347814403052,2.131120017603294,12.490227796799758,38.32923390780785,25.943484548844097,12.490227796799758,3.9927563183983494,1,-24.551353791304464,41.03433790650257,-27.659955788497115,0,xstock_reversion
tslax,2026-07-24T11:55:00Z,5,premarket,1,17.666924718895416,0.5824509489027463,18.249375667798162,52.13439039749801,28.69938705629854,18.249375667798162,15.688290029007845,1,-16.146703772896842,50.08436946970285,-34.625944456703195,0,xstock_reversion
tslax,2026-07-24T11:55:00Z,15,premarket,1,17.666924718895416,0.5824509489027463,18.249375667798162,52.13439039749801,28.69938705629854,18.249375667798162,6.84368014380432,1,-6.1043512827030355,17.510046806696877,0.0,0,xstock_reversion
tslax,2026-07-24T11:55:00Z,30,premarket,1,17.666924718895416,0.5824509489027463,18.249375667798162,52.13439039749801,28.69938705629854,18.249375667798162,5.6002807842059354,1,-13.207159640096222,37.05681609210032,-22.1703798534012,0,xstock_reversion
tslax,2026-07-24T11:55:00Z,60,premarket,1,17.666924718895416,0.5824509489027463,18.249375667798162,52.13439039749801,28.69938705629854,18.249375667798162,2.150414087296326,1,-36.00587166840086,52.10483324890269,-34.12866705040152,0,xstock_reversion
tslax,2026-07-24T12:00:00Z,5,premarket,0,2.208499705895761,17.896789734903606,-15.688290029007845,-26.885934116007704,34.563076248317934,15.688290029007845,4.864760829894621,1,-2.8186759243986614,23.371726783301128,-21.918871726800404,0,xstock_reversion
tslax,2026-07-24T12:00:00Z,15,premarket,0,2.208499705895761,17.896789734903606,-15.688290029007845,-26.885934116007704,34.563076248317934,15.688290029007845,4.0133529027031045,1,-6.719252762898975,18.394189889203716,-19.7477568508031,0,xstock_reversion
tslax,2026-07-24T12:00:00Z,30,premarket,0,2.208499705895761,17.896789734903606,-15.688290029007845,-26.885934116007704,34.563076248317934,15.688290029007845,9.183300978499176,1,7.589366253304419,-1.08437720279575,-3.2940021491967286,1,p1a_catchup
tslax,2026-07-24T12:00:00Z,60,premarket,0,2.208499705895761,17.896789734903606,-15.688290029007845,-26.885934116007704,34.563076248317934,15.688290029007845,0.4490252618971624,1,19.091155816601812,-2.9538405256968048,0.7459624784011964,1,p1a_catchup
tslax,2026-07-24T13:20:00Z,5,premarket,1,14.176578377096405,9.663015703003097,23.839594080099502,61.36478802970302,19.76089972359312,23.839594080099502,26.75444088000134,0,-26.465358924898652,77.0593938849995,-56.55526090090568,0,persistent_or_wider
tslax,2026-07-24T13:20:00Z,15,premarket,1,14.176578377096405,9.663015703003097,23.839594080099502,61.36478802970302,19.76089972359312,23.839594080099502,27.035427840704784,0,-78.33392204489975,129.20894396570404,-132.8819577762008,0,persistent_or_wider
tslax,2026-07-24T13:20:00Z,30,premarket,1,14.176578377096405,9.663015703003097,23.839594080099502,61.36478802970302,19.76089972359312,23.839594080099502,20.409232931797305,1,-186.71381451969893,230.96264153159575,-234.66681777590816,0,xstock_reversion
tslax,2026-07-24T13:20:00Z,60,premarket,1,14.176578377096405,9.663015703003097,23.839594080099502,61.36478802970302,19.76089972359312,23.839594080099502,10.89623270030593,1,-290.42483818139783,325.16066496180326,-320.2061782808041,0,xstock_reversion
tslax,2026-07-24T13:25:00Z,5,premarket,0,6.32755460699741,20.42688627300393,-26.75444088000134,-21.61754222830048,40.168258633485536,26.75444088000134,9.927614487192926,1,-23.018352377501827,59.70040774469609,-36.548895617798394,0,xstock_reversion
tslax,2026-07-24T13:25:00Z,15,premarket,0,6.32755460699741,20.42688627300393,-26.75444088000134,-21.61754222830048,40.168258633485536,26.75444088000134,16.034202114996177,1,103.30082238420246,-92.5805836191973,115.97058355119927,1,p1a_catchup
tslax,2026-07-24T13:25:00Z,30,premarket,0,6.32755460699741,20.42688627300393,-26.75444088000134,-21.61754222830048,40.168258633485536,26.75444088000134,3.1174736449024465,1,175.23980124630077,-151.60283401120188,169.23323683089464,1,p1a_catchup
tslax,2026-07-24T13:25:00Z,60,premarket,0,6.32755460699741,20.42688627300393,-26.75444088000134,-21.61754222830048,40.168258633485536,26.75444088000134,3.820741473301581,1,277.80820991230473,-254.87451050560495,263.65091737989843,1,p1a_catchup
tslax,2026-07-24T13:35:00Z,5,regular,0,17.84959218759319,44.88502002829797,-27.035427840704784,-129.20894396570404,68.25268198156525,27.035427840704784,16.034202114996177,1,51.43225926420136,-40.431033538492755,39.64388667590413,1,p1a_catchup
tslax,2026-07-24T13:35:00Z,15,regular,0,17.84959218759319,44.88502002829797,-27.035427840704784,-129.20894396570404,68.25268198156525,27.035427840704784,20.409232931797305,1,108.37989247479918,-101.7536975658917,101.78485999970732,1,p1a_catchup
tslax,2026-07-24T13:35:00Z,30,regular,0,17.84959218759319,44.88502002829797,-27.035427840704784,-129.20894396570404,68.25268198156525,27.035427840704784,8.44966227729671,1,119.29044706519676,-83.80535694719526,80.71170620239876,1,p1a_catchup
tslax,2026-07-24T13:35:00Z,60,regular,0,17.84959218759319,44.88502002829797,-27.035427840704784,-129.20894396570404,68.25268198156525,27.035427840704784,19.85130055000006,1,310.90535835209823,-303.7212310613935,280.5457398951994,1,p1a_catchup
tslax,2026-07-24T13:40:00Z,5,regular,0,17.06244532500456,33.09664744000074,-16.034202114996177,-92.5805836191973,68.53514895393953,16.034202114996177,1.6743118154050052,1,1.0045200380037755,16.703993892397406,-31.47626142999904,0,xstock_reversion
tslax,2026-07-24T13:40:00Z,15,regular,0,17.06244532500456,33.09664744000074,-16.034202114996177,-92.5805836191973,68.53514895393953,16.034202114996177,3.1174736449024465,1,71.93897886209832,-59.022250392004594,53.26265327969537,1,p1a_catchup
tslax,2026-07-24T13:40:00Z,30,regular,0,17.06244532500456,33.09664744000074,-16.034202114996177,-92.5805836191973,68.53514895393953,16.034202114996177,1.798838569602168,1,73.84404839539727,-59.60868485000326,53.18341805799598,1,p1a_catchup
tslax,2026-07-24T13:40:00Z,60,regular,0,17.06244532500456,33.09664744000074,-16.034202114996177,-92.5805836191973,68.53514895393953,16.034202114996177,4.873602085293527,1,275.2585429158039,-264.09794288610124,238.96113990580227,1,p1a_catchup
tslax,2026-07-24T13:50:00Z,5,regular,0,17.880754621408812,38.28998755320612,-20.409232931797305,-101.7536975658917,64.99835311281232,20.409232931797305,3.1174736449024465,1,14.99134565150051,2.3004136353943494,-8.878320044107824,1,p1a_catchup
tslax,2026-07-24T13:50:00Z,15,regular,0,17.880754621408812,38.28998755320612,-20.409232931797305,-101.7536975658917,64.99835311281232,20.409232931797305,8.44966227729671,1,10.910554590397581,17.948340618696434,-21.073153797308564,1,xstock_reversion
tslax,2026-07-24T13:50:00Z,30,regular,0,17.880754621408812,38.28998755320612,-20.409232931797305,-101.7536975658917,64.99835311281232,20.409232931797305,10.89623270030593,1,103.71102366169893,-94.19802343020756,85.53936050489597,1,p1a_catchup
tslax,2026-07-24T13:50:00Z,60,regular,0,17.880754621408812,38.28998755320612,-20.409232931797305,-101.7536975658917,64.99835311281232,20.409232931797305,2.4080863545972164,1,162.21491013969745,-139.39759085330294,129.62937541269426,1,p1a_catchup
tslax,2026-07-24T14:15:00Z,5,regular,0,1.8800096548066136,17.130722997897863,-19.010732652704476,-51.4108001324054,43.6764251429986,19.010732652704476,10.89623270030593,1,32.70291144209736,-24.588411489698814,35.69051284060265,1,p1a_catchup
tslax,2026-07-24T14:15:00Z,15,regular,0,1.8800096548066136,17.130722997897863,-19.010732652704476,-51.4108001324054,43.6764251429986,19.010732652704476,8.946670312104388,1,72.08761678319853,-62.02355444259844,85.27733829020612,1,p1a_catchup
tslax,2026-07-24T14:15:00Z,30,regular,0,1.8800096548066136,17.130722997897863,-19.010732652704476,-51.4108001324054,43.6764251429986,19.010732652704476,16.795334847303778,1,100.81096732590389,-65.00489982589563,65.81101754050245,1,p1a_catchup
tslax,2026-07-24T14:15:00Z,60,regular,0,1.8800096548066136,17.130722997897863,-19.010732652704476,-51.4108001324054,43.6764251429986,19.010732652704476,14.976013570500157,1,144.1614164035965,-140.12669732139216,161.90359236720298,1,p1a_catchup
tslax,2026-07-24T14:35:00Z,5,regular,0,5.325898978600918,14.525401571399144,-19.85130055000006,-107.76951006529423,27.668222940987732,19.85130055000006,4.873602085293527,1,15.78544382790703,-0.8077453632004961,-1.9407133134929921,1,p1a_catchup
tslax,2026-07-24T14:35:00Z,15,regular,0,5.325898978600918,14.525401571399144,-19.85130055000006,-107.76951006529423,27.668222940987732,19.85130055000006,2.4080863545972164,1,-40.31055573760156,62.56994264219884,-49.131504482797794,0,xstock_reversion
tslax,2026-07-24T14:35:00Z,30,regular,0,5.325898978600918,14.525401571399144,-19.85130055000006,-107.76951006529423,27.668222940987732,19.85130055000006,12.28664872970242,1,17.40792551729875,-9.84327369700111,16.965785971807534,1,p1a_catchup
tslax,2026-07-24T14:35:00Z,60,regular,0,5.325898978600918,14.525401571399144,-19.85130055000006,-107.76951006529423,27.668222940987732,19.85130055000006,12.435163886905798,1,-28.747898171292974,61.03436260819883,-51.0594940775988,0,xstock_reversion
tslax,2026-07-24T14:45:00Z,5,regular,0,1.0738919401998004,17.869226787503578,16.795334847303778,-2.981345383297196,45.781682071301475,16.795334847303778,2.4080863545972164,1,9.604169405807994,4.783079086898567,-13.969510207898495,0,p1a_catchup
tslax,2026-07-24T14:45:00Z,15,regular,0,1.0738919401998004,17.869226787503578,16.795334847303778,-2.981345383297196,45.781682071301475,16.795334847303778,18.475436789699984,0,-10.618236460597785,45.88900809760155,-51.478508844002846,0,persistent_or_wider
tslax,2026-07-24T14:45:00Z,30,regular,0,1.0738919401998004,17.869226787503578,16.795334847303778,-2.981345383297196,45.781682071301475,16.795334847303778,14.976013570500157,1,-43.35044907769259,75.12179749549652,-96.09257482670053,0,xstock_reversion
tslax,2026-07-24T14:45:00Z,60,regular,0,1.0738919401998004,17.869226787503578,16.795334847303778,-2.981345383297196,45.781682071301475,16.795334847303778,2.3657665414944518,1,-27.84008358720058,47.00118497599881,-51.155943806797666,0,xstock_reversion
tslax,2026-07-24T15:00:00Z,5,regular,0,4.515608806201499,22.991045595901483,-18.475436789699984,-45.88900809760155,58.353591472112605,18.475436789699984,12.28664872970242,1,37.49607538849453,-31.30728732849697,28.588291818500977,1,p1a_catchup
tslax,2026-07-24T15:00:00Z,15,regular,0,4.515608806201499,22.991045595901483,-18.475436789699984,-45.88900809760155,58.353591472112605,18.475436789699984,14.976013570500157,1,32.7322126170948,-29.232789397894976,44.61406598269768,1,p1a_catchup
tslax,2026-07-24T15:00:00Z,30,regular,0,4.515608806201499,22.991045595901483,-18.475436789699984,-45.88900809760155,58.353591472112605,18.475436789699984,2.590321563396003,1,24.271670882898277,-8.386555656594297,7.744683984496348,1,p1a_catchup
tslax,2026-07-24T15:00:00Z,60,regular,0,4.515608806201499,22.991045595901483,-18.475436789699984,-45.88900809760155,58.353591472112605,18.475436789699984,1.551827708903275,1,4.1641250221946535,12.759484058602055,-16.43756514050132,0,xstock_reversion
tslax,2026-07-24T15:05:00Z,5,regular,0,1.796613296205507,14.083262025907928,-12.28664872970242,-72.41321633919995,51.84753571762376,12.28664872970242,16.63146724389719,0,-43.126555108194964,72.04467108179458,-72.68305419950494,0,persistent_or_wider
tslax,2026-07-24T15:05:00Z,15,regular,0,1.796613296205507,14.083262025907928,-12.28664872970242,-72.41321633919995,51.84753571762376,12.28664872970242,5.154335794301801,1,-12.980684088494954,30.421668612499175,-27.297927611407147,0,xstock_reversion
tslax,2026-07-24T15:05:00Z,30,regular,0,1.796613296205507,14.083262025907928,-12.28664872970242,-72.41321633919995,51.84753571762376,12.28664872970242,12.435163886905798,0,-46.155823688591724,70.87763630519994,-68.02528004940633,0,persistent_or_wider
tslax,2026-07-24T15:05:00Z,60,regular,0,1.796613296205507,14.083262025907928,-12.28664872970242,-72.41321633919995,51.84753571762376,12.28664872970242,6.3556682064014325,1,-50.317674689592806,68.95999162569666,-66.73999495540706,0,xstock_reversion
tslax,2026-07-24T15:10:00Z,5,regular,0,1.1582301784951454,15.473237065402046,16.63146724389719,-38.81798634260747,59.975117017870645,16.63146724389719,14.976013570500157,1,-38.362692336795234,69.97017315119258,-88.70882836370164,0,xstock_reversion
tslax,2026-07-24T15:10:00Z,15,regular,0,1.1582301784951454,15.473237065402046,16.63146724389719,-38.81798634260747,59.975117017870645,16.63146724389719,2.1987516066968027,1,-24.090648677397297,38.523364314597686,-32.00568862410158,0,xstock_reversion
tslax,2026-07-24T15:10:00Z,30,regular,0,1.1582301784951454,15.473237065402046,16.63146724389719,-38.81798634260747,59.975117017870645,16.63146724389719,7.0539614879017165,1,-14.956172852595984,38.64160158439489,-38.8640413543051,0,xstock_reversion
tslax,2026-07-24T15:10:00Z,60,regular,0,1.1582301784951454,15.473237065402046,16.63146724389719,-38.81798634260747,59.975117017870645,16.63146724389719,4.804570846594913,1,-5.559325999300313,26.995364089792417,-28.945442008803113,0,xstock_reversion
tslax,2026-07-24T15:15:00Z,5,regular,0,19.896885391004204,34.87289896150436,-14.976013570500157,-29.232789397894976,59.926876889334984,14.976013570500157,5.154335794301801,1,-8.216821317095224,28.347170681897182,-43.32370177560385,0,xstock_reversion
tslax,2026-07-24T15:15:00Z,15,regular,0,19.896885391004204,34.87289896150436,-14.976013570500157,-29.232789397894976,59.926876889334984,14.976013570500157,2.590321563396003,1,-8.460541734196525,20.84623374130068,-36.869381998201334,0,xstock_reversion
tslax,2026-07-24T15:15:00Z,30,regular,0,19.896885391004204,34.87289896150436,-14.976013570500157,-29.232789397894976,59.926876889334984,14.976013570500157,2.3657665414944518,1,-15.510365490492006,28.120612519497712,-44.93663101990286,0,xstock_reversion
tslax,2026-07-24T15:15:00Z,60,regular,0,19.896885391004204,34.87289896150436,-14.976013570500157,-29.232789397894976,59.926876889334984,14.976013570500157,0.13823767710086088,1,-31.846164567594926,46.960415815195944,-62.017705801498124,0,xstock_reversion
tslax,2026-07-24T15:35:00Z,5,regular,0,4.648969551999116,7.786194334906682,12.435163886905798,40.45596769270077,49.94876029981115,12.435163886905798,7.0539614879017165,1,-17.985441432992744,37.47456680780026,-34.2062672042065,0,xstock_reversion
tslax,2026-07-24T15:35:00Z,15,regular,0,4.648969551999116,7.786194334906682,12.435163886905798,40.45596769270077,49.94876029981115,12.435163886905798,0.16533233699433936,1,-26.348450929791767,38.618282479703225,-32.82648373770236,0,xstock_reversion
tslax,2026-07-24T15:35:00Z,30,regular,0,4.648969551999116,7.786194334906682,12.435163886905798,40.45596769270077,49.94876029981115,12.435163886905798,6.3556682064014325,1,4.161851001001082,1.917644679503283,-1.2852850939992777,1,p1a_catchup
tslax,2026-07-24T15:35:00Z,60,regular,0,4.648969551999116,7.786194334906682,12.435163886905798,40.45596769270077,49.94876029981115,12.435163886905798,4.420927975905542,1,-11.93924032439675,19.953476235397005,-8.35730750489816,0,xstock_reversion
tslax,2026-07-24T17:45:00Z,5,regular,1,20.012057870300026,8.705988348198801,11.306069522101225,-0.027704160601160766,27.991246984127056,11.306069522101225,1.5247030120058014,1,2.7022867984971555,7.079079711598268,18.747783233097337,1,xstock_reversion
tslax,2026-07-24T17:45:00Z,15,regular,1,20.012057870300026,8.705988348198801,11.306069522101225,-0.027704160601160766,27.991246984127056,11.306069522101225,4.296937194201433,1,-6.964557545501293,22.567564261803952,-6.4729110940042744,0,xstock_reversion
tslax,2026-07-24T17:45:00Z,30,regular,1,20.012057870300026,8.705988348198801,11.306069522101225,-0.027704160601160766,27.991246984127056,11.306069522101225,2.273272317099284,1,-37.37813076400087,50.95747260320138,-30.94598268430282,0,xstock_reversion
tslax,2026-07-24T17:45:00Z,60,regular,1,20.012057870300026,8.705988348198801,11.306069522101225,-0.027704160601160766,27.991246984127056,11.306069522101225,4.400343449404431,1,-25.569689356998992,32.475415429695786,-11.654258360200842,0,xstock_reversion
tslax,2026-07-24T19:55:00Z,5,regular,0,2.6969930488007776,18.19251118099885,15.495518132198072,71.44220799620626,20.03318317466141,15.495518132198072,10.656242357898194,1,14.085401753094473,-9.246125978794595,15.64271097439729,1,p1a_catchup
tslax,2026-07-24T19:55:00Z,15,regular,0,2.6969930488007776,18.19251118099885,15.495518132198072,71.44220799620626,20.03318317466141,15.495518132198072,3.1609563726053835,1,23.8144379412919,-11.479876181699211,7.984032360299764,1,p1a_catchup
tslax,2026-07-24T19:55:00Z,30,regular,0,2.6969930488007776,18.19251118099885,15.495518132198072,71.44220799620626,20.03318317466141,15.495518132198072,0.3077892028002793,1,28.59800676390023,-13.410277834502438,10.537577013298716,1,p1a_catchup
tslax,2026-07-24T19:55:00Z,60,regular,0,2.6969930488007776,18.19251118099885,15.495518132198072,71.44220799620626,20.03318317466141,15.495518132198072,9.17956406269127,1,16.59523035819177,8.079851836697571,-14.38734162330313,0,p1a_catchup
tslax,2026-07-24T20:35:00Z,5,afterhours,1,37.31661550570031,19.148168242102415,18.168447263597898,28.85493537680084,16.692719766314898,18.168447263597898,19.161930988094156,0,-17.985271993206098,55.31565024489815,-12.146009292202109,0,persistent_or_wider
tslax,2026-07-24T20:35:00Z,15,afterhours,1,37.31661550570031,19.148168242102415,18.168447263597898,28.85493537680084,16.692719766314898,18.168447263597898,26.34042262140035,0,-11.990803527099914,56.49967341209816,-17.584530148599953,0,persistent_or_wider
tslax,2026-07-24T20:35:00Z,30,afterhours,1,37.31661550570031,19.148168242102415,18.168447263597898,28.85493537680084,16.692719766314898,18.168447263597898,4.728448118997974,1,-20.859893079503422,34.299892224103345,5.748227788098248,0,xstock_reversion
tslax,2026-07-24T20:35:00Z,60,afterhours,1,37.31661550570031,19.148168242102415,18.168447263597898,28.85493537680084,16.692719766314898,18.168447263597898,0.7426668057952668,1,-17.92523825260517,36.83635232199833,1.5970614103988368,0,xstock_reversion
tslax,2026-07-24T20:40:00Z,5,afterhours,0,5.85302544699573,13.308905541098426,-19.161930988094156,-27.115003013200578,30.04610081497749,19.161930988094156,43.89892635529691,0,-34.827425575505444,97.88828291889651,15.04313180769934,1,persistent_or_wider
tslax,2026-07-24T20:40:00Z,15,afterhours,0,5.85302544699573,13.308905541098426,-19.161930988094156,-27.115003013200578,30.04610081497749,19.161930988094156,9.17956406269127,1,4.3574935834023165,5.624873342000569,3.838648842799941,1,xstock_reversion
tslax,2026-07-24T20:40:00Z,30,afterhours,0,5.85302544699573,13.308905541098426,-19.161930988094156,-27.115003013200578,30.04610081497749,19.161930988094156,5.301887247801673,1,-2.342758008300194,26.806576244196023,-20.12876696049659,0,xstock_reversion
tslax,2026-07-24T20:40:00Z,60,afterhours,0,5.85302544699573,13.308905541098426,-19.161930988094156,-27.115003013200578,30.04610081497749,19.161930988094156,0.27063801660176523,1,-0.3256146208041599,19.75818362550008,-15.901892275396179,0,xstock_reversion
tslax,2026-07-24T20:45:00Z,5,afterhours,1,107.07838927960012,63.17946292430321,43.89892635529691,80.22436000770128,51.8094043466941,43.89892635529691,26.34042262140035,1,-28.83295710939926,99.07230608609652,9.604610951301495,0,xstock_reversion
tslax,2026-07-24T20:45:00Z,15,afterhours,1,107.07838927960012,63.17946292430321,43.89892635529691,80.22436000770128,51.8094043466941,43.89892635529691,1.1434683861999417,1,-41.55697836510264,86.59937310659949,21.117980522999957,0,xstock_reversion
tslax,2026-07-24T20:45:00Z,30,afterhours,1,107.07838927960012,63.17946292430321,43.89892635529691,80.22436000770128,51.8094043466941,43.89892635529691,2.26450125540012,1,-30.11231565020367,71.74674075010046,35.43043356850184,0,xstock_reversion
tslax,2026-07-24T20:45:00Z,60,afterhours,1,107.07838927960012,63.17946292430321,43.89892635529691,80.22436000770128,51.8094043466941,43.89892635529691,2.3514818482972544,1,-36.194029838405584,82.44443804199975,25.272330666599174,0,xstock_reversion
tslax,2026-07-24T20:50:00Z,5,afterhours,0,1.5985277577978962,24.741894863602454,-26.34042262140035,-56.49967341209816,69.04678208840609,26.34042262140035,9.17956406269127,1,10.3519620495085,6.808896509200579,-1.5998720135979028,1,p1a_catchup
tslax,2026-07-24T20:50:00Z,15,afterhours,0,1.5985277577978962,24.741894863602454,-26.34042262140035,-56.49967341209816,69.04678208840609,26.34042262140035,4.728448118997974,1,8.869089552403508,22.199781187994816,-23.3327579366982,0,xstock_reversion
tslax,2026-07-24T20:50:00Z,30,afterhours,0,1.5985277577978962,24.741894863602454,-26.34042262140035,-56.49967341209816,69.04678208840609,26.34042262140035,1.3748934319046668,1,-0.1214313701947134,27.83674742349973,-25.896040791399955,0,xstock_reversion
tslax,2026-07-24T20:50:00Z,60,afterhours,0,1.5985277577978962,24.741894863602454,-26.34042262140035,-56.49967341209816,69.04678208840609,26.34042262140035,6.3434799983053125,1,12.799182728002734,7.197759895092304,-6.397952873395951,1,p1a_catchup
tslax,2026-07-27T08:00:00Z,5,premarket,0,0.5252112244047424,12.140344003794823,12.665555228199565,18.324933903706153,12.973573710395316,12.665555228199565,0.8231857723028924,1,2.3449629055960486,9.497406550300624,-9.134002745296854,0,xstock_reversion
tslax,2026-07-27T08:00:00Z,15,premarket,0,0.5252112244047424,12.140344003794823,12.665555228199565,18.324933903706153,12.973573710395316,12.665555228199565,1.2862287469950218,1,3.503678041001379,7.875648440203165,-7.558579347000105,0,xstock_reversion
tslax,2026-07-27T08:00:00Z,30,premarket,0,0.5252112244047424,12.140344003794823,12.665555228199565,18.324933903706153,12.973573710395316,12.665555228199565,0.4069659922034674,1,19.698072661800126,-6.625551441397093,11.956078572401552,1,p1a_catchup
tslax,2026-07-27T08:00:00Z,60,premarket,0,0.5252112244047424,12.140344003794823,12.665555228199565,18.324933903706153,12.973573710395316,12.665555228199565,1.8703908361938915,1,13.698741558494376,0.8372045058990807,-0.9445100360938596,1,p1a_catchup
tslax,2026-07-27T12:40:00Z,5,premarket,0,1.5787725762983484,13.024283360705269,11.44551078440692,21.675861444503397,9.469600025324818,11.44551078440692,1.1456466484016659,1,2.793085292802644,7.506778843202611,-2.2125642129022793,1,xstock_reversion
tslax,2026-07-27T12:40:00Z,15,premarket,0,1.5787725762983484,13.024283360705269,11.44551078440692,21.675861444503397,9.469600025324818,11.44551078440692,3.075510466601372,1,15.32231703500031,-6.952316717194762,6.950587920400153,1,p1a_catchup
tslax,2026-07-27T12:40:00Z,30,premarket,0,1.5787725762983484,13.024283360705269,11.44551078440692,21.675861444503397,9.469600025324818,11.44551078440692,7.515454524291698,1,15.937319934007377,-12.007263673892155,12.318189836397764,1,p1a_catchup
tslax,2026-07-27T12:40:00Z,60,premarket,0,1.5787725762983484,13.024283360705269,11.44551078440692,21.675861444503397,9.469600025324818,11.44551078440692,2.579429603200012,1,-58.256973079400254,72.28191346700719,-72.16011138780232,0,xstock_reversion
tslax,2026-07-27T13:25:00Z,5,premarket,0,3.6601367560962217,49.846834925597605,-46.18669816950138,-110.65301507399816,36.67353245108918,46.18669816950138,3.2809066871930526,1,-2.2841081435043264,51.75171300019876,-61.761999517395694,0,xstock_reversion
tslax,2026-07-27T13:25:00Z,15,premarket,0,3.6601367560962217,49.846834925597605,-46.18669816950138,-110.65301507399816,36.67353245108918,46.18669816950138,2.579429603200012,1,17.24343063320255,26.36383793309882,-31.72454934469826,0,xstock_reversion
tslax,2026-07-27T13:25:00Z,30,premarket,0,3.6601367560962217,49.846834925597605,-46.18669816950138,-110.65301507399816,36.67353245108918,46.18669816950138,25.776188764998764,1,153.12222621459705,-132.7117168100944,131.14942077829818,1,p1a_catchup
tslax,2026-07-27T13:25:00Z,60,premarket,0,3.6601367560962217,49.846834925597605,-46.18669816950138,-110.65301507399816,36.67353245108918,46.18669816950138,14.064907722399766,1,230.7922988160982,-198.6705083689966,198.8406383680008,1,p1a_catchup
tslax,2026-07-27T13:55:00Z,5,regular,0,2.097840724299971,27.874029489298735,-25.776188764998764,-159.07555474319324,46.181641633817726,25.776188764998764,9.881264562201508,1,31.73907560750422,-15.844151404706963,10.68324289440703,1,p1a_catchup
tslax,2026-07-27T13:55:00Z,15,regular,0,2.097840724299971,27.874029489298735,-25.776188764998764,-159.07555474319324,46.181641633817726,25.776188764998764,1.374554683994944,1,14.049372195703569,10.352261885300251,-7.6008121972925835,1,p1a_catchup
tslax,2026-07-27T13:55:00Z,30,regular,0,2.097840724299971,27.874029489298735,-25.776188764998764,-159.07555474319324,46.181641633817726,25.776188764998764,14.064907722399766,1,77.67007260150116,-65.95879155890216,67.69121758970265,1,p1a_catchup
tslax,2026-07-27T13:55:00Z,60,regular,0,2.097840724299971,27.874029489298735,-25.776188764998764,-159.07555474319324,46.181641633817726,25.776188764998764,4.142512943001719,1,43.055426023705934,-13.13672431570545,9.711567239003571,1,p1a_catchup
tslax,2026-07-27T14:25:00Z,5,regular,0,3.8302667551004532,17.89517447750022,-14.064907722399766,-76.31105344420241,30.354010822106467,14.064907722399766,3.0344912315971584,1,-5.28222019670288,22.381619150699805,-5.699165633599179,1,xstock_reversion
tslax,2026-07-27T14:25:00Z,15,regular,0,3.8302667551004532,17.89517447750022,-14.064907722399766,-76.31105344420241,30.354010822106467,14.064907722399766,20.579633458597257,0,71.12291925180259,-77.63764498800008,76.35559443579965,1,persistent_or_wider
tslax,2026-07-27T14:25:00Z,30,regular,0,3.8302667551004532,17.89517447750022,-14.064907722399766,-76.31105344420241,30.354010822106467,14.064907722399766,4.142512943001719,1,-34.61464657779523,52.82206724319671,-57.979650350699075,0,xstock_reversion
tslax,2026-07-27T14:25:00Z,60,regular,0,3.8302667551004532,17.89517447750022,-14.064907722399766,-76.31105344420241,30.354010822106467,14.064907722399766,0.9209604136994898,1,-23.63633978889723,38.62220792499649,-50.85183537209659,0,xstock_reversion
tslax,2026-07-27T14:40:00Z,5,regular,0,2.548216202900022,23.12784966149728,-20.579633458597257,-77.63764498800008,35.573323891533114,20.579633458597257,10.780497967806113,1,-25.592026338498997,56.95215776490237,-49.28094324130328,0,xstock_reversion
tslax,2026-07-27T14:40:00Z,15,regular,0,2.548216202900022,23.12784966149728,-20.579633458597257,-77.63764498800008,35.573323891533114,20.579633458597257,4.142512943001719,1,-105.73756582959781,130.4597122311968,-134.33524478649872,0,xstock_reversion
tslax,2026-07-27T14:40:00Z,30,regular,0,2.548216202900022,23.12784966149728,-20.579633458597257,-77.63764498800008,35.573323891533114,20.579633458597257,1.031243055500397,1,-133.30757559730344,154.9184521114011,-160.69637498159926,0,xstock_reversion
tslax,2026-07-27T14:40:00Z,60,regular,0,2.548216202900022,23.12784966149728,-20.579633458597257,-77.63764498800008,35.573323891533114,20.579633458597257,0.45174144849724485,1,-90.66796161610213,110.79585362620215,-114.72151537639697,0,xstock_reversion
tslax,2026-07-27T14:50:00Z,5,regular,0,6.96360763029702,17.097818887696903,24.061426517993922,57.77182070629827,60.70448605893073,24.061426517993922,4.142512943001719,1,14.219334514793402,5.699579060198801,2.5913449225001273,1,p1a_catchup
tslax,2026-07-27T14:50:00Z,15,regular,0,6.96360763029702,17.097818887696903,24.061426517993922,57.77182070629827,60.70448605893073,24.061426517993922,7.025222900001182,1,38.69176207730085,-7.605112659305746,23.230091962203048,1,p1a_catchup
tslax,2026-07-27T14:50:00Z,30,regular,0,6.96360763029702,17.097818887696903,24.061426517993922,57.77182070629827,60.70448605893073,24.061426517993922,6.0141938411995,1,1.5443455004948703,28.531274858698552,-20.430341288202314,0,xstock_reversion
tslax,2026-07-27T14:50:00Z,60,regular,0,6.96360763029702,17.097818887696903,24.061426517993922,57.77182070629827,60.70448605893073,24.061426517993922,0.009850977997771793,1,-9.020699294701728,33.09197679069342,-28.386760020699953,0,xstock_reversion
tslax,2026-07-27T15:00:00Z,5,regular,0,1.974373683397701,16.58391663640124,14.60954295300354,124.86907785549839,59.47281593452861,14.60954295300354,7.025222900001182,1,-16.422065816694698,38.05683166969942,-31.36983368049684,0,xstock_reversion
tslax,2026-07-27T15:00:00Z,15,regular,0,1.974373683397701,16.58391663640124,14.60954295300354,124.86907785549839,59.47281593452861,14.60954295300354,8.518594890700726,1,-35.91206663229762,59.04020447600189,-59.62256814419753,0,xstock_reversion
tslax,2026-07-27T15:00:00Z,30,regular,0,1.974373683397701,16.58391663640124,14.60954295300354,124.86907785549839,59.47281593452861,14.60954295300354,0.35147389420231434,1,-51.26148088679727,66.22249773400313,-83.79567210620387,0,xstock_reversion
tslax,2026-07-27T15:00:00Z,60,regular,0,1.974373683397701,16.58391663640124,14.60954295300354,124.86907785549839,59.47281593452861,14.60954295300354,2.6157187704001217,1,-38.07165314530181,50.06547732790523,-46.18050867559731,0,xstock_reversion
tslax,2026-07-27T18:15:00Z,5,regular,0,19.903734145998442,31.79706789899761,-11.893333752999169,-31.1758402829021,30.417010085098426,11.893333752999169,8.592996228102834,1,28.876474276495756,-25.57613675159942,-0.8172805810957584,1,p1a_catchup
tslax,2026-07-27T18:15:00Z,15,regular,0,19.903734145998442,31.79706789899761,-11.893333752999169,-31.1758402829021,30.417010085098426,11.893333752999169,4.16015103230194,1,28.751642697599777,-21.018459976902548,1.307787878603861,1,p1a_catchup
tslax,2026-07-27T18:15:00Z,30,regular,0,19.903734145998442,31.79706789899761,-11.893333752999169,-31.1758402829021,30.417010085098426,11.893333752999169,1.4907492157067992,1,23.68773496229437,-13.285150425002001,-4.902681865202041,1,p1a_catchup
tslax,2026-07-27T18:15:00Z,60,regular,0,19.903734145998442,31.79706789899761,-11.893333752999169,-31.1758402829021,30.417010085098426,11.893333752999169,0.13647647119974238,1,-36.97163953550131,48.72849681730074,-72.96449308750397,0,xstock_reversion
tslax,2026-07-27T21:20:00Z,5,afterhours,0,0.42308268150215156,15.487297531597832,-15.06421485009568,-32.84060591459692,12.478432033956985,15.06421485009568,6.76789009149914,1,7.325133335100986,0.9711914234955543,-1.8795104254998307,1,p1a_catchup
tslax,2026-07-27T21:20:00Z,15,afterhours,0,0.42308268150215156,15.487297531597832,-15.06421485009568,-32.84060591459692,12.478432033956985,15.06421485009568,1.7551452644060106,1,9.607589988300802,7.211770126200889,-2.203528246500497,1,p1a_catchup
tslax,2026-07-27T21:20:00Z,30,afterhours,0,0.42308268150215156,15.487297531597832,-15.06421485009568,-32.84060591459692,12.478432033956985,15.06421485009568,2.1387413376050546,1,7.093909421094224,5.831564091396402,-6.090923416799399,1,p1a_catchup
tslax,2026-07-27T21:20:00Z,60,afterhours,0,0.42308268150215156,15.487297531597832,-15.06421485009568,-32.84060591459692,12.478432033956985,15.06421485009568,0.8114849897999932,1,23.16782475110024,-8.915094890804554,11.089818932799034,1,p1a_catchup
tslax,2026-07-28T08:15:00Z,5,premarket,0,3.927984466800538,17.378669572396532,13.450685105595994,6.0728343575000565,18.336789557968366,13.450685105595994,13.93531245930113,0,16.552793277995193,-17.03742063170033,12.778716986598937,1,persistent_or_wider
tslax,2026-07-28T08:15:00Z,15,premarket,0,3.927984466800538,17.378669572396532,13.450685105595994,6.0728343575000565,18.336789557968366,13.450685105595994,0.4208715964981735,1,24.65820037529376,-10.786643673199592,16.70734692740261,1,p1a_catchup
tslax,2026-07-28T08:15:00Z,30,premarket,0,3.927984466800538,17.378669572396532,13.450685105595994,6.0728343575000565,18.336789557968366,13.450685105595994,2.3496640161013715,1,44.830783618996506,-33.72976252950188,36.00069343959511,1,p1a_catchup
tslax,2026-07-28T08:15:00Z,60,premarket,0,3.927984466800538,17.378669572396532,13.450685105595994,6.0728343575000565,18.336789557968366,13.450685105595994,0.8657474155970846,1,45.91609555909315,-31.599663037900072,24.559979598697268,1,p1a_catchup
tslax,2026-07-28T08:20:00Z,5,premarket,0,0.3307191783008534,13.604593281000277,13.93531245930113,42.42307818450364,19.354421420617477,13.93531245930113,6.347284423604549,1,8.242230390598237,-0.6542023549016562,-2.9474856524025483,1,p1a_catchup
tslax,2026-07-28T08:20:00Z,15,premarket,0,0.3307191783008534,13.604593281000277,13.93531245930113,42.42307818450364,19.354421420617477,13.93531245930113,7.957479445499516,1,17.496382622397277,-11.518549608595663,19.300920331604132,1,p1a_catchup
tslax,2026-07-28T08:20:00Z,30,premarket,0,0.3307191783008534,13.604593281000277,13.93531245930113,42.42307818450364,19.354421420617477,13.93531245930113,0.25125318679819486,1,29.07413078480303,-14.887565138703707,13.416451888899061,1,p1a_catchup
tslax,2026-07-28T08:20:00Z,60,premarket,0,0.3307191783008534,13.604593281000277,13.93531245930113,42.42307818450364,19.354421420617477,13.93531245930113,0.21624442390510978,1,29.095578238296227,-15.376510202900207,17.33981556969688,1,p1a_catchup
tslax,2026-07-28T09:30:00Z,5,premarket,0,1.6327261662940629,10.209845918103255,-11.842572084397318,-22.093890184198273,14.472984500727595,11.842572084397318,4.92397526609345,1,6.351515060103452,0.5670817582004162,9.177921189698068,1,p1a_catchup
tslax,2026-07-28T09:30:00Z,15,premarket,0,1.6327261662940629,10.209845918103255,-11.842572084397318,-22.093890184198273,14.472984500727595,11.842572084397318,1.8440804182962012,1,10.410806842999776,3.2758456596937435,8.194169487794056,1,p1a_catchup
tslax,2026-07-28T09:30:00Z,30,premarket,0,1.6327261662940629,10.209845918103255,-11.842572084397318,-22.093890184198273,14.472984500727595,11.842572084397318,1.963007312495435,1,20.14983977989715,-6.344260383004396,8.849993202595385,1,p1a_catchup
tslax,2026-07-28T09:30:00Z,60,premarket,0,1.6327261662940629,10.209845918103255,-11.842572084397318,-22.093890184198273,14.472984500727595,11.842572084397318,7.897134200796074,1,17.771817660197087,1.9678886249963057,-2.6207167810010645,1,p1a_catchup
tslax,2026-07-28T11:15:00Z,5,premarket,0,3.768866461495435,16.410406322595605,12.64153986110017,22.213571106100005,16.43522454723612,12.64153986110017,11.117228928396727,1,-9.466106291604603,33.2248750811015,-19.363631971298645,0,xstock_reversion
tslax,2026-07-28T11:15:00Z,15,premarket,0,3.768866461495435,16.410406322595605,12.64153986110017,22.213571106100005,16.43522454723612,12.64153986110017,1.7978787768946347,1,-10.848117746204977,25.287536384199782,-32.18393582620216,0,xstock_reversion
tslax,2026-07-28T11:15:00Z,30,premarket,0,3.768866461495435,16.410406322595605,12.64153986110017,22.213571106100005,16.43522454723612,12.64153986110017,5.713795287194401,1,-15.235537786901787,22.163282360807557,-20.34922587450083,0,xstock_reversion
tslax,2026-07-28T11:15:00Z,60,premarket,0,3.768866461495435,16.410406322595605,12.64153986110017,22.213571106100005,16.43522454723612,12.64153986110017,7.008085208699555,1,21.36424483289545,-15.730790180494836,11.469206441399038,1,p1a_catchup
tslax,2026-07-28T12:25:00Z,5,premarket,0,2.2844635380980804,13.789698487700619,11.505234949602539,39.440499351401925,8.689301338863826,11.505234949602539,10.679536103799236,1,12.74381701089844,-11.918118165095137,5.876975485898939,1,p1a_catchup
tslax,2026-07-28T12:25:00Z,15,premarket,0,2.2844635380980804,13.789698487700619,11.505234949602539,39.440499351401925,8.689301338863826,11.505234949602539,13.560882017600306,0,37.231209446302316,-39.286856514300084,39.43681498320473,1,persistent_or_wider
tslax,2026-07-28T12:25:00Z,30,premarket,0,2.2844635380980804,13.789698487700619,11.505234949602539,39.440499351401925,8.689301338863826,11.505234949602539,4.344303898999868,1,50.352010942402714,-43.191079891800044,34.848903690800626,1,p1a_catchup
tslax,2026-07-28T12:25:00Z,60,premarket,0,2.2844635380980804,13.789698487700619,11.505234949602539,39.440499351401925,8.689301338863826,11.505234949602539,21.170348769308234,0,21.040198804005428,11.635384914905345,-17.324511973901835,0,persistent_or_wider
tslax,2026-07-28T12:40:00Z,5,premarket,0,2.4344220070027234,15.99530402460303,13.560882017600306,39.286856514300084,6.057433482064962,13.560882017600306,6.496201904298005,1,8.691489545800124,-1.6268094324978222,-3.2503665896044254,1,p1a_catchup
tslax,2026-07-28T12:40:00Z,15,premarket,0,2.4344220070027234,15.99530402460303,13.560882017600306,39.286856514300084,6.057433482064962,13.560882017600306,4.344303898999868,1,13.120801496100398,-3.90422337749996,-4.587911292404101,1,p1a_catchup
tslax,2026-07-28T12:40:00Z,30,premarket,0,2.4344220070027234,15.99530402460303,13.560882017600306,39.286856514300084,6.057433482064962,13.560882017600306,3.0478417532986413,1,11.726706964898526,4.882016806000422,-11.714735360106587,0,p1a_catchup
tslax,2026-07-28T12:40:00Z,60,premarket,0,2.4344220070027234,15.99530402460303,13.560882017600306,39.286856514300084,6.057433482064962,13.560882017600306,7.360323153600135,1,-69.60913156790483,75.809690431905,-73.46046804900475,0,xstock_reversion
tslax,2026-07-28T13:25:00Z,5,premarket,0,3.40466352089841,24.575012290206644,-21.170348769308234,-46.040224623205006,16.691890272882294,21.170348769308234,11.032009363898254,1,31.4181594220031,-21.27982001659312,26.20718265990085,1,p1a_catchup
tslax,2026-07-28T13:25:00Z,15,premarket,0,3.40466352089841,24.575012290206644,-21.170348769308234,-46.040224623205006,16.691890272882294,21.170348769308234,7.360323153600135,1,53.41812092560794,-24.88744900269957,16.699141091898184,1,p1a_catchup
tslax,2026-07-28T13:25:00Z,30,premarket,0,3.40466352089841,24.575012290206644,-21.170348769308234,-46.040224623205006,16.691890272882294,21.170348769308234,0.3889406607981982,1,92.4414398361062,-70.88215040599977,67.62327578210048,1,p1a_catchup
tslax,2026-07-28T13:25:00Z,60,premarket,0,3.40466352089841,24.575012290206644,-21.170348769308234,-46.040224623205006,16.691890272882294,21.170348769308234,8.664254010604111,1,134.56504696800488,-104.73044418809252,101.10812878449948,1,p1a_catchup
tslax,2026-07-28T13:35:00Z,5,regular,0,1.1371061830978135,14.506664484299492,-13.369558301201678,-103.64674820220188,18.0763237214721,13.369558301201678,7.360323153600135,1,-17.68805626049641,38.41793771529822,-44.33868828829901,0,xstock_reversion
tslax,2026-07-28T13:35:00Z,15,regular,0,1.1371061830978135,14.506664484299492,-13.369558301201678,-103.64674820220188,18.0763237214721,13.369558301201678,24.489645746594846,0,17.240116353800516,-28.360203799193684,33.304245047398595,1,persistent_or_wider
tslax,2026-07-28T13:35:00Z,30,regular,0,1.1371061830978135,14.506664484299492,-13.369558301201678,-103.64674820220188,18.0763237214721,13.369558301201678,7.54786660209561,1,45.907013117600926,-40.08532141849486,49.16609201250033,1,p1a_catchup
tslax,2026-07-28T13:35:00Z,60,regular,0,1.1371061830978135,14.506664484299492,-13.369558301201678,-103.64674820220188,18.0763237214721,13.369558301201678,1.984248191702065,1,75.5405360359962,-64.15522592649658,61.07818227150119,1,p1a_catchup
tslax,2026-07-28T13:50:00Z,5,regular,0,6.081147431302725,30.57079317789757,-24.489645746594846,-28.360203799193684,52.800451064020955,24.489645746594846,0.3889406607981982,1,4.095146296201335,20.78344011119171,-26.718798645495312,0,xstock_reversion
tslax,2026-07-28T13:50:00Z,15,regular,0,6.081147431302725,30.57079317789757,-24.489645746594846,-28.360203799193684,52.800451064020955,24.489645746594846,7.54786660209561,1,28.66689676380041,-11.725117619301173,15.861846965101734,1,p1a_catchup
tslax,2026-07-28T13:50:00Z,30,regular,0,6.081147431302725,30.57079317789757,-24.489645746594846,-28.360203799193684,52.800451064020955,24.489645746594846,2.059268959202498,1,69.64748159569822,-43.09856688990088,40.714907501699926,1,p1a_catchup
tslax,2026-07-28T13:50:00Z,60,regular,0,6.081147431302725,30.57079317789757,-24.489645746594846,-28.360203799193684,52.800451064020955,24.489645746594846,10.437806787200188,1,-25.322760416601753,60.25021295039679,-73.38182571110075,0,xstock_reversion
tslax,2026-07-28T15:55:00Z,5,regular,0,1.552199622896211,12.968146780893974,11.415947157997763,81.24960336320264,11.115756541166176,11.415947157997763,1.7921263884979055,1,7.091786223201169,2.5320345462986893,1.2268195687070715,1,p1a_catchup
tslax,2026-07-28T15:55:00Z,15,regular,0,1.552199622896211,12.968146780893974,11.415947157997763,81.24960336320264,11.115756541166176,11.415947157997763,6.993696145700667,1,-65.67238296810274,84.08202627180117,-79.57967102139918,0,xstock_reversion
tslax,2026-07-28T15:55:00Z,30,regular,0,1.552199622896211,12.968146780893974,11.415947157997763,81.24960336320264,11.115756541166176,11.415947157997763,2.0109142533009106,1,-90.64647834730266,100.05151125199951,-102.06074263839682,0,xstock_reversion
tslax,2026-07-28T15:55:00Z,60,regular,0,1.552199622896211,12.968146780893974,11.415947157997763,81.24960336320264,11.115756541166176,11.415947157997763,1.0205384562045339,1,-54.368642627897756,66.80512824210005,-66.57352013179185,0,xstock_reversion
tslax,2026-07-28T16:05:00Z,5,regular,0,1.0317174193019696,19.847233745302617,-18.815516326000647,-36.526400858098995,38.8875372760723,18.815516326000647,6.993696145700667,1,22.484111965299647,-10.662291784999667,3.576019492399496,1,p1a_catchup
tslax,2026-07-28T16:05:00Z,15,regular,0,1.0317174193019696,19.847233745302617,-18.815516326000647,-36.526400858098995,38.8875372760723,18.815516326000647,7.197965246001914,1,51.94077211220005,-40.32322103220132,38.13300765379779,1,p1a_catchup
tslax,2026-07-28T16:05:00Z,30,regular,0,1.0317174193019696,19.847233745302617,-18.815516326000647,-36.526400858098995,38.8875372760723,18.815516326000647,8.637367136801188,1,20.237818067698754,7.215065395103082,-6.507741628807295,1,p1a_catchup
tslax,2026-07-28T16:05:00Z,60,regular,0,1.0317174193019696,19.847233745302617,-18.815516326000647,-36.526400858098995,38.8875372760723,18.815516326000647,6.372822631393049,1,34.43810341820175,-21.99540972359415,21.817661086194207,1,p1a_catchup
tslax,2026-07-28T23:05:00Z,5,afterhours,0,2.3544503549022266,15.92869766040117,-13.574247305498943,-35.46098148619947,6.772467600881193,13.574247305498943,13.689249413699756,0,-9.546999643204046,36.810496362402745,-32.88394939580108,0,persistent_or_wider
tslax,2026-07-28T23:05:00Z,15,afterhours,0,2.3544503549022266,15.92869766040117,-13.574247305498943,-35.46098148619947,6.772467600881193,13.574247305498943,13.030803542601888,1,-30.062323277597613,56.667374125698444,-49.28546201139916,0,xstock_reversion
tslax,2026-07-28T23:05:00Z,30,afterhours,0,2.3544503549022266,15.92869766040117,-13.574247305498943,-35.46098148619947,6.772467600881193,13.574247305498943,2.8838962133992396,1,-43.90304587750471,60.36118939640289,-63.69330126650752,0,xstock_reversion
tslax,2026-07-28T23:10:00Z,5,afterhours,0,6.2809973215038895,7.408252092195866,13.689249413699756,13.170763523104867,20.25739751452366,13.689249413699756,9.63221276379933,1,8.79349154390141,-4.736454894000985,9.844135331498194,1,p1a_catchup
tslax,2026-07-28T23:10:00Z,15,afterhours,0,6.2809973215038895,7.408252092195866,13.689249413699756,13.170763523104867,20.25739751452366,13.689249413699756,6.983509639999497,1,26.659177277101875,-19.953437503401616,29.59503411370079,1,p1a_catchup
tslax,2026-07-28T23:10:00Z,30,afterhours,0,6.2809973215038895,7.408252092195866,13.689249413699756,13.170763523104867,20.25739751452366,13.689249413699756,24.072653318700787,0,54.69861734649584,-65.08202125149687,62.39195610739934,1,persistent_or_wider
tslax,2026-07-28T23:20:00Z,5,afterhours,1,9.73636246920151,3.294441073400378,13.030803542601888,56.667374125698444,20.699597402808724,13.030803542601888,6.983509639999497,1,6.143853642708308,-0.09655974010591706,13.193521498102712,1,p1a_catchup
tslax,2026-07-28T23:20:00Z,15,afterhours,1,9.73636246920151,3.294441073400378,13.030803542601888,56.667374125698444,20.699597402808724,13.030803542601888,2.8838962133992396,1,13.840722599907096,-3.693815270704448,14.407839255108357,1,p1a_catchup
tslax,2026-07-28T23:20:00Z,30,afterhours,1,9.73636246920151,3.294441073400378,13.030803542601888,56.667374125698444,20.699597402808724,13.030803542601888,4.548394746901607,1,51.885518976000355,-43.403110180300075,45.1290866977061,1,p1a_catchup
tslax,2026-07-28T23:40:00Z,5,afterhours,0,8.97106246560142,15.101590853099367,24.072653318700787,45.12858374809525,15.986223797383648,24.072653318700787,14.078413915097343,1,13.329105238302219,-3.3348658346987747,3.705598105101515,1,p1a_catchup
tslax,2026-07-28T23:40:00Z,15,afterhours,0,8.97106246560142,15.101590853099367,24.072653318700787,45.12858374809525,15.986223797383648,24.072653318700787,8.172627345999217,1,24.076257717000615,-8.176231744299045,10.552122131599617,1,p1a_catchup
tslax,2026-07-28T23:45:00Z,5,afterhours,1,8.60033019519868,5.478083719898663,14.078413915097343,45.84329645210161,16.103184504968635,14.078413915097343,4.548394746901607,1,4.373120025595867,5.156899142599869,-4.5669548991966735,0,xstock_reversion
tslax,2026-07-29T08:00:00Z,5,premarket,0,9.835962991999736,23.76272710630012,-13.926764114300383,-27.115304364997428,12.292163847546728,13.926764114300383,14.091597229599628,0,17.475510445503772,-17.640343560803018,-2.7446442762979473,1,persistent_or_wider
tslax,2026-07-29T08:00:00Z,15,premarket,0,9.835962991999736,23.76272710630012,-13.926764114300383,-27.115304364997428,12.292163847546728,13.926764114300383,0.5595485269971334,1,36.593772817399284,-22.107460176101768,15.735644474306199,1,p1a_catchup
tslax,2026-07-29T08:00:00Z,30,premarket,0,9.835962991999736,23.76272710630012,-13.926764114300383,-27.115304364997428,12.292163847546728,13.926764114300383,9.473712805601053,1,37.49081699200296,-14.090340072101526,5.897965373007352,1,p1a_catchup
tslax,2026-07-29T08:00:00Z,60,premarket,0,9.835962991999736,23.76272710630012,-13.926764114300383,-27.115304364997428,12.292163847546728,13.926764114300383,6.072242128700722,1,3.819801097701969,16.179205145299136,-29.7643603715958,0,xstock_reversion
tslax,2026-07-29T08:05:00Z,5,premarket,1,10.54902484510123,3.542572384498399,-14.091597229599628,-41.820425233503045,12.42660643145086,14.091597229599628,17.64584194480001,0,18.675327621995308,-22.22957233719569,23.402759930499784,1,persistent_or_wider
tslax,2026-07-29T08:05:00Z,15,premarket,1,10.54902484510123,3.542572384498399,-14.091597229599628,-41.820425233503045,12.42660643145086,14.091597229599628,3.186649039506051,1,22.771369469296587,-11.86642127920301,25.04412226490338,1,p1a_catchup
tslax,2026-07-29T08:05:00Z,30,premarket,1,10.54902484510123,3.542572384498399,-14.091597229599628,-41.820425233503045,12.42660643145086,14.091597229599628,4.747072560800092,1,14.140608896902052,4.698060893497669,4.710246248205152,1,p1a_catchup
tslax,2026-07-29T08:05:00Z,60,premarket,1,10.54902484510123,3.542572384498399,-14.091597229599628,-41.820425233503045,12.42660643145086,14.091597229599628,10.616946150596718,1,-25.844675866002476,50.55321924619882,-33.5494757057031,0,xstock_reversion
tslax,2026-07-29T08:10:00Z,5,premarket,1,9.375837251797137,8.270004693002875,-17.64584194480001,-69.23763969689745,13.48168613931733,17.64584194480001,0.5595485269971334,1,0.44293474990020343,17.76245572189694,-4.922471179895638,0,xstock_reversion
tslax,2026-07-29T08:10:00Z,15,premarket,1,9.375837251797137,8.270004693002875,-17.64584194480001,-69.23763969689745,13.48168613931733,17.64584194480001,5.249959443300867,1,10.24175616720413,2.1541263342950145,9.195100972902992,1,p1a_catchup
tslax,2026-07-29T08:10:00Z,30,premarket,1,9.375837251797137,8.270004693002875,-17.64584194480001,-69.23763969689745,13.48168613931733,17.64584194480001,15.11234406369688,1,-20.885185189598587,53.64337119809548,-35.29951453459468,0,xstock_reversion
tslax,2026-07-29T08:10:00Z,60,premarket,1,9.375837251797137,8.270004693002875,-17.64584194480001,-69.23763969689745,13.48168613931733,17.64584194480001,3.3210172100961444,1,-48.46739271029854,69.4342518651947,-65.43455377490126,0,xstock_reversion
tslax,2026-07-29T08:40:00Z,5,premarket,1,8.968019411703665,6.144324651993216,15.11234406369688,51.489244863800465,15.692363145222188,15.11234406369688,6.068486897303771,1,7.032560394995002,2.011296771398108,8.588935318600832,1,p1a_catchup
tslax,2026-07-29T08:40:00Z,15,premarket,1,8.968019411703665,6.144324651993216,15.11234406369688,51.489244863800465,15.692363145222188,15.11234406369688,4.000531415000452,1,5.983419761799169,13.129455716898164,-6.7599405761953335,0,xstock_reversion
tslax,2026-07-29T08:40:00Z,30,premarket,1,8.968019411703665,6.144324651993216,15.11234406369688,51.489244863800465,15.692363145222188,15.11234406369688,3.3210172100961444,1,27.582207520699953,-15.790880667099216,30.135039240306583,1,p1a_catchup
tslax,2026-07-29T08:40:00Z,60,premarket,1,8.968019411703665,6.144324651993216,15.11234406369688,51.489244863800465,15.692363145222188,15.11234406369688,10.529014946998316,1,37.20439256009733,-32.62106344339877,39.58760598990807,1,p1a_catchup
tslax,2026-07-29T09:45:00Z,5,premarket,1,6.188342181605577,5.492806660694072,11.681148842299649,37.64296751260332,10.59490979125687,11.681148842299649,8.7473461791987,1,9.72150779969816,-6.787705136597211,5.531423506397459,1,p1a_catchup
tslax,2026-07-29T09:45:00Z,15,premarket,1,6.188342181605577,5.492806660694072,11.681148842299649,37.64296751260332,10.59490979125687,11.681148842299649,0.6184421774957372,1,3.5769654343997814,7.48574123040413,3.2541490686988084,1,xstock_reversion
tslax,2026-07-29T09:45:00Z,30,premarket,1,6.188342181605577,5.492806660694072,11.681148842299649,37.64296751260332,10.59490979125687,11.681148842299649,5.559164277295636,1,-8.452806365406573,25.69311948500186,-18.079800346395558,0,xstock_reversion
tslax,2026-07-29T09:45:00Z,60,premarket,1,6.188342181605577,5.492806660694072,11.681148842299649,37.64296751260332,10.59490979125687,11.681148842299649,3.887104215198889,1,-11.470452078103932,27.03870513560247,-19.547163741595597,0,xstock_reversion
tslax,2026-07-29T11:00:00Z,5,premarket,0,2.0575132097988558,11.742398167307044,13.7999113771059,15.139196184801307,17.709411095665235,13.7999113771059,22.97047086609716,0,25.197382538904023,-34.36794202789528,38.964883747292234,1,persistent_or_wider
tslax,2026-07-29T11:00:00Z,15,premarket,0,2.0575132097988558,11.742398167307044,13.7999113771059,15.139196184801307,17.709411095665235,13.7999113771059,7.754123898999765,1,55.52393360450658,-49.478146126400446,49.3420290180957,1,p1a_catchup
tslax,2026-07-29T11:00:00Z,30,premarket,0,2.0575132097988558,11.742398167307044,13.7999113771059,15.139196184801307,17.709411095665235,13.7999113771059,1.7203819562983114,1,61.944990118902865,-46.424696785498654,42.85757526819367,1,p1a_catchup
tslax,2026-07-29T11:00:00Z,60,premarket,0,2.0575132097988558,11.742398167307044,13.7999113771059,15.139196184801307,17.709411095665235,13.7999113771059,9.666645616803748,1,51.25977299520024,-47.126507234898085,48.369628971896006,1,p1a_catchup
tslax,2026-07-29T11:05:00Z,5,premarket,0,2.539428509598096,25.509899375695255,22.97047086609716,58.31372727159945,22.096752383092483,22.97047086609716,16.41712080459712,1,20.122999459601942,-13.569649398101902,12.321661740504197,1,p1a_catchup
tslax,2026-07-29T11:05:00Z,15,premarket,0,2.539428509598096,25.509899375695255,22.97047086609716,58.31372727159945,22.096752383092483,22.97047086609716,7.495604291500868,1,38.76236121730159,-23.287494642705298,18.15294349180263,1,p1a_catchup
tslax,2026-07-29T11:05:00Z,30,premarket,0,2.539428509598096,25.509899375695255,22.97047086609716,58.31372727159945,22.096752383092483,22.97047086609716,8.08143673749484,1,27.48574303369722,3.566164569894781,-6.815858494100269,1,p1a_catchup
tslax,2026-07-29T11:05:00Z,60,premarket,0,2.539428509598096,25.509899375695255,22.97047086609716,58.31372727159945,22.096752383092483,22.97047086609716,5.827376382603333,1,21.131410903798553,7.666436344901939,-10.063138925193726,1,p1a_catchup
tslax,2026-07-29T11:10:00Z,5,premarket,0,1.2914408520003917,17.70856165659751,16.41712080459712,83.2352944932957,22.193147929710126,16.41712080459712,7.754123898999765,1,10.203551606000616,-1.5405547004032627,-1.94451646970073,1,p1a_catchup
tslax,2026-07-29T11:10:00Z,15,premarket,0,1.2914408520003917,17.70856165659751,16.41712080459712,83.2352944932957,22.193147929710126,16.41712080459712,0.5704299646058786,1,18.65493646469929,-1.667385695496293,-1.0921235381022854,1,p1a_catchup
tslax,2026-07-29T11:10:00Z,30,premarket,0,1.2914408520003917,17.70856165659751,16.41712080459712,83.2352944932957,22.193147929710126,16.41712080459712,0.8319643863075044,1,7.136916176593289,8.448240241696325,-12.38006365020361,0,xstock_reversion
tslax,2026-07-29T11:10:00Z,60,premarket,0,1.2914408520003917,17.70856165659751,16.41712080459712,83.2352944932957,22.193147929710126,16.41712080459712,0.31441541830545816,1,0.631309906893307,15.471395479398353,-26.607842292998285,0,xstock_reversion
tslax,2026-07-29T11:55:00Z,5,premarket,1,52.23291617119763,34.43814300709391,-17.794773164103717,-34.07136362870489,16.527981267073983,17.794773164103717,9.666645616803748,1,-14.247100898394649,41.708519679302114,11.33878796469645,0,xstock_reversion
tslax,2026-07-29T11:55:00Z,15,premarket,1,52.23291617119763,34.43814300709391,-17.794773164103717,-34.07136362870489,16.527981267073983,17.794773164103717,0.31441541830545816,1,-8.939019808593685,27.04820839100286,35.02971374179431,0,xstock_reversion
tslax,2026-07-29T11:55:00Z,30,premarket,1,52.23291617119763,34.43814300709391,-17.794773164103717,-34.07136362870489,16.527981267073983,17.794773164103717,7.4921122768945025,1,30.466891376503824,-20.16423048929461,70.26734356649911,1,p1a_catchup
tslax,2026-07-29T11:55:00Z,60,premarket,1,52.23291617119763,34.43814300709391,-17.794773164103717,-34.07136362870489,16.527981267073983,17.794773164103717,2.9686763803038474,1,13.229178313398648,1.5969184704012207,52.59069386450044,1,p1a_catchup
tslax,2026-07-29T12:15:00Z,5,premarket,0,0.6490924242985585,17.69601799309406,-18.34511041739262,-53.46230109459782,30.58229554255771,18.34511041739262,8.185000840503776,1,10.647445359994734,-0.4873357831058911,-0.0,1,p1a_catchup
tslax,2026-07-29T12:15:00Z,15,premarket,0,0.6490924242985585,17.69601799309406,-18.34511041739262,-53.46230109459782,30.58229554255771,18.34511041739262,3.239526982197205,1,16.57673698589157,5.007900413698252,0.6516993062000154,1,p1a_catchup
tslax,2026-07-29T12:15:00Z,30,premarket,0,0.6490924242985585,17.69601799309406,-18.34511041739262,-53.46230109459782,30.58229554255771,18.34511041739262,1.2056148765982044,1,5.710109424095222,13.8406158698956,-16.301466395196584,0,xstock_reversion
tslax,2026-07-29T12:15:00Z,60,premarket,0,0.6490924242985585,17.69601799309406,-18.34511041739262,-53.46230109459782,30.58229554255771,18.34511041739262,6.553782932599006,1,20.10437954669264,-8.313052061899029,10.758473334604446,1,p1a_catchup
tslax,2026-07-29T18:40:00Z,5,regular,0,5.747699127800487,10.538577363501389,16.286276491301876,67.80822916730322,31.385834728311288,16.286276491301876,15.836168675003037,1,45.105940698801916,-44.65583288250308,43.98223483679686,1,p1a_catchup
tslax,2026-07-29T18:40:00Z,15,regular,0,5.747699127800487,10.538577363501389,16.286276491301876,67.80822916730322,31.385834728311288,16.286276491301876,7.902442738103588,1,93.85117277320276,-85.46733902000447,88.29935060250094,1,p1a_catchup
tslax,2026-07-29T18:40:00Z,30,regular,0,5.747699127800487,10.538577363501389,16.286276491301876,67.80822916730322,31.385834728311288,16.286276491301876,3.357134557493424,1,23.179017260899215,-3.5356062121039145,10.174502277102704,1,p1a_catchup
tslax,2026-07-29T18:40:00Z,60,regular,0,5.747699127800487,10.538577363501389,16.286276491301876,67.80822916730322,31.385834728311288,16.286276491301876,19.752806769703923,0,-182.25111172119668,218.29019498220248,-214.1480550567021,0,persistent_or_wider
tslax,2026-07-29T18:45:00Z,5,regular,0,6.4212971735067015,9.414871501496336,15.836168675003037,126.42120542480484,34.13257506035086,15.836168675003037,8.325811430003327,1,24.368131646301805,-16.857774401302095,31.2848264289034,1,p1a_catchup
tslax,2026-07-29T18:45:00Z,15,regular,0,6.4212971735067015,9.414871501496336,15.836168675003037,126.42120542480484,34.13257506035086,15.836168675003037,5.513181314400484,1,34.50288289029935,-13.153532900895826,23.473606413304537,1,p1a_catchup
tslax,2026-07-29T18:45:00Z,30,regular,0,6.4212971735067015,9.414871501496336,15.836168675003037,126.42120542480484,34.13257506035086,15.836168675003037,9.7990816959026,1,-49.153152332399586,74.78840270330522,-64.36893136239519,0,xstock_reversion
tslax,2026-07-29T18:45:00Z,60,regular,0,6.4212971735067015,9.414871501496336,15.836168675003037,126.42120542480484,34.13257506035086,15.836168675003037,0.4575052984989725,1,-229.7098726764002,245.08853605290426,-238.51734577269747,0,xstock_reversion
tslax,2026-07-29T19:05:00Z,5,regular,0,9.02982879069647,24.67610103849438,-15.64627224779791,-56.91763298110608,43.64450268808752,15.64627224779791,3.357134557493424,1,13.349505780899662,-1.0603680905951762,-8.860657637299596,1,p1a_catchup
tslax,2026-07-29T19:05:00Z,15,regular,0,9.02982879069647,24.67610103849438,-15.64627224779791,-56.91763298110608,43.64450268808752,15.64627224779791,13.65341815169785,1,78.91016672769702,-76.91731263159696,70.86501087609776,1,p1a_catchup
tslax,2026-07-29T19:05:00Z,30,regular,0,9.02982879069647,24.67610103849438,-15.64627224779791,-56.91763298110608,43.64450268808752,15.64627224779791,12.298689658800654,1,159.69010939739903,-156.34252680840177,164.9153211240062,1,p1a_catchup
tslax,2026-07-29T19:05:00Z,60,regular,0,9.02982879069647,24.67610103849438,-15.64627224779791,-56.91763298110608,43.64450268808752,15.64627224779791,15.793581144496471,0,250.33633266559718,-250.48364156229576,242.34544300639982,1,persistent_or_wider
tslax,2026-07-29T19:20:00Z,5,regular,0,2.9775270351972694,16.63094518689512,-13.65341815169785,-76.91731263159696,28.634502435927192,13.65341815169785,6.534564609497195,1,20.68514161200241,-13.566288069801757,8.272804456002092,1,p1a_catchup
tslax,2026-07-29T19:20:00Z,15,regular,0,2.9775270351972694,16.63094518689512,-13.65341815169785,-76.91731263159696,28.634502435927192,13.65341815169785,12.298689658800654,1,80.77994266970201,-79.42521417680481,94.05031024790844,1,p1a_catchup
tslax,2026-07-29T19:20:00Z,30,regular,0,2.9775270351972694,16.63094518689512,-13.65341815169785,-76.91731263159696,28.634502435927192,13.65341815169785,1.731934977700078,1,137.38124594420142,-121.9958928148035,131.85247954270451,1,p1a_catchup
tslax,2026-07-29T19:20:00Z,60,regular,0,2.9775270351972694,16.63094518689512,-13.65341815169785,-76.91731263159696,28.634502435927192,13.65341815169785,20.060018402405788,0,208.45900343699597,-214.86560368770392,214.5098164600068,1,persistent_or_wider
tslax,2026-07-29T19:35:00Z,5,regular,0,17.602623106300896,29.90131276510155,-12.298689658800654,-79.42521417680481,16.057622976970563,12.298689658800654,19.752806769703923,0,59.08952536559653,-66.5436424764998,50.546578572499,1,persistent_or_wider
tslax,2026-07-29T19:35:00Z,15,regular,0,17.602623106300896,29.90131276510155,-12.298689658800654,-79.42521417680481,16.057622976970563,12.298689658800654,1.731934977700078,1,56.601303274499415,-42.57067863799868,37.80216929479607,1,p1a_catchup
tslax,2026-07-29T19:35:00Z,30,regular,0,17.602623106300896,29.90131276510155,-12.298689658800654,-79.42521417680481,16.057622976970563,12.298689658800654,15.793581144496471,0,90.64622326819816,-94.14111475389397,77.43012188239362,1,persistent_or_wider
tslax,2026-07-29T19:35:00Z,60,regular,0,17.602623106300896,29.90131276510155,-12.298689658800654,-79.42521417680481,16.057622976970563,12.298689658800654,16.139414069193947,0,167.48498237949326,-139.04687865149867,123.97477739739315,1,persistent_or_wider
tslax,2026-07-29T19:40:00Z,5,regular,0,1.6055592023000997,21.358365972004023,-19.752806769703923,-132.40256858350284,17.826299975758594,19.752806769703923,0.4575052984989725,1,2.3528202564016,17.857491811801296,-19.6129441208015,0,xstock_reversion
tslax,2026-07-29T19:40:00Z,15,regular,0,1.6055592023000997,21.358365972004023,-19.752806769703923,-132.40256858350284,17.826299975758594,19.752806769703923,2.2905762267999563,1,5.652401503901672,11.809829039002295,-12.40923808900618,0,xstock_reversion
tslax,2026-07-29T19:40:00Z,30,regular,0,1.6055592023000997,21.358365972004023,-19.752806769703923,-132.40256858350284,17.826299975758594,19.752806769703923,10.360913086406853,1,42.13678084999728,-32.74488716670021,32.94231356489874,1,p1a_catchup
tslax,2026-07-29T19:40:00Z,60,regular,0,1.6055592023000997,21.358365972004023,-19.752806769703923,-132.40256858350284,17.826299975758594,19.752806769703923,7.8212710843050814,1,100.40844963680406,-72.83437178279506,73.42819882489415,1,p1a_catchup
tslax,2026-07-29T20:05:00Z,5,afterhours,0,0.8916302348005445,16.685211379297016,-15.793581144496471,-51.57043611589529,29.09993013867714,15.793581144496471,10.360913086406853,1,10.580082947395653,-5.1474148893060345,6.05877025500412,1,p1a_catchup
tslax,2026-07-29T20:05:00Z,15,afterhours,0,0.8916302348005445,16.685211379297016,-15.793581144496471,-51.57043611589529,29.09993013867714,15.793581144496471,20.060018402405788,0,37.032837499095805,-41.29927475700512,43.02938432970471,1,persistent_or_wider
tslax,2026-07-29T20:05:00Z,30,afterhours,0,0.8916302348005445,16.685211379297016,-15.793581144496471,-51.57043611589529,29.09993013867714,15.793581144496471,16.139414069193947,0,76.83875911129512,-44.9057638976047,46.54465551499953,1,persistent_or_wider
tslax,2026-07-29T20:05:00Z,60,afterhours,0,0.8916302348005445,16.685211379297016,-15.793581144496471,-51.57043611589529,29.09993013867714,15.793581144496471,17.22685051950279,0,77.32059841309535,-78.75386778810167,80.40855513019807,1,persistent_or_wider
tslax,2026-07-29T20:20:00Z,5,afterhours,0,2.621739807500134,22.681758209905922,-20.060018402405788,-41.29927475700512,9.09624915593031,20.060018402405788,30.394971493095113,0,27.675593371405682,-38.01054646209501,51.975979067995226,1,persistent_or_wider
tslax,2026-07-29T20:20:00Z,15,afterhours,0,2.621739807500134,22.681758209905922,-20.060018402405788,-41.29927475700512,9.09624915593031,20.060018402405788,16.139414069193947,1,39.80592161219931,-3.606489140599578,3.5152711852948215,1,p1a_catchup
tslax,2026-07-29T20:20:00Z,30,afterhours,0,2.621739807500134,22.681758209905922,-20.060018402405788,-41.29927475700512,9.09624915593031,20.060018402405788,7.353032293400119,1,16.86034565540062,10.552705040405286,-15.061108386200672,0,p1a_catchup
tslax,2026-07-29T20:20:00Z,60,afterhours,0,2.621739807500134,22.681758209905922,-20.060018402405788,-41.29927475700512,9.09624915593031,20.060018402405788,0.2102988272056905,1,50.70431701510003,-30.854597439899933,30.936199350497517,1,p1a_catchup
tslax,2026-07-29T20:25:00Z,5,afterhours,0,16.587172413400353,46.982143906495466,-30.394971493095113,-74.1624063297941,12.641781573930043,30.394971493095113,21.654353663400627,1,23.15171829759599,-14.411100467901505,-2.9482353938004024,1,p1a_catchup
tslax,2026-07-29T20:25:00Z,15,afterhours,0,16.587172413400353,46.982143906495466,-30.394971493095113,-74.1624063297941,12.641781573930043,30.394971493095113,7.8212710843050814,1,4.14332086370095,34.072921713699245,-48.460707882700405,0,xstock_reversion
tslax,2026-07-29T20:25:00Z,30,afterhours,0,16.587172413400353,46.982143906495466,-30.394971493095113,-74.1624063297941,12.641781573930043,30.394971493095113,4.626835901504478,1,-15.672710736298612,50.6945181308982,-64.08068625039398,0,xstock_reversion
tslax,2026-07-29T20:25:00Z,60,afterhours,0,16.587172413400353,46.982143906495466,-30.394971493095113,-74.1624063297941,12.641781573930043,30.394971493095113,2.724347842697483,1,25.60710028689961,2.063523363498021,-15.492290559997457,1,p1a_catchup
tslax,2026-07-29T20:30:00Z,5,afterhours,0,0.7721634483015549,20.882190215099072,-21.654353663400627,-81.55249337660209,12.83470671086458,21.654353663400627,16.139414069193947,1,-11.02139005680236,48.815157789396935,-45.5124724889,0,xstock_reversion
tslax,2026-07-29T20:30:00Z,15,afterhours,0,0.7721634483015549,20.882190215099072,-21.654353663400627,-81.55249337660209,12.83470671086458,21.654353663400627,8.467916657100005,1,-26.63963366269506,56.761903983195694,-58.68837263659721,0,xstock_reversion
tslax,2026-07-29T20:30:00Z,30,afterhours,0,0.7721634483015549,20.882190215099072,-21.654353663400627,-81.55249337660209,12.83470671086458,21.654353663400627,15.260421376801503,1,-26.360594476395605,32.75452676299473,-33.14851042099498,0,xstock_reversion
tslax,2026-07-29T20:30:00Z,60,afterhours,0,0.7721634483015549,20.882190215099072,-21.654353663400627,-81.55249337660209,12.83470671086458,21.654353663400627,6.823194459695259,1,8.755253152505915,6.075906051199453,3.96741291840641,1,p1a_catchup
tslax,2026-07-29T20:35:00Z,5,afterhours,0,2.5305218521953776,13.60889221699857,16.139414069193947,-3.606489140599578,30.409570449798824,16.139414069193947,7.8212710843050814,1,7.987007377092681,0.33113560779618467,0.0,1,p1a_catchup
tslax,2026-07-29T20:35:00Z,15,afterhours,0,2.5305218521953776,13.60889221699857,16.139414069193947,-3.606489140599578,30.409570449798824,16.139414069193947,7.353032293400119,1,22.94557595679869,-14.159194181004864,18.576379571495494,1,p1a_catchup
tslax,2026-07-29T20:35:00Z,30,afterhours,0,2.5305218521953776,13.60889221699857,16.139414069193947,-3.606489140599578,30.409570449798824,16.139414069193947,17.22685051950279,0,-0.4818393018002354,33.84810389049697,-33.863899615198534,0,persistent_or_wider
tslax,2026-07-29T20:35:00Z,60,afterhours,0,2.5305218521953776,13.60889221699857,16.139414069193947,-3.606489140599578,30.409570449798824,16.139414069193947,10.065166257096081,1,-29.896848462307446,56.101428788597474,-57.29703254679919,0,xstock_reversion
tslax,2026-07-29T21:00:00Z,5,afterhours,0,1.166147106301807,14.094274270499696,-15.260421376801503,-24.007377220200965,25.932499767954404,15.260421376801503,17.22685051950279,0,15.82104372139348,-17.787472864094767,21.499937547293513,1,persistent_or_wider
tslax,2026-07-29T21:00:00Z,15,afterhours,0,1.166147106301807,14.094274270499696,-15.260421376801503,-24.007377220200965,25.932499767954404,15.260421376801503,1.836111789703665,1,26.175951458595748,-12.75164187149791,11.074573304501456,1,p1a_catchup
tslax,2026-07-29T21:00:00Z,30,afterhours,0,1.166147106301807,14.094274270499696,-15.260421376801503,-24.007377220200965,25.932499767954404,15.260421376801503,6.823194459695259,1,35.11584762890152,-26.678620711795276,37.11592333940139,1,p1a_catchup
tslax,2026-07-29T21:00:00Z,60,afterhours,0,1.166147106301807,14.094274270499696,-15.260421376801503,-24.007377220200965,25.932499767954404,15.260421376801503,28.816130976103693,0,15.006124241301322,29.070428111603874,-28.834501570100812,0,persistent_or_wider
tslax,2026-07-29T21:05:00Z,5,afterhours,0,2.5463175768969393,19.77316809639973,-17.22685051950279,-48.007298071501836,16.023782926489446,17.22685051950279,7.386403306304246,1,8.314663202702022,1.5257840104965226,-6.7819602463981,1,p1a_catchup
tslax,2026-07-29T21:05:00Z,15,afterhours,0,2.5463175768969393,19.77316809639973,-17.22685051950279,-48.007298071501836,16.023782926489446,17.22685051950279,0.2102988272056905,1,10.416556101100483,6.599995591196617,-6.442971449995838,1,p1a_catchup
tslax,2026-07-29T21:05:00Z,30,afterhours,0,2.5463175768969393,19.77316809639973,-17.22685051950279,-48.007298071501836,16.023782926489446,17.22685051950279,10.065166257096081,1,29.41500916050721,-22.2533248981005,23.433132931600653,1,p1a_catchup
tslax,2026-07-29T21:05:00Z,60,afterhours,0,2.5463175768969393,19.77316809639973,-17.22685051950279,-48.007298071501836,16.023782926489446,17.22685051950279,18.850450127105844,0,-19.724313273394856,55.80161392000349,-54.12733106749279,0,persistent_or_wider
tslax,2026-07-29T21:55:00Z,5,afterhours,0,0.6800818387997509,18.729353942701366,18.049272103901615,36.433645261295666,16.478204226338992,18.049272103901615,28.816130976103693,0,25.924107945298758,-36.690966817500836,36.94110554349983,1,persistent_or_wider
tslax,2026-07-29T21:55:00Z,15,afterhours,0,0.6800818387997509,18.729353942701366,18.049272103901615,36.433645261295666,16.478204226338992,18.049272103901615,18.953911310903848,0,62.1428255487011,-63.04746475570333,57.08701590259935,1,persistent_or_wider
tslax,2026-07-29T21:55:00Z,30,afterhours,0,0.6800818387997509,18.729353942701366,18.049272103901615,36.433645261295666,16.478204226338992,18.049272103901615,2.3458460059977426,1,85.7556090056022,-70.05218290769832,67.68819171029783,1,p1a_catchup
tslax,2026-07-29T21:55:00Z,60,afterhours,0,0.6800818387997509,18.729353942701366,18.049272103901615,36.433645261295666,16.478204226338992,18.049272103901615,0.5683824246016655,1,84.84204656710403,-67.36115688780409,68.36111657849919,1,p1a_catchup
tslax,2026-07-29T22:00:00Z,5,afterhours,0,0.9302205647987449,29.746351540902438,28.816130976103693,78.78706573479555,20.446292954153357,28.816130976103693,18.850450127105844,1,18.909393793302698,-8.943712944304849,3.792891950098465,1,p1a_catchup
tslax,2026-07-29T22:00:00Z,15,afterhours,0,0.9302205647987449,29.746351540902438,28.816130976103693,78.78706573479555,20.446292954153357,28.816130976103693,15.950772281101422,1,50.93732296570508,-38.07196427070281,40.83620758770223,1,p1a_catchup
tslax,2026-07-29T22:00:00Z,30,afterhours,0,0.9302205647987449,29.746351540902438,28.816130976103693,78.78706573479555,20.446292954153357,28.816130976103693,0.9666454826007254,1,60.704885680502585,-32.85540018699962,31.75982088619911,1,p1a_catchup
tslax,2026-07-29T22:00:00Z,60,afterhours,0,0.9302205647987449,29.746351540902438,28.816130976103693,78.78706573479555,20.446292954153357,28.816130976103693,7.811838400995086,1,65.63031182550638,-44.626019250397775,47.55663794810516,1,p1a_catchup
tslax,2026-07-29T22:05:00Z,5,afterhours,0,4.220600429407639,14.629849697698205,18.850450127105844,75.32162309720647,17.28733948303494,18.850450127105844,18.953911310903848,0,17.30932381009964,-17.412784993897645,16.353018409001052,1,persistent_or_wider
tslax,2026-07-29T22:05:00Z,15,afterhours,0,4.220600429407639,14.629849697698205,18.850450127105844,75.32162309720647,17.28733948303494,18.850450127105844,6.333882198292784,1,39.4577219051051,-26.941153976292043,20.559148476202438,1,p1a_catchup
tslax,2026-07-29T22:05:00Z,30,afterhours,0,4.220600429407639,14.629849697698205,18.850450127105844,75.32162309720647,17.28733948303494,18.850450127105844,4.439423270694576,1,45.55696283750521,-31.145935981093942,39.39598004079947,1,p1a_catchup
tslax,2026-07-29T22:05:00Z,60,afterhours,0,4.220600429407639,14.629849697698205,18.850450127105844,75.32162309720647,17.28733948303494,18.850450127105844,4.757678989593117,1,51.95791230800495,-37.86514117049222,40.982035658201355,1,p1a_catchup
tslax,2026-07-29T22:10:00Z,5,afterhours,0,5.2803670143042325,13.673544296599616,18.953911310903848,63.04746475570333,15.148412777377178,18.953911310903848,15.950772281101422,1,14.718605362302739,-11.715466332500313,20.690297228602716,1,p1a_catchup
tslax,2026-07-29T22:10:00Z,15,afterhours,0,5.2803670143042325,13.673544296599616,18.953911310903848,63.04746475570333,15.148412777377178,18.953911310903848,2.3458460059977426,1,23.6127834569011,-7.004718151994993,10.601175807698482,1,p1a_catchup
tslax,2026-07-29T22:10:00Z,30,afterhours,0,5.2803670143042325,13.673544296599616,18.953911310903848,63.04746475570333,15.148412777377178,18.953911310903848,3.107298874800435,1,31.762244149105,-15.915631713001588,22.034744662704497,1,p1a_catchup
tslax,2026-07-29T22:10:00Z,60,afterhours,0,5.2803670143042325,13.673544296599616,18.953911310903848,63.04746475570333,15.148412777377178,18.953911310903848,3.597802079804424,1,32.08008237310267,-9.528368982394397,13.965347412199236,1,p1a_catchup
tslax,2026-07-29T22:15:00Z,5,afterhours,0,3.694463881798171,19.645236162899593,15.950772281101422,38.07196427070281,11.189017333218747,15.950772281101422,6.333882198292784,1,7.4297927327027224,2.1870973501059154,-16.48416716140133,0,p1a_catchup
tslax,2026-07-29T22:15:00Z,15,afterhours,0,3.694463881798171,19.645236162899593,15.950772281101422,38.07196427070281,11.189017333218747,15.950772281101422,0.9666454826007254,1,9.767562714797506,5.21656408370319,-9.076386701503125,1,p1a_catchup
tslax,2026-07-29T22:15:00Z,30,afterhours,0,3.694463881798171,19.645236162899593,15.950772281101422,38.07196427070281,11.189017333218747,15.950772281101422,6.870420848494874,1,11.800718201495641,11.020474928100654,-14.127621845902993,0,p1a_catchup
tslax,2026-07-29T22:15:00Z,60,afterhours,0,3.694463881798171,19.645236162899593,15.950772281101422,38.07196427070281,11.189017333218747,15.950772281101422,1.245810629706412,1,17.896723822294902,-3.1917621708998922,0.0,1,p1a_catchup
tslax,2026-07-30T08:05:00Z,5,premarket,1,13.046678203600948,4.276127659803564,17.32280586340451,25.36184167650113,17.47889706937127,17.32280586340451,8.42605572939803,1,9.236696864904914,-0.33994673089843275,15.381823962199448,1,p1a_catchup
tslax,2026-07-30T08:05:00Z,15,premarket,1,13.046678203600948,4.276127659803564,17.32280586340451,25.36184167650113,17.47889706937127,17.32280586340451,6.09374282849906,1,24.461826168105105,-13.232763133199654,32.03461715280298,1,p1a_catchup
tslax,2026-07-30T08:05:00Z,30,premarket,1,13.046678203600948,4.276127659803564,17.32280586340451,25.36184167650113,17.47889706937127,17.32280586340451,0.3330089707986872,1,41.469904574507055,-24.48010768190123,34.69649245969819,1,p1a_catchup
tslax,2026-07-30T08:05:00Z,60,premarket,1,13.046678203600948,4.276127659803564,17.32280586340451,25.36184167650113,17.47889706937127,17.32280586340451,0.37585404760065444,1,23.783917436599467,-6.83696562079561,20.047402078597898,1,p1a_catchup
tslax,2026-07-30T11:25:00Z,5,premarket,1,8.693406715494234,3.3615904889039427,12.054997204398177,36.884137502095626,15.871772783664907,12.054997204398177,4.786964123901782,1,-4.5335808169966185,21.375542145296578,-14.168275323500623,0,xstock_reversion
tslax,2026-07-30T11:25:00Z,15,premarket,1,8.693406715494234,3.3615904889039427,12.054997204398177,36.884137502095626,15.871772783664907,12.054997204398177,2.0461318568987252,1,-1.810544382800927,11.819409730300379,-3.6225321895066998,0,xstock_reversion
tslax,2026-07-30T11:25:00Z,30,premarket,1,8.693406715494234,3.3615904889039427,12.054997204398177,36.884137502095626,15.871772783664907,12.054997204398177,3.334864065802634,1,-1.7677639027979808,17.15762517299879,-13.508840458902327,0,xstock_reversion
tslax,2026-07-30T11:25:00Z,60,premarket,1,8.693406715494234,3.3615904889039427,12.054997204398177,36.884137502095626,15.871772783664907,12.054997204398177,10.147904955397635,1,-3.8588676591011506,26.061769818896963,-6.9168824088006176,0,xstock_reversion
tslax,2026-07-30T12:30:00Z,5,premarket,0,0.32480002020385257,16.469923151802845,16.145123131598993,20.549352292595913,21.26744387419229,16.145123131598993,12.732214303801115,1,15.19693870490002,-11.784029877102142,16.7347580523014,1,p1a_catchup
tslax,2026-07-30T12:30:00Z,15,premarket,0,0.32480002020385257,16.469923151802845,16.145123131598993,20.549352292595913,21.26744387419229,16.145123131598993,5.576606762200953,1,13.506266741600825,8.21546315219912,-8.87092857929872,0,p1a_catchup
tslax,2026-07-30T12:30:00Z,30,premarket,0,0.32480002020385257,16.469923151802845,16.145123131598993,20.549352292595913,21.26744387419229,16.145123131598993,7.23156660270341,1,16.566040641201596,-7.652484112306013,5.853787145504441,1,p1a_catchup
tslax,2026-07-30T12:30:00Z,60,premarket,0,0.32480002020385257,16.469923151802845,16.145123131598993,20.549352292595913,21.26744387419229,16.145123131598993,3.377706678797665,1,-5.886210645398293,18.65362709819962,-15.940448557500986,0,xstock_reversion
tslax,2026-07-30T12:35:00Z,5,premarket,0,5.275528195403112,18.007742499204227,12.732214303801115,36.94241083540106,21.469744070952064,12.732214303801115,1.7933628429034343,1,4.0782356721003055,6.860615788797375,-13.960101972800842,0,xstock_reversion
tslax,2026-07-30T12:35:00Z,15,premarket,0,5.275528195403112,18.007742499204227,12.732214303801115,36.94241083540106,21.469744070952064,12.732214303801115,2.6052763433970227,1,-5.113665269700363,20.4511559168985,-30.208527323098977,0,xstock_reversion
tslax,2026-07-30T12:35:00Z,30,premarket,0,5.275528195403112,18.007742499204227,12.732214303801115,36.94241083540106,21.469744070952064,12.732214303801115,2.026198984301786,1,4.174963362899575,6.531051956599754,-11.415975730999506,1,xstock_reversion
tslax,2026-07-30T12:35:00Z,60,premarket,0,5.275528195403112,18.007742499204227,12.732214303801115,36.94241083540106,21.469744070952064,12.732214303801115,13.075142217697788,0,15.647033949006683,-15.989961862903357,4.4251051684973675,1,persistent_or_wider
tslax,2026-07-30T13:25:00Z,5,premarket,0,6.384527036003007,31.84563226390047,-25.461105227897463,-56.50144894490339,21.828907019381155,25.461105227897463,3.377706678797665,1,-4.756590525900606,33.59540243259573,-43.01790802950123,0,xstock_reversion
tslax,2026-07-30T13:25:00Z,15,premarket,0,6.384527036003007,31.84563226390047,-25.461105227897463,-56.50144894490339,21.828907019381155,25.461105227897463,12.492677097402094,1,-76.80561895400118,114.75940127930073,-112.1826378108004,0,xstock_reversion
tslax,2026-07-30T13:25:00Z,30,premarket,0,6.384527036003007,31.84563226390047,-25.461105227897463,-56.50144894490339,21.828907019381155,25.461105227897463,6.6587021021025095,1,-106.35433951819984,138.4741468481998,-142.67916739500563,0,xstock_reversion
tslax,2026-07-30T13:25:00Z,60,premarket,0,6.384527036003007,31.84563226390047,-25.461105227897463,-56.50144894490339,21.828907019381155,25.461105227897463,18.19015575439842,1,-158.46153110650187,202.11279208879773,-209.542995329004,0,xstock_reversion
tslax,2026-07-30T13:35:00Z,5,regular,0,6.2893284990028775,6.785813718694911,13.075142217697788,30.697699598398742,33.720439345392855,13.075142217697788,12.492677097402094,1,35.31884512879557,-34.73638000849988,32.06441800299942,1,p1a_catchup
tslax,2026-07-30T13:35:00Z,15,regular,0,6.2893284990028775,6.785813718694911,13.075142217697788,30.697699598398742,33.720439345392855,13.075142217697788,1.3238124169046017,1,46.34368244599507,-34.592352645201885,41.37000937550539,1,p1a_catchup
tslax,2026-07-30T13:35:00Z,30,regular,0,6.2893284990028775,6.785813718694911,13.075142217697788,30.697699598398742,33.720439345392855,13.075142217697788,16.099627199999134,0,52.95210506849557,-23.777335650798648,23.404074479502768,1,persistent_or_wider
tslax,2026-07-30T13:35:00Z,60,regular,0,6.2893284990028775,6.785813718694911,13.075142217697788,30.697699598398742,33.720439345392855,13.075142217697788,1.398672922494626,1,105.0627367766932,-90.58892163650079,93.14332876850351,1,p1a_catchup
tslax,2026-07-30T13:40:00Z,5,regular,1,8.961290504503339,3.5313865928987553,12.492677097402094,114.75940127930073,35.80453314655005,12.492677097402094,2.181596324701829,1,6.564706617702143,3.746374154998122,8.000065733400064,1,p1a_catchup
tslax,2026-07-30T13:40:00Z,15,regular,1,8.961290504503339,3.5313865928987553,12.492677097402094,114.75940127930073,35.80453314655005,12.492677097402094,6.6587021021025095,1,29.54872056419866,-23.714745568899076,30.496529584205234,1,p1a_catchup
tslax,2026-07-30T13:40:00Z,30,regular,1,8.961290504503339,3.5313865928987553,12.492677097402094,114.75940127930073,35.80453314655005,12.492677097402094,7.703993171199741,1,-7.2861556448966525,27.482825913498488,-14.056424137800505,0,xstock_reversion
tslax,2026-07-30T13:40:00Z,60,regular,1,8.961290504503339,3.5313865928987553,12.492677097402094,114.75940127930073,35.80453314655005,12.492677097402094,16.428729064603687,0,23.928891081403947,4.992515080601834,10.284623762899514,1,persistent_or_wider
tslax,2026-07-30T14:00:00Z,5,regular,1,16.45956712059693,4.701339443604624,11.758227676992306,65.4868205280934,20.003667992052776,11.758227676992306,16.099627199999134,0,-44.84163585380507,72.69949073079651,-62.90251328049834,0,persistent_or_wider
tslax,2026-07-30T14:00:00Z,15,regular,1,16.45956712059693,4.701339443604624,11.758227676992306,65.4868205280934,20.003667992052776,11.758227676992306,4.501438708492955,1,-57.99182723150054,65.24861619999989,-54.73217767890226,0,xstock_reversion
tslax,2026-07-30T14:00:00Z,30,regular,1,16.45956712059693,4.701339443604624,11.758227676992306,65.4868205280934,20.003667992052776,11.758227676992306,3.9151534177950253,1,11.715580465292419,3.957800629494912,12.744077150301791,1,p1a_catchup
tslax,2026-07-30T14:00:00Z,60,regular,1,16.45956712059693,4.701339443604624,11.758227676992306,65.4868205280934,20.003667992052776,11.758227676992306,3.779521372102579,1,-101.15755236830282,116.6953014173977,-93.35490178379757,0,xstock_reversion
tslax,2026-07-30T14:05:00Z,5,regular,0,6.6625896702987575,22.76221687029789,-16.099627199999134,-10.815016994403237,41.084820285277104,16.099627199999134,7.703993171199741,1,24.91941558459665,-16.523781555797257,5.396080614303855,1,p1a_catchup
tslax,2026-07-30T14:05:00Z,15,regular,0,6.6625896702987575,22.76221687029789,-16.099627199999134,-10.815016994403237,41.084820285277104,16.099627199999134,9.511784336702078,1,-12.630527759700527,38.24193929640174,-45.01720210499549,0,xstock_reversion
tslax,2026-07-30T14:05:00Z,30,regular,0,6.6625896702987575,22.76221687029789,-16.099627199999134,-10.815016994403237,41.084820285277104,16.099627199999134,1.398672922494626,1,-52.11063170819763,66.81158598570214,-69.73925428900074,0,xstock_reversion
tslax,2026-07-30T14:05:00Z,60,regular,0,6.6625896702987575,22.76221687029789,-16.099627199999134,-10.815016994403237,41.084820285277104,16.099627199999134,12.461193996795572,1,21.698980022595293,6.861841174199412,-15.305746235396711,0,p1a_catchup
tslax,2026-07-30T14:25:00Z,5,regular,0,1.0456762042032608,19.23583195860168,18.19015575439842,114.83621672299549,47.876014832262015,18.19015575439842,3.9151534177950253,1,-7.465435893703187,29.57074506589663,-30.374110610900118,0,xstock_reversion
tslax,2026-07-30T14:25:00Z,15,regular,0,1.0456762042032608,19.23583195860168,18.19015575439842,114.83621672299549,47.876014832262015,18.19015575439842,16.428729064603687,1,-57.72702107109673,92.34590589009883,-87.07573375530409,0,xstock_reversion
tslax,2026-07-30T14:25:00Z,30,regular,0,1.0456762042032608,19.23583195860168,18.19015575439842,114.83621672299549,47.876014832262015,18.19015575439842,10.95842701869465,1,-107.62902061290269,136.77760338599575,-140.90131545680507,0,xstock_reversion
tslax,2026-07-30T14:25:00Z,60,regular,0,1.0456762042032608,19.23583195860168,18.19015575439842,114.83621672299549,47.876014832262015,18.19015575439842,5.107649515299073,1,-124.45363861109726,147.75144388079474,-150.5846387420018,0,xstock_reversion
tslax,2026-07-30T14:40:00Z,5,regular,0,6.315848338998009,10.112880725605677,-16.428729064603687,-92.34590589009883,43.880089158210524,16.428729064603687,0.18204308429581317,1,2.2047659315038715,14.041920048804002,-2.7734046983063365,0,xstock_reversion
tslax,2026-07-30T14:40:00Z,15,regular,0,6.315848338998009,10.112880725605677,-16.428729064603687,-92.34590589009883,43.880089158210524,16.428729064603687,10.95842701869465,1,49.901999541805964,-44.43169749589693,53.82558170150098,1,p1a_catchup
tslax,2026-07-30T14:40:00Z,30,regular,0,6.315848338998009,10.112880725605677,-16.428729064603687,-92.34590589009883,43.880089158210524,16.428729064603687,9.337789231107507,1,51.1389535046991,-44.04801367120292,55.9583900439975,1,p1a_catchup
tslax,2026-07-30T14:40:00Z,60,regular,0,6.315848338998009,10.112880725605677,-16.428729064603687,-92.34590589009883,43.880089158210524,16.428729064603687,5.441344782299851,1,26.815431583999683,-4.9453577370961455,25.976798877600515,1,p1a_catchup
tslax,2026-07-30T15:05:00Z,5,regular,0,1.7813153908985413,14.242509387694113,12.461193996795572,5.563921296598551,39.61963395456393,12.461193996795572,9.337789231107507,1,-23.14434234039986,44.94332556830294,-52.319168992998044,0,xstock_reversion
tslax,2026-07-30T15:05:00Z,15,regular,0,1.7813153908985413,14.242509387694113,12.461193996795572,5.563921296598551,39.61963395456393,12.461193996795572,0.7151751843004206,1,-24.25090000450325,37.42726918559924,-41.49576971729907,0,xstock_reversion
tslax,2026-07-30T15:05:00Z,30,regular,0,1.7813153908985413,14.242509387694113,12.461193996795572,5.563921296598551,39.61963395456393,12.461193996795572,2.4225965234947466,1,-14.615343117201363,24.653940590502188,-23.482762734294838,0,xstock_reversion
tslax,2026-07-30T15:05:00Z,60,regular,0,1.7813153908985413,14.242509387694113,12.461193996795572,5.563921296598551,39.61963395456393,12.461193996795572,0.0006090781035084092,1,17.85683943909433,-5.396254520402266,-9.422431798702391,0,p1a_catchup
tslax,2026-07-30T16:00:00Z,5,regular,1,7.025021020599098,4.3535042186970685,11.378525239296167,17.21560980219472,25.03017107867362,11.378525239296167,0.0006090781035084092,1,0.7363855082953563,10.641530652897302,-16.65388056050432,0,xstock_reversion
tslax,2026-07-30T16:00:00Z,15,regular,1,7.025021020599098,4.3535042186970685,11.378525239296167,17.21560980219472,25.03017107867362,11.378525239296167,2.8984866539971677,1,20.127064350399237,-11.647025765100238,13.362455190000233,1,p1a_catchup
tslax,2026-07-30T16:00:00Z,30,regular,1,7.025021020599098,4.3535042186970685,11.378525239296167,17.21560980219472,25.03017107867362,11.378525239296167,2.3665120654037253,1,7.206792729697042,6.5382445750028495,1.4645799202028797,1,p1a_catchup
tslax,2026-07-30T16:00:00Z,60,regular,1,7.025021020599098,4.3535042186970685,11.378525239296167,17.21560980219472,25.03017107867362,11.378525239296167,1.6092941730061483,1,-10.902551859999221,23.890371272301536,-17.30741126030111,0,xstock_reversion
tslax,2026-07-30T16:40:00Z,5,regular,0,3.42694340130123,10.496868833493878,-13.923812234795108,-66.85775672139904,20.946817373274158,13.923812234795108,0.4965707908954897,1,3.1301103414005382,10.29713110249908,-3.771264648095851,0,xstock_reversion
tslax,2026-07-30T16:40:00Z,15,regular,0,3.42694340130123,10.496868833493878,-13.923812234795108,-66.85775672139904,20.946817373274158,13.923812234795108,5.530768573303035,1,-33.59167901909821,53.04625982719635,-42.23879756799498,0,xstock_reversion
tslax,2026-07-30T16:40:00Z,30,regular,0,3.42694340130123,10.496868833493878,-13.923812234795108,-66.85775672139904,20.946817373274158,13.923812234795108,3.4082466438967174,1,-30.11410939640413,47.44616827509596,-28.16811007279263,0,xstock_reversion
tslax,2026-07-30T16:40:00Z,60,regular,0,3.42694340130123,10.496868833493878,-13.923812234795108,-66.85775672139904,20.946817373274158,13.923812234795108,1.7367452250027782,1,-68.07583548989804,83.73639294969593,-86.86903521939904,0,xstock_reversion
tslax,2026-07-30T20:00:00Z,5,afterhours,0,4.872856959501348,14.201434749203656,-19.074291708705005,-58.59490311340032,16.192036992190086,19.074291708705005,7.191874277001631,1,8.014126847601943,3.8682905841014303,1.624563402193857,1,p1a_catchup
tslax,2026-07-30T20:00:00Z,15,afterhours,0,4.872856959501348,14.201434749203656,-19.074291708705005,-58.59490311340032,16.192036992190086,19.074291708705005,7.705833682196683,1,21.612121486302982,-10.24366345979466,13.683822017895864,1,p1a_catchup
tslax,2026-07-30T20:00:00Z,30,afterhours,0,4.872856959501348,14.201434749203656,-19.074291708705005,-58.59490311340032,16.192036992190086,19.074291708705005,8.365450861997914,1,16.882179424397847,10.557563146305071,-4.872107282700711,0,p1a_catchup
tslax,2026-07-30T20:00:00Z,60,afterhours,0,4.872856959501348,14.201434749203656,-19.074291708705005,-58.59490311340032,16.192036992190086,19.074291708705005,11.694245950595317,1,4.784991456299181,25.98354620300114,-18.825673384306185,0,xstock_reversion
tslax,2026-07-30T21:00:00Z,5,afterhours,0,2.2850158591936065,9.40923009140171,11.694245950595317,27.3977041435991,9.783345201833955,11.694245950595317,8.567222082298542,1,8.135702609495254,-5.00867874119848,7.13151185849803,1,p1a_catchup
tslax,2026-07-30T21:00:00Z,15,afterhours,0,2.2850158591936065,9.40923009140171,11.694245950595317,27.3977041435991,9.783345201833955,11.694245950595317,6.334930790998783,1,24.61845947910213,-19.259144319505594,19.75801536189259,1,p1a_catchup
tslax,2026-07-30T21:00:00Z,30,afterhours,0,2.2850158591936065,9.40923009140171,11.694245950595317,27.3977041435991,9.783345201833955,11.694245950595317,0.10117521969554844,1,22.62086500249616,-10.825443832205295,12.962604705695213,1,p1a_catchup
tslax,2026-07-30T21:00:00Z,60,afterhours,0,2.2850158591936065,9.40923009140171,11.694245950595317,27.3977041435991,9.783345201833955,11.694245950595317,7.361681295998679,1,34.10163978779579,-29.769075133199152,32.69828252880025,1,p1a_catchup
tslax,2026-07-31T08:05:00Z,5,premarket,0,0.41974513780296263,11.76527971670005,-11.345534578897087,-17.726102016402123,13.178281854341277,11.345534578897087,7.584613751099312,1,-6.3867459608069055,25.316894290803305,-23.04483998980089,0,xstock_reversion
tslax,2026-07-31T08:05:00Z,15,premarket,0,0.41974513780296263,11.76527971670005,-11.345534578897087,-17.726102016402123,13.178281854341277,11.345534578897087,3.686165348399939,1,-25.475686496507777,40.5073864238048,-31.894118403004157,0,xstock_reversion
tslax,2026-07-31T08:05:00Z,30,premarket,0,0.41974513780296263,11.76527971670005,-11.345534578897087,-17.726102016402123,13.178281854341277,11.345534578897087,3.035355219900282,1,-25.992734654307625,34.30291401330443,-22.412448918904815,0,xstock_reversion
tslax,2026-07-31T08:05:00Z,60,premarket,0,0.41974513780296263,11.76527971670005,-11.345534578897087,-17.726102016402123,13.178281854341277,11.345534578897087,10.187597507593793,1,0.9679246049998369,0.19001246630345747,-1.8379382188005167,1,p1a_catchup
tslax,2026-07-31T08:15:00Z,5,premarket,1,8.089484299302896,5.453619105795227,13.543103405098122,18.431163259302608,18.556584995492333,13.543103405098122,3.686165348399939,1,4.4843448049025625,5.372593251795621,-6.316122111096334,0,xstock_reversion
tslax,2026-07-31T08:15:00Z,15,premarket,1,8.089484299302896,5.453619105795227,13.543103405098122,18.431163259302608,18.556584995492333,13.543103405098122,0.7185329383041505,1,8.384377731402992,5.877258611999281,0.947074330204245,0,p1a_catchup
tslax,2026-07-31T08:15:00Z,30,premarket,1,8.089484299302896,5.453619105795227,13.543103405098122,18.431163259302608,18.556584995492333,13.543103405098122,3.55021164979874,1,-11.21833866069899,28.311653715595853,-23.706056143399934,0,xstock_reversion
tslax,2026-07-31T08:15:00Z,60,premarket,1,8.089484299302896,5.453619105795227,13.543103405098122,18.431163259302608,18.556584995492333,13.543103405098122,0.28998495269938473,1,-25.94422421940301,39.77731257720052,-41.760318843300226,0,xstock_reversion
tslax,2026-07-31T09:25:00Z,5,premarket,0,3.2696515871943888,8.699819064901249,-11.969470652095637,-34.268239343999696,10.812476146465468,11.969470652095637,12.550699678000043,0,14.049554626298644,-14.63078365220305,14.881522950895842,1,persistent_or_wider
tslax,2026-07-31T09:25:00Z,15,premarket,0,3.2696515871943888,8.699819064901249,-11.969470652095637,-34.268239343999696,10.812476146465468,11.969470652095637,4.551503263199308,1,29.8512845064991,-22.43331711760277,23.954850380301096,1,p1a_catchup
tslax,2026-07-31T09:25:00Z,30,premarket,0,3.2696515871943888,8.699819064901249,-11.969470652095637,-34.268239343999696,10.812476146465468,11.969470652095637,1.183657245498182,1,31.891297073700642,-21.105483667103186,42.92398739369929,1,p1a_catchup
tslax,2026-07-31T09:25:00Z,60,premarket,0,3.2696515871943888,8.699819064901249,-11.969470652095637,-34.268239343999696,10.812476146465468,11.969470652095637,0.40106351820057284,1,17.229368528894895,-5.6609613949998305,10.109392104000747,1,p1a_catchup
tslax,2026-07-31T09:30:00Z,5,premarket,0,3.018912288501596,9.531787389498447,-12.550699678000043,-50.570801319498315,10.25241355938857,12.550699678000043,8.723075400602909,1,10.195295801800341,-6.367671524403207,7.9586156210975645,1,p1a_catchup
tslax,2026-07-31T09:30:00Z,15,premarket,0,3.018912288501596,9.531787389498447,-12.550699678000043,-50.570801319498315,10.25241355938857,12.550699678000043,3.9468505590978253,1,20.228270302800055,-11.624421183897837,8.595578581900298,1,p1a_catchup
tslax,2026-07-31T09:30:00Z,30,premarket,0,3.018912288501596,9.531787389498447,-12.550699678000043,-50.570801319498315,10.25241355938857,12.550699678000043,4.975248348300099,1,15.135584871002195,2.3903631552979476,8.277092029898014,1,p1a_catchup
tslax,2026-07-31T09:30:00Z,60,premarket,0,3.018912288501596,9.531787389498447,-12.550699678000043,-50.570801319498315,10.25241355938857,12.550699678000043,4.057161667896381,1,7.569267382301348,0.924270627802315,1.2729529343058488,1,p1a_catchup
tslax,2026-07-31T11:15:00Z,5,premarket,0,0.3181403720020626,12.301583002001237,-12.6197233740033,-31.608181852700312,14.573935926839308,12.6197233740033,2.786276166499846,1,4.399912518300297,5.433534689203157,-5.434000996800137,1,xstock_reversion
tslax,2026-07-31T11:15:00Z,15,premarket,0,0.3181403720020626,12.301583002001237,-12.6197233740033,-31.608181852700312,14.573935926839308,12.6197233740033,4.70028290290081,1,13.98549565809759,-6.066055186995101,16.3197425061945,1,p1a_catchup
tslax,2026-07-31T11:15:00Z,30,premarket,0,0.3181403720020626,12.301583002001237,-12.6197233740033,-31.608181852700312,14.573935926839308,12.6197233740033,1.9966484514011285,1,26.77499750570078,-12.158625680296353,16.640003839496487,1,p1a_catchup
tslax,2026-07-31T11:15:00Z,60,premarket,0,0.3181403720020626,12.301583002001237,-12.6197233740033,-31.608181852700312,14.573935926839308,12.6197233740033,9.068650609105333,1,39.199921346497746,-35.64884858159978,38.12091173229781,1,p1a_catchup
tslax,2026-07-31T12:55:00Z,5,premarket,0,3.385468129293301,15.08141924659867,-11.69595111730537,-24.14542612489967,9.605281457005663,11.69595111730537,14.509867436496293,0,16.86318426500577,-19.677100584196694,17.746233583704196,1,persistent_or_wider
tslax,2026-07-31T12:55:00Z,15,premarket,0,3.385468129293301,15.08141924659867,-11.69595111730537,-24.14542612489967,9.605281457005663,11.69595111730537,7.340182596502487,1,18.390016183902347,0.64611752990551,-4.834421172192904,1,p1a_catchup
tslax,2026-07-31T12:55:00Z,30,premarket,0,3.385468129293301,15.08141924659867,-11.69595111730537,-24.14542612489967,9.605281457005663,11.69595111730537,7.3643729890005005,1,24.96501462959877,-20.6334365012939,20.976207772003264,1,p1a_catchup
tslax,2026-07-31T12:55:00Z,60,premarket,0,3.385468129293301,15.08141924659867,-11.69595111730537,-24.14542612489967,9.605281457005663,11.69595111730537,2.1723177900057067,1,131.57803285520407,-117.70976394789301,124.89011570780306,1,p1a_catchup
tslax,2026-07-31T13:00:00Z,5,premarket,0,1.4546011288008032,15.964468565297096,-14.509867436496293,-38.27317744190317,10.376778643679232,14.509867436496293,5.71188254520294,1,7.876846934893322,0.921137956400031,1.937859317502344,1,p1a_catchup
tslax,2026-07-31T13:00:00Z,15,premarket,0,1.4546011288008032,15.964468565297096,-14.509867436496293,-38.27317744190317,10.376778643679232,14.509867436496293,6.894205141803056,1,7.648307364895857,-0.03264507020261931,-1.9600856236046127,1,p1a_catchup
tslax,2026-07-31T13:00:00Z,30,premarket,0,1.4546011288008032,15.964468565297096,-14.509867436496293,-38.27317744190317,10.376778643679232,14.509867436496293,44.79322322359813,0,-105.77041449350233,165.07350515359676,-171.30011441560455,0,persistent_or_wider
tslax,2026-07-31T13:00:00Z,60,premarket,0,1.4546011288008032,15.964468565297096,-14.509867436496293,-38.27317744190317,10.376778643679232,14.509867436496293,22.201655228100137,0,176.87460226379238,-184.5663900553962,177.07939109859794,1,persistent_or_wider
tslax,2026-07-31T13:30:00Z,5,regular,0,4.772008133206995,49.56523135680513,44.79322322359813,165.10615022379937,70.40747913570465,44.79322322359813,26.177975041701274,1,-63.15209713819492,134.12329540349432,-137.44822426630776,0,xstock_reversion
tslax,2026-07-31T13:30:00Z,15,regular,0,4.772008133206995,49.56523135680513,44.79322322359813,165.10615022379937,70.40747913570465,44.79322322359813,25.826304944098766,1,-190.45769927400258,261.0772274416995,-270.2867238792006,0,xstock_reversion
tslax,2026-07-31T13:30:00Z,30,regular,0,4.772008133206995,49.56523135680513,44.79322322359813,165.10615022379937,70.40747913570465,44.79322322359813,22.201655228100137,1,-282.6450167572947,349.639895208993,-348.3795055142025,0,xstock_reversion
tslax,2026-07-31T13:30:00Z,60,regular,0,4.772008133206995,49.56523135680513,44.79322322359813,165.10615022379937,70.40747913570465,44.79322322359813,5.22246864989917,1,-283.05182423769895,322.6225788113979,-325.23191705560174,0,xstock_reversion
tslax,2026-07-31T13:35:00Z,5,regular,0,1.4470792703935587,24.730895771307715,-26.177975041701274,9.42625148749876,97.124176486735,26.177975041701274,17.991228372000734,1,53.38685452360714,-45.2001078539066,47.9680978194974,1,p1a_catchup
tslax,2026-07-31T13:35:00Z,15,regular,0,1.4470792703935587,24.730895771307715,-26.177975041701274,9.42625148749876,97.124176486735,26.177975041701274,11.219913512894308,1,163.1104791562077,-148.15241762740072,139.36378532559246,1,p1a_catchup
tslax,2026-07-31T13:35:00Z,30,regular,0,1.4470792703935587,24.730895771307715,-26.177975041701274,9.42625148749876,97.124176486735,26.177975041701274,9.692840356096966,1,248.74111520780673,-232.25598052220244,231.0030197492985,1,p1a_catchup
tslax,2026-07-31T13:35:00Z,60,regular,0,1.4470792703935587,24.730895771307715,-26.177975041701274,9.42625148749876,97.124176486735,26.177975041701274,11.019656107897902,1,188.5038454548038,-151.30621430520463,155.36875354759337,1,p1a_catchup
tslax,2026-07-31T13:40:00Z,5,regular,0,1.3209106951972416,19.312139067197975,-17.991228372000734,-13.293562186706964,98.77571711507527,17.991228372000734,25.826304944098766,0,73.91874761220052,-81.75382418429855,84.87040179339544,1,persistent_or_wider
tslax,2026-07-31T13:40:00Z,15,regular,0,1.3209106951972416,19.312139067197975,-17.991228372000734,-13.293562186706964,98.77571711507527,17.991228372000734,2.1723177900057067,1,103.94631142189859,-83.78276525989214,93.02767445389826,1,p1a_catchup
tslax,2026-07-31T13:40:00Z,30,regular,0,1.3209106951972416,19.312139067197975,-17.991228372000734,-13.293562186706964,98.77571711507527,17.991228372000734,6.642846865601015,1,214.7090786922945,-203.36069718589476,202.98201107680214,1,p1a_catchup
tslax,2026-07-31T13:40:00Z,60,regular,0,1.3209106951972416,19.312139067197975,-17.991228372000734,-13.293562186706964,98.77571711507527,17.991228372000734,0.21169436039691902,1,134.27784783909937,-116.49831382749554,103.31532120489761,1,p1a_catchup
tslax,2026-07-31T13:45:00Z,5,regular,0,4.437488304294135,30.2637932483929,-25.826304944098766,-261.0772274416995,103.65006529460048,25.826304944098766,11.219913512894308,1,35.80487702040003,-21.19848558919557,6.525285712699613,1,p1a_catchup
tslax,2026-07-31T13:45:00Z,15,regular,0,4.437488304294135,30.2637932483929,-25.826304944098766,-261.0772274416995,103.65006529460048,25.826304944098766,22.201655228100137,1,92.18731748329212,-88.56266776729349,78.09278163500188,1,p1a_catchup
tslax,2026-07-31T13:45:00Z,30,regular,0,4.437488304294135,30.2637932483929,-25.826304944098766,-261.0772274416995,103.65006529460048,25.826304944098766,2.038218107704992,1,136.49390711679922,-108.62938406499545,102.94160340610148,1,p1a_catchup
tslax,2026-07-31T13:45:00Z,60,regular,0,4.437488304294135,30.2637932483929,-25.826304944098766,-261.0772274416995,103.65006529460048,25.826304944098766,38.67479358810044,0,-47.42043415850716,111.92153269070637,-106.89886678879823,0,persistent_or_wider
tslax,2026-07-31T14:00:00Z,5,regular,0,6.032397827997471,16.169257400102666,-22.201655228100137,-88.56266776729349,54.122181992815435,22.201655228100137,9.692840356096966,1,29.24819558870695,-16.739380716703778,20.071738501403757,1,p1a_catchup
tslax,2026-07-31T14:00:00Z,15,regular,0,6.032397827997471,16.169257400102666,-22.201655228100137,-88.56266776729349,54.122181992815435,22.201655228100137,2.038218107704992,1,44.30658963350709,-20.06671629770196,24.848821771099594,1,p1a_catchup
tslax,2026-07-31T14:00:00Z,30,regular,0,6.032397827997471,16.169257400102666,-22.201655228100137,-88.56266776729349,54.122181992815435,22.201655228100137,5.22246864989917,1,0.40680748040422543,27.01731639759508,-23.147588458600765,0,xstock_reversion
tslax,2026-07-31T14:00:00Z,60,regular,0,6.032397827997471,16.169257400102666,-22.201655228100137,-88.56266776729349,54.122181992815435,22.201655228100137,5.814685517497864,1,-111.47893723979507,127.86590695039735,-119.59168166489675,0,xstock_reversion
tslax,2026-07-31T14:45:00Z,5,regular,0,9.460154206202276,29.214639381898166,38.67479358810044,173.46688406040477,56.16678831129035,38.67479358810044,15.62990183829882,1,-37.83264819880117,92.13734362520043,-84.74469078939784,0,xstock_reversion
tslax,2026-07-31T14:45:00Z,15,regular,0,9.460154206202276,29.214639381898166,38.67479358810044,173.46688406040477,56.16678831129035,38.67479358810044,5.814685517497864,1,-28.12881440200421,72.61829350760252,-65.39996675890336,0,xstock_reversion
tslax,2026-07-31T14:45:00Z,30,regular,0,9.460154206202276,29.214639381898166,38.67479358810044,173.46688406040477,56.16678831129035,38.67479358810044,3.8309924770008053,1,-47.63055252220205,90.1363385873033,-77.26246073589849,0,xstock_reversion
tslax,2026-07-31T14:45:00Z,60,regular,0,9.460154206202276,29.214639381898166,38.67479358810044,173.46688406040477,56.16678831129035,38.67479358810044,2.55432215429785,1,-82.63353516630545,123.86265090870374,-113.58733921159825,0,xstock_reversion
tslax,2026-07-31T14:50:00Z,5,regular,0,2.0675013703996825,17.697403208698503,-15.62990183829882,44.13647133250542,77.4399760233748,15.62990183829882,9.87313469390294,1,-24.0259702558987,49.52900678810046,-51.12527061769789,0,xstock_reversion
tslax,2026-07-31T14:50:00Z,15,regular,0,2.0675013703996825,17.697403208698503,-15.62990183829882,44.13647133250542,77.4399760233748,15.62990183829882,0.22747576819526216,1,-7.72180795159727,23.12423402170083,-27.94841115979274,0,xstock_reversion
tslax,2026-07-31T14:50:00Z,30,regular,0,2.0675013703996825,17.697403208698503,-15.62990183829882,44.13647133250542,77.4399760233748,15.62990183829882,9.4531523172936,1,35.73193473270564,-29.55518521170042,26.117779407099917,1,p1a_catchup
tslax,2026-07-31T14:50:00Z,60,regular,0,2.0675013703996825,17.697403208698503,-15.62990183829882,44.13647133250542,77.4399760233748,15.62990183829882,10.14144980569398,1,17.347620733900726,8.423730910092075,-9.108061263294331,1,p1a_catchup
tslax,2026-07-31T15:35:00Z,5,regular,0,5.57979466400127,9.833389953204374,15.413184617205644,36.971949173798535,32.35787061641491,15.413184617205644,5.3981427617966204,1,-13.109664063000181,33.920991442002446,-29.32075728230288,0,xstock_reversion
tslax,2026-07-31T15:35:00Z,15,regular,0,5.57979466400127,9.833389953204374,15.413184617205644,36.971949173798535,32.35787061641491,15.413184617205644,10.14144980569398,1,6.278701759505623,-1.0069669479939591,5.203590594797802,1,p1a_catchup
tslax,2026-07-31T15:35:00Z,30,regular,0,5.57979466400127,9.833389953204374,15.413184617205644,36.971949173798535,32.35787061641491,15.413184617205644,1.1240113844923627,1,28.696628871607288,-14.407455638894007,16.25223825960198,1,p1a_catchup
tslax,2026-07-31T15:35:00Z,60,regular,0,5.57979466400127,9.833389953204374,15.413184617205644,36.971949173798535,32.35787061641491,15.413184617205644,0.0002802030962811841,1,72.58424518710171,-57.17078036679979,62.750009301097975,1,p1a_catchup
tslax,2026-07-31T19:55:00Z,5,regular,0,1.38471978320176,13.420756411797186,-12.036036628595426,-15.925977219097831,25.92546118835647,12.036036628595426,27.423581670600328,0,30.612157141796104,-45.999702183801006,46.99398784629771,1,persistent_or_wider
tslax,2026-07-31T19:55:00Z,15,regular,0,1.38471978320176,13.420756411797186,-12.036036628595426,-15.925977219097831,25.92546118835647,12.036036628595426,5.272110703504751,1,41.79313912799465,-35.029213202903975,32.25278552459798,1,p1a_catchup
tslax,2026-07-31T19:55:00Z,30,regular,0,1.38471978320176,13.420756411797186,-12.036036628595426,-15.925977219097831,25.92546118835647,12.036036628595426,8.976206584803137,1,38.63741799570164,-17.625174782303077,35.74249912939642,1,p1a_catchup
tslax,2026-07-31T19:55:00Z,60,regular,0,1.38471978320176,13.420756411797186,-12.036036628595426,-15.925977219097831,25.92546118835647,12.036036628595426,5.152376775798828,1,56.27097183420027,-49.38731198140367,51.23836999869624,1,p1a_catchup
tslax,2026-07-31T20:00:00Z,5,afterhours,0,2.3790054456984677,29.802587116298795,-27.423581670600328,-78.18084176640205,32.171447151183365,27.423581670600328,3.233202971504312,1,6.495224033100655,17.69515466599536,-20.924228468297557,0,xstock_reversion
tslax,2026-07-31T20:00:00Z,15,afterhours,0,2.3790054456984677,29.802587116298795,-27.423581670600328,-78.18084176640205,32.171447151183365,27.423581670600328,2.819935259497086,1,13.955353082302224,10.648293328801017,-12.541728058099721,1,p1a_catchup
tslax,2026-07-31T20:00:00Z,30,afterhours,0,2.3790054456984677,29.802587116298795,-27.423581670600328,-78.18084176640205,32.171447151183365,27.423581670600328,4.694089385797184,1,13.082006787703548,9.647485497099595,-12.86426188389811,1,p1a_catchup
tslax,2026-07-31T20:00:00Z,60,afterhours,0,2.3790054456984677,29.802587116298795,-27.423581670600328,-78.18084176640205,32.171447151183365,27.423581670600328,6.137584061400858,1,21.517410298503847,12.043755433497338,-7.3797715619949855,1,p1a_catchup
tslax,2026-08-03T08:10:00Z,5,premarket,0,9.534062333704796,20.774926556006434,11.240864222301639,37.87305266509833,8.041426254366185,11.240864222301639,0.6773343017041356,1,3.265974713499986,7.297555207097517,-18.74772160620708,0,xstock_reversion
tslax,2026-08-03T08:10:00Z,15,premarket,0,9.534062333704796,20.774926556006434,11.240864222301639,37.87305266509833,8.041426254366185,11.240864222301639,1.8217892398020297,1,-6.680990500598227,19.743643962701896,-29.88588368820544,0,xstock_reversion
tslax,2026-08-03T08:10:00Z,30,premarket,0,9.534062333704796,20.774926556006434,11.240864222301639,37.87305266509833,8.041426254366185,11.240864222301639,6.538228436099303,1,9.160806929706666,-4.45817114350433,-4.445432391504411,1,p1a_catchup
tslax,2026-08-03T08:10:00Z,60,premarket,0,9.534062333704796,20.774926556006434,11.240864222301639,37.87305266509833,8.041426254366185,11.240864222301639,5.108539534299794,1,5.62333619070543,10.726067565896003,-12.706482014506193,1,xstock_reversion
tslax,2026-08-03T11:00:00Z,5,premarket,0,2.883418276198313,19.14464069119326,-16.261222414994947,-37.34875154629336,11.76606634860606,16.261222414994947,6.385688118104582,1,8.966233629994491,0.9093006668958736,-3.518592599291992,1,p1a_catchup
tslax,2026-08-03T11:00:00Z,15,premarket,0,2.883418276198313,19.14464069119326,-16.261222414994947,-37.34875154629336,11.76606634860606,16.261222414994947,4.912017825793313,1,3.28131273419352,17.89192750659474,-18.8611727304977,0,xstock_reversion
tslax,2026-08-03T11:00:00Z,30,premarket,0,2.883418276198313,19.14464069119326,-16.261222414994947,-37.34875154629336,11.76606634860606,16.261222414994947,6.626742366995231,1,-9.361505004203963,32.24946978619414,-35.13033761169737,0,xstock_reversion
tslax,2026-08-03T11:00:00Z,60,premarket,0,2.883418276198313,19.14464069119326,-16.261222414994947,-37.34875154629336,11.76606634860606,16.261222414994947,11.667201016702933,1,45.45762173699508,-40.863600338703066,40.39243806900572,1,p1a_catchup
tslax,2026-08-03T11:50:00Z,5,premarket,0,1.7661814800984388,16.50058691660128,-14.73440543650284,-40.61756251930504,12.8143174004291,14.73440543650284,5.453421755907684,1,7.675867926097979,1.6051157544971772,-6.109849902502518,1,p1a_catchup
tslax,2026-08-03T11:50:00Z,15,premarket,0,1.7661814800984388,16.50058691660128,-14.73440543650284,-40.61756251930504,12.8143174004291,14.73440543650284,4.36757813550237,1,26.327086458799442,-15.960259157798973,18.01467753869801,1,p1a_catchup
tslax,2026-08-03T11:50:00Z,30,premarket,0,1.7661814800984388,16.50058691660128,-14.73440543650284,-40.61756251930504,12.8143174004291,14.73440543650284,2.1438047491972867,1,16.747277971802532,0.13093221389759435,-1.6031550125017446,1,p1a_catchup
tslax,2026-08-03T11:50:00Z,60,premarket,0,1.7661814800984388,16.50058691660128,-14.73440543650284,-40.61756251930504,12.8143174004291,14.73440543650284,7.956249749598854,1,-8.200291963298412,30.890947149400105,-36.165524921702996,0,xstock_reversion
tslax,2026-08-03T12:00:00Z,5,premarket,0,2.412256006500968,14.0794570232039,-11.667201016702933,-41.82466163769938,9.49623849897426,11.667201016702933,4.36757813550237,1,6.25426785100025,1.0453550302003123,0.3629888242961954,1,p1a_catchup
tslax,2026-08-03T12:00:00Z,15,premarket,0,2.412256006500968,14.0794570232039,-11.667201016702933,-41.82466163769938,9.49623849897426,11.667201016702933,0.8277014183999398,1,-0.3578037480966856,12.852706183199558,-20.521154492501026,0,xstock_reversion
tslax,2026-08-03T12:00:00Z,30,premarket,0,2.412256006500968,14.0794570232039,-11.667201016702933,-41.82466163769938,9.49623849897426,11.667201016702933,1.031324664593214,1,-11.823472912801947,24.521998594098093,-26.946412224502225,0,xstock_reversion
tslax,2026-08-03T12:00:00Z,60,premarket,0,2.412256006500968,14.0794570232039,-11.667201016702933,-41.82466163769938,9.49623849897426,11.667201016702933,5.160925714298159,1,-33.39963097549692,50.22775770649801,-54.45938626290392,0,xstock_reversion
tslax,2026-08-03T13:25:00Z,5,premarket,0,8.517499361904157,37.41470586050788,-28.897206498603722,-41.215493997803776,29.092186558274257,28.897206498603722,17.522778148997276,1,-40.46064105249769,86.88062570009869,-97.9427219390061,0,xstock_reversion
tslax,2026-08-03T13:25:00Z,15,premarket,0,8.517499361904157,37.41470586050788,-28.897206498603722,-41.215493997803776,29.092186558274257,28.897206498603722,3.4448185771918105,1,-163.37820015690062,195.72022523269618,-201.08460354700597,0,xstock_reversion
tslax,2026-08-03T13:25:00Z,30,premarket,0,8.517499361904157,37.41470586050788,-28.897206498603722,-41.215493997803776,29.092186558274257,28.897206498603722,14.473843469104963,1,-203.4939706954919,246.8650206632006,-254.04061903420148,0,xstock_reversion
tslax,2026-08-03T13:25:00Z,60,premarket,0,8.517499361904157,37.41470586050788,-28.897206498603722,-41.215493997803776,29.092186558274257,28.897206498603722,4.535558436202791,1,-206.46740716099288,239.9001720957994,-248.2596945747062,0,xstock_reversion
tslax,2026-08-03T13:30:00Z,5,regular,0,2.544596877003258,20.067375026000533,17.522778148997276,26.640037030398744,48.683916938795555,17.522778148997276,38.012839007803834,0,107.0197258313943,-127.50978669020085,125.34189544899377,1,persistent_or_wider
tslax,2026-08-03T13:30:00Z,15,regular,0,2.544596877003258,20.067375026000533,17.522778148997276,26.640037030398744,48.683916938795555,17.522778148997276,3.3244911060048565,1,113.87112279350298,-93.02385353850084,89.09737854799538,1,p1a_catchup
tslax,2026-08-03T13:30:00Z,30,regular,0,2.544596877003258,20.067375026000533,17.522778148997276,26.640037030398744,48.683916938795555,17.522778148997276,2.9044926712007424,1,157.30291576550036,-136.87564494530235,137.44453357209528,1,p1a_catchup
tslax,2026-08-03T13:30:00Z,60,regular,0,2.544596877003258,20.067375026000533,17.522778148997276,26.640037030398744,48.683916938795555,17.522778148997276,2.866334519397995,1,158.90332245899862,-138.51420979060336,135.08802527799622,1,p1a_catchup
tslax,2026-08-03T13:35:00Z,5,regular,0,0.37670563579617067,38.389544643600004,38.012839007803834,151.5424471960003,68.73580005153367,38.012839007803834,3.4448185771918105,1,15.897833273008644,18.67018715760338,-22.200013840993904,0,xstock_reversion
tslax,2026-08-03T13:35:00Z,15,regular,0,0.37670563579617067,38.389544643600004,38.012839007803834,151.5424471960003,68.73580005153367,38.012839007803834,3.0302962793982147,1,14.347946638908482,20.634596089497137,-11.802382303693904,1,xstock_reversion
tslax,2026-08-03T13:35:00Z,30,regular,0,0.37670563579617067,38.389544643600004,38.012839007803834,151.5424471960003,68.73580005153367,38.012839007803834,5.256285280799133,1,35.93738345980313,7.331740828799838,-11.172570144992733,1,p1a_catchup
tslax,2026-08-03T13:35:00Z,60,regular,0,0.37670563579617067,38.389544643600004,38.012839007803834,151.5424471960003,68.73580005153367,38.012839007803834,3.381553324102171,1,60.50293168540222,-25.871646001700555,24.504426197804463,1,p1a_catchup
tslax,2026-08-03T13:55:00Z,5,regular,0,1.3419009909032553,13.131942478201708,14.473843469104963,51.14479543050443,58.75558399944902,14.473843469104963,2.9044926712007424,1,-5.730413877493845,23.10875001779955,-18.653363523100097,0,xstock_reversion
tslax,2026-08-03T13:55:00Z,15,regular,0,1.3419009909032553,13.131942478201708,14.473843469104963,51.14479543050443,58.75558399944902,14.473843469104963,4.064402847703263,1,-32.66803393999318,51.206280256801406,-52.95601548719553,0,xstock_reversion
tslax,2026-08-03T13:55:00Z,30,regular,0,1.3419009909032553,13.131942478201708,14.473843469104963,51.14479543050443,58.75558399944902,14.473843469104963,4.535558436202791,1,2.973436465500967,6.964848567401205,-5.780924459495296,1,xstock_reversion
tslax,2026-08-03T13:55:00Z,60,regular,0,1.3419009909032553,13.131942478201708,14.473843469104963,51.14479543050443,58.75558399944902,14.473843469104963,15.97033810769588,0,99.2963139724079,-100.79280861099882,103.59163094710411,1,persistent_or_wider
tslax,2026-08-03T14:55:00Z,5,regular,0,1.4569213452020335,17.427259452897914,15.97033810769588,80.02905559170159,24.518613387645875,15.97033810769588,1.25959692399924,1,6.387339796694036,8.323401387002605,-9.395511648904176,1,xstock_reversion
tslax,2026-08-03T14:55:00Z,15,regular,0,1.4569213452020335,17.427259452897914,15.97033810769588,80.02905559170159,24.518613387645875,15.97033810769588,0.9991050757029996,1,11.596865182799121,5.372578000599759,-5.743067732000284,1,p1a_catchup
tslax,2026-08-03T14:55:00Z,30,regular,0,1.4569213452020335,17.427259452897914,15.97033810769588,80.02905559170159,24.518613387645875,15.97033810769588,2.1858908541982913,1,49.625923322098586,-31.469694360204414,28.665968356600402,1,p1a_catchup
tslax,2026-08-03T14:55:00Z,60,regular,0,1.4569213452020335,17.427259452897914,15.97033810769588,80.02905559170159,24.518613387645875,15.97033810769588,1.1089388679064172,1,49.05913268689943,-31.979855711297134,35.93560248829952,1,p1a_catchup
tslax,2026-08-04T10:45:00Z,5,premarket,0,1.8489130033039203,14.728911847301518,12.879998843997598,24.570737781699492,17.12379031327477,12.879998843997598,5.513664688594488,1,7.519316971000833,-0.1529828155977242,-0.9261117206005309,1,p1a_catchup
tslax,2026-08-04T10:45:00Z,15,premarket,0,1.8489130033039203,14.728911847301518,12.879998843997598,24.570737781699492,17.12379031327477,12.879998843997598,8.99521661479774,1,19.008411836596295,-15.123629607396438,23.121882361900603,1,p1a_catchup
tslax,2026-08-04T10:45:00Z,30,premarket,0,1.8489130033039203,14.728911847301518,12.879998843997598,24.570737781699492,17.12379031327477,12.879998843997598,3.5407595579961537,1,29.38766385559788,-20.048424569596435,20.53454349019823,1,p1a_catchup
tslax,2026-08-04T10:45:00Z,60,premarket,0,1.8489130033039203,14.728911847301518,12.879998843997598,24.570737781699492,17.12379031327477,12.879998843997598,12.086772111494781,1,38.2359188412007,-37.442692108697884,32.35999433769621,1,p1a_catchup
tslax,2026-08-04T11:45:00Z,5,premarket,0,3.233784767697756,8.852987343797025,12.086772111494781,29.78545880529815,14.886888198609453,12.086772111494781,6.883422896200031,1,8.2096095423978,-3.0062603271030497,14.813637771400323,1,p1a_catchup
tslax,2026-08-04T11:45:00Z,15,premarket,0,3.233784767697756,8.852987343797025,12.086772111494781,29.78545880529815,14.886888198609453,12.086772111494781,0.6533706782008153,1,21.7301510752943,-10.296749642000336,11.685477512797249,1,p1a_catchup
tslax,2026-08-04T11:45:00Z,30,premarket,0,3.233784767697756,8.852987343797025,12.086772111494781,29.78545880529815,14.886888198609453,12.086772111494781,3.780823592807181,1,20.349478731800374,-4.481883027498412,22.163113972197834,1,p1a_catchup
tslax,2026-08-04T11:45:00Z,60,premarket,0,3.233784767697756,8.852987343797025,12.086772111494781,29.78545880529815,14.886888198609453,12.086772111494781,7.448957222093711,1,-4.177935476405992,23.713664809994484,-21.561690164695335,0,xstock_reversion
tslax,2026-08-04T12:25:00Z,5,premarket,1,10.503347235699678,1.1790342554007793,-11.682381491100458,-31.57160780210333,8.602053881305793,11.682381491100458,3.9344953526931903,1,4.2131340255036065,3.5347521129036608,-4.077848491297331,0,p1a_catchup
tslax,2026-08-04T12:25:00Z,15,premarket,1,10.503347235699678,1.1790342554007793,-11.682381491100458,-31.57160780210333,8.602053881305793,11.682381491100458,0.4159086882982166,1,2.301137081301974,8.965335721500267,0.30782964709707983,0,xstock_reversion
tslax,2026-08-04T12:25:00Z,30,premarket,1,10.503347235699678,1.1790342554007793,-11.682381491100458,-31.57160780210333,8.602053881305793,11.682381491100458,1.8229605568986784,1,14.910397856500168,-5.050976922298389,14.169980499900703,1,p1a_catchup
tslax,2026-08-04T12:25:00Z,60,premarket,1,10.503347235699678,1.1790342554007793,-11.682381491100458,-31.57160780210333,8.602053881305793,11.682381491100458,3.2118755905052865,1,22.529776373403365,-7.635519291797621,16.01972000019991,1,p1a_catchup
tslax,2026-08-04T13:35:00Z,5,regular,0,4.562513937402812,10.769386617699439,-15.331900555102251,-58.351962085101405,27.12937094000781,15.331900555102251,9.244634253704476,1,27.105462593297602,-21.018196291899827,27.249601730003903,1,p1a_catchup
tslax,2026-08-04T13:35:00Z,15,regular,0,4.562513937402812,10.769386617699439,-15.331900555102251,-58.351962085101405,27.12937094000781,15.331900555102251,0.923095964902032,1,13.442962980301232,0.9658416098989875,-8.816846480099727,0,p1a_catchup
tslax,2026-08-04T13:35:00Z,30,regular,0,4.562513937402812,10.769386617699439,-15.331900555102251,-58.351962085101405,27.12937094000781,15.331900555102251,13.606325174304601,1,-24.168433384694765,53.10665911410162,-48.69756648870016,0,xstock_reversion
tslax,2026-08-04T13:35:00Z,60,regular,0,4.562513937402812,10.769386617699439,-15.331900555102251,-58.351962085101405,27.12937094000781,15.331900555102251,0.43576122550348373,1,-20.918153041797893,35.81429237139666,-32.02266143920163,0,xstock_reversion
tslax,2026-08-04T14:05:00Z,5,regular,0,0.1534213120013561,13.759746486305957,13.606325174304601,52.14081750420263,35.789473929659614,13.606325174304601,6.950569115602434,1,21.33876268030299,-14.683006621600825,22.805729805499553,1,p1a_catchup
tslax,2026-08-04T14:05:00Z,15,regular,0,0.1534213120013561,13.759746486305957,13.606325174304601,52.14081750420263,35.789473929659614,13.606325174304601,6.340069526800107,1,-6.072540726798081,26.01893542790279,-22.703238398005254,0,xstock_reversion
tslax,2026-08-04T14:05:00Z,30,regular,0,0.1534213120013561,13.759746486305957,13.606325174304601,52.14081750420263,35.789473929659614,13.606325174304601,0.43576122550348373,1,-3.250280342896872,17.292366742704957,-16.674905049498534,0,xstock_reversion
tslax,2026-08-04T14:05:00Z,60,regular,0,0.1534213120013561,13.759746486305957,13.606325174304601,52.14081750420263,35.789473929659614,13.606325174304601,1.4563477438045425,1,18.93097885010242,-6.781001419602362,21.266439415299487,1,p1a_catchup
tslax,2026-08-04T16:00:00Z,5,regular,0,1.4391023464987995,13.366482035905847,11.927379689407047,54.92463993160612,31.137509625748425,11.927379689407047,3.2619576677994644,1,11.180436264703886,-2.515014243096303,-4.45444568709874,1,p1a_catchup
tslax,2026-08-04T16:00:00Z,15,regular,0,1.4391023464987995,13.366482035905847,11.927379689407047,54.92463993160612,31.137509625748425,11.927379689407047,2.754135494598131,1,-3.0641134865927455,12.237357681401662,-15.06093816169951,0,xstock_reversion
tslax,2026-08-04T16:00:00Z,30,regular,0,1.4391023464987995,13.366482035905847,11.927379689407047,54.92463993160612,31.137509625748425,11.927379689407047,0.16868280249937584,1,-11.926874226100281,24.022936718006704,-27.68040150860074,0,xstock_reversion
tslax,2026-08-04T16:00:00Z,60,regular,0,1.4391023464987995,13.366482035905847,11.927379689407047,54.92463993160612,31.137509625748425,11.927379689407047,0.6721220594041455,1,-3.932569702591593,16.532071451402786,2.763830686900448,1,xstock_reversion
tslax,2026-08-04T17:20:00Z,5,regular,1,6.101328034100462,5.983696885394352,12.085024919494813,49.18788750879699,19.531823107937573,12.085024919494813,1.7434159316032094,1,-3.7601078633020535,17.588548714400076,-7.864205481098452,0,xstock_reversion
tslax,2026-08-04T17:20:00Z,15,regular,1,6.101328034100462,5.983696885394352,12.085024919494813,49.18788750879699,19.531823107937573,12.085024919494813,0.19983023380021336,1,-6.007688372502429,18.292543525797456,-9.393140580797876,0,xstock_reversion
tslax,2026-08-04T17:20:00Z,30,regular,1,6.101328034100462,5.983696885394352,12.085024919494813,49.18788750879699,19.531823107937573,12.085024919494813,5.082253999804109,1,-28.59495977309834,45.76223869239726,-46.31135743699666,0,xstock_reversion
tslax,2026-08-04T17:20:00Z,60,regular,1,6.101328034100462,5.983696885394352,12.085024919494813,49.18788750879699,19.531823107937573,12.085024919494813,0.27752769240052544,1,-24.56097604990326,36.9235286617986,-32.355263184298266,0,xstock_reversion
tslax,2026-08-04T20:15:00Z,5,afterhours,1,19.92935929719941,16.9437640958936,-36.87312339309301,-58.75861019809747,28.96363827215518,36.87312339309301,13.633070706200456,1,13.176292935197509,10.063759751695045,12.983052889801172,1,p1a_catchup
tslax,2026-08-04T20:15:00Z,15,afterhours,1,19.92935929719941,16.9437640958936,-36.87312339309301,-58.75861019809747,28.96363827215518,36.87312339309301,2.5486213165049065,1,12.31920688949728,27.102537820100636,-7.285979293696343,0,xstock_reversion
tslax,2026-08-04T20:15:00Z,30,afterhours,1,19.92935929719941,16.9437640958936,-36.87312339309301,-58.75861019809747,28.96363827215518,36.87312339309301,4.203612789206446,1,14.124366110292996,18.54514449359357,1.876062871106754,1,xstock_reversion
tslax,2026-08-04T20:15:00Z,60,afterhours,1,19.92935929719941,16.9437640958936,-36.87312339309301,-58.75861019809747,28.96363827215518,36.87312339309301,7.362310148000262,1,16.10466748209305,13.4061457629997,4.686209823399068,1,p1a_catchup
tslax,2026-08-04T20:20:00Z,5,afterhours,0,3.1174533442968055,16.750524050497262,-13.633070706200456,-53.90402334290556,30.467589405296984,13.633070706200456,0.7209526683027434,1,1.2720283886036299,13.08199498589957,-15.666040157498173,0,xstock_reversion
tslax,2026-08-04T20:20:00Z,15,afterhours,0,3.1174533442968055,16.750524050497262,-13.633070706200456,-53.90402334290556,30.467589405296984,13.633070706200456,0.9480953418972149,1,-1.9381027007003837,16.519268748798055,-23.33651687009386,0,xstock_reversion
tslax,2026-08-04T20:20:00Z,30,afterhours,0,3.1174533442968055,16.750524050497262,-13.633070706200456,-53.90402334290556,30.467589405296984,13.633070706200456,2.727373007198608,1,3.727644226296789,7.178053472705059,-7.989675306694366,1,xstock_reversion
tslax,2026-08-04T20:20:00Z,60,afterhours,0,3.1174533442968055,16.750524050497262,-13.633070706200456,-53.90402334290556,30.467589405296984,13.633070706200456,3.9461465035017795,1,6.808603973498251,2.878320229200426,-4.302926056096723,1,p1a_catchup
tslax,2026-08-04T21:00:00Z,5,afterhours,0,5.203788107799312,17.92659880280212,12.722810695002806,28.595107604303394,9.80860397359674,12.722810695002806,3.037676099104658,1,-0.51364359599404,16.274130390101504,-22.061216928204175,0,xstock_reversion
tslax,2026-08-04T21:00:00Z,15,afterhours,0,5.203788107799312,17.92659880280212,12.722810695002806,28.595107604303394,9.80860397359674,12.722810695002806,7.362310148000262,1,-13.648985491894194,33.73410633489726,-37.10089073189593,0,xstock_reversion
tslax,2026-08-04T21:00:00Z,30,afterhours,0,5.203788107799312,17.92659880280212,12.722810695002806,28.595107604303394,9.80860397359674,12.722810695002806,9.46794641239812,1,-23.90226439829668,46.09302150569761,-54.00914444890326,0,xstock_reversion
tslax,2026-08-04T21:00:00Z,60,afterhours,0,5.203788107799312,17.92659880280212,12.722810695002806,28.595107604303394,9.80860397359674,12.722810695002806,9.13262041589924,1,-59.40299607749999,62.99318635660356,-69.71329387879699,0,xstock_reversion
tslax,2026-08-04T21:35:00Z,5,afterhours,0,0.6138997670035451,17.10774468319798,-17.721644450201524,-36.1654351346008,11.551837818665922,17.721644450201524,7.136154815094997,1,7.810444569802399,2.775045065304127,0.9250265951976644,1,p1a_catchup
tslax,2026-08-04T21:35:00Z,15,afterhours,0,0.6138997670035451,17.10774468319798,-17.721644450201524,-36.1654351346008,11.551837818665922,17.721644450201524,13.290116480400016,1,23.306946399603845,-18.875418429802338,19.752483197601478,1,p1a_catchup
tslax,2026-08-04T21:35:00Z,30,afterhours,0,0.6138997670035451,17.10774468319798,-17.721644450201524,-36.1654351346008,11.551837818665922,17.721644450201524,12.552243775107996,1,8.25181618930415,22.02207203600537,-18.55952478219791,0,xstock_reversion
tslax,2026-08-04T21:35:00Z,60,afterhours,0,0.6138997670035451,17.10774468319798,-17.721644450201524,-36.1654351346008,11.551837818665922,17.721644450201524,0.9356920832992444,1,-7.411932079897099,24.197884446799378,-28.326014198301053,0,xstock_reversion
tslax,2026-08-04T21:50:00Z,5,afterhours,0,0.26316500079559546,13.553281481195611,-13.290116480400016,-18.875418429802338,13.51893903218147,13.290116480400016,1.7087389330061598,1,2.9247362303941316,8.656641316999725,-3.3977359051018396,1,xstock_reversion
tslax,2026-08-04T21:50:00Z,15,afterhours,0,0.26316500079559546,13.553281481195611,-13.290116480400016,-18.875418429802338,13.51893903218147,13.290116480400016,12.552243775107996,1,-15.055130210299694,40.89749046580771,-38.31200797979939,0,xstock_reversion
tslax,2026-08-04T21:50:00Z,30,afterhours,0,0.26316500079559546,13.553281481195611,-13.290116480400016,-18.875418429802338,13.51893903218147,13.290116480400016,0.6698137386962344,1,-23.04483806359947,35.66514080530325,-34.23340634490124,0,xstock_reversion
tslax,2026-08-04T21:50:00Z,60,afterhours,0,0.26316500079559546,13.553281481195611,-13.290116480400016,-18.875418429802338,13.51893903218147,13.290116480400016,2.519196745200958,1,-30.87030517920475,46.67961840480572,-45.151089705095515,0,xstock_reversion
tslax,2026-08-04T22:05:00Z,5,afterhours,0,2.8486474868039124,9.703596288304084,12.552243775107996,40.89749046580771,13.69971546941288,12.552243775107996,6.867510557695411,1,6.762591960907116,-1.0778587434945308,7.306540447595822,1,p1a_catchup
tslax,2026-08-04T22:05:00Z,15,afterhours,0,2.8486474868039124,9.703596288304084,12.552243775107996,40.89749046580771,13.69971546941288,12.552243775107996,0.6698137386962344,1,7.989707853299777,5.232349660504454,-4.078601634898149,0,p1a_catchup
tslax,2026-08-04T22:05:00Z,30,afterhours,0,2.8486474868039124,9.703596288304084,12.552243775107996,40.89749046580771,13.69971546941288,12.552243775107996,0.9356920832992444,1,15.66374826920125,-2.175812410794009,9.766489416103141,1,p1a_catchup
tslax,2026-08-04T22:05:00Z,60,afterhours,0,2.8486474868039124,9.703596288304084,12.552243775107996,40.89749046580771,13.69971546941288,12.552243775107996,11.23244123720113,1,34.0565621837019,-32.73675964579503,32.49237598589971,1,p1a_catchup
tslax,2026-08-04T23:05:00Z,5,afterhours,0,3.093031146699232,8.139410090501897,11.23244123720113,26.954631706797016,9.476451383680779,11.23244123720113,6.802952245701377,1,6.534768599602003,-2.1052796081022507,-3.681772201300504,0,p1a_catchup
tslax,2026-08-04T23:05:00Z,15,afterhours,0,3.093031146699232,8.139410090501897,11.23244123720113,26.954631706797016,9.476451383680779,11.23244123720113,1.6636587904006461,1,6.50440671949859,3.0643757273018934,5.520117902699795,1,p1a_catchup
tslax,2026-08-04T23:05:00Z,30,afterhours,0,3.093031146699232,8.139410090501897,11.23244123720113,26.954631706797016,9.476451383680779,11.23244123720113,0.6030738884010844,1,-3.0452466876962347,14.880761813298449,-10.435210571895226,0,xstock_reversion
tslax,2026-08-04T23:30:00Z,5,afterhours,1,18.72697613570118,2.0100178844995042,-16.716958251201675,-23.126166015794425,19.079619135358893,16.716958251201675,0.6030738884010844,1,0.27470121960249116,15.839183143198099,1.5352728977990893,0,xstock_reversion
tslax,2026-08-04T23:30:00Z,15,afterhours,1,18.72697613570118,2.0100178844995042,-16.716958251201675,-23.126166015794425,19.079619135358893,16.716958251201675,1.583934538498255,1,6.790981489404047,11.509911300295883,7.703304016999368,0,xstock_reversion
tslax,2026-08-04T23:50:00Z,5,afterhours,1,63.968853804299286,32.196114015698996,-31.77273978860029,-63.8447217589011,30.605019757392917,31.77273978860029,11.620940033294502,1,-13.20259725770434,56.59627707959913,7.066161064601673,0,xstock_reversion
tslax,2026-08-05T08:15:00Z,5,premarket,0,0.1759694428038472,20.029296033099442,-19.853326590295595,-61.41539072079816,18.15312136594591,19.853326590295595,26.521374065300307,0,29.891618630797367,-36.55966610580208,38.503101191196265,1,persistent_or_wider
tslax,2026-08-05T08:15:00Z,15,premarket,0,0.1759694428038472,20.029296033099442,-19.853326590295595,-61.41539072079816,18.15312136594591,19.853326590295595,10.190026752798786,1,58.05637970479616,-48.39307986729935,52.36397110069291,1,p1a_catchup
tslax,2026-08-05T08:15:00Z,30,premarket,0,0.1759694428038472,20.029296033099442,-19.853326590295595,-61.41539072079816,18.15312136594591,19.853326590295595,7.929165572599928,1,74.84948314589346,-47.066990982997936,47.43346038480034,1,p1a_catchup
tslax,2026-08-05T08:15:00Z,60,premarket,0,0.1759694428038472,20.029296033099442,-19.853326590295595,-61.41539072079816,18.15312136594591,19.853326590295595,4.107577286802666,1,69.97017039899411,-54.224421095501185,61.30672267190107,1,p1a_catchup
tslax,2026-08-05T08:20:00Z,5,premarket,0,2.1194045281980323,28.64077859349834,-26.521374065300307,-83.70217378920408,21.637280274276932,26.521374065300307,12.718253880095176,1,16.68577054910081,-2.882650363895678,-4.308355198201497,1,p1a_catchup
tslax,2026-08-05T08:20:00Z,15,premarket,0,2.1194045281980323,28.64077859349834,-26.521374065300307,-83.70217378920408,21.637280274276932,26.521374065300307,10.423195806499308,1,40.71115786169699,-24.61297960289599,20.952740764599298,1,p1a_catchup
tslax,2026-08-05T08:20:00Z,30,premarket,0,2.1194045281980323,28.64077859349834,-26.521374065300307,-83.70217378920408,21.637280274276932,26.521374065300307,4.623502152405479,1,39.265681078202164,-8.120804860496378,4.926108473997104,1,p1a_catchup
tslax,2026-08-05T08:20:00Z,60,premarket,0,2.1194045281980323,28.64077859349834,-26.521374065300307,-83.70217378920408,21.637280274276932,26.521374065300307,1.2571578765019353,1,42.782074537699444,-17.517858348901072,14.785611367802431,1,p1a_catchup
tslax,2026-08-05T08:25:00Z,5,premarket,0,5.071601033899142,7.646652846196034,-12.718253880095176,-73.30010133009601,20.329802666120802,12.718253880095176,10.190026752798786,1,11.47899052489798,-8.950763397601591,18.16922510769814,1,p1a_catchup
tslax,2026-08-05T08:25:00Z,15,premarket,0,5.071601033899142,7.646652846196034,-12.718253880095176,-73.30010133009601,20.329802666120802,12.718253880095176,10.199282883993632,1,35.666580329900555,-33.14760933379901,34.518927205802186,1,p1a_catchup
tslax,2026-08-05T08:25:00Z,30,premarket,0,5.071601033899142,7.646652846196034,-12.718253880095176,-73.30010133009601,20.329802666120802,12.718253880095176,0.7166544970971245,1,21.135135933896265,-7.700227556703965,16.011827537099066,1,p1a_catchup
tslax,2026-08-05T08:25:00Z,60,premarket,0,5.071601033899142,7.646652846196034,-12.718253880095176,-73.30010133009601,20.329802666120802,12.718253880095176,6.880620643494595,1,19.062661529094527,0.5362129944952443,7.386888609204334,1,p1a_catchup
tslax,2026-08-05T12:50:00Z,5,premarket,0,3.0059678999982964,10.132377422600314,-13.13834532259861,-35.69595277750359,17.38094981528916,13.13834532259861,2.0121682420981557,1,3.331703343301129,7.794473737199326,-3.0883261517988814,1,xstock_reversion
tslax,2026-08-05T12:50:00Z,15,premarket,0,3.0059678999982964,10.132377422600314,-13.13834532259861,-35.69595277750359,17.38094981528916,13.13834532259861,0.06226121350039193,1,1.2673508534977174,11.808733255600501,-5.249587101605613,0,xstock_reversion
tslax,2026-08-05T12:50:00Z,30,premarket,0,3.0059678999982964,10.132377422600314,-13.13834532259861,-35.69595277750359,17.38094981528916,13.13834532259861,9.251947559096863,1,26.70262077160146,-22.816223008099712,26.289352495201257,1,p1a_catchup
tslax,2026-08-05T12:50:00Z,60,premarket,0,3.0059678999982964,10.132377422600314,-13.13834532259861,-35.69595277750359,17.38094981528916,13.13834532259861,4.127787954502082,1,-30.678220846098725,47.94435412319942,-36.07385169000388,0,xstock_reversion
tslax,2026-08-05T13:35:00Z,5,regular,0,1.2976551599042097,10.464675634196396,11.762330794100606,58.8840162999027,22.545020422094815,11.762330794100606,3.8964471103941634,1,12.423803623002883,-4.55791993929644,1.6933106573002732,1,p1a_catchup
tslax,2026-08-05T13:35:00Z,15,regular,0,1.2976551599042097,10.464675634196396,11.762330794100606,58.8840162999027,22.545020422094815,11.762330794100606,4.127787954502082,1,19.511103670994956,-11.876560831396432,4.309681458103398,1,p1a_catchup
tslax,2026-08-05T13:35:00Z,30,regular,0,1.2976551599042097,10.464675634196396,11.762330794100606,58.8840162999027,22.545020422094815,11.762330794100606,2.91646516740407,1,36.76423494259673,-27.918369315900193,49.143166658502935,1,p1a_catchup
tslax,2026-08-05T13:35:00Z,60,regular,0,1.2976551599042097,10.464675634196396,11.762330794100606,58.8840162999027,22.545020422094815,11.762330794100606,0.37680598799383347,1,2.512706123400932,8.87281868270584,-16.640477168898826,0,xstock_reversion
tslax,2026-08-05T14:50:00Z,5,regular,1,12.451447549599592,1.908615001404712,-14.360062551004305,-60.297759237997184,24.00577588178198,14.360062551004305,0.17577968189463888,1,0.8030366040046033,13.381246265105062,-1.9317916622973996,0,xstock_reversion
tslax,2026-08-05T14:50:00Z,15,regular,1,12.451447549599592,1.908615001404712,-14.360062551004305,-60.297759237997184,24.00577588178198,14.360062551004305,3.2309096236993184,1,-18.518552554898093,36.109524729601716,-18.40496061370267,0,xstock_reversion
tslax,2026-08-05T14:50:00Z,30,regular,1,12.451447549599592,1.908615001404712,-14.360062551004305,-60.297759237997184,24.00577588178198,14.360062551004305,1.5890287144948445,1,8.588527280704028,4.182506555805432,15.957738627401241,1,p1a_catchup
tslax,2026-08-05T14:50:00Z,60,regular,1,12.451447549599592,1.908615001404712,-14.360062551004305,-60.297759237997184,24.00577588178198,14.360062551004305,1.0188696841950673,1,6.802895133501963,8.576037101697409,14.40422640760275,1,xstock_reversion
tslax,2026-08-05T23:45:00Z,5,afterhours,1,17.316865423797623,3.2020525391995847,-14.114812884598038,-26.480031536904036,10.385555020910822,14.114812884598038,1.50048895790178,1,0.8840838077972535,11.730240118899005,8.70132750139696,0,xstock_reversion
tslax,2026-08-06T08:25:00Z,5,premarket,0,5.592624337298346,6.938344435996058,12.530968773294404,30.920991725098546,16.81299113061128,12.530968773294404,3.374087171801321,1,4.34514692799759,4.8117346734954936,0.6208673519036978,1,xstock_reversion
tslax,2026-08-06T08:25:00Z,15,premarket,0,5.592624337298346,6.938344435996058,12.530968773294404,30.920991725098546,16.81299113061128,12.530968773294404,2.651470372994069,1,6.307190268399765,3.57230813190057,1.8624864248018014,1,p1a_catchup
tslax,2026-08-06T08:25:00Z,30,premarket,0,5.592624337298346,6.938344435996058,12.530968773294404,30.920991725098546,16.81299113061128,12.530968773294404,2.8682531589030447,1,7.3277109649971806,8.071510967200268,-0.6240105282007136,1,xstock_reversion
tslax,2026-08-06T08:25:00Z,60,premarket,0,5.592624337298346,6.938344435996058,12.530968773294404,30.920991725098546,16.81299113061128,12.530968773294404,1.4914639988017342,1,-16.457913867906626,27.497418642399296,-22.9992331373019,0,xstock_reversion
tslax,2026-08-06T12:55:00Z,5,premarket,1,26.13184276700764,6.8724227415017936,-19.259420025505847,-45.581101324305706,14.434937177800482,19.259420025505847,1.0249662848060836,1,0.21076106049733312,18.02369268020243,11.530611932402124,0,xstock_reversion
tslax,2026-08-06T12:55:00Z,15,premarket,1,26.13184276700764,6.8724227415017936,-19.259420025505847,-45.581101324305706,14.434937177800482,19.259420025505847,11.156783755899013,1,22.92642896859931,-14.823792698992477,47.14118278510426,1,p1a_catchup
tslax,2026-08-06T12:55:00Z,30,premarket,1,26.13184276700764,6.8724227415017936,-19.259420025505847,-45.581101324305706,14.434937177800482,19.259420025505847,32.813848995205674,0,86.00922084849749,-99.56364981819732,125.99677746310434,1,persistent_or_wider
tslax,2026-08-06T12:55:00Z,60,premarket,1,26.13184276700764,6.8724227415017936,-19.259420025505847,-45.581101324305706,14.434937177800482,19.259420025505847,10.289514168899672,1,23.057320669099823,6.491613525305695,25.2600199802,1,p1a_catchup
tslax,2026-08-06T13:20:00Z,5,premarket,0,3.193871958302452,14.456944507399427,-11.263072549096975,-42.08530188799742,17.17304185627444,11.263072549096975,32.813848995205674,0,35.70881460249531,-57.25959104860401,54.36700396820093,1,persistent_or_wider
tslax,2026-08-06T13:20:00Z,15,premarket,0,3.193871958302452,14.456944507399427,-11.263072549096975,-42.08530188799742,17.17304185627444,11.263072549096975,5.593198703603974,1,24.955820219503266,-8.099548966802317,-8.35968123859665,1,p1a_catchup
tslax,2026-08-06T13:20:00Z,30,premarket,0,3.193871958302452,14.456944507399427,-11.263072549096975,-42.08530188799742,17.17304185627444,11.263072549096975,8.29023021319486,1,1.7000009945977723,17.853301767694063,-17.445179529502752,0,xstock_reversion
tslax,2026-08-06T13:20:00Z,60,premarket,0,3.193871958302452,14.456944507399427,-11.263072549096975,-42.08530188799742,17.17304185627444,11.263072549096975,2.9627032797030495,1,-66.97384523030259,75.27421449969651,-71.16257474070409,0,xstock_reversion
tslax,2026-08-06T13:25:00Z,5,premarket,0,0.3012848778993771,33.11513387310505,-32.813848995205674,-84.73985711920484,23.994119299707386,32.813848995205674,0.4811742832000476,1,5.328200774004088,27.00447393800154,-32.748714597801154,0,xstock_reversion
tslax,2026-08-06T13:25:00Z,15,premarket,0,0.3012848778993771,33.11513387310505,-32.813848995205674,-84.73985711920484,23.994119299707386,32.813848995205674,0.580066429893833,1,-15.520265001498501,48.91418042659801,-43.745840743403264,0,xstock_reversion
tslax,2026-08-06T13:25:00Z,30,premarket,0,0.3012848778993771,33.11513387310505,-32.813848995205674,-84.73985711920484,23.994119299707386,32.813848995205674,10.289514168899672,1,-62.95190017939767,106.05526334350301,-100.73675748290434,0,xstock_reversion
tslax,2026-08-06T13:25:00Z,60,premarket,0,0.3012848778993771,33.11513387310505,-32.813848995205674,-84.73985711920484,23.994119299707386,32.813848995205674,7.3537296364012406,1,-80.83010739179386,106.2902267505983,-117.58385846319719,0,xstock_reversion
tslax,2026-08-06T14:45:00Z,5,regular,0,2.9274404969026335,9.537867704896286,-12.46530820179892,-87.07006699809838,35.216350357063,12.46530820179892,5.576647807599144,1,-13.647923622501779,31.689879631899842,-24.557546577499423,0,xstock_reversion
tslax,2026-08-06T14:45:00Z,15,regular,0,2.9274404969026335,9.537867704896286,-12.46530820179892,-87.07006699809838,35.216350357063,12.46530820179892,1.8849007900012538,1,-58.562479893904396,69.14288730570206,-67.92533132020218,0,xstock_reversion
tslax,2026-08-06T14:45:00Z,30,regular,0,2.9274404969026335,9.537867704896286,-12.46530820179892,-87.07006699809838,35.216350357063,12.46530820179892,6.30526786079777,1,-60.72416834800087,66.88420868900202,-62.75975262949984,0,xstock_reversion
tslax,2026-08-06T14:45:00Z,60,regular,0,2.9274404969026335,9.537867704896286,-12.46530820179892,-87.07006699809838,35.216350357063,12.46530820179892,2.0292402344068705,1,-51.87184083189855,66.36638926810434,-54.461235999498925,0,xstock_reversion
tslax,2026-08-06T14:55:00Z,5,regular,0,2.0411648432006047,15.235608848893634,17.27677369209424,43.01478572560136,45.62897883215752,17.27677369209424,1.8849007900012538,1,-2.585808417601143,21.747482899696635,-17.996433545093282,0,xstock_reversion
tslax,2026-08-06T14:55:00Z,15,regular,0,2.0411648432006047,15.235608848893634,17.27677369209424,43.01478572560136,45.62897883215752,17.27677369209424,5.903851812005811,1,15.511435322492773,-4.138513442404346,8.070774922099844,1,p1a_catchup
tslax,2026-08-06T14:55:00Z,30,regular,0,2.0411648432006047,15.235608848893634,17.27677369209424,43.01478572560136,45.62897883215752,17.27677369209424,2.1120185043965733,1,-2.9442382631028607,18.108993450800526,-9.631367932598778,0,xstock_reversion
tslax,2026-08-06T14:55:00Z,60,regular,0,2.0411648432006047,15.235608848893634,17.27677369209424,43.01478572560136,45.62897883215752,17.27677369209424,7.434209166001793,1,-52.235628010501856,76.94661086859789,-73.87008204049472,0,xstock_reversion
tslax,2026-08-06T20:00:00Z,5,afterhours,0,1.8680183473041012,19.109168780202523,17.241150432898422,57.58440427119815,23.574403906402164,17.241150432898422,1.0522967212978074,1,1.4442028722960742,16.849244281900155,-9.114063755202295,1,xstock_reversion
tslax,2026-08-06T20:00:00Z,15,afterhours,0,1.8680183473041012,19.109168780202523,17.241150432898422,57.58440427119815,23.574403906402164,17.241150432898422,1.3780802255958235,1,0.04487918399576074,18.574351474498485,-26.83220992020452,0,xstock_reversion
tslax,2026-08-06T20:00:00Z,30,afterhours,0,1.8680183473041012,19.109168780202523,17.241150432898422,57.58440427119815,23.574403906402164,17.241150432898422,1.9574275190947787,1,-6.897057340795598,22.18078025459924,-21.23739828170379,0,xstock_reversion
tslax,2026-08-06T20:00:00Z,60,afterhours,0,1.8680183473041012,19.109168780202523,17.241150432898422,57.58440427119815,23.574403906402164,17.241150432898422,1.6756711996990248,1,-18.508469322195964,34.07394855539536,-33.75108675970573,0,xstock_reversion
tslax,2026-08-06T23:20:00Z,5,afterhours,1,6.808240628703999,6.200158519602539,13.008399148306538,23.353506710703797,14.285888128873097,13.008399148306538,1.2534419093057636,1,-0.34541568009416324,14.607256737706464,-9.987828165796131,0,xstock_reversion
tslax,2026-08-06T23:20:00Z,15,afterhours,1,6.808240628703999,6.200158519602539,13.008399148306538,23.353506710703797,14.285888128873097,13.008399148306538,1.246866194595242,1,-1.6030839362990434,15.858349279200823,-8.479650985497855,0,xstock_reversion
tslax,2026-08-06T23:20:00Z,30,afterhours,1,6.808240628703999,6.200158519602539,13.008399148306538,23.353506710703797,14.285888128873097,13.008399148306538,1.9894245640994512,1,1.887097922601555,9.131876661605531,-1.5599407254995867,0,xstock_reversion
tslax,2026-08-07T12:30:00Z,5,premarket,0,10.366751890398263,24.273646660395443,13.90689476999718,19.27955863199493,20.21458069410636,13.90689476999718,8.405296996407685,1,11.687632059995678,-6.1860342864061835,-1.8571918722987135,1,p1a_catchup
tslax,2026-08-07T12:30:00Z,15,premarket,0,10.366751890398263,24.273646660395443,13.90689476999718,19.27955863199493,20.21458069410636,13.90689476999718,4.565586955198597,1,28.504985786703685,-19.163677971905102,16.730174073904536,1,p1a_catchup
tslax,2026-08-07T12:30:00Z,30,premarket,0,10.366751890398263,24.273646660395443,13.90689476999718,19.27955863199493,20.21458069410636,13.90689476999718,6.291162741298706,1,36.11768453449571,-15.919627023199823,7.750594272204481,1,p1a_catchup
tslax,2026-08-07T12:30:00Z,60,premarket,0,10.366751890398263,24.273646660395443,13.90689476999718,19.27955863199493,20.21458069410636,13.90689476999718,2.8569246997012243,1,7.200856967397584,9.56296250230082,-22.346384949694098,0,xstock_reversion
tslax,2026-08-07T13:35:00Z,5,regular,0,1.2352468656029458,16.4007402320987,17.635987097701644,55.7911916019016,30.623773821290555,17.635987097701644,21.373301871303596,0,61.23384122060038,-64.97115599420233,67.50496552839991,1,persistent_or_wider
tslax,2026-08-07T13:35:00Z,15,regular,0,1.2352468656029458,16.4007402320987,17.635987097701644,55.7911916019016,30.623773821290555,17.635987097701644,14.351326587300761,1,136.7836378793008,-133.49897736889994,132.27361428560513,1,p1a_catchup
tslax,2026-08-07T13:35:00Z,30,regular,0,1.2352468656029458,16.4007402320987,17.635987097701644,55.7911916019016,30.623773821290555,17.635987097701644,2.444202324198841,1,26.719644268604625,-6.63945484670414,9.25311973250409,1,p1a_catchup
tslax,2026-08-07T13:35:00Z,60,regular,0,1.2352468656029458,16.4007402320987,17.635987097701644,55.7911916019016,30.623773821290555,17.635987097701644,1.6541107643952557,1,133.53482741230494,-117.55295107899855,117.49322227630365,1,p1a_catchup
tslax,2026-08-07T13:40:00Z,5,regular,0,1.2985626685946272,22.671864539898223,21.373301871303596,123.91299368499809,35.62718785759078,21.373301871303596,11.215459429001484,1,34.511094902800465,-24.353252460498354,22.34979881730048,1,p1a_catchup
tslax,2026-08-07T13:40:00Z,15,regular,0,1.2985626685946272,22.671864539898223,21.373301871303596,123.91299368499809,35.62718785759078,21.373301871303596,10.537203667793094,1,48.72698375669948,-16.816478217602793,9.497113285199532,1,p1a_catchup
tslax,2026-08-07T13:40:00Z,30,regular,0,1.2985626685946272,22.671864539898223,21.373301871303596,123.91299368499809,35.62718785759078,21.373301871303596,8.430126442302566,1,-57.758698507797135,87.5621268214033,-95.16108951610036,0,xstock_reversion
tslax,2026-08-07T13:40:00Z,60,regular,0,1.2985626685946272,22.671864539898223,21.373301871303596,123.91299368499809,35.62718785759078,21.373301871303596,4.3044543264958435,1,84.1384848963056,-67.06963735149785,75.42135631300795,1,p1a_catchup
tslax,2026-08-07T13:50:00Z,5,regular,0,2.4606099488977407,11.89071663840302,14.351326587300761,133.49897736889994,33.06519045640129,14.351326587300761,10.537203667793094,1,-26.822812902000948,51.7113431570948,-55.271535472005695,0,xstock_reversion
tslax,2026-08-07T13:50:00Z,15,regular,0,2.4606099488977407,11.89071663840302,14.351326587300761,133.49897736889994,33.06519045640129,14.351326587300761,2.444202324198841,1,-110.06399361069619,126.85952252219579,-123.02049455310105,0,xstock_reversion
tslax,2026-08-07T13:50:00Z,30,regular,0,2.4606099488977407,11.89071663840302,14.351326587300761,133.49897736889994,33.06519045640129,14.351326587300761,14.60308283539824,0,-66.56047251579977,66.3087162677023,-59.86578661330455,0,persistent_or_wider
tslax,2026-08-07T13:50:00Z,60,regular,0,2.4606099488977407,11.89071663840302,14.351326587300761,133.49897736889994,33.06519045640129,14.351326587300761,4.569314857105766,1,50.18532782919749,-40.403316099002495,42.99774923239852,1,p1a_catchup
tslax,2026-08-07T14:00:00Z,5,regular,0,1.099148218299817,24.357493991198353,-25.45664220949817,-94.89941928389811,64.82911150273938,25.45664220949817,2.444202324198841,1,10.797974209397765,12.214465675901565,-12.49373547779875,0,xstock_reversion
tslax,2026-08-07T14:00:00Z,15,regular,0,1.099148218299817,24.357493991198353,-25.45664220949817,-94.89941928389811,64.82911150273938,25.45664220949817,9.77584352019889,1,9.781987035397677,25.450498694299384,-29.589468019599607,0,xstock_reversion
tslax,2026-08-07T14:00:00Z,30,regular,0,1.099148218299817,24.357493991198353,-25.45664220949817,-94.89941928389811,64.82911150273938,25.45664220949817,9.598655852700588,1,-91.89350867869983,126.94880674089859,-113.86952986500276,0,xstock_reversion
tslax,2026-08-07T14:00:00Z,60,regular,0,1.099148218299817,24.357493991198353,-25.45664220949817,-94.89941928389811,64.82911150273938,25.45664220949817,4.885161867305143,1,-163.54780468479822,193.88960876160155,-209.54369433289878,0,xstock_reversion
tslax,2026-08-07T14:20:00Z,5,regular,0,3.9823197055000037,18.585402540898244,14.60308283539824,60.550806254493494,54.07251788952735,14.60308283539824,10.135863001705658,1,30.868056191000193,-26.40083635730761,24.47831832379954,1,p1a_catchup
tslax,2026-08-07T14:20:00Z,15,regular,0,3.9823197055000037,18.585402540898244,14.60308283539824,60.550806254493494,54.07251788952735,14.60308283539824,1.6541107643952557,1,63.311662048803896,-50.36268997780091,45.08539460400307,1,p1a_catchup
tslax,2026-08-07T14:20:00Z,30,regular,0,3.9823197055000037,18.585402540898244,14.60308283539824,60.550806254493494,54.07251788952735,14.60308283539824,4.569314857105766,1,116.74580034499726,-106.71203236670479,102.86353584570307,1,p1a_catchup
tslax,2026-08-07T14:20:00Z,60,regular,0,3.9823197055000037,18.585402540898244,14.60308283539824,60.550806254493494,54.07251788952735,14.60308283539824,18.830101913103192,0,168.41754408740252,-172.64456316510746,175.8240335156014,1,persistent_or_wider
tslax,2026-08-07T15:20:00Z,5,regular,0,7.161790055993933,25.991891969097125,18.830101913103192,65.33593036360585,35.70713556093631,18.830101913103192,9.051561818704812,1,29.1513888753947,-19.37284878099632,31.55667036370602,1,p1a_catchup
tslax,2026-08-07T15:20:00Z,15,regular,0,7.161790055993933,25.991891969097125,18.830101913103192,65.33593036360585,35.70713556093631,18.830101913103192,2.583482302300766,1,22.63341329950208,-1.219829084098123,-4.516235944702629,1,p1a_catchup
tslax,2026-08-07T15:20:00Z,30,regular,0,7.161790055993933,25.991891969097125,18.830101913103192,65.33593036360585,35.70713556093631,18.830101913103192,4.127738628900701,1,8.753286415501549,14.204554126502345,-13.856258617899186,1,xstock_reversion
tslax,2026-08-07T15:20:00Z,60,regular,0,7.161790055993933,25.991891969097125,18.830101913103192,65.33593036360585,35.70713556093631,18.830101913103192,10.170498073005518,1,-32.840927863899694,61.841527850008404,-86.15921612459942,0,xstock_reversion
tslax,2026-08-07T22:05:00Z,5,afterhours,1,15.095021305100431,2.3222658397958895,-12.772755465304542,-20.83732136080485,10.834403735988003,12.772755465304542,5.216719984399987,1,-4.574025874797272,22.5635013245018,-7.617887166606607,0,xstock_reversion
tslax,2026-08-07T22:05:00Z,15,afterhours,1,15.095021305100431,2.3222658397958895,-12.772755465304542,-20.83732136080485,10.834403735988003,12.772755465304542,3.8252972966024146,1,-5.310350145402154,14.257808314104281,-10.358906538403545,0,xstock_reversion
tslax,2026-08-07T22:05:00Z,30,afterhours,1,15.095021305100431,2.3222658397958895,-12.772755465304542,-20.83732136080485,10.834403735988003,12.772755465304542,1.111588846898215,1,-10.505091296497682,24.38943560870044,-8.227067514603448,0,xstock_reversion
tslax,2026-08-07T22:05:00Z,60,afterhours,1,15.095021305100431,2.3222658397958895,-12.772755465304542,-20.83732136080485,10.834403735988003,12.772755465304542,2.717472674298449,1,-8.747084391700355,24.237312531303346,-8.531643772906605,0,xstock_reversion
tslax,2026-08-10T08:00:00Z,5,premarket,0,0.7562467683008833,16.833969084792955,17.590215853093838,33.876115976196886,15.935873526036273,17.590215853093838,1.789614058402833,1,3.9207799726970194,11.879821821993986,-10.52710827349479,0,xstock_reversion
tslax,2026-08-10T08:00:00Z,15,premarket,0,0.7562467683008833,16.833969084792955,17.590215853093838,33.876115976196886,15.935873526036273,17.590215853093838,5.576174524000166,1,-2.8690382126050906,26.035428589699094,-24.83164675629368,0,xstock_reversion
tslax,2026-08-10T08:00:00Z,30,premarket,0,0.7562467683008833,16.833969084792955,17.590215853093838,33.876115976196886,15.935873526036273,17.590215853093838,0.22510692569532864,1,-9.638694587206231,27.454017365995398,-23.475602185598632,0,xstock_reversion
tslax,2026-08-10T08:00:00Z,60,premarket,0,0.7562467683008833,16.833969084792955,17.590215853093838,33.876115976196886,15.935873526036273,17.590215853093838,1.004369510502201,1,12.22305721629624,4.362789126295397,-4.209513562694056,1,p1a_catchup
tslax,2026-08-10T11:30:00Z,5,premarket,1,34.405742815204476,14.403467071799625,20.00227574340485,57.81932482800123,18.314130402027786,20.00227574340485,6.452542794503913,1,-8.449736960693954,34.90455549860272,-2.5280336689981198,0,xstock_reversion
tslax,2026-08-10T11:30:00Z,15,premarket,1,34.405742815204476,14.403467071799625,20.00227574340485,57.81932482800123,18.314130402027786,20.00227574340485,3.314646698902024,1,-20.4375289364922,43.754451378799075,-17.661208469892387,0,xstock_reversion
tslax,2026-08-10T11:30:00Z,30,premarket,1,34.405742815204476,14.403467071799625,20.00227574340485,57.81932482800123,18.314130402027786,20.00227574340485,2.088239607296316,1,-28.954084841297245,51.04460019199841,-4.342805919996806,0,xstock_reversion
tslax,2026-08-10T11:30:00Z,60,premarket,1,34.405742815204476,14.403467071799625,20.00227574340485,57.81932482800123,18.314130402027786,20.00227574340485,5.850782318095327,1,-73.42237866639678,99.27543672789696,-64.7201188439972,0,xstock_reversion
tslax,2026-08-10T12:10:00Z,5,premarket,0,4.432075408802305,16.730308330599186,-12.298232921796881,-25.035742208698863,9.958420729471424,12.298232921796881,8.781896642595655,1,11.145239004601848,-7.628902725400621,4.717387426396158,1,p1a_catchup
tslax,2026-08-10T12:10:00Z,15,premarket,0,4.432075408802305,16.730308330599186,-12.298232921796881,-25.035742208698863,9.958420729471424,12.298232921796881,5.160154107803905,1,25.10131738799437,-17.963238574001394,14.140596574199193,1,p1a_catchup
tslax,2026-08-10T12:10:00Z,30,premarket,0,4.432075408802305,16.730308330599186,-12.298232921796881,-25.035742208698863,9.958420729471424,12.298232921796881,3.3069924153927843,1,33.869222563494006,-18.26399722630434,11.85997349810286,1,p1a_catchup
tslax,2026-08-10T12:10:00Z,60,premarket,0,4.432075408802305,16.730308330599186,-12.298232921796881,-25.035742208698863,9.958420729471424,12.298232921796881,2.5753190009947247,1,41.96453984869564,-27.09098792590403,20.988631469602836,1,p1a_catchup
tslax,2026-08-10T13:25:00Z,5,premarket,0,2.3849723821012248,28.755789951295796,-26.37081756919457,-57.45218076069314,21.164537555106886,26.37081756919457,9.431693598207502,1,-20.713711345496932,56.516222512899006,-51.46267342059474,0,xstock_reversion
tslax,2026-08-10T13:25:00Z,15,premarket,0,2.3849723821012248,28.755789951295796,-26.37081756919457,-57.45218076069314,21.164537555106886,26.37081756919457,3.0162003351996702,1,-21.226662776303584,50.613680680697826,-55.26984770569676,0,xstock_reversion
tslax,2026-08-10T13:25:00Z,30,premarket,0,2.3849723821012248,28.755789951295796,-26.37081756919457,-57.45218076069314,21.164537555106886,26.37081756919457,8.673873937397047,1,-41.02684475880025,76.07153626539187,-87.58458196629348,0,xstock_reversion
tslax,2026-08-10T13:25:00Z,60,premarket,0,2.3849723821012248,28.755789951295796,-26.37081756919457,-57.45218076069314,21.164537555106886,26.37081756919457,14.309633455296122,1,-113.9227499306017,154.6032009550924,-152.84637947710067,0,xstock_reversion
tslax,2026-08-10T14:25:00Z,5,regular,0,4.141793860092946,10.167839595203176,14.309633455296122,62.88908623039546,23.21021886011479,14.309633455296122,7.725674784495595,1,-19.421295424502105,41.45660366429382,-36.25272089240461,0,xstock_reversion
tslax,2026-08-10T14:25:00Z,15,regular,0,4.141793860092946,10.167839595203176,14.309633455296122,62.88908623039546,23.21021886011479,14.309633455296122,3.0726301516992294,1,-28.097445365498075,39.33444866909497,-29.14287345459954,0,xstock_reversion
tslax,2026-08-10T14:25:00Z,30,regular,0,4.141793860092946,10.167839595203176,14.309633455296122,62.88908623039546,23.21021886011479,14.309633455296122,3.335539713003044,1,-42.95349991640052,60.59867308469968,-66.26047267340063,0,xstock_reversion
tslax,2026-08-10T14:25:00Z,60,regular,0,4.141793860092946,10.167839595203176,14.309633455296122,62.88908623039546,23.21021886011479,14.309633455296122,3.766208493001244,1,-38.02549011900247,48.56891508129735,-45.639407627202644,0,xstock_reversion
tslax,2026-08-10T15:40:00Z,5,regular,0,7.35124238059548,18.777217412999647,11.425975032404168,-5.080342696297535,38.32770385690072,11.425975032404168,1.9074913979988395,1,8.387790000403683,1.130693634001645,-7.876759423801616,1,p1a_catchup
tslax,2026-08-10T15:40:00Z,15,regular,0,7.35124238059548,18.777217412999647,11.425975032404168,-5.080342696297535,38.32770385690072,11.425975032404168,2.587894498500276,1,34.055601151701254,-25.217520617797362,29.180767461598478,1,p1a_catchup
tslax,2026-08-10T15:40:00Z,30,regular,0,7.35124238059548,18.777217412999647,11.425975032404168,-5.080342696297535,38.32770385690072,11.425975032404168,1.0203975543987553,1,39.46294116920157,-27.016568582398648,20.05769906130439,1,p1a_catchup
tslax,2026-08-10T15:40:00Z,60,regular,0,7.35124238059548,18.777217412999647,11.425975032404168,-5.080342696297535,38.32770385690072,11.425975032404168,9.014910776903307,1,-15.910499852997972,36.35138566230545,-44.159561878798215,0,xstock_reversion
tslax,2026-08-10T19:00:00Z,5,regular,0,0.15115546699639992,12.264052608896847,12.112897141900447,23.843570702206662,31.50030939048939,12.112897141900447,1.3642270023961345,1,5.802236777201486,4.946433362302827,-1.6686766675011455,1,p1a_catchup
tslax,2026-08-10T19:00:00Z,15,regular,0,0.15115546699639992,12.264052608896847,12.112897141900447,23.843570702206662,31.50030939048939,12.112897141900447,4.747857576603565,1,-5.688234204299647,22.54898892280366,-20.34650484030287,0,xstock_reversion
tslax,2026-08-10T19:00:00Z,30,regular,0,0.15115546699639992,12.264052608896847,12.112897141900447,23.843570702206662,31.50030939048939,12.112897141900447,1.082586215606085,1,12.698506915596042,-1.6681959893016796,1.5167371978019872,1,p1a_catchup
tslax,2026-08-10T19:00:00Z,60,regular,0,0.15115546699639992,12.264052608896847,12.112897141900447,23.843570702206662,31.50030939048939,12.112897141900447,2.6665585041030226,1,46.99418632109875,-37.54784768330133,36.94287147290254,1,p1a_catchup
tslax,2026-08-11T13:25:00Z,5,premarket,0,3.609683416598841,15.464110800094133,19.073794216692974,43.79592518749753,17.027725279360016,19.073794216692974,1.4308970833010193,1,5.591426665496613,12.051470467895342,-9.729833345000216,0,xstock_reversion
tslax,2026-08-11T13:25:00Z,15,premarket,0,3.609683416598841,15.464110800094133,19.073794216692974,43.79592518749753,17.027725279360016,19.073794216692974,6.595557906301508,1,-22.080218719704447,34.558455030095914,-45.50521200389568,0,xstock_reversion
tslax,2026-08-11T13:25:00Z,30,premarket,0,3.609683416598841,15.464110800094133,19.073794216692974,43.79592518749753,17.027725279360016,19.073794216692974,13.865061992595074,1,16.428920979096873,-11.220188754998972,27.15252828940251,1,p1a_catchup
tslax,2026-08-11T13:25:00Z,60,premarket,0,3.609683416598841,15.464110800094133,19.073794216692974,43.79592518749753,17.027725279360016,19.073794216692974,1.1458286224019787,1,72.53764280049424,-52.31801996139929,56.02423389790445,1,p1a_catchup
tslax,2026-08-11T13:35:00Z,5,regular,0,2.6672215297995905,18.30455794520347,-15.63733641540388,-33.37965950509947,31.845047438941073,15.63733641540388,6.595557906301508,1,-14.95548870409813,37.18838302580352,-25.299164165204502,0,xstock_reversion
tslax,2026-08-11T13:35:00Z,15,regular,0,2.6672215297995905,18.30455794520347,-15.63733641540388,-33.37965950509947,31.845047438941073,15.63733641540388,4.8978182323011765,1,-17.43957659799733,28.179094781100034,-24.429925436706412,0,xstock_reversion
tslax,2026-08-11T13:35:00Z,30,regular,0,2.6672215297995905,18.30455794520347,-15.63733641540388,-33.37965950509947,31.845047438941073,15.63733641540388,7.205756327399726,1,-115.9090803992946,138.7521731420982,-136.83197023830473,0,xstock_reversion
tslax,2026-08-11T13:35:00Z,60,regular,0,2.6672215297995905,18.30455794520347,-15.63733641540388,-33.37965950509947,31.845047438941073,15.63733641540388,0.4803902027994411,1,-86.53023809410243,102.64796471230575,-104.61226743790242,0,xstock_reversion
tslax,2026-08-11T13:55:00Z,5,regular,0,12.322656117804698,26.18771811039977,13.865061992595074,45.778643785094886,41.859950424387755,13.865061992595074,12.765993316401492,1,39.34703763669667,-38.24796896050309,33.20274654480038,1,p1a_catchup
tslax,2026-08-11T13:55:00Z,15,regular,0,12.322656117804698,26.18771811039977,13.865061992595074,45.778643785094886,41.859950424387755,13.865061992595074,0.011520937999165426,1,62.91785576990172,-49.06431471530581,39.62118409959636,1,p1a_catchup
tslax,2026-08-11T13:55:00Z,30,regular,0,12.322656117804698,26.18771811039977,13.865061992595074,45.778643785094886,41.859950424387755,13.865061992595074,1.1458286224019787,1,56.10872182139737,-41.097831206400315,28.87170560850194,1,p1a_catchup
tslax,2026-08-11T13:55:00Z,60,regular,0,12.322656117804698,26.18771811039977,13.865061992595074,45.778643785094886,41.859950424387755,13.865061992595074,5.513481644801033,1,48.61577150990115,-29.237227872505045,12.875409749497635,1,p1a_catchup
tslax,2026-08-11T14:00:00Z,5,regular,0,7.2774337021019875,20.04342701850348,12.765993316401492,70.52837465160167,43.51815965962971,12.765993316401492,7.205756327399726,1,23.097414359698476,-17.53717737069671,5.672319235001666,1,p1a_catchup
tslax,2026-08-11T14:00:00Z,15,regular,0,7.2774337021019875,20.04342701850348,12.765993316401492,70.52837465160167,43.51815965962971,12.765993316401492,3.744018266695903,1,13.815176605298518,2.6948349777988767,-4.629802569304786,1,p1a_catchup
tslax,2026-08-11T14:00:00Z,30,regular,0,7.2774337021019875,20.04342701850348,12.765993316401492,70.52837465160167,43.51815965962971,12.765993316401492,8.402835528400487,1,-6.405367756601166,27.574196601403145,-33.50237201299677,0,xstock_reversion
tslax,2026-08-11T14:00:00Z,60,regular,0,7.2774337021019875,20.04342701850348,12.765993316401492,70.52837465160167,43.51815965962971,12.765993316401492,0.31898745469938206,1,6.783839657700241,6.301141113400632,-17.634580293997004,0,p1a_catchup
tslax,2026-08-11T16:30:00Z,5,regular,1,41.41450082830289,27.878630417204064,-13.535870411098827,-54.647612892999575,20.516881357371545,13.535870411098827,14.3887658648989,0,-44.07227331760133,71.99690959359906,-13.868791417399606,0,persistent_or_wider
tslax,2026-08-11T16:30:00Z,15,regular,1,41.41450082830289,27.878630417204064,-13.535870411098827,-54.647612892999575,20.516881357371545,13.535870411098827,0.29848032609969266,1,-34.5357378992972,48.37008863649572,-11.759563537596662,0,xstock_reversion
tslax,2026-08-11T16:30:00Z,30,regular,1,41.41450082830289,27.878630417204064,-13.535870411098827,-54.647612892999575,20.516881357371545,13.535870411098827,4.756075172300811,1,-32.59003057650034,41.369825815298356,2.263040782102266,0,xstock_reversion
tslax,2026-08-11T16:30:00Z,60,regular,1,41.41450082830289,27.878630417204064,-13.535870411098827,-54.647612892999575,20.516881357371545,13.535870411098827,0.2415204319028419,1,-40.48299898530061,53.777348964496596,-11.759563537596662,0,xstock_reversion
tslax,2026-08-11T16:35:00Z,5,regular,1,16.71361734789656,2.3248514829976585,14.3887658648989,17.415210520699276,41.629826793073036,14.3887658648989,3.5786096111944943,1,-10.183348149803706,28.1507236258971,-8.864763809803833,0,xstock_reversion
tslax,2026-08-11T16:35:00Z,15,regular,1,16.71361734789656,2.3248514829976585,14.3887658648989,17.415210520699276,41.629826793073036,14.3887658648989,2.610009285799464,1,-1.5344933594985122,13.313249938597949,0.9188815861982391,0,xstock_reversion
tslax,2026-08-11T16:35:00Z,30,regular,1,16.71361734789656,2.3248514829976585,14.3887658648989,17.415210520699276,41.629826793073036,14.3887658648989,0.6123042047967431,1,-10.984033780498947,24.760495440601105,-8.590353712403243,0,xstock_reversion
tslax,2026-08-11T16:35:00Z,60,regular,1,16.71361734789656,2.3248514829976585,14.3887658648989,17.415210520699276,41.629826793073036,14.3887658648989,2.2859084984006017,1,-9.986041576501847,26.66071593980135,-9.645818381702753,0,xstock_reversion
tslax,2026-08-11T22:30:00Z,5,afterhours,1,24.703116901596545,12.617166847599393,12.085950053997152,27.560173721594694,9.142927540496789,12.085950053997152,4.364797052893721,1,-5.017338035004926,21.4680851418958,2.4059426900002734,0,xstock_reversion
tslax,2026-08-11T22:30:00Z,15,afterhours,1,24.703116901596545,12.617166847599393,12.085950053997152,27.560173721594694,9.142927540496789,12.085950053997152,2.075167171602388,1,-10.84158006499969,25.00269729059923,2.4059426900002734,0,xstock_reversion
tslax,2026-08-11T22:30:00Z,30,afterhours,1,24.703116901596545,12.617166847599393,12.085950053997152,27.560173721594694,9.142927540496789,12.085950053997152,0.27987256410177963,1,-10.607287833899193,22.973110451998124,1.8075185300947538,0,xstock_reversion
tslax,2026-08-11T22:30:00Z,60,afterhours,1,24.703116901596545,12.617166847599393,12.085950053997152,27.560173721594694,9.142927540496789,12.085950053997152,0.01432799499490045,1,-9.292712112705104,21.392990161697156,5.111936482702362,0,xstock_reversion
tslax,2026-08-12T08:00:00Z,5,premarket,0,6.118175673304194,8.317659727197224,14.435835400501418,55.88529117900087,22.22152177618167,14.435835400501418,0.4189601026993728,1,1.4568589473018534,12.560016350500192,-5.0956942487001555,0,xstock_reversion
tslax,2026-08-12T08:00:00Z,15,premarket,0,6.118175673304194,8.317659727197224,14.435835400501418,55.88529117900087,22.22152177618167,14.435835400501418,1.3811896150972558,1,3.3983739565002224,9.65627182890394,20.655906998499063,1,xstock_reversion
tslax,2026-08-12T08:00:00Z,30,premarket,0,6.118175673304194,8.317659727197224,14.435835400501418,55.88529117900087,22.22152177618167,14.435835400501418,4.1323846172058865,1,8.883844828702081,9.684375189005223,0.0,1,xstock_reversion
tslax,2026-08-12T08:00:00Z,60,premarket,0,6.118175673304194,8.317659727197224,14.435835400501418,55.88529117900087,22.22152177618167,14.435835400501418,0.37385139940226964,1,17.978178866497885,-3.9161948653987366,10.183605277003238,1,p1a_catchup
tslax,2026-08-12T13:30:00Z,5,regular,0,5.863870456304099,41.93556415930111,-36.07169370299701,-127.08850406509598,54.388884091405636,36.07169370299701,2.6800472593979663,1,14.288591928304228,19.103054515294815,-12.044220079800994,1,xstock_reversion
tslax,2026-08-12T13:30:00Z,15,regular,0,5.863870456304099,41.93556415930111,-36.07169370299701,-127.08850406509598,54.388884091405636,36.07169370299701,4.380551216902617,1,59.75681353190154,-28.06567104580715,29.11121927310134,1,p1a_catchup
tslax,2026-08-12T13:30:00Z,30,regular,0,5.863870456304099,41.93556415930111,-36.07169370299701,-127.08850406509598,54.388884091405636,36.07169370299701,9.147666228201956,1,126.0065056593973,-99.08247818460225,93.8531261050013,1,p1a_catchup
tslax,2026-08-12T13:30:00Z,60,regular,0,5.863870456304099,41.93556415930111,-36.07169370299701,-127.08850406509598,54.388884091405636,36.07169370299701,11.150027386497285,1,196.48308284340388,-171.56141652690417,165.17189988220161,1,p1a_catchup
tslax,2026-08-12T13:50:00Z,5,regular,0,13.254868758396654,24.521388734299876,-11.266519975903222,-86.78497388070028,51.079655303399306,11.266519975903222,1.0313748074963769,1,6.960169508101188,3.274975660305657,-8.486848563293847,1,p1a_catchup
tslax,2026-08-12T13:50:00Z,15,regular,0,13.254868758396654,24.521388734299876,-11.266519975903222,-86.78497388070028,51.079655303399306,11.266519975903222,6.9709504265969,1,16.097940785302356,2.1395296171977662,-10.672196893501962,1,p1a_catchup
tslax,2026-08-12T13:50:00Z,30,regular,0,13.254868758396654,24.521388734299876,-11.266519975903222,-86.78497388070028,51.079655303399306,11.266519975903222,3.7500424204939264,1,30.565312919499377,-15.548750523102228,13.429600652301588,1,p1a_catchup
tslax,2026-08-12T13:50:00Z,60,regular,0,13.254868758396654,24.521388734299876,-11.266519975903222,-86.78497388070028,51.079655303399306,11.266519975903222,8.31003911559769,1,132.83237832170335,-129.8758974613978,119.69574817769946,1,p1a_catchup
tslax,2026-08-12T14:25:00Z,5,regular,0,8.041115372199314,21.92219293100095,-13.881077558801636,-53.32907973360612,33.2271196551141,13.881077558801636,11.150027386497285,1,34.20592030200176,-31.474870129697408,22.90810856909964,1,p1a_catchup
tslax,2026-08-12T14:25:00Z,15,regular,0,8.041115372199314,21.92219293100095,-13.881077558801636,-53.32907973360612,33.2271196551141,13.881077558801636,0.15864910920093678,1,37.69498839759855,-23.655261729595978,15.830205179296897,1,p1a_catchup
tslax,2026-08-12T14:25:00Z,30,regular,0,8.041115372199314,21.92219293100095,-13.881077558801636,-53.32907973360612,33.2271196551141,13.881077558801636,6.411292478096797,1,47.422506904997164,-27.13013686809873,31.531453729298775,1,p1a_catchup
tslax,2026-08-12T14:25:00Z,60,regular,0,8.041115372199314,21.92219293100095,-13.881077558801636,-53.32907973360612,33.2271196551141,13.881077558801636,0.4635557827992187,1,59.46202080539642,-46.044499029394004,37.633882253595985,1,p1a_catchup
tslax,2026-08-12T20:40:00Z,5,afterhours,1,23.646650693498472,8.197547413395512,15.44910328010296,39.930246702306604,12.543461285682378,15.44910328010296,5.867360935196686,1,-5.7673699410010215,27.083834156300668,-4.50827352220351,0,xstock_reversion
tslax,2026-08-12T20:40:00Z,15,afterhours,1,23.646650693498472,8.197547413395512,15.44910328010296,39.930246702306604,12.543461285682378,15.44910328010296,0.45600098060205596,1,-5.673167514297361,20.666269813798266,2.4382054073956994,0,xstock_reversion
tslax,2026-08-12T20:40:00Z,30,afterhours,1,23.646650693498472,8.197547413395512,15.44910328010296,39.930246702306604,12.543461285682378,15.44910328010296,1.6365511588034565,1,-1.433502774501605,15.246054895801109,4.582601470195513,0,xstock_reversion
tslax,2026-08-12T20:40:00Z,60,afterhours,1,23.646650693498472,8.197547413395512,15.44910328010296,39.930246702306604,12.543461285682378,15.44910328010296,0.32427664230283426,1,-0.2809970235961856,16.05437694600198,9.160050909295947,0,xstock_reversion
tslax,2026-08-12T23:05:00Z,5,afterhours,1,25.263480408801442,9.129359788904168,16.134120619897274,28.170327744003743,12.500360856348783,16.134120619897274,4.606957453994198,1,-4.828716543805456,25.569794617696928,-2.7547194618016135,0,xstock_reversion
tslax,2026-08-12T23:05:00Z,15,afterhours,1,25.263480408801442,9.129359788904168,16.134120619897274,28.170327744003743,12.500360856348783,16.134120619897274,1.6075869259957187,1,-7.828087071803935,25.569794617696928,1.360264119503185,0,xstock_reversion
tslax,2026-08-12T23:05:00Z,30,afterhours,1,25.263480408801442,9.129359788904168,16.134120619897274,28.170327744003743,12.500360856348783,16.134120619897274,0.10239416200263918,1,-10.557713273602332,26.794228055502245,-2.1431734734012053,0,xstock_reversion
tslax,2026-08-13T13:25:00Z,5,premarket,0,8.05657636420598,17.051176880196195,25.107753244402176,51.32776972750719,23.523048865414335,25.107753244402176,17.87756677449792,1,48.100843348501954,-40.8706568785977,46.672750709699784,1,p1a_catchup
tslax,2026-08-13T13:25:00Z,15,premarket,0,8.05657636420598,17.051176880196195,25.107753244402176,51.32776972750719,23.523048865414335,25.107753244402176,0.06665674909811514,1,97.13254764669443,-71.95813765319414,71.5975333632013,1,p1a_catchup
tslax,2026-08-13T13:25:00Z,30,premarket,0,8.05657636420598,17.051176880196195,25.107753244402176,51.32776972750719,23.523048865414335,25.107753244402176,5.464934124699283,1,181.20445038749546,-161.56163126779256,177.74137734799746,1,p1a_catchup
tslax,2026-08-13T13:25:00Z,60,premarket,0,8.05657636420598,17.051176880196195,25.107753244402176,51.32776972750719,23.523048865414335,25.107753244402176,0.8708360690956596,1,191.9905437605962,-166.0119544470984,177.1406053557989,1,p1a_catchup
tslax,2026-08-13T13:30:00Z,5,regular,0,2.2544825331038965,15.623084241394025,17.87756677449792,87.83388715360552,26.56951530690076,17.87756677449792,15.593007831498085,1,45.12993223159789,-42.845373288598054,53.72358997710158,1,p1a_catchup
tslax,2026-08-13T13:30:00Z,15,regular,0,2.2544825331038965,15.623084241394025,17.87756677449792,87.83388715360552,26.56951530690076,17.87756677449792,9.369687467595256,1,73.23503561339706,-64.7271563064944,65.9758056059001,1,p1a_catchup
tslax,2026-08-13T13:30:00Z,30,regular,0,2.2544825331038965,15.623084241394025,17.87756677449792,87.83388715360552,26.56951530690076,17.87756677449792,0.08822430110022594,1,135.1554235177943,-117.18963244219616,121.45194094880019,1,p1a_catchup
tslax,2026-08-13T13:30:00Z,60,regular,0,2.2544825331038965,15.623084241394025,17.87756677449792,87.83388715360552,26.56951530690076,17.87756677449792,1.977143052398489,1,149.67061088179355,-133.77018715969413,136.62405721440507,1,p1a_catchup
tslax,2026-08-13T13:35:00Z,5,regular,0,8.623734155399632,24.216741986897716,15.593007831498085,134.67047944510034,22.93983268567106,15.593007831498085,0.06665674909811514,1,3.9017720665945888,11.757892514001611,-28.798807323600073,0,xstock_reversion
tslax,2026-08-13T13:35:00Z,15,regular,0,8.623734155399632,24.216741986897716,15.593007831498085,134.67047944510034,22.93983268567106,15.593007831498085,14.820468570002632,1,70.06507687889574,-69.29253761740028,63.36774372559972,1,p1a_catchup
tslax,2026-08-13T13:35:00Z,30,regular,0,8.623734155399632,24.216741986897716,15.593007831498085,134.67047944510034,22.93983268567106,15.593007831498085,0.977489291003053,1,87.67506433869698,-71.10456721619585,80.49849761070149,1,p1a_catchup
tslax,2026-08-13T13:35:00Z,60,regular,0,8.623734155399632,24.216741986897716,15.593007831498085,134.67047944510034,22.93983268567106,15.593007831498085,0.3735267655002872,1,105.99746754679451,-90.77798648079671,100.59420116760087,1,p1a_catchup
tslax,2026-08-13T13:50:00Z,5,regular,0,2.69894026359907,17.5194088336017,14.820468570002632,69.29253761740028,23.180433891073662,14.820468570002632,5.464934124699283,1,17.90859792849986,-8.55306348319651,13.977292935596353,1,p1a_catchup
tslax,2026-08-13T13:50:00Z,15,regular,0,2.69894026359907,17.5194088336017,14.820468570002632,69.29253761740028,23.180433891073662,14.820468570002632,0.977489291003053,1,17.609987459801246,-1.8120295987955615,17.130753885101768,1,p1a_catchup
tslax,2026-08-13T13:50:00Z,30,regular,0,2.69894026359907,17.5194088336017,14.820468570002632,69.29253761740028,23.180433891073662,14.820468570002632,4.47539794880214,1,29.559474986600165,-19.214404365399673,21.0336616008977,1,p1a_catchup
tslax,2026-08-13T13:50:00Z,60,regular,0,2.69894026359907,17.5194088336017,14.820468570002632,69.29253761740028,23.180433891073662,14.820468570002632,7.964771291497641,1,60.99301676750102,-54.13731948899603,55.43936177820008,1,p1a_catchup
tslax,2026-08-13T18:45:00Z,5,regular,1,85.53419473299684,72.26471811319968,-13.26947661979716,-47.21069639559872,21.35883029415629,13.26947661979716,14.181274457705229,0,-50.99539906679773,78.44615014430012,1.3253908081978238,0,persistent_or_wider
tslax,2026-08-13T18:45:00Z,15,regular,1,85.53419473299684,72.26471811319968,-13.26947661979716,-47.21069639559872,21.35883029415629,13.26947661979716,5.142120641394854,1,-81.22475201200352,99.63634927319553,-18.390065722906357,0,xstock_reversion
tslax,2026-08-13T18:45:00Z,30,regular,1,85.53419473299684,72.26471811319968,-13.26947661979716,-47.21069639559872,21.35883029415629,13.26947661979716,8.41905965669909,1,-62.757375748700994,67.60779271179906,7.020679473601632,0,xstock_reversion
tslax,2026-08-13T18:45:00Z,60,regular,1,85.53419473299684,72.26471811319968,-13.26947661979716,-47.21069639559872,21.35883029415629,13.26947661979716,1.1914690263026273,1,-67.86867362980509,79.94668122329962,5.744629297996795,0,xstock_reversion
tslax,2026-08-13T18:50:00Z,5,regular,0,5.762653780498894,19.943928238204123,14.181274457705229,30.236971453705408,41.23215998578784,14.181274457705229,4.319251009103908,1,15.183209458102809,-5.3211860095014885,1.0308746981024797,1,p1a_catchup
tslax,2026-08-13T18:50:00Z,15,regular,0,5.762653780498894,19.943928238204123,14.181274457705229,30.236971453705408,41.23215998578784,14.181274457705229,7.1727276488964264,1,51.44523208680418,-44.43668527799538,49.36250253620322,1,p1a_catchup
tslax,2026-08-13T18:50:00Z,30,regular,0,5.762653780498894,19.943928238204123,14.181274457705229,30.236971453705408,41.23215998578784,14.181274457705229,3.312413157701144,1,3.118951145202331,14.374736470204041,-18.573939918296034,0,xstock_reversion
tslax,2026-08-13T18:50:00Z,60,regular,0,5.762653780498894,19.943928238204123,14.181274457705229,30.236971453705408,41.23215998578784,14.181274457705229,4.28261126069529,1,4.928553521201806,13.535332197198713,-13.85347958580141,0,xstock_reversion
tslax,2026-08-13T20:30:00Z,5,afterhours,0,4.3450601915040465,19.310887884795847,14.9658276932918,21.83667931579869,16.423719908363402,14.9658276932918,14.157662314895347,1,13.864179954197198,-13.056014575800745,10.275312595595665,1,p1a_catchup
tslax,2026-08-13T20:30:00Z,15,afterhours,0,4.3450601915040465,19.310887884795847,14.9658276932918,21.83667931579869,16.423719908363402,14.9658276932918,18.123892821497734,0,52.30246566229724,-55.46053079050317,55.66964274599684,1,persistent_or_wider
tslax,2026-08-13T20:30:00Z,30,afterhours,0,4.3450601915040465,19.310887884795847,14.9658276932918,21.83667931579869,16.423719908363402,14.9658276932918,6.094271104100102,1,83.61768249119272,-74.74612590200103,67.35018137869808,1,p1a_catchup
tslax,2026-08-13T20:30:00Z,60,afterhours,0,4.3450601915040465,19.310887884795847,14.9658276932918,21.83667931579869,16.423719908363402,14.9658276932918,3.6748016832977015,1,59.2772119761964,-47.9861859662023,41.04975710100156,1,p1a_catchup
tslax,2026-08-13T20:35:00Z,5,afterhours,0,1.5643582112989662,15.722020526194314,14.157662314895347,51.86163132830046,15.533853782680627,14.157662314895347,22.28541400589812,0,20.186848433096927,-28.314600124099698,33.70013206280831,1,persistent_or_wider
tslax,2026-08-13T20:35:00Z,15,afterhours,0,1.5643582112989662,15.722020526194314,14.157662314895347,51.86163132830046,15.533853782680627,14.157662314895347,7.714685771800234,1,47.34841938219603,-40.905442839100914,45.575482636701636,1,p1a_catchup
tslax,2026-08-13T20:35:00Z,30,afterhours,0,1.5643582112989662,15.722020526194314,14.157662314895347,51.86163132830046,15.533853782680627,14.157662314895347,5.312217353701243,1,65.69881167400204,-46.228932005405454,45.394330150401174,1,p1a_catchup
tslax,2026-08-13T20:35:00Z,60,afterhours,0,1.5643582112989662,15.722020526194314,14.157662314895347,51.86163132830046,15.533853782680627,14.157662314895347,1.3942831601010397,1,44.38054916040102,-28.82860368540463,29.60392977020554,1,p1a_catchup
tslax,2026-08-13T20:40:00Z,5,afterhours,0,6.949890150007576,29.235304155905695,22.28541400589812,70.99102472529317,17.716195271569323,22.28541400589812,18.123892821497734,1,18.251437275003113,-14.089916090602728,11.694198087592866,1,p1a_catchup
tslax,2026-08-13T20:40:00Z,15,afterhours,0,6.949890150007576,29.235304155905695,22.28541400589812,70.99102472529317,17.716195271569323,22.28541400589812,15.89395065379584,1,41.863901665504244,-35.472438313401966,36.49905504599538,1,p1a_catchup
tslax,2026-08-13T20:40:00Z,30,afterhours,0,6.949890150007576,29.235304155905695,22.28541400589812,70.99102472529317,17.716195271569323,22.28541400589812,5.409643495397631,1,40.52632295500125,-12.831265453705498,10.233170982898443,1,p1a_catchup
tslax,2026-08-13T20:40:00Z,60,afterhours,0,6.949890150007576,29.235304155905695,22.28541400589812,70.99102472529317,17.716195271569323,22.28541400589812,3.4642540973006675,1,27.164619765205344,-8.343459856607893,3.1734031065955293,1,p1a_catchup
tslax,2026-08-13T20:45:00Z,5,afterhours,0,4.554172146997715,22.67806496849545,18.123892821497734,55.46053079050317,16.879417057180635,18.123892821497734,7.714685771800234,1,8.910133674095988,1.4990733756015118,0.1811524863004621,1,p1a_catchup
tslax,2026-08-13T20:45:00Z,15,afterhours,0,4.554172146997715,22.67806496849545,18.123892821497734,55.46053079050317,16.879417057180635,18.123892821497734,6.094271104100102,1,31.315216828895487,-19.285595111497855,11.680538632701243,1,p1a_catchup
tslax,2026-08-13T20:45:00Z,30,afterhours,0,4.554172146997715,22.67806496849545,18.123892821497734,55.46053079050317,16.879417057180635,18.123892821497734,7.915386332095764,1,15.609623407497608,10.42965574609589,-16.66837635349694,0,p1a_catchup
tslax,2026-08-13T20:45:00Z,60,afterhours,0,4.554172146997715,22.67806496849545,18.123892821497734,55.46053079050317,16.879417057180635,18.123892821497734,3.189091009501155,1,6.860060836597626,14.452922994401263,-21.937851577096268,0,xstock_reversion
tslax,2026-08-13T20:55:00Z,5,afterhours,0,7.976506882600987,23.870457536396827,15.89395065379584,35.472438313401966,11.703050884728496,15.89395065379584,6.094271104100102,1,7.702752438394356,2.096927111301383,-13.124318325701267,1,p1a_catchup
tslax,2026-08-13T20:55:00Z,15,afterhours,0,7.976506882600987,23.870457536396827,15.89395065379584,35.472438313401966,11.703050884728496,15.89395065379584,5.409643495397631,1,-1.3375787105029957,22.641172859696468,-26.265884063096934,0,xstock_reversion
tslax,2026-08-13T20:55:00Z,30,afterhours,0,7.976506882600987,23.870457536396827,15.89395065379584,35.472438313401966,11.703050884728496,15.89395065379584,0.8000880033964819,1,-19.86427938740043,34.95814203779979,-42.05859345489671,0,xstock_reversion
tslax,2026-08-13T20:55:00Z,60,afterhours,0,7.976506882600987,23.870457536396827,15.89395065379584,35.472438313401966,11.703050884728496,15.89395065379584,2.4322550543054433,1,-24.83188263830094,43.158088346402224,-52.14680391679494,0,xstock_reversion
tslax,2026-08-13T21:20:00Z,5,afterhours,1,14.588760813101231,0.6546608142077304,-13.934099998893501,-32.86902699819905,14.812255803022286,13.934099998893501,0.8000880033964819,1,-0.7348033902054851,15.468991392495468,-1.756286044898303,0,xstock_reversion
tslax,2026-08-13T21:20:00Z,15,afterhours,1,14.588760813101231,0.6546608142077304,-13.934099998893501,-32.86902699819905,14.812255803022286,13.934099998893501,1.3942831601010397,1,-2.9288818394057614,15.468698678198223,-3.2196221611968667,0,xstock_reversion
tslax,2026-08-13T21:20:00Z,30,afterhours,1,14.588760813101231,0.6546608142077304,-13.934099998893501,-32.86902699819905,14.812255803022286,13.934099998893501,5.92480653289762,1,1.7365187498974421,6.272774716098439,6.7352887739069445,0,xstock_reversion
tslax,2026-08-13T21:20:00Z,60,afterhours,1,14.588760813101231,0.6546608142077304,-13.934099998893501,-32.86902699819905,14.812255803022286,13.934099998893501,5.32631393490135,1,20.61767334719633,-12.00988728320418,29.31693685830794,1,p1a_catchup
tslax,2026-08-14T13:05:00Z,5,premarket,0,7.6631098677015785,56.96105877429858,49.297948906597,91.38637545540007,43.40652686764635,49.297948906597,25.140170906805537,1,33.02566514369332,-8.867887143901854,0.0,1,p1a_catchup
tslax,2026-08-14T13:05:00Z,15,premarket,0,7.6631098677015785,56.96105877429858,49.297948906597,91.38637545540007,43.40652686764635,49.297948906597,2.0559576697021242,1,30.804198785396864,20.54970779090226,-33.09819239659895,0,p1a_catchup
tslax,2026-08-14T13:05:00Z,30,premarket,0,7.6631098677015785,56.96105877429858,49.297948906597,91.38637545540007,43.40652686764635,49.297948906597,15.329951068299152,1,94.74623228269863,-60.77823444440078,55.209632800901076,1,p1a_catchup
tslax,2026-08-14T13:05:00Z,60,premarket,0,7.6631098677015785,56.96105877429858,49.297948906597,91.38637545540007,43.40652686764635,49.297948906597,1.9773088338048694,1,195.59618251760114,-144.32092477719925,141.8871744942951,1,p1a_catchup
tslax,2026-08-14T13:10:00Z,5,premarket,0,1.204777276200275,23.93539363060526,25.140170906805537,113.86205655150583,41.54312803765098,25.140170906805537,3.103441444398669,1,-0.251948663594348,28.495561014798554,-22.92480799710006,0,xstock_reversion
tslax,2026-08-14T13:10:00Z,15,premarket,0,1.204777276200275,23.93539363060526,25.140170906805537,113.86205655150583,41.54312803765098,25.140170906805537,23.168116328804444,1,-27.03016686089299,75.33845409650297,-76.5239342478008,0,xstock_reversion
tslax,2026-08-14T13:10:00Z,30,premarket,0,1.204777276200275,23.93539363060526,25.140170906805537,113.86205655150583,41.54312803765098,25.140170906805537,5.020204735997069,1,50.9261193301036,-20.765743687300997,73.35349262749702,1,p1a_catchup
tslax,2026-08-14T13:10:00Z,60,premarket,0,1.204777276200275,23.93539363060526,25.140170906805537,113.86205655150583,41.54312803765098,25.140170906805537,21.92069165880106,1,103.14483516210338,-56.08397259649678,58.699842596201535,1,p1a_catchup
tslax,2026-08-14T13:25:00Z,5,premarket,0,2.390257427498099,25.558373756302544,-23.168116328804444,-75.33845409650297,50.815875522617695,23.168116328804444,18.64166598010364,1,-44.80372289269674,86.61350520160482,-83.1883796793953,0,xstock_reversion
tslax,2026-08-14T13:25:00Z,15,premarket,0,2.390257427498099,25.558373756302544,-23.168116328804444,-75.33845409650297,50.815875522617695,23.168116328804444,5.020204735997069,1,-77.9562861909966,96.10419778380397,-149.87742687529783,0,xstock_reversion
tslax,2026-08-14T13:25:00Z,30,premarket,0,2.390257427498099,25.558373756302544,-23.168116328804444,-75.33845409650297,50.815875522617695,23.168116328804444,7.953886239802088,1,-183.6899141268944,214.81191669550094,-220.6970189729951,0,xstock_reversion
tslax,2026-08-14T13:25:00Z,60,premarket,0,2.390257427498099,25.558373756302544,-23.168116328804444,-75.33845409650297,50.815875522617695,23.168116328804444,1.2579922730981963,1,-79.7378426745965,101.64796673030274,-111.82387542000072,0,xstock_reversion
tslax,2026-08-14T13:30:00Z,5,regular,0,5.815382949707626,12.826283030396013,18.64166598010364,39.770612119900406,60.346203541645195,18.64166598010364,15.329951068299152,1,43.94701110720156,-40.635296195397075,48.545187369306575,1,p1a_catchup
tslax,2026-08-14T13:30:00Z,15,regular,0,5.815382949707626,12.826283030396013,18.64166598010364,39.770612119900406,60.346203541645195,18.64166598010364,14.491365467197426,1,80.62445264900298,-76.47415213609676,88.27188554030307,1,p1a_catchup
tslax,2026-08-14T13:30:00Z,30,regular,0,5.815382949707626,12.826283030396013,18.64166598010364,39.770612119900406,60.346203541645195,18.64166598010364,3.5068023003947957,1,150.41286762180306,-135.27800394209422,136.36574949550175,1,p1a_catchup
tslax,2026-08-14T13:30:00Z,60,regular,0,5.815382949707626,12.826283030396013,18.64166598010364,39.770612119900406,60.346203541645195,18.64166598010364,9.511204823997588,1,10.013319688599864,18.139551115501362,-6.084752089199341,0,xstock_reversion
tslax,2026-08-14T13:35:00Z,5,regular,0,2.094508224201874,17.424459292501027,15.329951068299152,81.32794223530304,48.036804270218255,15.329951068299152,5.020204735997069,1,-10.794447808901708,31.14460361319793,18.143859826595943,1,xstock_reversion
tslax,2026-08-14T13:35:00Z,15,regular,0,2.094508224201874,17.424459292501027,15.329951068299152,81.32794223530304,48.036804270218255,15.329951068299152,10.907866528597765,1,69.97634594309687,-65.55426140339549,71.5201738850979,1,p1a_catchup
tslax,2026-08-14T13:35:00Z,30,regular,0,2.094508224201874,17.424459292501027,15.329951068299152,81.32794223530304,48.036804270218255,15.329951068299152,1.9773088338048694,1,100.84995023490251,-83.54269033279849,86.67754169339403,1,p1a_catchup
tslax,2026-08-14T13:35:00Z,60,regular,0,2.094508224201874,17.424459292501027,15.329951068299152,81.32794223530304,48.036804270218255,15.329951068299152,1.532298302402424,1,-30.293521451305594,44.09117421720232,-51.44222661550124,0,xstock_reversion
tslax,2026-08-14T13:45:00Z,5,regular,0,5.982350454498686,20.47371592169611,14.491365467197426,76.47415213609676,53.79094970613073,14.491365467197426,10.907866528597765,1,33.29890440129546,-29.7154054626958,31.793475714101405,1,p1a_catchup
tslax,2026-08-14T13:45:00Z,15,regular,0,5.982350454498686,20.47371592169611,14.491365467197426,76.47415213609676,53.79094970613073,14.491365467197426,3.5068023003947957,1,69.78841497280008,-58.80385180599745,48.09386395519866,1,p1a_catchup
tslax,2026-08-14T13:45:00Z,30,regular,0,5.982350454498686,20.47371592169611,14.491365467197426,76.47415213609676,53.79094970613073,14.491365467197426,11.051665885597473,1,-28.951582580605262,54.49461393340016,-57.90353780979807,0,xstock_reversion
tslax,2026-08-14T13:45:00Z,60,regular,0,5.982350454498686,20.47371592169611,14.491365467197426,76.47415213609676,53.79094970613073,14.491365467197426,8.31523444499993,1,-144.6901702523995,167.49677016459685,-164.24844920839732,0,xstock_reversion
tslax,2026-08-14T14:10:00Z,5,regular,0,1.4110927235044812,20.50959893529658,-21.92069165880106,-83.38949000250118,49.232229505654786,21.92069165880106,11.051665885597473,1,33.69840906190191,-22.829383288698324,21.667049434102026,1,p1a_catchup
tslax,2026-08-14T14:10:00Z,15,regular,0,1.4110927235044812,20.50959893529658,-21.92069165880106,-83.38949000250118,49.232229505654786,21.92069165880106,1.2579922730981963,1,50.437159348399874,-29.77445996269701,23.399901424001612,1,p1a_catchup
tslax,2026-08-14T14:10:00Z,30,regular,0,1.4110927235044812,20.50959893529658,-21.92069165880106,-83.38949000250118,49.232229505654786,21.92069165880106,18.702307934503892,1,123.51540152359952,-120.29701779930235,121.7970381077027,1,p1a_catchup
tslax,2026-08-14T14:10:00Z,60,regular,0,1.4110927235044812,20.50959893529658,-21.92069165880106,-83.38949000250118,49.232229505654786,21.92069165880106,8.368154622795387,1,249.55653484060036,-236.0039978045947,250.3803033636043,1,p1a_catchup
tslax,2026-08-14T14:40:00Z,5,regular,0,0.08892758489587038,18.791235519399763,-18.702307934503892,-90.52255783660534,30.482301171248977,18.702307934503892,8.31523444499993,1,25.921595210096626,-15.534521720592664,6.214922724998573,1,p1a_catchup
tslax,2026-08-14T14:40:00Z,15,regular,0,0.08892758489587038,18.791235519399763,-18.702307934503892,-90.52255783660534,30.482301171248977,18.702307934503892,5.948476056403251,1,61.41196840389718,-48.658136525796536,47.658818626903354,1,p1a_catchup
tslax,2026-08-14T14:40:00Z,30,regular,0,0.08892758489587038,18.791235519399763,-18.702307934503892,-90.52255783660534,30.482301171248977,18.702307934503892,8.368154622795387,1,126.04113331700084,-115.70698000529234,128.58326525590158,1,p1a_catchup
tslax,2026-08-14T14:40:00Z,60,regular,0,0.08892758489587038,18.791235519399763,-18.702307934503892,-90.52255783660534,30.482301171248977,18.702307934503892,0.7135246634959458,1,185.48337344729936,-166.06754084929952,151.65906427220045,1,p1a_catchup
tslax,2026-08-14T23:30:00Z,5,afterhours,1,40.34624883630045,17.090874709397852,23.255374126902595,41.95324929700206,16.758969488059314,23.255374126902595,8.330355874894835,1,-8.796360269700543,40.38209027149797,-2.9244041735054793,0,xstock_reversion
tslax,2026-08-14T23:30:00Z,15,afterhours,1,40.34624883630045,17.090874709397852,23.255374126902595,41.95324929700206,16.758969488059314,23.255374126902595,4.948596179801257,1,-19.878735308500595,48.082705615204446,-8.726028293599697,0,xstock_reversion
tslax,2026-08-17T11:40:00Z,5,premarket,0,2.485601711601504,9.645770376591756,-12.13137208819326,-29.524700165799445,10.193551641570947,12.13137208819326,9.389207826897561,1,10.898026132295513,-8.155861870999814,10.249052859903074,1,p1a_catchup
tslax,2026-08-17T11:40:00Z,15,premarket,0,2.485601711601504,9.645770376591756,-12.13137208819326,-29.524700165799445,10.193551641570947,12.13137208819326,6.311467729496201,1,19.296196446099145,-13.476292087402086,13.765433368506663,1,p1a_catchup
tslax,2026-08-17T11:40:00Z,30,premarket,0,2.485601711601504,9.645770376591756,-12.13137208819326,-29.524700165799445,10.193551641570947,12.13137208819326,5.08482363800411,1,24.063611363196458,-6.847415636999088,17.283050805207978,1,p1a_catchup
tslax,2026-08-17T11:40:00Z,60,premarket,0,2.485601711601504,9.645770376591756,-12.13137208819326,-29.524700165799445,10.193551641570947,12.13137208819326,4.036891389898045,1,58.76919547479709,-50.67471477650187,56.470793551905984,1,p1a_catchup
tslax,2026-08-17T12:25:00Z,5,premarket,0,2.5923317140996716,8.65325182529908,-11.245583539398751,-26.1403099682056,14.723553508246278,11.245583539398751,5.135097801698407,1,6.377510289894417,-0.26702455219407284,3.1836078533942214,1,p1a_catchup
tslax,2026-08-17T12:25:00Z,15,premarket,0,2.5923317140996716,8.65325182529908,-11.245583539398751,-26.1403099682056,14.723553508246278,11.245583539398751,4.036891389898045,1,24.89568132079789,-17.686989171297185,23.589797949199465,1,p1a_catchup
tslax,2026-08-17T12:25:00Z,30,premarket,0,2.5923317140996716,8.65325182529908,-11.245583539398751,-26.1403099682056,14.723553508246278,11.245583539398751,3.232322772497298,1,13.59814633000056,-5.584885563099107,6.415242647994646,1,p1a_catchup
tslax,2026-08-17T12:25:00Z,60,premarket,0,2.5923317140996716,8.65325182529908,-11.245583539398751,-26.1403099682056,14.723553508246278,11.245583539398751,4.226165855900632,1,8.263470717198018,-1.244053033699899,-2.982978255801072,1,p1a_catchup
tslax,2026-08-17T12:35:00Z,5,premarket,0,2.7937463024052533,9.31659506379745,-12.110341366202704,-43.612460637003636,14.787499596157682,12.110341366202704,4.036891389898045,1,5.324111677902366,2.749338298402293,3.3548850678055686,1,p1a_catchup
tslax,2026-08-17T12:35:00Z,15,premarket,0,2.7937463024052533,9.31659506379745,-12.110341366202704,-43.612460637003636,14.787499596157682,12.110341366202704,4.041804840495544,1,-8.834192819300313,24.98633902599856,-22.043596446597036,0,xstock_reversion
tslax,2026-08-17T12:35:00Z,30,premarket,0,2.7937463024052533,9.31659506379745,-12.110341366202704,-43.612460637003636,14.787499596157682,12.110341366202704,5.909423237495659,1,-15.388601233299326,33.40836583699769,-41.10881993159232,0,xstock_reversion
tslax,2026-08-17T12:35:00Z,60,premarket,0,2.7937463024052533,9.31659506379745,-12.110341366202704,-43.612460637003636,14.787499596157682,12.110341366202704,0.5351732918068564,1,44.03730779549697,-32.462139721101124,45.41574941730353,1,p1a_catchup
tslax,2026-08-17T13:30:00Z,5,regular,0,11.833156257399224,30.903391124992297,-19.070234867593072,-67.56716330309942,27.560906578598576,19.070234867593072,0.5351732918068564,1,6.602507742892172,11.932553832894044,-13.605846696496116,1,xstock_reversion
tslax,2026-08-17T13:30:00Z,15,regular,0,11.833156257399224,30.903391124992297,-19.070234867593072,-67.56716330309942,27.560906578598576,19.070234867593072,19.149729861700493,0,-97.60255063370415,135.8225153629977,-141.94639919389294,0,persistent_or_wider
tslax,2026-08-17T13:30:00Z,30,regular,0,11.833156257399224,30.903391124992297,-19.070234867593072,-67.56716330309942,27.560906578598576,19.070234867593072,2.5808709979013855,1,-38.91690697810368,60.56801284359814,-67.84486658999889,0,xstock_reversion
tslax,2026-08-17T13:30:00Z,60,regular,0,11.833156257399224,30.903391124992297,-19.070234867593072,-67.56716330309942,27.560906578598576,19.070234867593072,1.4339980348054837,1,-28.006570442400402,48.51080334479896,-43.856804962496554,0,xstock_reversion
tslax,2026-08-17T13:40:00Z,5,regular,1,11.399879109097455,7.72330363989937,19.123182748996825,18.512794240201913,43.594976228468326,19.123182748996825,19.149729861700493,0,53.69620602009739,-53.72275313280106,59.41335981539453,1,persistent_or_wider
tslax,2026-08-17T13:40:00Z,15,regular,1,11.399879109097455,7.72330363989937,19.123182748996825,18.512794240201913,43.594976228468326,19.123182748996825,10.506647127401791,1,-8.78122827230321,38.41105814870183,-35.87711538360239,0,xstock_reversion
tslax,2026-08-17T13:40:00Z,30,regular,1,11.399879109097455,7.72330363989937,19.123182748996825,18.512794240201913,43.594976228468326,19.123182748996825,5.529182466901261,1,-26.40705870000204,51.059423915900126,-54.734738586903475,0,xstock_reversion
tslax,2026-08-17T13:40:00Z,60,regular,1,11.399879109097455,7.72330363989937,19.123182748996825,18.512794240201913,43.594976228468326,19.123182748996825,3.435215360596544,1,0.1661229659966068,15.521844422403674,-12.189660859798224,0,xstock_reversion
tslax,2026-08-17T13:45:00Z,5,regular,0,5.709272426503986,13.440457435196507,19.149729861700493,135.8225153629977,47.508927312771974,19.149729861700493,12.075233023001175,1,-30.76927606599611,61.99423895069778,-61.76201815510041,0,xstock_reversion
tslax,2026-08-17T13:45:00Z,15,regular,0,5.709272426503986,13.440457435196507,19.149729861700493,135.8225153629977,47.508927312771974,19.149729861700493,2.5808709979013855,1,-58.68564365560047,75.25450251939958,-74.10153260389407,0,xstock_reversion
tslax,2026-08-17T13:45:00Z,30,regular,0,5.709272426503986,13.440457435196507,19.149729861700493,135.8225153629977,47.508927312771974,19.149729861700493,7.390002336800094,1,-63.36168346420479,75.12141098910519,-75.86556400819511,0,xstock_reversion
tslax,2026-08-17T13:45:00Z,60,regular,0,5.709272426503986,13.440457435196507,19.149729861700493,135.8225153629977,47.508927312771974,19.149729861700493,6.2363793527975275,1,-37.24929124519605,50.16264175409901,-51.05074461719816,0,xstock_reversion
tslax,2026-08-17T13:50:00Z,5,regular,0,5.477051630906615,17.55228465390779,-12.075233023001175,61.8957225794059,56.37754092173089,12.075233023001175,10.506647127401791,1,31.708158226404493,-30.13957233080511,33.52845704389651,1,p1a_catchup
tslax,2026-08-17T13:50:00Z,15,regular,0,5.477051630906615,17.55228465390779,-12.075233023001175,61.8957225794059,56.37754092173089,12.075233023001175,1.635065259897317,1,32.723252678907855,-22.283084915803997,23.958444314198246,1,p1a_catchup
tslax,2026-08-17T13:50:00Z,30,regular,0,5.477051630906615,17.55228465390779,-12.075233023001175,61.8957225794059,56.37754092173089,12.075233023001175,4.161248538494533,1,43.819427502107544,-35.9054430176009,39.422251049598955,1,p1a_catchup
tslax,2026-08-17T13:50:00Z,60,regular,0,5.477051630906615,17.55228465390779,-12.075233023001175,61.8957225794059,56.37754092173089,12.075233023001175,3.075102947400765,1,-1.8724731685981766,17.022809139000117,-16.722166629703494,0,xstock_reversion
tslax,2026-08-18T08:00:00Z,5,premarket,0,4.6341982293984785,20.98080057789886,-16.346602348500383,-30.059093023897532,12.064300665609707,16.346602348500383,17.790858215800398,0,20.95231513020046,-22.396570997500476,19.108476241003203,1,persistent_or_wider
tslax,2026-08-18T08:00:00Z,15,premarket,0,4.6341982293984785,20.98080057789886,-16.346602348500383,-30.059093023897532,12.064300665609707,16.346602348500383,5.074677601593081,1,35.1611888575043,-23.889264110596997,21.499605164105873,1,p1a_catchup
tslax,2026-08-18T08:00:00Z,30,premarket,0,4.6341982293984785,20.98080057789886,-16.346602348500383,-30.059093023897532,12.064300665609707,16.346602348500383,0.5988292303982234,1,41.72807875090001,-25.98030563279785,22.396425935102826,1,p1a_catchup
tslax,2026-08-18T08:00:00Z,60,premarket,0,4.6341982293984785,20.98080057789886,-16.346602348500383,-30.059093023897532,12.064300665609707,16.346602348500383,3.595642775300334,1,44.26240810490256,-31.511448531702513,25.685457046105142,1,p1a_catchup
tslax,2026-08-18T08:05:00Z,5,premarket,0,1.3461034729012056,19.136961688701604,-17.790858215800398,-54.983099649303924,13.375386385423763,17.790858215800398,6.261977483106307,1,8.834528651098239,2.694352081595852,-9.263213772605638,1,p1a_catchup
tslax,2026-08-18T08:05:00Z,15,premarket,0,1.3461034729012056,19.136961688701604,-17.790858215800398,-54.983099649303924,13.375386385423763,17.790858215800398,1.009898955599553,1,16.15692856510087,0.6240306950999752,18.24681560989916,1,p1a_catchup
tslax,2026-08-18T08:05:00Z,30,premarket,0,1.3461034729012056,19.136961688701604,-17.790858215800398,-54.983099649303924,13.375386385423763,17.790858215800398,5.166932320701534,1,15.637855419203817,7.319935117298115,-10.155924165902164,1,p1a_catchup
tslax,2026-08-18T08:05:00Z,60,premarket,0,1.3461034729012056,19.136961688701604,-17.790858215800398,-54.983099649303924,13.375386385423763,17.790858215800398,3.017801754499061,1,26.726828247500833,-11.953771786199496,15.253251749802743,1,p1a_catchup
tslax,2026-08-18T10:35:00Z,5,premarket,1,7.9771192354982645,7.230496884496063,15.207616119994327,51.24410538339674,17.020170759936647,15.207616119994327,9.951758494297636,1,11.181269059701293,-5.925411434004602,-1.7930251370934513,0,p1a_catchup
tslax,2026-08-18T10:35:00Z,15,premarket,1,7.9771192354982645,7.230496884496063,15.207616119994327,51.24410538339674,17.020170759936647,15.207616119994327,0.6889120248043668,1,18.219786790494297,-3.7010826953043363,10.452910593805598,1,p1a_catchup
tslax,2026-08-18T10:35:00Z,30,premarket,1,7.9771192354982645,7.230496884496063,15.207616119994327,51.24410538339674,17.020170759936647,15.207616119994327,1.364993408703441,1,28.149508711701188,-11.57689918300342,18.80737922830278,1,p1a_catchup
tslax,2026-08-18T10:35:00Z,60,premarket,1,7.9771192354982645,7.230496884496063,15.207616119994327,51.24410538339674,17.020170759936647,15.207616119994327,6.609472489502721,1,19.930935227296942,-11.332791596805336,6.273057424905915,1,p1a_catchup
tslax,2026-08-18T13:35:00Z,5,regular,0,6.380227586602061,33.34167000780042,39.72189759440248,151.0584597172038,58.31982554537297,39.72189759440248,5.510397599692851,1,-9.45098573570391,54.68328092979924,-81.65484261610345,0,xstock_reversion
tslax,2026-08-18T13:35:00Z,15,regular,0,6.380227586602061,33.34167000780042,39.72189759440248,151.0584597172038,58.31982554537297,39.72189759440248,4.005180651898144,1,-19.990158437801497,55.70687538030583,-50.2157373514045,0,xstock_reversion
tslax,2026-08-18T13:35:00Z,30,regular,0,6.380227586602061,33.34167000780042,39.72189759440248,151.0584597172038,58.31982554537297,39.72189759440248,6.285980798006463,1,-38.894505771196464,84.9023841636054,-85.52036698570298,0,xstock_reversion
tslax,2026-08-18T13:35:00Z,60,regular,0,6.380227586602061,33.34167000780042,39.72189759440248,151.0584597172038,58.31982554537297,39.72189759440248,6.999201761006546,1,-18.255933518203094,50.978629351599025,-44.5908574719045,0,xstock_reversion
tslax,2026-08-18T13:55:00Z,5,regular,0,2.766476493807346,14.266935423901117,11.500458930093771,38.462564705392666,66.71187549020146,11.500458930093771,13.257383202098794,0,-33.86414014010519,58.62198227229776,-47.14027393560194,0,persistent_or_wider
tslax,2026-08-18T13:55:00Z,15,regular,0,2.766476493807346,14.266935423901117,11.500458930093771,38.462564705392666,66.71187549020146,11.500458930093771,6.803320594999107,1,-71.75086520230245,90.05464472739533,-95.8433562324057,0,xstock_reversion
tslax,2026-08-18T13:55:00Z,30,regular,0,2.766476493807346,14.266935423901117,11.500458930093771,38.462564705392666,66.71187549020146,11.500458930093771,2.5688611522056704,1,-58.93275852860036,73.0020786108998,-67.75667340479963,0,xstock_reversion
tslax,2026-08-18T13:55:00Z,60,regular,0,2.766476493807346,14.266935423901117,11.500458930093771,38.462564705392666,66.71187549020146,11.500458930093771,5.923865364403369,1,-84.76587132999924,102.19019562449638,-99.56522822800018,0,xstock_reversion
tslax,2026-08-18T14:00:00Z,5,regular,1,14.248184830503163,0.9908016284043697,-13.257383202098794,1.9447548810003212,74.8798130199048,13.257383202098794,6.285980798006463,1,17.031088070993405,-10.059685666901075,31.306080906103873,1,p1a_catchup
tslax,2026-08-18T14:00:00Z,15,regular,1,14.248184830503163,0.9908016284043697,-13.257383202098794,1.9447548810003212,74.8798130199048,13.257383202098794,4.22517375250564,1,27.984955404800615,-10.502398450196182,31.600290373505757,1,p1a_catchup
tslax,2026-08-18T14:00:00Z,30,regular,1,14.248184830503163,0.9908016284043697,-13.257383202098794,1.9447548810003212,74.8798130199048,13.257383202098794,3.327600497096128,1,15.045787711294167,1.5391959879007544,18.977869796605873,1,p1a_catchup
tslax,2026-08-18T14:00:00Z,60,regular,1,14.248184830503163,0.9908016284043697,-13.257383202098794,1.9447548810003212,74.8798130199048,13.257383202098794,0.310841663102579,1,51.84204102369527,-38.89549948469906,57.488924255100216,1,p1a_catchup
tslax,2026-08-18T19:05:00Z,5,regular,1,36.24248067879421,24.808618947798067,11.433861730996142,41.659328253897954,19.07058449150068,11.433861730996142,2.553798333497781,1,-11.173960500503455,25.161620564997378,2.08280644039327,0,xstock_reversion
tslax,2026-08-18T19:05:00Z,15,regular,1,36.24248067879421,24.808618947798067,11.433861730996142,41.659328253897954,19.07058449150068,11.433861730996142,1.350954649996794,1,-12.690690855601261,25.475507236594197,15.759038689493465,0,xstock_reversion
tslax,2026-08-18T19:05:00Z,30,regular,1,36.24248067879421,24.808618947798067,11.433861730996142,41.659328253897954,19.07058449150068,11.433861730996142,2.6062096291035175,1,-6.145971759599078,20.186043119698738,16.590901408797265,0,xstock_reversion
tslax,2026-08-18T19:05:00Z,60,regular,1,36.24248067879421,24.808618947798067,11.433861730996142,41.659328253897954,19.07058449150068,11.433861730996142,1.2964960188988073,1,-11.167268527003671,23.89762627689862,12.193128750297433,0,xstock_reversion
tslax,2026-08-19T08:05:00Z,5,premarket,0,4.285776003394304,11.54455853430214,15.830334537696444,45.2686274083014,12.875775317210053,15.830334537696444,4.7071597569026125,1,6.290270762594474,4.832904018199358,-1.778568257302382,1,p1a_catchup
tslax,2026-08-19T08:05:00Z,15,premarket,0,4.285776003394304,11.54455853430214,15.830334537696444,45.2686274083014,12.875775317210053,15.830334537696444,4.157904400097223,1,11.401924285401321,0.2705058521978998,-4.447013903501329,0,p1a_catchup
tslax,2026-08-19T08:05:00Z,30,premarket,0,4.285776003394304,11.54455853430214,15.830334537696444,45.2686274083014,12.875775317210053,15.830334537696444,5.145294337793871,1,20.7654589341022,-10.080418734199625,13.45943062220023,1,p1a_catchup
tslax,2026-08-19T08:05:00Z,60,premarket,0,4.285776003394304,11.54455853430214,15.830334537696444,45.2686274083014,12.875775317210053,15.830334537696444,5.255252078191219,1,1.5271721908938218,19.558414424993842,-15.12792279610764,0,xstock_reversion
tslax,2026-08-19T09:15:00Z,5,premarket,1,43.827693974503035,24.70337770300368,19.124316271499353,29.279135324102867,24.45600362170415,19.124316271499353,12.83630571009553,1,-16.32151346390387,48.28213544549875,-5.943183343797287,0,xstock_reversion
tslax,2026-08-19T09:15:00Z,15,premarket,1,43.827693974503035,24.70337770300368,19.124316271499353,29.279135324102867,24.45600362170415,19.124316271499353,0.5779116341031454,1,-30.357280889203864,50.05950879480636,-6.240435249997844,0,xstock_reversion
tslax,2026-08-19T09:15:00Z,30,premarket,1,43.827693974503035,24.70337770300368,19.124316271499353,29.279135324102867,24.45600362170415,19.124316271499353,7.975335153096452,1,-21.836049612700137,32.98503073110304,-5.05148063689731,0,xstock_reversion
tslax,2026-08-19T09:15:00Z,60,premarket,1,43.827693974503035,24.70337770300368,19.124316271499353,29.279135324102867,24.45600362170415,19.124316271499353,1.4132157311941285,1,-39.342489955407345,59.880021958100826,-18.13776272929779,0,xstock_reversion
tslax,2026-08-19T09:20:00Z,5,premarket,0,1.4887418728015689,14.3250475828971,-12.83630571009553,-11.73374139090022,29.43659699672521,12.83630571009553,10.193688459700923,1,12.307669128102106,-9.665051877707498,7.136485583902896,1,p1a_catchup
tslax,2026-08-19T09:20:00Z,15,premarket,0,1.4887418728015689,14.3250475828971,-12.83630571009553,-11.73374139090022,29.43659699672521,12.83630571009553,1.7952027971013251,1,12.252322460097886,2.379186047098969,0.5945126485062957,1,p1a_catchup
tslax,2026-08-19T09:20:00Z,30,premarket,0,1.4887418728015689,14.3250475828971,-12.83630571009553,-11.73374139090022,29.43659699672521,12.83630571009553,6.189242531400296,1,12.89111184670233,-6.244048668007096,2.9729167505010423,1,p1a_catchup
tslax,2026-08-19T09:20:00Z,60,premarket,0,1.4887418728015689,14.3250475828971,-12.83630571009553,-11.73374139090022,29.43659699672521,12.83630571009553,0.6149713318048811,1,22.81735530940132,-9.36607826750091,6.244146315905752,1,p1a_catchup
tslax,2026-08-19T12:35:00Z,5,premarket,0,3.08056775579324,10.62876413080005,13.70933188659329,48.24376983729728,11.673909749884965,13.70933188659329,1.017113430696881,1,2.364321633399058,10.327896822497351,2.9642804426011082,1,xstock_reversion
tslax,2026-08-19T12:35:00Z,15,premarket,0,3.08056775579324,10.62876413080005,13.70933188659329,48.24376983729728,11.673909749884965,13.70933188659329,18.462831893302223,0,14.526179902896175,-19.279679909605107,22.21071469080016,1,persistent_or_wider
tslax,2026-08-19T12:35:00Z,30,premarket,0,3.08056775579324,10.62876413080005,13.70933188659329,48.24376983729728,11.673909749884965,13.70933188659329,1.4501290626967034,1,14.806893429195611,0.3525675200943823,3.260660164299267,1,p1a_catchup
tslax,2026-08-19T12:35:00Z,60,premarket,0,3.08056775579324,10.62876413080005,13.70933188659329,48.24376983729728,11.673909749884965,13.70933188659329,14.573773149404445,0,50.59929222239745,-22.316187186399716,32.55885664459335,1,persistent_or_wider
tslax,2026-08-19T12:45:00Z,5,premarket,1,50.14062031870381,37.607177250702506,-12.533443068001304,-15.160303600403324,17.73726559943815,12.533443068001304,18.462831893302223,0,-23.732076496498777,54.728351457802304,-4.438198164500307,0,persistent_or_wider
tslax,2026-08-19T12:45:00Z,15,premarket,1,50.14062031870381,37.607177250702506,-12.533443068001304,-15.160303600403324,17.73726559943815,12.533443068001304,3.0448626402002077,1,-25.727205617096516,35.21578604489761,13.622769897700948,0,xstock_reversion
tslax,2026-08-19T12:45:00Z,30,premarket,1,50.14062031870381,37.607177250702506,-12.533443068001304,-15.160303600403324,17.73726559943815,12.533443068001304,0.9098483806013746,1,-31.518864867798868,44.96215631640155,5.624546854203771,0,xstock_reversion
tslax,2026-08-19T12:45:00Z,60,premarket,1,50.14062031870381,37.607177250702506,-12.533443068001304,-15.160303600403324,17.73726559943815,12.533443068001304,20.864878399899922,0,-30.031828439698316,21.700393107799698,33.200955380801034,0,persistent_or_wider
tslax,2026-08-19T12:50:00Z,5,premarket,0,0.1495329745981877,18.313298918704035,18.462831893302223,19.279679909605107,27.61416197473962,18.462831893302223,2.363116797798881,1,4.704991785304813,11.394723310198529,-10.062745018704078,0,xstock_reversion
tslax,2026-08-19T12:50:00Z,15,premarket,0,0.1495329745981877,18.313298918704035,18.462831893302223,19.279679909605107,27.61416197473962,18.462831893302223,1.4501290626967034,1,0.28071352629943647,19.63224742969949,-18.950054526500892,0,xstock_reversion
tslax,2026-08-19T12:50:00Z,30,premarket,0,0.1495329745981877,18.313298918704035,18.462831893302223,19.279679909605107,27.61416197473962,18.462831893302223,0.29480625149957973,1,7.539298470602418,11.218339674199385,-11.839575158401061,0,xstock_reversion
tslax,2026-08-19T12:50:00Z,60,premarket,0,0.1495329745981877,18.313298918704035,18.462831893302223,19.279679909605107,27.61416197473962,18.462831893302223,1.8695282646952194,1,7.09003904150407,9.503264587102933,-13.468613511005145,0,xstock_reversion
tslax,2026-08-19T13:25:00Z,5,premarket,0,6.461929332495231,20.994455965599457,14.532526633104226,24.210971296900752,14.230961582501898,14.532526633104226,18.945474873000023,0,51.33537670510613,-55.748324945001926,42.69715096100413,1,persistent_or_wider
tslax,2026-08-19T13:25:00Z,15,premarket,0,6.461929332495231,20.994455965599457,14.532526633104226,24.210971296900752,14.230961582501898,14.532526633104226,9.473664964598782,1,38.30740091930629,-33.248539250800846,32.99360796570561,1,p1a_catchup
tslax,2026-08-19T13:25:00Z,30,premarket,0,6.461929332495231,20.994455965599457,14.532526633104226,24.210971296900752,14.230961582501898,14.532526633104226,5.952015919099551,1,0.5641883483065158,8.016322365698159,-27.035628129796763,0,xstock_reversion
tslax,2026-08-19T13:25:00Z,60,premarket,0,6.461929332495231,20.994455965599457,14.532526633104226,24.210971296900752,14.230961582501898,14.532526633104226,19.507074183895412,0,105.49523302130659,-110.46978057209778,100.99316654510027,1,persistent_or_wider
tslax,2026-08-19T13:30:00Z,5,regular,0,6.589244651502568,12.356230221497455,18.945474873000023,84.01570854250195,23.402210996903754,18.945474873000023,14.573773149404445,1,-37.69375810190212,71.21300612430659,-57.46165977040363,0,xstock_reversion
tslax,2026-08-19T13:30:00Z,15,regular,0,6.589244651502568,12.356230221497455,18.945474873000023,84.01570854250195,23.402210996903754,18.945474873000023,20.864878399899922,0,-67.46711847820386,107.2774717511038,-105.44895526949816,0,persistent_or_wider
tslax,2026-08-19T13:30:00Z,30,regular,0,6.589244651502568,12.356230221497455,18.945474873000023,84.01570854250195,23.402210996903754,18.945474873000023,11.503522745801575,1,-20.412564999903182,27.85451712710163,-31.19594796509695,0,xstock_reversion
tslax,2026-08-19T13:30:00Z,60,regular,0,6.589244651502568,12.356230221497455,18.945474873000023,84.01570854250195,23.402210996903754,18.945474873000023,0.5969226849966702,1,58.57636112819975,-40.2278089401964,42.50976972380194,1,p1a_catchup
tslax,2026-08-19T13:35:00Z,5,regular,0,7.162101702400392,7.4116714470040534,-14.573773149404445,14.254846950993993,42.8699688495109,14.573773149404445,9.473664964598782,1,-24.66578231610228,48.71322043010551,-47.75811677510511,0,xstock_reversion
tslax,2026-08-19T13:35:00Z,15,regular,0,7.162101702400392,7.4116714470040534,-14.573773149404445,14.254846950993993,42.8699688495109,14.573773149404445,1.8695282646952194,1,28.983073277997207,-12.539771863897542,23.816755464798334,1,p1a_catchup
tslax,2026-08-19T13:35:00Z,30,regular,0,7.162101702400392,7.4116714470040534,-14.573773149404445,14.254846950993993,42.8699688495109,14.573773149404445,3.425188519106115,1,-26.91787264409662,44.91683431260718,-33.189542580602804,0,xstock_reversion
tslax,2026-08-19T13:35:00Z,60,regular,0,7.162101702400392,7.4116714470040534,-14.573773149404445,14.254846950993993,42.8699688495109,14.573773149404445,25.415250915896692,0,-165.17948944690275,205.1685135122039,-192.86803371960204,0,persistent_or_wider
tslax,2026-08-19T13:45:00Z,5,regular,0,4.760728169896922,25.625606569796844,-20.864878399899922,-107.2774717511038,60.88444138098298,20.864878399899922,1.8695282646952194,1,-0.7902870983045318,23.524693762899673,-24.170540034296195,0,xstock_reversion
tslax,2026-08-19T13:45:00Z,15,regular,0,4.760728169896922,25.625606569796844,-20.864878399899922,-107.2774717511038,60.88444138098298,20.864878399899922,11.503522745801575,1,-47.054553478300676,79.42295462400217,-74.25300730440121,0,xstock_reversion
tslax,2026-08-19T13:45:00Z,30,regular,0,4.760728169896922,25.625606569796844,-20.864878399899922,-107.2774717511038,60.88444138098298,20.864878399899922,14.58971371500084,1,-68.28220820260356,103.73680031750432,-98.97999290969572,0,xstock_reversion
tslax,2026-08-19T13:45:00Z,60,regular,0,4.760728169896922,25.625606569796844,-20.864878399899922,-107.2774717511038,60.88444138098298,20.864878399899922,2.2729701422008475,1,-247.14096587239885,265.7328741300979,-282.94177690099787,0,xstock_reversion
tslax,2026-08-19T14:00:00Z,5,regular,1,9.930675489497887,1.5728472563036888,11.503522745801575,79.42295462400217,57.8700057360521,11.503522745801575,3.425188519106115,1,9.636679542097681,-1.5583453154022209,6.923830775296125,1,p1a_catchup
tslax,2026-08-19T14:00:00Z,15,regular,1,9.930675489497887,1.5728472563036888,11.503522745801575,79.42295462400217,57.8700057360521,11.503522745801575,14.58971371500084,0,21.22765472430288,-24.313845693502145,24.726985605294516,1,persistent_or_wider
tslax,2026-08-19T14:00:00Z,30,regular,1,9.930675489497887,1.5728472563036888,11.503522745801575,79.42295462400217,57.8700057360521,11.503522745801575,0.5969226849966702,1,78.98892612810293,-68.08232606729803,73.70571768889889,1,p1a_catchup
tslax,2026-08-19T14:00:00Z,60,regular,1,9.930675489497887,1.5728472563036888,11.503522745801575,79.42295462400217,57.8700057360521,11.503522745801575,2.7755715362953737,1,226.61115222369688,-212.33205794159994,216.9146858499982,1,p1a_catchup
tslax,2026-08-19T14:15:00Z,5,regular,1,9.517535577705516,5.0721781372953245,14.58971371500084,24.313845693502145,33.9798817467908,14.58971371500084,0.0677870240028966,1,0.6705423207975514,13.986958418206186,-8.529788596094434,0,xstock_reversion
tslax,2026-08-19T14:15:00Z,15,regular,1,9.517535577705516,5.0721781372953245,14.58971371500084,24.313845693502145,33.9798817467908,14.58971371500084,0.5969226849966702,1,57.76127140380005,-43.76848037379588,48.97873208360437,1,p1a_catchup
tslax,2026-08-19T14:15:00Z,30,regular,1,9.517535577705516,5.0721781372953245,14.58971371500084,24.313845693502145,33.9798817467908,14.58971371500084,2.2729701422008475,1,178.8587576697953,-161.99607381259364,183.96178399130213,1,p1a_catchup
tslax,2026-08-19T14:15:00Z,60,regular,1,9.517535577705516,5.0721781372953245,14.58971371500084,24.313845693502145,33.9798817467908,14.58971371500084,0.5330299006001127,1,190.429304218398,-176.37262040399725,197.08656502570142,1,p1a_catchup
tslax,2026-08-19T14:25:00Z,5,regular,0,3.0146846945022787,16.492389489393133,19.507074183895412,119.9534286103976,44.02162752510435,19.507074183895412,0.5969226849966702,1,4.416504811999289,14.493646686899453,-15.786245860294201,0,xstock_reversion
tslax,2026-08-19T14:25:00Z,15,regular,0,3.0146846945022787,16.492389489393133,19.507074183895412,119.9534286103976,44.02162752510435,19.507074183895412,19.246686053699946,1,129.406397126397,-129.14600899620154,126.69879009690632,1,p1a_catchup
tslax,2026-08-19T14:25:00Z,30,regular,0,3.0146846945022787,16.492389489393133,19.507074183895412,119.9534286103976,44.02162752510435,19.507074183895412,8.439411203893243,1,158.97795963430104,-147.9102966542989,146.36476314699996,1,p1a_catchup
tslax,2026-08-19T14:25:00Z,60,regular,0,3.0146846945022787,16.492389489393133,19.507074183895412,119.9534286103976,44.02162752510435,19.507074183895412,10.624465211295231,1,179.65153470799856,-170.76892573539837,146.7245853948018,1,p1a_catchup
tslax,2026-08-19T14:35:00Z,5,regular,0,5.138378090201456,20.276872825695236,25.415250915896692,151.48313723970296,55.591772402590614,25.415250915896692,19.246686053699946,1,56.08052209759684,-49.911957235400095,49.58843173180405,1,p1a_catchup
tslax,2026-08-19T14:35:00Z,15,regular,0,5.138378090201456,20.276872825695236,25.415250915896692,151.48313723970296,55.591772402590614,25.415250915896692,3.3394410132991936,1,63.041969067700876,-40.96615916510338,39.921367529798246,1,p1a_catchup
tslax,2026-08-19T14:35:00Z,30,regular,0,5.138378090201456,20.276872825695236,25.415250915896692,151.48313723970296,55.591772402590614,25.415250915896692,5.051667889999223,1,63.52062478809373,-33.05370598219781,45.42264009040231,1,p1a_catchup
tslax,2026-08-19T14:35:00Z,60,regular,0,5.138378090201456,20.276872825695236,25.415250915896692,151.48313723970296,55.591772402590614,25.415250915896692,7.05031579770754,1,74.52296876810038,-42.05740205449615,54.058092184101625,1,p1a_catchup
tslax,2026-08-19T14:40:00Z,5,regular,0,5.461903593797501,13.784782459902445,19.246686053699946,129.14600899620154,45.53191803902426,19.246686053699946,2.2729701422008475,1,-3.8924060484024636,25.412062244303257,-7.501984049502752,0,xstock_reversion
tslax,2026-08-19T14:40:00Z,15,regular,0,5.461903593797501,13.784782459902445,19.246686053699946,129.14600899620154,45.53191803902426,19.246686053699946,8.439411203893243,1,29.571562507904048,-18.764287658097345,19.665973050093655,1,p1a_catchup
tslax,2026-08-19T14:40:00Z,30,regular,0,5.461903593797501,13.784782459902445,19.246686053699946,129.14600899620154,45.53191803902426,19.246686053699946,0.7029035304029208,1,5.884694622899644,14.064894961203223,-5.9145564725060495,0,xstock_reversion
tslax,2026-08-19T14:40:00Z,60,regular,0,5.461903593797501,13.784782459902445,19.246686053699946,129.14600899620154,45.53191803902426,19.246686053699946,1.352384123700645,1,22.110810465800768,-4.2165085358014665,6.1186048144978855,1,p1a_catchup
tslax,2026-08-19T19:50:00Z,5,regular,0,2.2160065480036906,9.418929427500444,11.634935975504135,13.304869564398913,23.920334684466674,11.634935975504135,11.849088061799407,0,34.00842132600168,-34.22257341229695,43.527037603698915,1,persistent_or_wider
tslax,2026-08-19T19:50:00Z,15,regular,0,2.2160065480036906,9.418929427500444,11.634935975504135,13.304869564398913,23.920334684466674,11.634935975504135,0.050359698802182606,1,46.545354308404896,-34.86005863409858,40.10881846260084,1,p1a_catchup
tslax,2026-08-19T19:50:00Z,30,regular,0,2.2160065480036906,9.418929427500444,11.634935975504135,13.304869564398913,23.920334684466674,11.634935975504135,13.319825030997379,0,25.912745012099947,-0.9579840055984334,19.42362167400624,1,persistent_or_wider
tslax,2026-08-19T19:50:00Z,60,regular,0,2.2160065480036906,9.418929427500444,11.634935975504135,13.304869564398913,23.920334684466674,11.634935975504135,10.237032856901251,1,21.86385780520439,0.008111027200996546,21.57313196930133,1,p1a_catchup
tslax,2026-08-19T19:55:00Z,5,regular,0,7.088457643398272,18.937545705197678,11.849088061799407,72.69918810830056,26.54279790836271,11.849088061799407,7.8878835835993755,1,11.349540856002704,-7.388336377802673,2.3806689792049696,1,p1a_catchup
tslax,2026-08-19T19:55:00Z,15,regular,0,7.088457643398272,18.937545705197678,11.849088061799407,72.69918810830056,26.54279790836271,11.849088061799407,7.413399942102217,1,6.671780748801481,12.590707255100142,-15.961695328199355,0,xstock_reversion
tslax,2026-08-19T19:55:00Z,30,regular,0,7.088457643398272,18.937545705197678,11.849088061799407,72.69918810830056,26.54279790836271,11.849088061799407,1.0706132685012193,1,-8.654575711997126,21.57427704229775,-27.664112784497874,0,xstock_reversion
tslax,2026-08-19T19:55:00Z,60,regular,0,7.088457643398272,18.937545705197678,11.849088061799407,72.69918810830056,26.54279790836271,11.849088061799407,0.9247517105048786,1,-10.361753849501554,21.28609020079608,-30.57757442599396,0,xstock_reversion
tslax,2026-08-19T20:20:00Z,5,afterhours,1,16.249631120404118,2.929806089406739,-13.319825030997379,-33.902074628500145,19.633594536746248,13.319825030997379,1.0706132685012193,1,0.5588993980953916,11.690312364400768,3.560696854805201,0,xstock_reversion
tslax,2026-08-19T20:20:00Z,15,afterhours,1,16.249631120404118,2.929806089406739,-13.319825030997379,-33.902074628500145,19.633594536746248,13.319825030997379,3.5871340316973033,1,-1.1817561878046945,18.088715250499376,-3.5679911048003277,0,xstock_reversion
tslax,2026-08-19T20:20:00Z,30,afterhours,1,16.249631120404118,2.929806089406739,-13.319825030997379,-33.902074628500145,19.633594536746248,13.319825030997379,10.237032856901251,1,4.048887206895557,-0.96609503279943,-2.1495102952950873,0,p1a_catchup
tslax,2026-08-19T20:20:00Z,60,afterhours,1,16.249631120404118,2.929806089406739,-13.319825030997379,-33.902074628500145,19.633594536746248,13.319825030997379,2.828888979200528,1,8.419982552396732,2.070953499400119,10.703044133704154,1,p1a_catchup
tslax,2026-08-20T08:20:00Z,5,premarket,0,4.615074402600783,12.004262733293913,-16.619337135894696,-56.60114803129446,9.932605889419586,16.619337135894696,0.8524696607015159,1,0.6014280535993066,16.870378742996905,0.6944087756988182,1,xstock_reversion
tslax,2026-08-20T08:20:00Z,15,premarket,0,4.615074402600783,12.004262733293913,-16.619337135894696,-56.60114803129446,9.932605889419586,16.619337135894696,4.7211984183981315,1,18.15134685639208,3.1891886979007467,-0.5738551590983576,1,p1a_catchup
tslax,2026-08-20T08:20:00Z,30,premarket,0,4.615074402600783,12.004262733293913,-16.619337135894696,-56.60114803129446,9.932605889419586,16.619337135894696,3.846753774601197,1,32.936419507398895,-12.470328596903002,15.506550316004564,1,p1a_catchup
tslax,2026-08-20T08:20:00Z,60,premarket,0,4.615074402600783,12.004262733293913,-16.619337135894696,-56.60114803129446,9.932605889419586,16.619337135894696,1.5749182669022588,1,1.246826924399258,16.947428478397697,-13.047064469597913,0,xstock_reversion
tslax,2026-08-20T08:30:00Z,5,premarket,0,2.7804591592950345,15.606778830106194,-18.38723798940123,-48.17877019309691,20.225757242424322,18.38723798940123,4.7211984183981315,1,-2.9531135314009305,26.06154993920029,-25.28083164370365,0,xstock_reversion
tslax,2026-08-20T08:30:00Z,15,premarket,0,2.7804591592950345,15.606778830106194,-18.38723798940123,-48.17877019309691,20.225757242424322,18.38723798940123,12.822266441405716,1,15.431803512200304,-9.866831964204792,2.87686998529324,1,p1a_catchup
tslax,2026-08-20T08:30:00Z,30,premarket,0,2.7804591592950345,15.606778830106194,-18.38723798940123,-48.17877019309691,20.225757242424322,18.38723798940123,10.691058535607922,1,1.0866556360067392,27.99164088900241,-27.28906540890641,0,xstock_reversion
tslax,2026-08-20T08:30:00Z,60,premarket,0,2.7804591592950345,15.606778830106194,-18.38723798940123,-48.17877019309691,20.225757242424322,18.38723798940123,3.0297762499031933,1,-22.60123347889831,37.95869521839634,-33.02465489800177,0,xstock_reversion
tslax,2026-08-20T08:45:00Z,5,premarket,1,9.770421138206586,3.05184530319913,-12.822266441405716,-9.866831964204792,25.57141367797792,12.822266441405716,3.846753774601197,1,-3.59984439259442,20.268864608601334,-12.077296153893968,0,xstock_reversion
tslax,2026-08-20T08:45:00Z,15,premarket,1,9.770421138206586,3.05184530319913,-12.822266441405716,-9.866831964204792,25.57141367797792,12.822266441405716,10.691058535607922,1,-14.345147876193565,37.8584728532072,-30.16593539419965,0,xstock_reversion
tslax,2026-08-20T08:45:00Z,30,premarket,1,9.770421138206586,3.05184530319913,-12.822266441405716,-9.866831964204792,25.57141367797792,12.822266441405716,1.748494177400417,1,-32.967840300193174,47.53860091899931,-41.63382655929304,0,xstock_reversion
tslax,2026-08-20T08:45:00Z,60,premarket,1,9.770421138206586,3.05184530319913,-12.822266441405716,-9.866831964204792,25.57141367797792,12.822266441405716,1.3076274578072145,1,-33.552457820293924,47.682351719506855,-34.18119342849302,0,xstock_reversion
tslax,2026-08-20T11:25:00Z,5,premarket,1,6.312974758095891,6.148856090106847,-12.461830848202737,-27.113246960297488,8.864259049234027,12.461830848202737,2.0442646038976164,1,-1.353889769797334,15.859985221897688,-9.470920678706918,0,xstock_reversion
tslax,2026-08-20T11:25:00Z,15,premarket,1,6.312974758095891,6.148856090106847,-12.461830848202737,-27.113246960297488,8.864259049234027,12.461830848202737,3.1151926834027677,1,-3.077945656295711,18.654969187901216,-6.685105252399737,0,xstock_reversion
tslax,2026-08-20T11:25:00Z,30,premarket,1,6.312974758095891,6.148856090106847,-12.461830848202737,-27.113246960297488,8.864259049234027,12.461830848202737,6.504076374502787,1,21.09445058080084,-15.136696107100889,27.60288132299671,1,p1a_catchup
tslax,2026-08-20T11:25:00Z,60,premarket,1,6.312974758095891,6.148856090106847,-12.461830848202737,-27.113246960297488,8.864259049234027,12.461830848202737,3.1932202509032948,1,79.82035439860091,-70.55174380130147,83.03827664369656,1,p1a_catchup
tslax,2026-08-20T12:00:00Z,5,premarket,0,1.5366331605992656,15.99251530450374,-17.529148465103006,-43.39757984760162,14.861907370048373,17.529148465103006,13.858452930195497,1,16.302283204403523,-12.631587669496014,7.546610200996895,1,p1a_catchup
tslax,2026-08-20T12:00:00Z,15,premarket,0,1.5366331605992656,15.99251530450374,-17.529148465103006,-43.39757984760162,14.861907370048373,17.529148465103006,9.19802378800405,1,32.1702135742008,-23.839088897101846,29.80964109559281,1,p1a_catchup
tslax,2026-08-20T12:00:00Z,30,premarket,0,1.5366331605992656,15.99251530450374,-17.529148465103006,-43.39757984760162,14.861907370048373,17.529148465103006,12.01332670730082,1,52.617184188701316,-47.10136243089913,51.17376836749621,1,p1a_catchup
tslax,2026-08-20T12:00:00Z,60,premarket,0,1.5366331605992656,15.99251530450374,-17.529148465103006,-43.39757984760162,14.861907370048373,17.529148465103006,3.858518287600532,1,50.98807550780293,-29.600408755099394,30.206198686393293,1,p1a_catchup
tslax,2026-08-20T12:05:00Z,5,premarket,0,6.6216106290983845,7.236842301097113,-13.858452930195497,-53.84009946469703,14.881271964405045,13.858452930195497,4.182141718693799,1,5.217389300300468,4.45892191120123,7.222824438199993,1,p1a_catchup
tslax,2026-08-20T12:05:00Z,15,premarket,0,6.6216106290983845,7.236842301097113,-13.858452930195497,-53.84009946469703,14.881271964405045,13.858452930195497,1.3200789566969462,1,18.916400548301127,-6.3780265748025755,15.897105739703932,1,p1a_catchup
tslax,2026-08-20T12:05:00Z,30,premarket,0,6.6216106290983845,7.236842301097113,-13.858452930195497,-53.84009946469703,14.881271964405045,13.858452930195497,7.732736984298327,1,46.10609812759847,-39.9803821817013,51.54053568349859,1,p1a_catchup
tslax,2026-08-20T12:05:00Z,60,premarket,0,6.6216106290983845,7.236842301097113,-13.858452930195497,-53.84009946469703,14.881271964405045,13.858452930195497,2.2773390720054465,1,36.44855533009306,-24.867441471903007,36.99832336329756,1,p1a_catchup
tslax,2026-08-20T12:30:00Z,5,premarket,0,2.5357727759978133,14.549099483298633,-12.01332670730082,-23.262273533797284,11.067812533701678,12.01332670730082,7.732736984298327,1,9.791197143300678,-5.510607420298186,7.913377516999276,1,p1a_catchup
tslax,2026-08-20T12:30:00Z,15,premarket,0,2.5357727759978133,14.549099483298633,-12.01332670730082,-23.262273533797284,11.067812533701678,12.01332670730082,6.264139166303195,1,18.43004386199887,-12.680856321001244,7.042512311903337,1,p1a_catchup
tslax,2026-08-20T12:30:00Z,30,premarket,0,2.5357727759978133,14.549099483298633,-12.01332670730082,-23.262273533797284,11.067812533701678,12.01332670730082,3.858518287600532,1,-1.6291086808983835,17.500953675799735,-20.967569681102916,0,xstock_reversion
tslax,2026-08-20T12:30:00Z,60,premarket,0,2.5357727759978133,14.549099483298633,-12.01332670730082,-23.262273533797284,11.067812533701678,12.01332670730082,14.336904585299237,0,26.39774089449709,-28.721318772495508,21.71219300850069,1,persistent_or_wider
tslax,2026-08-20T13:25:00Z,5,premarket,0,1.3598624750965627,19.89202158720005,21.25188406229661,32.070943212891834,24.08018526180375,21.25188406229661,14.336904585299237,1,-34.42847659999693,70.01726524759277,-64.18404978449921,0,xstock_reversion
tslax,2026-08-20T13:25:00Z,15,premarket,0,1.3598624750965627,19.89202158720005,21.25188406229661,32.070943212891834,24.08018526180375,21.25188406229661,0.2072603487945912,1,-56.60403234809763,77.64865606159965,-75.7897876369995,0,xstock_reversion
tslax,2026-08-20T13:25:00Z,30,premarket,0,1.3598624750965627,19.89202158720005,21.25188406229661,32.070943212891834,24.08018526180375,21.25188406229661,0.5028809036033977,1,-14.503351281698329,35.25235444039154,-30.2296379184952,0,xstock_reversion
tslax,2026-08-20T13:25:00Z,60,premarket,0,1.3598624750965627,19.89202158720005,21.25188406229661,32.070943212891834,24.08018526180375,21.25188406229661,10.867249161501391,1,-127.86037105139592,159.9795042751939,-171.8856045136974,0,xstock_reversion
tslax,2026-08-20T13:30:00Z,5,regular,0,4.4733529879970035,9.863551597302234,-14.336904585299237,-36.32775151389822,38.83012260188064,14.336904585299237,6.499527565102525,1,19.36894447609916,-11.531567455902447,29.509040937201192,1,p1a_catchup
tslax,2026-08-20T13:30:00Z,15,regular,0,4.4733529879970035,9.863551597302234,-14.336904585299237,-36.32775151389822,38.83012260188064,14.336904585299237,7.646923047204268,1,1.1347182000065459,20.84910943249696,-6.704244979500729,0,xstock_reversion
tslax,2026-08-20T13:30:00Z,30,regular,0,4.4733529879970035,9.863551597302234,-14.336904585299237,-36.32775151389822,38.83012260188064,14.336904585299237,5.16718625929613,1,-6.490851286296007,15.660569612299113,-7.119661462899884,0,xstock_reversion
tslax,2026-08-20T13:30:00Z,60,regular,0,4.4733529879970035,9.863551597302234,-14.336904585299237,-36.32775151389822,38.83012260188064,14.336904585299237,13.087558746196493,1,133.3119991325038,-132.06265329340107,139.6086524921003,1,p1a_catchup
tslax,2026-08-20T14:30:00Z,5,regular,0,3.0726462107022456,16.16020495689874,-13.087558746196493,-88.49142654129949,13.575627994841101,13.087558746196493,5.572658091095306,1,-12.51938918650275,31.17960602379455,-30.734568620598424,0,xstock_reversion
tslax,2026-08-20T14:30:00Z,15,regular,0,3.0726462107022456,16.16020495689874,-13.087558746196493,-88.49142654129949,13.575627994841101,13.087558746196493,1.8982154084046243,1,-14.35023875909991,29.336012913701026,-23.6759187697988,0,xstock_reversion
tslax,2026-08-20T14:30:00Z,30,regular,0,3.0726462107022456,16.16020495689874,-13.087558746196493,-88.49142654129949,13.575627994841101,13.087558746196493,8.47968760380624,1,-36.60967426579731,58.17692061580004,-62.42086729449703,0,xstock_reversion
tslax,2026-08-20T14:30:00Z,60,regular,0,3.0726462107022456,16.16020495689874,-13.087558746196493,-88.49142654129949,13.575627994841101,13.087558746196493,1.3508036253995215,1,-119.46738334760454,133.90574571920055,-134.22922069199927,0,xstock_reversion
tslax,2026-08-20T15:50:00Z,5,regular,1,7.2029944330953555,6.020741872099222,13.223736305194578,59.141470445496225,18.923295585537304,13.223736305194578,1.3866642145021757,1,4.809972222696857,7.027099867995545,0.8677166042936335,1,xstock_reversion
tslax,2026-08-20T15:50:00Z,15,regular,1,7.2029944330953555,6.020741872099222,13.223736305194578,59.141470445496225,18.923295585537304,13.223736305194578,2.213566172502013,1,5.197213201997286,10.240089275699304,-4.773787657104123,0,xstock_reversion
tslax,2026-08-20T15:50:00Z,30,regular,1,7.2029944330953555,6.020741872099222,13.223736305194578,59.141470445496225,18.923295585537304,13.223736305194578,1.427979191994666,1,-11.19261866360688,25.844334160796123,-26.211575608705573,0,xstock_reversion
tslax,2026-08-20T15:50:00Z,60,regular,1,7.2029944330953555,6.020741872099222,13.223736305194578,59.141470445496225,18.923295585537304,13.223736305194578,3.682660998398646,1,-43.63198145570735,60.53837875930057,-57.72733414469933,0,xstock_reversion
tslax,2026-08-20T19:55:00Z,5,regular,0,2.576472984996414,16.398566297493034,13.82209331249662,53.057519671497744,24.450101381563858,13.82209331249662,10.895959176107084,1,14.030437108392135,-11.1043029720026,10.131566483000398,1,p1a_catchup
tslax,2026-08-20T19:55:00Z,15,regular,0,2.576472984996414,16.398566297493034,13.82209331249662,53.057519671497744,24.450101381563858,13.82209331249662,6.155086069199456,1,15.803449570794825,-8.136442327497662,6.369611379604123,1,p1a_catchup
tslax,2026-08-20T19:55:00Z,30,regular,0,2.576472984996414,16.398566297493034,13.82209331249662,53.057519671497744,24.450101381563858,13.82209331249662,9.365701218495559,1,38.01676150369637,-33.56036940969531,48.53817457339815,1,p1a_catchup
tslax,2026-08-20T19:55:00Z,60,regular,0,2.576472984996414,16.398566297493034,13.82209331249662,53.057519671497744,24.450101381563858,13.82209331249662,4.800459659399792,1,57.33673209679324,-38.71417912489683,36.71426294220126,1,p1a_catchup
tslax,2026-08-20T20:20:00Z,5,afterhours,0,2.4544385045999206,9.955639207896994,12.410077712496914,36.104287439098215,23.1377036264222,12.410077712496914,9.365701218495559,1,8.858688995498909,-5.814312501497554,25.82302915479673,1,p1a_catchup
tslax,2026-08-20T20:20:00Z,15,afterhours,0,2.4544385045999206,9.955639207896994,12.410077712496914,36.104287439098215,23.1377036264222,12.410077712496914,2.509412727800253,1,28.085182138495313,-18.18451715379865,22.07549743710402,1,p1a_catchup
tslax,2026-08-20T20:20:00Z,30,afterhours,0,2.4544385045999206,9.955639207896994,12.410077712496914,36.104287439098215,23.1377036264222,12.410077712496914,2.2864769475017255,1,32.590970288302046,-17.894415628303406,18.675559606800007,1,p1a_catchup
tslax,2026-08-20T20:20:00Z,60,afterhours,0,2.4544385045999206,9.955639207896994,12.410077712496914,36.104287439098215,23.1377036264222,12.410077712496914,4.436129972900105,1,13.034526560193882,3.811681125203137,6.493776832998677,1,p1a_catchup
tslax,2026-08-20T20:30:00Z,5,afterhours,0,2.3631622094022475,12.990138666300055,15.353300875702303,49.29027023259813,16.184449923295034,15.353300875702303,2.509412727800253,1,3.5242708969995817,9.319617250902468,-5.519913262794773,0,xstock_reversion
tslax,2026-08-20T20:30:00Z,15,afterhours,0,2.3631622094022475,12.990138666300055,15.353300875702303,49.29027023259813,16.184449923295034,15.353300875702303,2.434635019996634,1,9.216159762104326,3.702506093601343,2.5499491229030724,1,p1a_catchup
tslax,2026-08-20T20:30:00Z,30,afterhours,0,2.3631622094022475,12.990138666300055,15.353300875702303,49.29027023259813,16.184449923295034,15.353300875702303,1.7851143848002238,1,1.6701611998026777,15.468254060699849,-12.44212518579424,0,xstock_reversion
tslax,2026-08-20T20:30:00Z,60,afterhours,0,2.3631622094022475,12.990138666300055,15.353300875702303,49.29027023259813,16.184449923295034,15.353300875702303,1.4437645518050601,1,-16.561661617995327,33.35872704550269,-30.693572751596676,0,xstock_reversion
tslax,2026-08-21T10:15:00Z,5,premarket,0,3.2412920228974684,29.567995523898105,-26.326703501000637,-56.89368094220271,26.08871706644943,26.326703501000637,7.893182942702026,1,11.812143050899948,6.6213775073986625,2.29726626329807,1,p1a_catchup
tslax,2026-08-21T10:15:00Z,15,premarket,0,3.2412920228974684,29.567995523898105,-26.326703501000637,-56.89368094220271,26.08871706644943,26.326703501000637,0.06543607350195657,1,6.113965583400827,20.278173991101767,-26.380700050303574,0,xstock_reversion
tslax,2026-08-21T10:15:00Z,30,premarket,0,3.2412920228974684,29.567995523898105,-26.326703501000637,-56.89368094220271,26.08871706644943,26.326703501000637,1.4035047928029343,1,0.6305397841988025,27.09966850960477,-25.807945962101897,0,xstock_reversion
tslax,2026-08-21T10:15:00Z,60,premarket,0,3.2412920228974684,29.567995523898105,-26.326703501000637,-56.89368094220271,26.08871706644943,26.326703501000637,10.676025051097326,1,10.070191488900093,26.93253706319787,-36.68466798919745,0,xstock_reversion
tslax,2026-08-21T11:00:00Z,5,premarket,1,27.85819206990503,4.02530289850489,-23.83288917140014,-56.4019097289048,19.32776853525136,23.83288917140014,7.9483241677991145,1,-8.714213789904335,40.49542712910359,-15.128817252900717,0,xstock_reversion
tslax,2026-08-21T11:00:00Z,15,premarket,1,27.85819206990503,4.02530289850489,-23.83288917140014,-56.4019097289048,19.32776853525136,23.83288917140014,10.676025051097326,1,-21.725864060000433,56.2347782824979,-34.88742511569498,0,xstock_reversion
tslax,2026-08-21T11:00:00Z,30,premarket,1,27.85819206990503,4.02530289850489,-23.83288917140014,-56.4019097289048,19.32776853525136,23.83288917140014,4.574370841305964,1,-35.96627247830497,55.22479080839915,-36.60372135270151,0,xstock_reversion
tslax,2026-08-21T11:00:00Z,60,premarket,1,27.85819206990503,4.02530289850489,-23.83288917140014,-56.4019097289048,19.32776853525136,23.83288917140014,7.612356536803588,1,-34.54799942140596,50.76853205600251,-27.160444692597707,0,xstock_reversion
tslax,2026-08-21T13:10:00Z,5,premarket,1,8.477679906500057,5.929401079294294,-14.407080985794352,-31.4348710823964,12.372806502184554,14.407080985794352,1.1184394624041971,1,1.8886259321959642,11.40001559119419,2.00667938230481,1,xstock_reversion
tslax,2026-08-21T13:10:00Z,15,premarket,1,8.477679906500057,5.929401079294294,-14.407080985794352,-31.4348710823964,12.372806502184554,14.407080985794352,15.403585718702928,0,-11.423106706303088,41.23377341080037,-36.62274128469534,0,persistent_or_wider
tslax,2026-08-21T13:10:00Z,30,premarket,1,8.477679906500057,5.929401079294294,-14.407080985794352,-31.4348710823964,12.372806502184554,14.407080985794352,1.5897142048082458,1,-1.8048897594979962,17.801684950100594,-1.0031887077932566,0,xstock_reversion
tslax,2026-08-21T13:10:00Z,60,premarket,1,8.477679906500057,5.929401079294294,-14.407080985794352,-31.4348710823964,12.372806502184554,14.407080985794352,0.2876267008922184,1,-261.0030278292985,275.12248211420064,-247.5762875529952,0,xstock_reversion
tslax,2026-08-21T13:25:00Z,5,premarket,0,3.866647780395027,19.270233499097955,15.403585718702928,41.23377341080037,20.74828830702756,15.403585718702928,12.294055922801306,1,-29.249511364000114,56.94715300550435,-57.42574441839565,0,xstock_reversion
tslax,2026-08-21T13:25:00Z,15,premarket,0,3.866647780395027,19.270233499097955,15.403585718702928,41.23377341080037,20.74828830702756,15.403585718702928,1.5897142048082458,1,-9.618216946805092,23.432088460699774,-35.61955257690208,0,xstock_reversion
tslax,2026-08-21T13:25:00Z,30,premarket,0,3.866647780395027,19.270233499097955,15.403585718702928,41.23377341080037,20.74828830702756,15.403585718702928,28.600680677097756,0,101.31742519320142,-114.51452015159624,119.65821287450495,1,persistent_or_wider
tslax,2026-08-21T13:25:00Z,60,premarket,0,3.866647780395027,19.270233499097955,15.403585718702928,41.23377341080037,20.74828830702756,15.403585718702928,14.531803210395822,1,275.84708932780086,-274.97530681949377,271.9391362558987,1,p1a_catchup
tslax,2026-08-21T13:30:00Z,5,regular,0,3.3880563675037223,8.905999555297583,-12.294055922801306,-27.11339518589817,31.914307427412247,12.294055922801306,5.748367314497571,1,-14.196596975200038,32.239020212498914,-29.541695321499972,0,xstock_reversion
tslax,2026-08-21T13:30:00Z,15,regular,0,3.3880563675037223,8.905999555297583,-12.294055922801306,-27.11339518589817,31.914307427412247,12.294055922801306,8.298844176604092,1,-41.200635330795876,61.793535430201274,-65.00818959479737,0,xstock_reversion
tslax,2026-08-21T13:30:00Z,30,regular,0,3.3880563675037223,8.905999555297583,-12.294055922801306,-27.11339518589817,31.914307427412247,12.294055922801306,24.707151959404428,0,-204.51256659329786,241.5137744755036,-241.07809977869545,0,persistent_or_wider
tslax,2026-08-21T13:30:00Z,60,regular,0,3.3880563675037223,8.905999555297583,-12.294055922801306,-27.11339518589817,31.914307427412247,12.294055922801306,8.059564699607336,1,-285.6384297839032,289.87292100709715,-277.8822051628982,0,xstock_reversion
tslax,2026-08-21T13:55:00Z,5,regular,0,9.010340503303738,37.611021180401494,28.600680677097756,137.94660861229602,52.463252993215285,28.600680677097756,24.707151959404428,1,73.94563003609633,-70.052101318403,63.994142485794825,1,p1a_catchup
tslax,2026-08-21T13:55:00Z,15,regular,0,9.010340503303738,37.611021180401494,28.600680677097756,137.94660861229602,52.463252993215285,28.600680677097756,0.2876267008922184,1,148.262495929794,-119.37418855180404,91.29533339379492,1,p1a_catchup
tslax,2026-08-21T13:55:00Z,30,regular,0,9.010340503303738,37.611021180401494,28.600680677097756,137.94660861229602,52.463252993215285,28.600680677097756,14.531803210395822,1,174.52966413459947,-160.46078666789754,152.28092338139376,1,p1a_catchup
tslax,2026-08-21T13:55:00Z,60,regular,0,9.010340503303738,37.611021180401494,28.600680677097756,137.94660861229602,52.463252993215285,28.600680677097756,20.468677156495474,1,205.31487118080173,-197.18286766019943,186.33601984159753,1,p1a_catchup
tslax,2026-08-21T14:00:00Z,5,regular,0,2.9523816706955586,27.659533630099986,24.707151959404428,179.72023904530232,39.72504310264,24.707151959404428,24.87726678309876,0,72.731597744502,-72.90171256819633,59.128346213803695,1,persistent_or_wider
tslax,2026-08-21T14:00:00Z,15,regular,0,2.9523816706955586,27.659533630099986,24.707151959404428,179.72023904530232,39.72504310264,24.707151959404428,2.342966901300869,1,64.63992271489971,-37.589803854194415,41.2729423042002,1,p1a_catchup
tslax,2026-08-21T14:00:00Z,30,regular,0,2.9523816706955586,27.659533630099986,24.707151959404428,179.72023904530232,39.72504310264,24.707151959404428,8.059564699607336,1,81.12586319060533,-48.35914653159357,36.80410538420276,1,p1a_catchup
tslax,2026-08-21T14:00:00Z,60,regular,0,2.9523816706955586,27.659533630099986,24.707151959404428,179.72023904530232,39.72504310264,24.707151959404428,22.966913553004176,1,197.35065290840126,-195.610414502001,180.06488510650343,1,p1a_catchup
tslax,2026-08-21T14:05:00Z,5,regular,0,10.820984683697077,14.056282099401685,24.87726678309876,247.03408757869914,41.51286866340232,24.87726678309876,0.2876267008922184,1,1.5852681491956844,23.579625334795296,-31.8271553058036,0,xstock_reversion
tslax,2026-08-21T14:05:00Z,15,regular,0,10.820984683697077,14.056282099401685,24.87726678309876,247.03408757869914,41.51286866340232,24.87726678309876,1.5499367983995427,1,-11.60783421839895,38.03503779989725,-27.43233240340537,0,xstock_reversion
tslax,2026-08-21T14:05:00Z,30,regular,0,10.820984683697077,14.056282099401685,24.87726678309876,247.03408757869914,41.51286866340232,24.87726678309876,19.25520614109999,1,-47.09954128370164,91.23201420790039,-94.52064742010435,0,xstock_reversion
tslax,2026-08-21T14:05:00Z,60,regular,0,10.820984683697077,14.056282099401685,24.87726678309876,247.03408757869914,41.51286866340232,24.87726678309876,3.2796630933074056,1,117.39669988670265,-89.23977001029648,102.19239094920063,1,p1a_catchup
tslax,2026-08-21T14:25:00Z,5,regular,0,0.830477216799963,15.362280427195785,14.531803210395822,41.0865981160935,44.08322771105968,14.531803210395822,8.059564699607336,1,-19.45817090789781,42.04953881790097,-51.48267551139618,0,xstock_reversion
tslax,2026-08-21T14:25:00Z,15,regular,0,0.830477216799963,15.362280427195785,14.531803210395822,41.0865981160935,44.08322771105968,14.531803210395822,1.6149361890960279,1,-76.16436300810214,89.08123002940194,-95.01852130469501,0,xstock_reversion
tslax,2026-08-21T14:25:00Z,30,regular,0,0.830477216799963,15.362280427195785,14.531803210395822,41.0865981160935,44.08322771105968,14.531803210395822,20.468677156495474,0,30.785207046202245,-36.7220809923019,34.05509646020377,1,persistent_or_wider
tslax,2026-08-21T14:25:00Z,60,regular,0,0.830477216799963,15.362280427195785,14.531803210395822,41.0865981160935,44.08322771105968,14.531803210395822,1.642488613500248,1,-5.671238064302031,21.8455298881981,-23.306570278096572,0,xstock_reversion
tslax,2026-08-21T14:35:00Z,5,regular,0,14.109617895901039,33.36482403700103,-19.25520614109999,-53.19697640800314,41.50760986877306,19.25520614109999,1.6149361890960279,1,1.2123853703993603,19.657756959796657,-28.66056079720458,0,xstock_reversion
tslax,2026-08-21T14:35:00Z,15,regular,0,14.109617895901039,33.36482403700103,-19.25520614109999,-53.19697640800314,41.50760986877306,19.25520614109999,10.18282799329917,1,-49.92753208660439,79.36556622100355,-82.15359374580622,0,xstock_reversion
tslax,2026-08-21T14:35:00Z,30,regular,0,14.109617895901039,33.36482403700103,-19.25520614109999,-53.19697640800314,41.50760986877306,19.25520614109999,3.2796630933074056,1,-164.4962411704043,180.4717842181969,-196.71303836930497,0,xstock_reversion
tslax,2026-08-21T14:35:00Z,60,regular,0,14.109617895901039,33.36482403700103,-19.25520614109999,-53.19697640800314,41.50760986877306,19.25520614109999,1.6183529287960852,1,-96.01116904639717,113.64802225870108,-174.88977267880125,0,xstock_reversion
tslax,2026-08-21T14:55:00Z,5,regular,0,1.8365073152981637,18.63216984119731,20.468677156495474,125.80331102170383,50.05784702569007,20.468677156495474,22.966913553004176,0,65.98141176369587,-68.47964816020458,57.72300775070072,1,persistent_or_wider
tslax,2026-08-21T14:55:00Z,15,regular,0,1.8365073152981637,18.63216984119731,20.468677156495474,125.80331102170383,50.05784702569007,20.468677156495474,6.544872487701525,1,40.65868727229471,-13.645137628097714,21.857932199802477,1,p1a_catchup
tslax,2026-08-21T14:55:00Z,30,regular,0,1.8365073152981637,18.63216984119731,20.468677156495474,125.80331102170383,50.05784702569007,20.468677156495474,1.642488613500248,1,-36.456445110504276,58.5676108805,-57.36166673830034,0,xstock_reversion
tslax,2026-08-21T14:55:00Z,60,regular,0,1.8365073152981637,18.63216984119731,20.468677156495474,125.80331102170383,50.05784702569007,20.468677156495474,1.1689401581982395,1,60.349619415900335,-41.0498824176031,41.73755661629919,1,p1a_catchup
tslax,2026-08-21T15:00:00Z,5,regular,1,12.593147724802023,10.373765828202153,22.966913553004176,163.93312155910778,49.11449472508687,22.966913553004176,3.2796630933074056,1,-7.222355277196613,33.468931923508194,-18.7441479434991,0,xstock_reversion
tslax,2026-08-21T15:00:00Z,15,regular,1,12.593147724802023,10.373765828202153,22.966913553004176,163.93312155910778,49.11449472508687,22.966913553004176,9.91684234090684,1,-52.483431189296326,85.36718708320734,-67.97671869080091,0,xstock_reversion
tslax,2026-08-21T15:00:00Z,30,regular,1,12.593147724802023,10.373765828202153,22.966913553004176,163.93312155910778,49.11449472508687,22.966913553004176,12.109936867199522,1,-69.68895620220295,80.5459328880076,-89.48822175740112,0,xstock_reversion
tslax,2026-08-21T15:00:00Z,60,regular,1,12.593147724802023,10.373765828202153,22.966913553004176,163.93312155910778,49.11449472508687,22.966913553004176,9.31588164440278,1,-31.11643958010113,63.399234777508084,-45.994022070603435,0,xstock_reversion
tslax,2026-08-21T15:20:00Z,5,regular,0,4.620630807492532,19.705210876796997,-15.084580069304465,-99.20105736719975,52.54318112381396,15.084580069304465,1.642488613500248,1,7.8193612058008455,5.622730250003372,-9.612797884397395,1,p1a_catchup
tslax,2026-08-21T15:20:00Z,15,regular,0,4.620630807492532,19.705210876796997,-15.084580069304465,-99.20105736719975,52.54318112381396,15.084580069304465,1.6183529287960852,1,-18.911068267195574,32.377295407703954,-84.13005873939561,0,xstock_reversion
tslax,2026-08-21T15:20:00Z,30,regular,0,4.620630807492532,19.705210876796997,-15.084580069304465,-99.20105736719975,52.54318112381396,15.084580069304465,1.0210124831999678,1,-83.6236125926959,97.6871801788004,-116.15670346059481,0,xstock_reversion
tslax,2026-08-21T15:20:00Z,60,regular,0,4.620630807492532,19.705210876796997,-15.084580069304465,-99.20105736719975,52.54318112381396,15.084580069304465,10.673451822507118,1,-104.3117909025959,130.0698227944075,-135.43196000669332,0,xstock_reversion
tslax,2026-08-21T15:30:00Z,5,regular,1,21.535436594195545,9.425499726996023,12.109936867199522,4.821254195199742,34.232062941226836,12.109936867199522,1.6183529287960852,1,-6.0184711990007855,19.746760994996393,48.920808123398274,1,xstock_reversion
tslax,2026-08-21T15:30:00Z,15,regular,1,21.535436594195545,9.425499726996023,12.109936867199522,4.821254195199742,34.232062941226836,12.109936867199522,4.2176918455982815,1,63.092057738405316,-46.76442902560751,63.01014912979852,1,p1a_catchup
tslax,2026-08-21T15:30:00Z,30,regular,1,21.535436594195545,9.425499726996023,12.109936867199522,4.821254195199742,34.232062941226836,12.109936867199522,9.31588164440278,1,38.572516622101816,-17.146698110499514,43.494199686797685,1,p1a_catchup
tslax,2026-08-21T15:30:00Z,60,regular,1,21.535436594195545,9.425499726996023,12.109936867199522,4.821254195199742,34.232062941226836,12.109936867199522,2.61987807600228,1,92.44061073649945,-82.95055194530221,101.32303123599584,1,p1a_catchup
tslax,2026-08-21T15:40:00Z,5,regular,0,7.428321232794133,18.123875520803523,25.552196753597656,131.51647725259784,56.82011137832921,25.552196753597656,4.2176918455982815,1,-8.480833475097427,38.250722074293364,-36.11211733150377,0,xstock_reversion
tslax,2026-08-21T15:40:00Z,15,regular,0,7.428321232794133,18.123875520803523,25.552196753597656,131.51647725259784,56.82011137832921,25.552196753597656,1.1689401581982395,1,-7.515727359095337,31.898983954494753,-25.619495838302697,0,xstock_reversion
tslax,2026-08-21T15:40:00Z,30,regular,0,7.428321232794133,18.123875520803523,25.552196753597656,131.51647725259784,56.82011137832921,25.552196753597656,9.449667932104333,1,-31.081613436301225,47.18414225779455,-35.14021792460298,0,xstock_reversion
tslax,2026-08-21T15:40:00Z,60,regular,0,7.428321232794133,18.123875520803523,25.552196753597656,131.51647725259784,56.82011137832921,25.552196753597656,1.3077729827948303,1,14.3504183963028,9.894005374500026,-0.5502668795021037,1,p1a_catchup
tslax,2026-08-21T19:50:00Z,5,regular,0,5.430245940098999,19.731181480802107,-14.300935540703108,-85.55650706460582,38.713845173781074,14.300935540703108,5.067535277403223,1,17.194594017295728,-7.961193753995843,5.507191376601384,1,p1a_catchup
tslax,2026-08-21T19:50:00Z,15,regular,0,5.430245940098999,19.731181480802107,-14.300935540703108,-85.55650706460582,38.713845173781074,14.300935540703108,3.8037196445017685,1,32.31586313639845,-21.81864724019711,17.91568037409874,1,p1a_catchup
tslax,2026-08-21T19:50:00Z,30,regular,0,5.430245940098999,19.731181480802107,-14.300935540703108,-85.55650706460582,38.713845173781074,14.300935540703108,4.601601411895473,1,33.26205826559736,-14.35952131299878,14.329423973498123,1,p1a_catchup
tslax,2026-08-21T19:50:00Z,60,regular,0,5.430245940098999,19.731181480802107,-14.300935540703108,-85.55650706460582,38.713845173781074,14.300935540703108,0.05190906580132548,1,34.90451927920191,-20.655492804300124,14.776256551201072,1,p1a_catchup
tslax,2026-08-21T20:55:00Z,5,afterhours,1,44.6464967576965,20.649238519796498,-23.9972582379,-42.302472056601204,17.786331470824884,23.9972582379,9.437511798706666,1,-10.108951884193473,43.54372192080014,-0.551617618800293,0,xstock_reversion
tslax,2026-08-21T20:55:00Z,15,afterhours,1,44.6464967576965,20.649238519796498,-23.9972582379,-42.302472056601204,17.786331470824884,23.9972582379,2.0445198045049295,1,-18.606373613696547,44.648151656101476,1.6550354490973973,0,xstock_reversion
tslax,2026-08-21T20:55:00Z,30,afterhours,1,44.6464967576965,20.649238519796498,-23.9972582379,-42.302472056601204,17.786331470824884,23.9972582379,0.23659871239978258,1,-20.000051958897203,43.76071148439742,3.034440927498494,0,xstock_reversion
tslax,2026-08-21T20:55:00Z,60,afterhours,1,44.6464967576965,20.649238519796498,-23.9972582379,-42.302472056601204,17.786331470824884,23.9972582379,4.8690405631912625,1,-33.28403903290145,62.15033783399271,-12.682267930701485,0,xstock_reversion
tslax,2026-08-24T08:00:00Z,5,premarket,0,3.4803235620994855,21.758359834400665,-18.27803627230118,-47.04878587399541,11.212293341886705,18.27803627230118,2.6812333824999257,1,-0.08882981529900746,21.048099470100112,-27.700848738199113,0,xstock_reversion
tslax,2026-08-24T08:00:00Z,15,premarket,0,3.4803235620994855,21.758359834400665,-18.27803627230118,-47.04878587399541,11.212293341886705,18.27803627230118,5.232291597199179,1,-19.64868420119892,43.159012070699276,-44.00842984769504,0,xstock_reversion
tslax,2026-08-24T08:00:00Z,30,premarket,0,3.4803235620994855,21.758359834400665,-18.27803627230118,-47.04878587399541,11.212293341886705,18.27803627230118,0.017151569897677632,1,-11.632858008692182,29.893742711095683,-31.849365702898425,0,xstock_reversion
tslax,2026-08-24T08:00:00Z,60,premarket,0,3.4803235620994855,21.758359834400665,-18.27803627230118,-47.04878587399541,11.212293341886705,18.27803627230118,5.086734618604538,1,-24.393192862195434,47.75796375310115,-55.325175697298334,0,xstock_reversion
tslax,2026-08-24T08:10:00Z,5,premarket,0,3.819495712997778,8.19371239230371,12.013208105301487,13.760495571499831,21.314445203874307,12.013208105301487,5.232291597199179,1,6.4208841999047195,0.3600323081975887,0.8285576196964684,1,p1a_catchup
tslax,2026-08-24T08:10:00Z,15,premarket,0,3.819495712997778,8.19371239230371,12.013208105301487,13.760495571499831,21.314445203874307,12.013208105301487,2.357068870697532,1,-0.7728125035022515,15.14308947950127,-15.47902348979946,0,xstock_reversion
tslax,2026-08-24T08:10:00Z,30,premarket,0,3.819495712997778,8.19371239230371,12.013208105301487,13.760495571499831,21.314445203874307,12.013208105301487,1.372637348397987,1,6.496528043200556,6.8893174104989185,1.1047282379994527,1,xstock_reversion
tslax,2026-08-24T08:10:00Z,60,premarket,0,3.819495712997778,8.19371239230371,12.013208105301487,13.760495571499831,21.314445203874307,12.013208105301487,1.5523819691054541,1,20.460135233699717,-9.999309097503684,17.109588300598944,1,p1a_catchup
tslax,2026-08-24T11:00:00Z,5,premarket,1,27.971180516299654,4.178422621903266,-23.792757894396388,-45.400264443102856,19.568011242511343,23.792757894396388,6.0203119448054565,1,-6.73993624880076,36.553006088002604,-6.670163444901789,0,xstock_reversion
tslax,2026-08-24T11:00:00Z,15,premarket,1,27.971180516299654,4.178422621903266,-23.792757894396388,-45.400264443102856,19.568011242511343,23.792757894396388,12.573383376901504,1,-27.057599602802185,63.423740874100076,-34.906750495800054,0,xstock_reversion
tslax,2026-08-24T11:00:00Z,30,premarket,1,27.971180516299654,4.178422621903266,-23.792757894396388,-45.400264443102856,19.568011242511343,23.792757894396388,3.0360503549076157,1,-16.744759259408326,37.5014667988971,-12.174540116403065,0,xstock_reversion
tslax,2026-08-24T11:00:00Z,60,premarket,1,27.971180516299654,4.178422621903266,-23.792757894396388,-45.400264443102856,19.568011242511343,23.792757894396388,0.06628820790055556,1,-11.704767388005521,35.563813490302465,-7.749149365201546,0,xstock_reversion
tslax,2026-08-24T11:15:00Z,5,premarket,0,0.5458098620003682,12.027573514901135,12.573383376901504,63.423740874100076,28.490978400362586,12.573383376901504,1.4396710954045489,1,-0.0027410347946954516,14.015795507100748,-16.374140254100666,0,xstock_reversion
tslax,2026-08-24T11:15:00Z,15,premarket,0,0.5458098620003682,12.027573514901135,12.573383376901504,63.423740874100076,28.490978400362586,12.573383376901504,3.0360503549076157,1,-10.312840343393859,25.922274075202978,-22.73221037939699,0,xstock_reversion
tslax,2026-08-24T11:15:00Z,30,premarket,0,0.5458098620003682,12.027573514901135,12.573383376901504,63.423740874100076,28.490978400362586,12.573383376901504,2.5066070930002127,1,-18.955156769200343,34.03514723910206,-29.371031126101954,0,xstock_reversion
tslax,2026-08-24T11:15:00Z,60,premarket,0,0.5458098620003682,12.027573514901135,12.573383376901504,63.423740874100076,28.490978400362586,12.573383376901504,2.4456163188002478,1,-31.374370091095116,46.39336978679687,-47.09613062379603,0,xstock_reversion
tslax,2026-08-24T12:50:00Z,5,premarket,1,11.506542254196006,1.0295523243009086,12.536094578496915,38.30298772089513,7.437481402734251,12.536094578496915,3.287549834700698,1,-3.2715218999967988,19.09516631319441,-6.072315947003304,0,xstock_reversion
tslax,2026-08-24T12:50:00Z,15,premarket,1,11.506542254196006,1.0295523243009086,12.536094578496915,38.30298772089513,7.437481402734251,12.536094578496915,5.426223814399833,1,-13.358587697895885,31.320906090792633,-5.5201348314959375,0,xstock_reversion
tslax,2026-08-24T12:50:00Z,30,premarket,1,11.506542254196006,1.0295523243009086,12.536094578496915,38.30298772089513,7.437481402734251,12.536094578496915,10.433178882802707,1,-29.13876614759836,52.10803960889798,-41.75255958370094,0,xstock_reversion
tslax,2026-08-24T12:50:00Z,60,premarket,1,11.506542254196006,1.0295523243009086,12.536094578496915,38.30298772089513,7.437481402734251,12.536094578496915,0.9467242566074674,1,-253.80938234220275,265.39875266409217,-259.6822509867991,0,xstock_reversion
tslax,2026-08-24T13:30:00Z,5,regular,0,1.4612181774964483,50.45603301839563,-48.99481484089918,-169.68926473230005,77.88166073729447,48.99481484089918,20.90237803489714,1,65.40802537919888,-37.315588573196834,47.96442905970366,1,p1a_catchup
tslax,2026-08-24T13:30:00Z,15,regular,0,1.4612181774964483,50.45603301839563,-48.99481484089918,-169.68926473230005,77.88166073729447,48.99481484089918,0.08266684170088467,1,108.78566699119574,-59.708185308595674,60.69949891350568,1,p1a_catchup
tslax,2026-08-24T13:30:00Z,30,regular,0,1.4612181774964483,50.45603301839563,-48.99481484089918,-169.68926473230005,77.88166073729447,48.99481484089918,0.3826660002026472,1,89.86087226829476,-41.24872342759822,52.91502924430702,1,p1a_catchup
tslax,2026-08-24T13:30:00Z,60,regular,0,1.4612181774964483,50.45603301839563,-48.99481484089918,-169.68926473230005,77.88166073729447,48.99481484089918,16.590975352599457,1,22.860039428502787,42.72575076499585,-42.694699910192924,0,xstock_reversion
tslax,2026-08-24T13:35:00Z,5,regular,0,12.110058664003276,33.012436698900416,-20.90237803489714,-193.95243927359473,77.02682910797986,20.90237803489714,12.462205458998454,1,39.65856688689762,-31.21839431099893,30.024098464203064,1,p1a_catchup
tslax,2026-08-24T13:35:00Z,15,regular,0,12.110058664003276,33.012436698900416,-20.90237803489714,-193.95243927359473,77.02682910797986,20.90237803489714,0.9467242566074674,1,41.187376073104076,-19.33827378159947,13.018255694499103,1,p1a_catchup
tslax,2026-08-24T13:35:00Z,30,regular,0,12.110058664003276,33.012436698900416,-20.90237803489714,-193.95243927359473,77.02682910797986,20.90237803489714,6.88305604110262,1,7.901008931803233,19.884425144196527,-5.442830971897905,1,xstock_reversion
tslax,2026-08-24T13:35:00Z,60,regular,0,12.110058664003276,33.012436698900416,-20.90237803489714,-193.95243927359473,77.02682910797986,20.90237803489714,13.421713191092977,1,-81.81762138850246,116.14171261449258,-118.22479256020202,0,xstock_reversion
tslax,2026-08-24T13:40:00Z,5,regular,0,10.915762817207408,23.377968276205863,-12.462205458998454,-253.4987020152979,73.07741565396377,12.462205458998454,0.08266684170088467,1,3.7190747250992473,8.825797575600092,-17.289028610401047,0,xstock_reversion
tslax,2026-08-24T13:40:00Z,15,regular,0,10.915762817207408,23.377968276205863,-12.462205458998454,-253.4987020152979,73.07741565396377,12.462205458998454,6.650782898702801,1,-15.850199283793387,34.96318764149464,-41.613059157503685,0,xstock_reversion
tslax,2026-08-24T13:40:00Z,30,regular,0,10.915762817207408,23.377968276205863,-12.462205458998454,-253.4987020152979,73.07741565396377,12.462205458998454,3.696454567405638,1,-18.324771723801092,27.09052261539391,-37.37475328610351,0,xstock_reversion
tslax,2026-08-24T13:40:00Z,60,regular,0,10.915762817207408,23.377968276205863,-12.462205458998454,-253.4987020152979,73.07741565396377,12.462205458998454,6.298648926099659,1,-139.28206100259467,158.04291538769277,-161.7953385505011,0,xstock_reversion
tslax,2026-08-24T14:30:00Z,5,regular,0,1.492269032299376,15.098706320300082,16.590975352599457,60.652754309700185,28.814402192206067,16.590975352599457,13.421713191092977,1,39.26963543780637,-36.10037327629989,27.565663590305434,1,p1a_catchup
tslax,2026-08-24T14:30:00Z,15,regular,0,1.492269032299376,15.098706320300082,16.590975352599457,60.652754309700185,28.814402192206067,16.590975352599457,3.150179676998377,1,48.31075859570433,-28.569603566106494,27.705411345602116,1,p1a_catchup
tslax,2026-08-24T14:30:00Z,30,regular,0,1.492269032299376,15.098706320300082,16.590975352599457,60.652754309700185,28.814402192206067,16.590975352599457,0.9880206580969997,1,55.22335501680686,-39.620400322304405,30.779367971103255,1,p1a_catchup
tslax,2026-08-24T14:30:00Z,60,regular,0,1.492269032299376,15.098706320300082,16.590975352599457,60.652754309700185,28.814402192206067,16.590975352599457,6.830965657806942,1,23.555397378807186,-0.13345636840078612,1.9588882938048613,1,p1a_catchup
tslax,2026-08-24T14:35:00Z,5,regular,1,10.026978718293833,3.3947344727991435,13.421713191092977,108.64619728579328,30.061107128657113,13.421713191092977,6.298648926099659,1,17.805872727194583,-10.682808462201265,13.546447526096017,1,p1a_catchup
tslax,2026-08-24T14:35:00Z,15,regular,1,10.026978718293833,3.3947344727991435,13.421713191092977,108.64619728579328,30.061107128657113,13.421713191092977,1.3809013535936998,1,11.889909711699786,0.15090212579949025,6.007390668001378,1,p1a_catchup
tslax,2026-08-24T14:35:00Z,30,regular,1,10.026978718293833,3.3947344727991435,13.421713191092977,108.64619728579328,30.061107128657113,13.421713191092977,2.8598704597992963,1,6.552022771293409,9.729560879598864,-11.326058833800445,0,xstock_reversion
tslax,2026-08-24T14:35:00Z,60,regular,1,10.026978718293833,3.3947344727991435,13.421713191092977,108.64619728579328,30.061107128657113,13.421713191092977,2.3429845172984187,1,-23.221192085500775,38.98588979389217,-32.75478852340363,0,xstock_reversion
tslax,2026-08-24T16:35:00Z,5,regular,0,1.021074267697486,10.234779385500659,-11.255853653198145,-29.641023657394072,20.43909952465116,11.255853653198145,9.011337121993535,1,26.382086113603265,-24.137569582398655,14.982288783995656,1,p1a_catchup
tslax,2026-08-24T16:35:00Z,15,regular,0,1.021074267697486,10.234779385500659,-11.255853653198145,-29.641023657394072,20.43909952465116,11.255853653198145,1.3151109304043729,1,27.747775435296163,-17.80703271250239,16.673430026497016,1,p1a_catchup
tslax,2026-08-24T16:35:00Z,30,regular,0,1.021074267697486,10.234779385500659,-11.255853653198145,-29.641023657394072,20.43909952465116,11.255853653198145,0.7028360843985837,1,10.11226828540046,1.8464214521962674,-17.095174777601585,0,p1a_catchup
tslax,2026-08-24T16:35:00Z,60,regular,0,1.021074267697486,10.234779385500659,-11.255853653198145,-29.641023657394072,20.43909952465116,11.255853653198145,1.9408224518002726,1,11.110847257000955,-1.7958160556030833,-3.1794400233042808,1,p1a_catchup
tslax,2026-08-24T18:55:00Z,5,regular,0,0.7177725993035011,19.625851665399097,-18.908079066095596,-108.08266120509558,26.501362973335613,18.908079066095596,6.646918180805983,1,21.497973785091773,-9.23681289980216,7.458191447495821,1,p1a_catchup
tslax,2026-08-24T18:55:00Z,15,regular,0,0.7177725993035011,19.625851665399097,-18.908079066095596,-108.08266120509558,26.501362973335613,18.908079066095596,4.3976540237000705,1,-10.47687714260448,33.782610232400145,-28.34769318550201,0,xstock_reversion
tslax,2026-08-24T18:55:00Z,30,regular,0,0.7177725993035011,19.625851665399097,-18.908079066095596,-108.08266120509558,26.501362973335613,18.908079066095596,5.020045311097121,1,-43.65347877760328,67.581603154796,-68.58345451710157,0,xstock_reversion
tslax,2026-08-24T18:55:00Z,60,regular,0,0.7177725993035011,19.625851665399097,-18.908079066095596,-108.08266120509558,26.501362973335613,18.908079066095596,3.599778897793726,1,-12.725317265500635,28.033617433802505,-5.733287624103411,1,xstock_reversion
tslax,2026-08-24T20:10:00Z,5,afterhours,0,1.3209947718983983,10.573835228795403,-11.894830000693801,-45.56870035759886,21.127109914946086,11.894830000693801,2.085457466698415,1,-0.5439343637014815,14.524221831093698,-14.349263475201823,0,xstock_reversion
tslax,2026-08-24T20:10:00Z,15,afterhours,0,1.3209947718983983,10.573835228795403,-11.894830000693801,-45.56870035759886,21.127109914946086,11.894830000693801,3.8187259630984016,1,7.370869380398659,0.7052346571967405,4.59611636269841,1,p1a_catchup
tslax,2026-08-24T20:10:00Z,30,afterhours,0,1.3209947718983983,10.573835228795403,-11.894830000693801,-45.56870035759886,21.127109914946086,11.894830000693801,1.828616648404946,1,-1.6915596004007938,15.415006249499541,3.159603065299166,1,xstock_reversion
tslax,2026-08-24T20:10:00Z,60,afterhours,0,1.3209947718983983,10.573835228795403,-11.894830000693801,-45.56870035759886,21.127109914946086,11.894830000693801,1.5419022464957521,1,9.030497026101258,1.3224307280967906,-1.4358532583003125,1,p1a_catchup
tslax,2026-08-24T20:35:00Z,5,afterhours,1,32.24552602719477,16.951957822994856,15.293568204199914,25.753279687101838,16.795047225989855,15.293568204199914,1.828616648404946,1,-0.3777657996995032,13.842717355494472,1.1491941287999907,0,xstock_reversion
tslax,2026-08-24T20:35:00Z,15,afterhours,1,32.24552602719477,16.951957822994856,15.293568204199914,25.753279687101838,16.795047225989855,15.293568204199914,6.701955887402633,1,-12.40437850539955,34.3999025970021,-1.436678402102487,0,xstock_reversion
tslax,2026-08-24T20:35:00Z,30,afterhours,1,32.24552602719477,16.951957822994856,15.293568204199914,25.753279687101838,16.795047225989855,15.293568204199914,3.2695355343026478,1,-9.5787803391989,21.602813009096167,5.170333888893097,0,xstock_reversion
tslax,2026-08-24T20:35:00Z,60,afterhours,1,32.24552602719477,16.951957822994856,15.293568204199914,25.753279687101838,16.795047225989855,15.293568204199914,3.9456522219971646,1,3.4958288108022373,7.8520871714005125,24.39200578050027,0,xstock_reversion
tslax,2026-08-24T22:30:00Z,5,afterhours,1,33.87708544289936,18.79764436170106,-15.079441081198297,-31.447695610298254,10.89646186831959,15.079441081198297,5.381261303902818,1,-6.547306205000325,27.00800859010144,8.876036716802815,0,xstock_reversion
tslax,2026-08-24T22:30:00Z,15,afterhours,1,33.87708544289936,18.79764436170106,-15.079441081198297,-31.447695610298254,10.89646186831959,15.079441081198297,3.2573746848996166,1,-12.393041412197547,30.72985717829546,-0.5866860894965242,0,xstock_reversion
tslax,2026-08-24T22:30:00Z,30,afterhours,1,33.87708544289936,18.79764436170106,-15.079441081198297,-31.447695610298254,10.89646186831959,15.079441081198297,1.520400828800561,1,-15.847302429996546,32.447144339995404,0.8586270558996745,0,xstock_reversion
tslax,2026-08-24T22:30:00Z,60,afterhours,1,33.87708544289936,18.79764436170106,-15.079441081198297,-31.447695610298254,10.89646186831959,15.079441081198297,1.6877132271986284,1,-14.045718403297158,27.437446257296827,5.049785147903663,0,xstock_reversion
tslax,2026-08-25T09:00:00Z,5,premarket,0,1.7061837861032103,9.958901055497904,-11.665084841601114,-26.471036830102435,10.562620060686946,11.665084841601114,5.622179973299168,1,7.042327425796913,-0.9994225574949667,2.2799167929044017,1,p1a_catchup
tslax,2026-08-25T09:00:00Z,15,premarket,0,1.7061837861032103,9.958901055497904,-11.665084841601114,-26.471036830102435,10.562620060686946,11.665084841601114,3.127622104797112,1,2.4290269256965757,12.36368002070165,-13.099443723003645,0,xstock_reversion
tslax,2026-08-25T09:00:00Z,30,premarket,0,1.7061837861032103,9.958901055497904,-11.665084841601114,-26.471036830102435,10.562620060686946,11.665084841601114,8.490650764896301,1,-8.941039091006076,29.09677469750349,-19.073924334298553,0,xstock_reversion
tslax,2026-08-25T09:00:00Z,60,premarket,0,1.7061837861032103,9.958901055497904,-11.665084841601114,-26.471036830102435,10.562620060686946,11.665084841601114,4.243216319199661,1,-8.713361365799699,24.621662526600474,-23.623514949600022,0,xstock_reversion
tslax,2026-08-25T12:15:00Z,5,premarket,0,10.7097664475031,23.2987563136966,12.5889898661935,21.910527712298844,14.650394632831437,12.5889898661935,2.8940683831990555,1,5.869677046694832,3.825244436299613,-12.378688177596686,1,p1a_catchup
tslax,2026-08-25T12:15:00Z,15,premarket,0,10.7097664475031,23.2987563136966,12.5889898661935,21.910527712298844,14.650394632831437,12.5889898661935,7.24503130290266,1,0.3879059633948856,19.446115205701275,-31.103755019303847,0,xstock_reversion
tslax,2026-08-25T12:15:00Z,30,premarket,0,10.7097664475031,23.2987563136966,12.5889898661935,21.910527712298844,14.650394632831437,12.5889898661935,2.388709643001974,1,-8.78801894700132,23.765718456196794,-33.90584842650313,0,xstock_reversion
tslax,2026-08-25T12:15:00Z,60,premarket,0,10.7097664475031,23.2987563136966,12.5889898661935,21.910527712298844,14.650394632831437,12.5889898661935,8.499800765502386,1,11.213299738495053,-7.124110637803938,-2.3102455229029317,1,p1a_catchup
tslax,2026-08-25T13:25:00Z,5,premarket,0,2.671153651201408,26.772976043094587,-24.10182239189318,-47.408194081395294,21.565715488551348,24.10182239189318,6.807970946001163,1,20.82219232319993,-3.5283408773079117,7.726317077505485,1,p1a_catchup
tslax,2026-08-25T13:25:00Z,15,premarket,0,2.671153651201408,26.772976043094587,-24.10182239189318,-47.408194081395294,21.565715488551348,24.10182239189318,7.493384635903766,1,-24.618318082803015,56.21352511059996,-63.72853629350139,0,xstock_reversion
tslax,2026-08-25T13:25:00Z,30,premarket,0,2.671153651201408,26.772976043094587,-24.10182239189318,-47.408194081395294,21.565715488551348,24.10182239189318,9.119968940103362,1,-23.648981558102022,38.63083500989184,-48.93752766629511,0,xstock_reversion
tslax,2026-08-25T13:25:00Z,60,premarket,0,2.671153651201408,26.772976043094587,-24.10182239189318,-47.408194081395294,21.565715488551348,24.10182239189318,10.108712417107313,1,-76.21258650019946,110.42312130919996,-47.798851091895855,0,xstock_reversion
tslax,2026-08-25T14:10:00Z,5,regular,0,3.00297816870021,16.51964823849994,-13.51667006979973,-11.634742874395698,33.623718168096296,13.51667006979973,2.1361123479035626,1,8.63229309389979,2.7482646279963774,3.8064617286970304,1,p1a_catchup
tslax,2026-08-25T14:10:00Z,15,regular,0,3.00297816870021,16.51964823849994,-13.51667006979973,-11.634742874395698,33.623718168096296,13.51667006979973,10.108712417107313,1,-59.80164668679677,83.42702917370381,-21.134583473898516,0,xstock_reversion
tslax,2026-08-25T14:10:00Z,30,regular,0,3.00297816870021,16.51964823849994,-13.51667006979973,-11.634742874395698,33.623718168096296,13.51667006979973,3.7793033567012912,1,-31.570214087999204,41.30758080109764,-42.88933224110281,0,xstock_reversion
tslax,2026-08-25T14:10:00Z,60,regular,0,3.00297816870021,16.51964823849994,-13.51667006979973,-11.634742874395698,33.623718168096296,13.51667006979973,6.221916533801775,1,-5.3664117746965445,25.10499837829805,-37.206383774499585,0,xstock_reversion
tslax,2026-08-25T14:20:00Z,5,regular,0,0.16369266569782326,14.563212714904239,14.726905380602062,3.392826547097272,41.50651564263501,14.726905380602062,10.108712417107313,1,30.114967993197794,-25.496775029703045,-39.63495617310464,0,p1a_catchup
tslax,2026-08-25T14:20:00Z,15,regular,0,0.16369266569782326,14.563212714904239,14.726905380602062,3.392826547097272,41.50651564263501,14.726905380602062,6.057459050206049,1,11.057886426497632,-2.3884400961016183,3.402132035494887,1,p1a_catchup
tslax,2026-08-25T14:20:00Z,30,regular,0,0.16369266569782326,14.563212714904239,14.726905380602062,3.392826547097272,41.50651564263501,14.726905380602062,1.8376255308005796,1,-35.31040302590327,48.19968287570475,-59.44304001940459,0,xstock_reversion
tslax,2026-08-25T14:20:00Z,60,regular,0,0.16369266569782326,14.563212714904239,14.726905380602062,3.392826547097272,41.50651564263501,14.726905380602062,4.6456806315031685,1,8.216740942001977,1.8644838070969172,-1.4178966944022875,1,p1a_catchup
tslax,2026-08-25T14:45:00Z,5,regular,0,4.212358877699884,10.265645519602629,-14.478004397302513,-41.83291242259912,44.954251618849746,14.478004397302513,1.8376255308005796,1,-3.2952201802949332,19.610850108398026,-3.991441421300479,0,xstock_reversion
tslax,2026-08-25T14:45:00Z,15,regular,0,4.212358877699884,10.265645519602629,-14.478004397302513,-41.83291242259912,44.954251618849746,14.478004397302513,6.6245336749037875,1,11.009576540796928,-3.1561058183982027,4.566861789001564,1,p1a_catchup
tslax,2026-08-25T14:45:00Z,30,regular,0,4.212358877699884,10.265645519602629,-14.478004397302513,-41.83291242259912,44.954251618849746,14.478004397302513,6.045644423400276,1,-33.411636366302844,53.93528518700563,-47.82654944429865,0,xstock_reversion
tslax,2026-08-25T14:45:00Z,60,regular,0,4.212358877699884,10.265645519602629,-14.478004397302513,-41.83291242259912,44.954251618849746,14.478004397302513,6.726026961603182,1,-31.243282478499168,38.9952599141985,-33.33193975310067,0,xstock_reversion
tslax,2026-08-25T15:25:00Z,5,regular,0,1.1076316601066338,13.650187591593976,14.75781925170061,82.28173978250375,25.08771641811359,14.75781925170061,0.5074372373936598,1,0.9153369789949295,14.34991951009934,-12.28267238979619,0,xstock_reversion
tslax,2026-08-25T15:25:00Z,15,regular,0,1.1076316601066338,13.650187591593976,14.75781925170061,82.28173978250375,25.08771641811359,14.75781925170061,7.163408799897297,1,-37.315506066102344,59.23673411770025,-57.306747089898025,0,xstock_reversion
tslax,2026-08-25T15:25:00Z,30,regular,0,1.1076316601066338,13.650187591593976,14.75781925170061,82.28173978250375,25.08771641811359,14.75781925170061,13.177033786293535,1,12.330924730701298,-10.750139265294223,-24.863335169893475,0,p1a_catchup
tslax,2026-08-25T15:25:00Z,60,regular,0,1.1076316601066338,13.650187591593976,14.75781925170061,82.28173978250375,25.08771641811359,14.75781925170061,4.641171349799578,1,11.456771419497969,-1.3401235175969362,1.8312256184049858,1,p1a_catchup
tslax,2026-08-25T15:50:00Z,5,regular,0,0.49450878180756774,12.32457862400338,11.830069842195812,9.129760861297243,36.280047795303595,11.830069842195812,13.177033786293535,0,38.13202251760295,-39.47898646170067,2.2633715845987723,1,persistent_or_wider
tslax,2026-08-25T15:50:00Z,15,regular,0,0.49450878180756774,12.32457862400338,11.830069842195812,9.129760861297243,36.280047795303595,11.830069842195812,0.9598244118969035,1,28.821391014099973,-16.031496760007258,15.83285364469944,1,p1a_catchup
tslax,2026-08-25T15:50:00Z,30,regular,0,0.49450878180756774,12.32457862400338,11.830069842195812,9.129760861297243,36.280047795303595,11.830069842195812,2.053827682502174,1,23.112455995999426,-9.22855847130144,19.363553112894394,1,p1a_catchup
tslax,2026-08-25T15:50:00Z,60,regular,0,0.49450878180756774,12.32457862400338,11.830069842195812,9.129760861297243,36.280047795303595,11.830069842195812,5.125343604204247,1,89.84966736029776,-83.1449411223062,89.1701700895009,1,p1a_catchup
tslax,2026-08-25T15:55:00Z,5,regular,1,36.72110609529433,23.544072309000796,13.177033786293535,69.98687338299447,33.3819243818561,13.177033786293535,0.7442701943993768,1,-6.009721412505442,19.931025393198354,13.535581303401045,0,xstock_reversion
tslax,2026-08-25T15:55:00Z,15,regular,1,36.72110609529433,23.544072309000796,13.177033786293535,69.98687338299447,33.3819243818561,13.177033786293535,1.762543376297998,1,-14.244963139606881,29.184540302198414,11.733025568299027,0,xstock_reversion
tslax,2026-08-25T15:55:00Z,30,regular,1,36.72110609529433,23.544072309000796,13.177033786293535,69.98687338299447,33.3819243818561,13.177033786293535,4.641171349799578,1,-0.8741533112033295,9.410015747697287,26.69456078829846,0,xstock_reversion
tslax,2026-08-25T15:55:00Z,60,regular,1,36.72110609529433,23.544072309000796,13.177033786293535,69.98687338299447,33.3819243818561,13.177033786293535,0.26541071449948106,1,54.40908453659965,-41.497461464805596,79.43584908179702,1,p1a_catchup
tslax,2026-08-25T17:00:00Z,5,regular,0,7.8605011682064685,8.709739190697618,-16.570240358904087,-50.781053484900696,34.73389242640686,16.570240358904087,12.686274747197857,1,36.17925860170068,-32.29529298999445,40.15104928090096,1,p1a_catchup
tslax,2026-08-25T17:00:00Z,15,regular,0,7.8605011682064685,8.709739190697618,-16.570240358904087,-50.781053484900696,34.73389242640686,16.570240358904087,2.589958195802211,1,61.06428258659591,-47.08400042349403,54.898547523603014,1,p1a_catchup
tslax,2026-08-25T17:00:00Z,30,regular,0,7.8605011682064685,8.709739190697618,-16.570240358904087,-50.781053484900696,34.73389242640686,16.570240358904087,2.103602178005204,1,28.607914146601132,-9.934071609691841,16.522743709401766,1,p1a_catchup
tslax,2026-08-25T17:00:00Z,60,regular,0,7.8605011682064685,8.709739190697618,-16.570240358904087,-50.781053484900696,34.73389242640686,16.570240358904087,0.580743856097854,1,38.936526007899985,-22.947029505093752,31.657224211203427,1,p1a_catchup
tslax,2026-08-25T17:05:00Z,5,regular,0,0.004744877299955874,12.6815298698979,-12.686274747197857,-96.38501200170069,34.716668380669574,12.686274747197857,5.345494100401638,1,16.765348679594894,-9.424568032798675,10.208362302801532,1,p1a_catchup
tslax,2026-08-25T17:05:00Z,15,regular,0,0.004744877299955874,12.6815298698979,-12.686274747197857,-96.38501200170069,34.716668380669574,12.686274747197857,5.9391937297004205,1,9.064863655900979,9.560604820997298,-4.529616160597882,1,xstock_reversion
tslax,2026-08-25T17:05:00Z,30,regular,0,0.004744877299955874,12.6815298698979,-12.686274747197857,-96.38501200170069,34.716668380669574,12.686274747197857,5.649001124599096,1,7.3145397101992415,-0.27726608760048066,-8.7769227241985,0,p1a_catchup
tslax,2026-08-25T17:05:00Z,60,regular,0,0.004744877299955874,12.6815298698979,-12.686274747197857,-96.38501200170069,34.716668380669574,12.686274747197857,2.3421010817958887,1,9.406610520699132,0.9375631447028354,0.2861797428010959,1,p1a_catchup
tslax,2026-08-25T21:05:00Z,5,afterhours,1,23.094500593998646,10.202386321598311,-12.892114272400335,-22.20373381189411,10.422414192755229,12.892114272400335,8.453684104203774,1,-8.130233647296592,29.4760320239007,-6.949392478796668,0,xstock_reversion
tslax,2026-08-25T21:05:00Z,15,afterhours,1,23.094500593998646,10.202386321598311,-12.892114272400335,-22.20373381189411,10.422414192755229,12.892114272400335,2.8275642134989454,1,-17.746091999697455,33.465770485596735,-12.079205353101585,0,xstock_reversion
tslax,2026-08-25T21:05:00Z,30,afterhours,1,23.094500593998646,10.202386321598311,-12.892114272400335,-22.20373381189411,10.422414192755229,12.892114272400335,0.6447524955977002,1,-18.798048987296312,31.045410764098946,-5.290189844400217,0,xstock_reversion
tslax,2026-08-25T21:05:00Z,60,afterhours,1,23.094500593998646,10.202386321598311,-12.892114272400335,-22.20373381189411,10.422414192755229,12.892114272400335,7.794862633598854,1,-26.541657645395844,47.22863455139503,-11.506506750098566,0,xstock_reversion
tslax,2026-08-26T11:35:00Z,5,premarket,0,2.026775861700969,16.748373405901518,-14.721597544200549,-44.29275862979587,13.153608524331302,14.721597544200549,4.207608327799761,1,6.418544356403544,4.095444859997244,-8.412824116801332,1,p1a_catchup
tslax,2026-08-26T11:35:00Z,15,premarket,0,2.026775861700969,16.748373405901518,-14.721597544200549,-44.29275862979587,13.153608524331302,14.721597544200549,4.3879132037005775,1,7.905706622803876,11.20380412509725,-9.845796821101871,0,xstock_reversion
tslax,2026-08-26T11:35:00Z,30,premarket,0,2.026775861700969,16.748373405901518,-14.721597544200549,-44.29275862979587,13.153608524331302,14.721597544200549,0.1589580792948908,1,2.3328921326015717,12.547663490893868,-15.00279899819823,0,xstock_reversion
tslax,2026-08-26T11:35:00Z,60,premarket,0,2.026775861700969,16.748373405901518,-14.721597544200549,-44.29275862979587,13.153608524331302,14.721597544200549,12.621775015899672,1,16.944090579800175,-14.844268051499299,14.0026495289014,1,p1a_catchup
tslax,2026-08-26T12:30:00Z,5,premarket,0,2.824464128297066,14.879993775593903,-12.055529647296837,-15.807049661296091,12.747128490698826,12.055529647296837,12.621775015899672,0,14.886383998193864,-15.4526293667967,13.813322577602705,1,persistent_or_wider
tslax,2026-08-26T12:30:00Z,15,premarket,0,2.824464128297066,14.879993775593903,-12.055529647296837,-15.807049661296091,12.747128490698826,12.055529647296837,1.0069489117014996,1,25.638712980295963,-14.590132244700627,9.235473942901251,1,p1a_catchup
tslax,2026-08-26T12:30:00Z,30,premarket,0,2.824464128297066,14.879993775593903,-12.055529647296837,-15.807049661296091,12.747128490698826,12.055529647296837,7.729577866806281,1,56.86452996779501,-52.53857818730445,54.36437430460295,1,p1a_catchup
tslax,2026-08-26T12:30:00Z,60,premarket,0,2.824464128297066,14.879993775593903,-12.055529647296837,-15.807049661296091,12.747128490698826,12.055529647296837,15.631670472204817,0,132.78617040679563,-136.36231123170361,141.0096092532065,1,persistent_or_wider
tslax,2026-08-26T12:35:00Z,5,premarket,0,1.1851573391030712,13.806932355002743,-12.621775015899672,-36.98316443039751,13.794580239200274,12.621775015899672,6.566265372498492,1,8.493622365506326,-2.4381127221051457,4.545458541800329,1,p1a_catchup
tslax,2026-08-26T12:35:00Z,15,premarket,0,1.1851573391030712,13.806932355002743,-12.621775015899672,-36.98316443039751,13.794580239200274,12.621775015899672,8.218884407202864,1,19.060914323301148,-14.65802371460434,8.575462289996949,1,p1a_catchup
tslax,2026-08-26T12:35:00Z,30,premarket,0,1.1851573391030712,13.806932355002743,-12.621775015899672,-36.98316443039751,13.794580239200274,12.621775015899672,7.814959409992994,1,51.58640636400591,-46.77959075809923,48.0529275476993,1,p1a_catchup
tslax,2026-08-26T12:35:00Z,60,premarket,0,1.1851573391030712,13.806932355002743,-12.621775015899672,-36.98316443039751,13.794580239200274,12.621775015899672,12.649734528000778,0,87.24235938740499,-61.97084984350454,44.1397086096984,1,persistent_or_wider
tslax,2026-08-26T12:55:00Z,5,premarket,0,1.298042551800549,13.702337686201105,-12.404295134400556,-29.63921087819621,11.10135415443409,12.404295134400556,7.729577866806281,1,9.683342487800672,-5.008625220206397,8.36084291400141,1,p1a_catchup
tslax,2026-08-26T12:55:00Z,15,premarket,0,1.298042551800549,13.702337686201105,-12.404295134400556,-29.63921087819621,11.10135415443409,12.404295134400556,1.7138273727024256,1,22.332304868299957,-11.641837106601827,12.976715828703078,1,p1a_catchup
tslax,2026-08-26T12:55:00Z,30,premarket,0,1.298042551800549,13.702337686201105,-12.404295134400556,-29.63921087819621,11.10135415443409,12.404295134400556,18.714823356900112,0,42.64701502930457,-48.957543251804125,51.139183723405424,1,persistent_or_wider
tslax,2026-08-26T12:55:00Z,60,premarket,0,1.298042551800549,13.702337686201105,-12.404295134400556,-29.63921087819621,11.10135415443409,12.404295134400556,4.6020593877926785,1,-31.716399576700027,48.72275409889326,-54.21014583149919,0,xstock_reversion
tslax,2026-08-26T13:25:00Z,5,premarket,0,3.479683023401847,22.19450638030196,-18.714823356900112,-37.3157061452023,15.21032866333856,18.714823356900112,15.631670472204817,1,42.95796789749673,-39.874815012801434,43.86689413919953,1,p1a_catchup
tslax,2026-08-26T13:25:00Z,15,premarket,0,3.479683023401847,22.19450638030196,-18.714823356900112,-37.3157061452023,15.21032866333856,18.714823356900112,20.448887908202096,0,-48.57923116190044,87.74294242700265,-92.26487618680501,0,persistent_or_wider
tslax,2026-08-26T13:25:00Z,30,premarket,0,3.479683023401847,22.19450638030196,-18.714823356900112,-37.3157061452023,15.21032866333856,18.714823356900112,4.6020593877926785,1,-74.3634146060046,97.68029735069739,-105.34932955490461,0,xstock_reversion
tslax,2026-08-26T13:25:00Z,60,premarket,0,3.479683023401847,22.19450638030196,-18.714823356900112,-37.3157061452023,15.21032866333856,18.714823356900112,8.689363987803844,1,-13.745271005101145,23.770730374197413,-29.501959270303857,0,xstock_reversion
tslax,2026-08-26T13:30:00Z,5,regular,0,7.471762149799943,23.10343262200476,-15.631670472204817,-78.88994652750725,19.748867507960057,15.631670472204817,12.649734528000778,1,-30.65742702119678,58.938832021402376,-83.05657806590538,0,xstock_reversion
tslax,2026-08-26T13:30:00Z,15,regular,0,7.471762149799943,23.10343262200476,-15.631670472204817,-78.88994652750725,19.748867507960057,15.631670472204817,12.290803141397078,1,-128.791129175001,156.7136027886029,-148.75187812460666,0,xstock_reversion
tslax,2026-08-26T13:30:00Z,30,regular,0,7.471762149799943,23.10343262200476,-15.631670472204817,-78.88994652750725,19.748867507960057,15.631670472204817,1.4383341186974263,1,-114.86981497499826,129.06315132850565,-137.85363223700386,0,xstock_reversion
tslax,2026-08-26T13:30:00Z,60,regular,0,7.471762149799943,23.10343262200476,-15.631670472204817,-78.88994652750725,19.748867507960057,15.631670472204817,2.5332837191971436,1,-48.6857538902985,61.78414064330617,-69.75809330530325,0,xstock_reversion
tslax,2026-08-26T13:35:00Z,5,regular,0,16.645983894703065,29.295718422703843,12.649734528000778,-18.662309055903492,35.95139879545937,12.649734528000778,20.448887908202096,0,60.879772038200386,-68.6789254184017,53.07519226009916,1,persistent_or_wider
tslax,2026-08-26T13:35:00Z,15,regular,0,16.645983894703065,29.295718422703843,12.649734528000778,-18.662309055903492,35.95139879545937,12.649734528000778,8.790107990002127,1,73.553801320001,-52.113958801998095,47.33351036379396,1,p1a_catchup
tslax,2026-08-26T13:35:00Z,30,regular,0,16.645983894703065,29.295718422703843,12.649734528000778,-18.662309055903492,35.95139879545937,12.649734528000778,2.2853478362971913,1,77.939541294203,-63.00445892990503,47.04633971259753,1,p1a_catchup
tslax,2026-08-26T13:35:00Z,60,regular,0,16.645983894703065,29.295718422703843,12.649734528000778,-18.662309055903492,35.95139879545937,12.649734528000778,2.506963075994406,1,24.544543487605708,-14.401772035599336,-3.480265401103466,1,p1a_catchup
tslax,2026-08-26T13:40:00Z,5,regular,0,1.0422507364005185,21.491138644602614,20.448887908202096,87.74294242700265,46.4426283498443,20.448887908202096,12.290803141397078,1,37.25393011560385,-29.095845348798832,12.62010779860212,1,p1a_catchup
tslax,2026-08-26T13:40:00Z,15,regular,0,1.0422507364005185,21.491138644602614,20.448887908202096,87.74294242700265,46.4426283498443,20.448887908202096,4.6020593877926785,1,25.78418344410416,-9.937354923694741,13.084453368099602,1,p1a_catchup
tslax,2026-08-26T13:40:00Z,30,regular,0,1.0422507364005185,21.491138644602614,20.448887908202096,87.74294242700265,46.4426283498443,20.448887908202096,5.4672429168967085,1,31.748422479704885,-16.766777488399498,15.199532601197774,1,p1a_catchup
tslax,2026-08-26T13:40:00Z,60,regular,0,1.0422507364005185,21.491138644602614,20.448887908202096,87.74294242700265,46.4426283498443,20.448887908202096,2.8884129696926664,1,-44.02337580270199,67.36067668059675,-73.88823683330159,0,xstock_reversion
tslax,2026-08-26T13:45:00Z,5,regular,1,15.433486813796193,3.142683672399116,12.290803141397078,156.7136027886029,46.99503432856015,12.290803141397078,8.790107990002127,1,-24.579900833803237,45.66081196520244,-18.361789694907316,0,xstock_reversion
tslax,2026-08-26T13:45:00Z,15,regular,1,15.433486813796193,3.142683672399116,12.290803141397078,156.7136027886029,46.99503432856015,12.290803141397078,1.4383341186974263,1,-13.921314200002755,27.65045146009726,-10.898245887602798,0,xstock_reversion
tslax,2026-08-26T13:45:00Z,30,regular,1,15.433486813796193,3.142683672399116,12.290803141397078,156.7136027886029,46.99503432856015,12.290803141397078,3.7184545235025013,1,5.502178037097849,3.0701705807967272,8.523897871199893,0,p1a_catchup
tslax,2026-08-26T13:45:00Z,60,regular,1,15.433486813796193,3.142683672399116,12.290803141397078,156.7136027886029,46.99503432856015,12.290803141397078,7.579315791002017,1,-103.42733293350115,123.29745186590024,-114.30343179700486,0,xstock_reversion
tslax,2026-08-26T14:20:00Z,5,regular,0,0.2420553215021215,18.29198201869886,-18.53403734020098,-41.28147028570339,36.29571852583101,18.53403734020098,8.689363987803844,1,26.8609486310023,-17.016275278605164,15.006784727402689,1,p1a_catchup
tslax,2026-08-26T14:20:00Z,15,regular,0,0.2420553215021215,18.29198201869886,-18.53403734020098,-41.28147028570339,36.29571852583101,18.53403734020098,2.506963075994406,1,28.362217024797687,-7.321216608602299,8.799325472104158,1,p1a_catchup
tslax,2026-08-26T14:20:00Z,30,regular,0,0.2420553215021215,18.29198201869886,-18.53403734020098,-41.28147028570339,36.29571852583101,18.53403734020098,9.241345136699053,1,85.85038135340284,-76.55768914990091,82.8174073842014,1,p1a_catchup
tslax,2026-08-26T14:20:00Z,60,regular,0,0.2420553215021215,18.29198201869886,-18.53403734020098,-41.28147028570339,36.29571852583101,18.53403734020098,0.14809227700141037,1,91.23045262030338,-72.54832300310099,73.66222643850229,1,p1a_catchup
tslax,2026-08-26T20:10:00Z,5,afterhours,1,31.182853171802805,16.498743099901958,14.684110071900847,33.31168869579848,13.822300659083341,14.684110071900847,4.2500033501013945,1,1.6748957551993016,8.75921096660015,0.28617269890673924,0,xstock_reversion
tslax,2026-08-26T20:10:00Z,15,afterhours,1,31.182853171802805,16.498743099901958,14.684110071900847,33.31168869579848,13.822300659083341,14.684110071900847,6.815883062092354,1,-13.8000143780026,35.3000075119958,-5.453299106399356,0,xstock_reversion
tslax,2026-08-26T20:10:00Z,30,afterhours,1,31.182853171802805,16.498743099901958,14.684110071900847,33.31168869579848,13.822300659083341,14.684110071900847,1.6694943707040721,1,-23.990139101099928,37.0047548022967,-0.8672400092013532,0,xstock_reversion
tslax,2026-08-26T20:10:00Z,60,afterhours,1,31.182853171802805,16.498743099901958,14.684110071900847,33.31168869579848,13.822300659083341,14.684110071900847,23.842187080100885,0,-12.46226226649938,3.3041852582993414,24.828952906101875,1,persistent_or_wider
tslax,2026-08-26T20:50:00Z,5,afterhours,0,0.4114915337005698,15.731620379098032,15.320128845397463,35.73892683709445,13.648133384970922,15.320128845397463,7.552340126606438,1,8.001244872994917,-0.23345615420389265,-3.1723601182953587,1,p1a_catchup
tslax,2026-08-26T20:50:00Z,15,afterhours,0,0.4114915337005698,15.731620379098032,15.320128845397463,35.73892683709445,13.648133384970922,15.320128845397463,9.392719777201464,1,-26.569313547000206,32.496722615196205,-26.274394707899162,0,xstock_reversion
tslax,2026-08-26T20:50:00Z,30,afterhours,0,0.4114915337005698,15.731620379098032,15.320128845397463,35.73892683709445,13.648133384970922,15.320128845397463,5.973810458401729,1,14.27694466300089,-4.930626276005157,-2.018658175995114,1,p1a_catchup
tslax,2026-08-26T20:50:00Z,60,afterhours,0,0.4114915337005698,15.731620379098032,15.320128845397463,35.73892683709445,13.648133384970922,15.320128845397463,5.972580321600418,1,36.371994839301536,-15.079285672303655,23.5104036584044,1,p1a_catchup
tslax,2026-08-26T21:00:00Z,5,afterhours,1,99.90654717179304,42.39043757329419,-57.51610959849884,-85.3982116028007,50.09161028827747,57.51610959849884,9.392719777201464,1,-12.496274140998409,79.40510351669872,13.867624214096708,0,xstock_reversion
tslax,2026-08-26T21:00:00Z,15,afterhours,1,99.90654717179304,42.39043757329419,-57.51610959849884,-85.3982116028007,50.09161028827747,57.51610959849884,13.806191299101656,1,-47.74326238299764,119.06556328059814,-11.2533014342997,0,xstock_reversion
tslax,2026-08-26T21:00:00Z,30,afterhours,1,99.90654717179304,42.39043757329419,-57.51610959849884,-85.3982116028007,50.09161028827747,57.51610959849884,3.079073441103475,1,-57.77142710679861,118.36661014640093,-7.215111642207006,0,xstock_reversion
tslax,2026-08-26T21:00:00Z,60,afterhours,1,99.90654717179304,42.39043757329419,-57.51610959849884,-85.3982116028007,50.09161028827747,57.51610959849884,15.792298513401803,1,-86.55213567969611,159.86054379159674,-44.075143008903694,0,xstock_reversion
tslax,2026-08-26T21:10:00Z,5,afterhours,0,3.0497150074015877,20.792472072699297,23.842187080100885,3.227750386898265,64.34225439636698,23.842187080100885,13.806191299101656,1,13.738526388600292,-3.7025306076010622,-1.1534690595027541,1,p1a_catchup
tslax,2026-08-26T21:10:00Z,15,afterhours,0,3.0497150074015877,20.792472072699297,23.842187080100885,3.227750386898265,64.34225439636698,23.842187080100885,1.716262145894376,1,20.694531972704766,1.4313929615017429,4.612546207196644,1,p1a_catchup
tslax,2026-08-26T21:10:00Z,30,afterhours,0,3.0497150074015877,20.792472072699297,23.842187080100885,3.227750386898265,64.34225439636698,23.842187080100885,7.469394615302605,1,31.61760726650087,-15.244814801702589,14.456097352004704,1,p1a_catchup
tslax,2026-08-26T21:10:00Z,60,afterhours,0,3.0497150074015877,20.792472072699297,23.842187080100885,3.227750386898265,64.34225439636698,23.842187080100885,0.07713197030412289,1,49.609593467598856,-25.844538357802094,25.917941074302675,1,p1a_catchup
tslax,2026-08-26T21:15:00Z,5,afterhours,1,7.905714674505404,5.900476624596251,13.806191299101656,119.06556328059814,64.34245004666872,13.806191299101656,5.973810458401729,1,5.599269968001863,2.233110872698063,-0.8651891164923597,0,p1a_catchup
tslax,2026-08-26T21:15:00Z,15,afterhours,1,7.905714674505404,5.900476624596251,13.806191299101656,119.06556328059814,64.34245004666872,13.806191299101656,3.079073441103475,1,10.02816472380097,0.6989531341972111,-4.038189792092695,0,p1a_catchup
tslax,2026-08-26T21:15:00Z,30,afterhours,1,7.905714674505404,5.900476624596251,13.806191299101656,119.06556328059814,64.34245004666872,13.806191299101656,15.505169774998606,0,31.109247485403557,-32.80822596130051,38.88783697240328,1,persistent_or_wider
tslax,2026-08-26T21:15:00Z,60,afterhours,1,7.905714674505404,5.900476624596251,13.806191299101656,119.06556328059814,64.34245004666872,13.806191299101656,0.9713690188029034,1,34.74429911419996,-19.966738796295402,29.659513499806778,1,p1a_catchup
tslax,2026-08-26T21:45:00Z,5,afterhours,0,1.826103663402634,13.679066111595972,15.505169774998606,33.50717909549772,9.26006850560058,15.505169774998606,5.972580321600418,1,-3.4149273411010483,24.892677437700073,-14.223964254496124,0,xstock_reversion
tslax,2026-08-26T21:45:00Z,15,afterhours,0,1.826103663402634,13.679066111595972,15.505169774998606,33.50717909549772,9.26006850560058,15.505169774998606,15.792298513401803,0,7.699625811294908,-7.986754549698105,-6.065995397799284,0,persistent_or_wider
tslax,2026-08-26T21:45:00Z,30,afterhours,0,1.826103663402634,13.679066111595972,15.505169774998606,33.50717909549772,9.26006850560058,15.505169774998606,0.9713690188029034,1,3.635051628796404,12.841487165005105,-9.2283234725965,0,xstock_reversion
tslax,2026-08-26T21:45:00Z,60,afterhours,0,1.826103663402634,13.679066111595972,15.505169774998606,33.50717909549772,9.26006850560058,15.505169774998606,0.9147302430001503,1,-4.156427686003994,18.74686721800245,-17.570166928297937,0,xstock_reversion
tslax,2026-08-26T22:00:00Z,5,afterhours,1,15.878853610900023,0.08655509749821988,15.792298513401803,7.986754549698105,19.46247583761671,15.792298513401803,3.186922100697487,1,-2.6457503746968314,21.62497098879612,-5.750431440798565,0,xstock_reversion
tslax,2026-08-26T22:00:00Z,15,afterhours,1,15.878853610900023,0.08655509749821988,15.792298513401803,7.986754549698105,19.46247583761671,15.792298513401803,0.9713690188029034,1,-4.064574182498504,20.82824171470321,-3.162328074797216,0,xstock_reversion
tslax,2026-08-26T22:00:00Z,30,afterhours,1,15.878853610900023,0.08655509749821988,15.792298513401803,7.986754549698105,19.46247583761671,15.792298513401803,1.4965864873950352,1,-8.192971471494559,22.488683497501327,-3.331972114199999,0,xstock_reversion
tslax,2026-08-26T22:00:00Z,60,afterhours,1,15.878853610900023,0.08655509749821988,15.792298513401803,7.986754549698105,19.46247583761671,15.792298513401803,1.764892428397502,1,-13.517591589398137,27.54499767440244,-13.936121901902965,0,xstock_reversion
tslax,2026-08-27T08:05:00Z,5,premarket,0,2.8913269312980105,14.482391085497426,17.373718016795436,30.024476832597458,20.77957350867588,17.373718016795436,6.8980590940004305,1,8.917360972695576,1.5582979500994298,2.8668492501982,1,p1a_catchup
tslax,2026-08-27T08:05:00Z,15,premarket,0,2.8913269312980105,14.482391085497426,17.373718016795436,30.024476832597458,20.77957350867588,17.373718016795436,1.4280584202985835,1,8.759586422595333,10.042190014498686,-3.4142617235044526,1,xstock_reversion
tslax,2026-08-27T08:05:00Z,30,premarket,0,2.8913269312980105,14.482391085497426,17.373718016795436,30.024476832597458,20.77957350867588,17.373718016795436,0.822355518907969,1,0.31924337909217115,16.232119118795296,-7.730498032501032,0,xstock_reversion
tslax,2026-08-27T08:05:00Z,60,premarket,0,2.8913269312980105,14.482391085497426,17.373718016795436,30.024476832597458,20.77957350867588,17.373718016795436,0.3825641562027471,1,-7.427274825300145,25.18355699829833,-16.080507875502192,0,xstock_reversion
tslax,2026-08-27T08:25:00Z,5,premarket,1,54.5267828410978,30.549967323700855,-23.976815517396943,-55.53484177060142,29.668370291767943,23.976815517396943,10.267677943600617,1,-14.388193689001127,48.63268714999869,9.494627617598894,0,xstock_reversion
tslax,2026-08-27T08:25:00Z,15,premarket,1,54.5267828410978,30.549967323700855,-23.976815517396943,-55.53484177060142,29.668370291767943,23.976815517396943,1.1184879804027048,1,-15.700086155208126,38.558413692202365,12.661507835201036,0,xstock_reversion
tslax,2026-08-27T08:25:00Z,30,premarket,1,54.5267828410978,30.549967323700855,-23.976815517396943,-55.53484177060142,29.668370291767943,23.976815517396943,2.5901209374001866,1,-13.138935738608026,34.52563031860478,14.677317549596225,0,xstock_reversion
tslax,2026-08-27T08:25:00Z,60,premarket,1,54.5267828410978,30.549967323700855,-23.976815517396943,-55.53484177060142,29.668370291767943,23.976815517396943,2.395763274298801,1,-12.329709360106023,38.70228815180177,21.015366218994913,0,xstock_reversion
tslax,2026-08-27T10:05:00Z,5,premarket,1,16.167181838300237,4.528466893400918,-11.63871494489932,-31.14069655899776,8.659102323474158,11.63871494489932,1.7119309405000394,1,-2.3291429172989098,15.679788802698269,1.440610821497046,0,xstock_reversion
tslax,2026-08-27T10:05:00Z,15,premarket,1,16.167181838300237,4.528466893400918,-11.63871494489932,-31.14069655899776,8.659102323474158,11.63871494489932,0.8887118830980256,1,-5.084479223498306,17.61190605149565,2.881429208798636,0,xstock_reversion
tslax,2026-08-27T10:05:00Z,30,premarket,1,16.167181838300237,4.528466893400918,-11.63871494489932,-31.14069655899776,8.659102323474158,11.63871494489932,1.9327407551017473,1,1.028199496797555,8.677774693000018,4.034233406304821,0,xstock_reversion
tslax,2026-08-27T10:05:00Z,60,premarket,1,16.167181838300237,4.528466893400918,-11.63871494489932,-31.14069655899776,8.659102323474158,11.63871494489932,1.2578726520029448,1,-13.28050565270189,23.661347945598266,-13.531606999501733,0,xstock_reversion
tslax,2026-08-27T11:45:00Z,5,premarket,1,45.86370351679747,31.148787647392595,14.714915869404877,24.199371478399456,15.754935955930886,14.714915869404877,9.932226308997372,1,-14.115371319896042,38.76251349829829,1.4451911290969122,0,xstock_reversion
tslax,2026-08-27T11:45:00Z,15,premarket,1,45.86370351679747,31.148787647392595,14.714915869404877,24.199371478399456,15.754935955930886,14.714915869404877,2.106574121292226,1,-13.689621152099818,30.51111114279692,10.978218009096707,0,xstock_reversion
tslax,2026-08-27T11:45:00Z,30,premarket,1,45.86370351679747,31.148787647392595,14.714915869404877,24.199371478399456,15.754935955930886,14.714915869404877,4.260992138096498,1,-13.020265497898365,31.99617350539974,14.731159059797605,0,xstock_reversion
tslax,2026-08-27T11:45:00Z,60,premarket,1,45.86370351679747,31.148787647392595,14.714915869404877,24.199371478399456,15.754935955930886,14.714915869404877,4.372177912594921,1,-30.168812663191602,40.51155062000156,-10.237931559702318,0,xstock_reversion
tslax,2026-08-27T13:40:00Z,5,regular,0,3.4942673450988337,22.854966708498736,19.360699363399902,121.88649868459578,25.26825394539114,19.360699363399902,11.981035921495575,1,-28.922606498600345,60.26434178349582,-76.56731288959939,0,xstock_reversion
tslax,2026-08-27T13:40:00Z,15,regular,0,3.4942673450988337,22.854966708498736,19.360699363399902,121.88649868459578,25.26825394539114,19.360699363399902,1.350658274903438,1,11.463241538702817,6.546799549793647,-11.840314081696945,1,p1a_catchup
tslax,2026-08-27T13:40:00Z,30,regular,0,3.4942673450988337,22.854966708498736,19.360699363399902,121.88649868459578,25.26825394539114,19.360699363399902,7.243116307700248,1,32.77569028440119,-20.65810722870154,26.343565486106613,1,p1a_catchup
tslax,2026-08-27T13:40:00Z,60,regular,0,3.4942673450988337,22.854966708498736,19.360699363399902,121.88649868459578,25.26825394539114,19.360699363399902,9.651251646598524,1,69.36488610389979,-40.352935093901365,39.698119166207135,1,p1a_catchup
tslax,2026-08-27T13:45:00Z,5,regular,0,12.808703761004736,24.78973968250031,-11.981035921495575,31.872671056802915,41.86002457489108,11.981035921495575,14.063299697006926,0,-34.2932210523994,60.337556670901904,-73.28766592130442,0,persistent_or_wider
tslax,2026-08-27T13:45:00Z,15,regular,0,12.808703761004736,24.78973968250031,-11.981035921495575,31.872671056802915,41.86002457489108,11.981035921495575,2.716232369293081,1,-32.87859187119935,42.14339542340184,-51.7293179921996,0,xstock_reversion
tslax,2026-08-27T13:45:00Z,30,regular,0,12.808703761004736,24.78973968250031,-11.981035921495575,31.872671056802915,41.86002457489108,11.981035921495575,1.1840016601016856,1,-67.7092991405015,80.87433672209876,-80.00550934710304,0,xstock_reversion
tslax,2026-08-27T13:45:00Z,60,regular,0,12.808703761004736,24.78973968250031,-11.981035921495575,31.872671056802915,41.86002457489108,11.981035921495575,4.536873364697769,1,-84.72511673899952,92.16927929579732,-102.05482855590198,0,xstock_reversion
tslax,2026-08-27T13:50:00Z,5,regular,0,0.1414054893977834,14.20470518640471,14.063299697006926,64.23935850240703,45.72109225907128,14.063299697006926,1.350658274903438,1,6.0926269849037595,6.620014437199728,-8.560667113401976,0,xstock_reversion
tslax,2026-08-27T13:50:00Z,15,regular,0,0.1414054893977834,14.20470518640471,14.063299697006926,64.23935850240703,45.72109225907128,14.063299697006926,3.483390796299446,1,7.1135513742071055,3.4663575265003743,-4.2794174940041785,1,p1a_catchup
tslax,2026-08-27T13:50:00Z,30,regular,0,0.1414054893977834,14.20470518640471,14.063299697006926,64.23935850240703,45.72109225907128,14.063299697006926,6.824079822704832,1,49.97813515100091,-42.73891527669882,45.07070245369782,1,p1a_catchup
tslax,2026-08-27T13:50:00Z,60,regular,0,0.1414054893977834,14.20470518640471,14.063299697006926,64.23935850240703,45.72109225907128,14.063299697006926,0.8379509515954453,1,46.8802894063991,-31.97903875779673,36.58549346400086,1,p1a_catchup
tslax,2026-08-27T14:55:00Z,5,regular,0,0.5431851738002536,15.076591974603204,14.53340680080295,47.49360301190109,37.22492703966333,14.53340680080295,2.7966689298075664,1,-5.1072218205927555,22.437297551203272,-31.857757399400555,0,xstock_reversion
tslax,2026-08-27T14:55:00Z,15,regular,0,0.5431851738002536,15.076591974603204,14.53340680080295,47.49360301190109,37.22492703966333,14.53340680080295,0.27202021930072817,1,-8.905654409696595,23.711081429800274,-16.694967092201196,0,xstock_reversion
tslax,2026-08-27T14:55:00Z,30,regular,0,0.5431851738002536,15.076591974603204,14.53340680080295,47.49360301190109,37.22492703966333,14.53340680080295,4.867673161399466,1,-19.06217384729736,38.463253809499776,-35.54564839309826,0,xstock_reversion
tslax,2026-08-27T14:55:00Z,60,regular,0,0.5431851738002536,15.076591974603204,14.53340680080295,47.49360301190109,37.22492703966333,14.53340680080295,4.837912209998407,1,-21.984383775999206,31.67987836680375,-34.41076783810004,0,xstock_reversion
tslax,2026-08-28T13:25:00Z,5,premarket,0,15.424729818702687,31.657234586903726,16.23250476820104,22.158053453598114,17.356114233741565,16.23250476820104,13.12938036639899,1,37.6889672941072,-34.58584289230515,15.525890087495497,1,p1a_catchup
tslax,2026-08-28T13:25:00Z,15,premarket,0,15.424729818702687,31.657234586903726,16.23250476820104,22.158053453598114,17.356114233741565,16.23250476820104,3.395082025097196,1,5.722639426899434,13.904947366398801,-28.877850025699203,0,xstock_reversion
tslax,2026-08-28T13:25:00Z,30,premarket,0,15.424729818702687,31.657234586903726,16.23250476820104,22.158053453598114,17.356114233741565,16.23250476820104,4.974125303407462,1,-33.23932579559319,54.44595586720169,-71.92860659349876,0,xstock_reversion
tslax,2026-08-28T13:25:00Z,60,premarket,0,15.424729818702687,31.657234586903726,16.23250476820104,22.158053453598114,17.356114233741565,16.23250476820104,15.237355175194978,1,-145.1770026327015,176.64686257609753,-130.47032556020355,0,xstock_reversion
tslax,2026-08-28T13:30:00Z,5,regular,0,3.6352229861069674,9.494157380292023,13.12938036639899,71.78920760780194,21.174784661893813,13.12938036639899,7.806969333001845,1,-19.713564517802595,40.64991421720343,-46.790592778496176,0,xstock_reversion
tslax,2026-08-28T13:30:00Z,15,regular,0,3.6352229861069674,9.494157380292023,13.12938036639899,71.78920760780194,21.174784661893813,13.12938036639899,0.024422960693826212,1,-32.529849409206335,45.68365273629915,-51.355279737794746,0,xstock_reversion
tslax,2026-08-28T13:30:00Z,30,regular,0,3.6352229861069674,9.494157380292023,13.12938036639899,71.78920760780194,21.174784661893813,13.12938036639899,7.64101479229673,1,-93.02069918400768,113.7910943427034,-109.47347576709454,0,xstock_reversion
tslax,2026-08-28T13:30:00Z,60,regular,0,3.6352229861069674,9.494157380292023,13.12938036639899,71.78920760780194,21.174784661893813,13.12938036639899,11.158925983201229,1,-144.51079691510495,146.4812512983027,-140.04155595070068,0,xstock_reversion
tslax,2026-08-28T14:25:00Z,5,regular,1,61.60126683459666,46.36391165940168,-15.237355175194978,-50.0751899832963,22.75357598099872,15.237355175194978,11.158925983201229,1,-38.35517301170377,64.75145417009998,-5.954659696998377,0,xstock_reversion
tslax,2026-08-28T14:25:00Z,15,regular,1,61.60126683459666,46.36391165940168,-15.237355175194978,-50.0751899832963,22.75357598099872,15.237355175194978,0.18664887059927082,1,-48.230622354203945,63.28132865879965,3.1233604206981624,0,xstock_reversion
tslax,2026-08-28T14:25:00Z,30,regular,1,61.60126683459666,46.36391165940168,-15.237355175194978,-50.0751899832963,22.75357598099872,15.237355175194978,1.9040321413044126,1,-80.8277705977023,97.96915791420169,-48.102862907200006,0,xstock_reversion
tslax,2026-08-28T14:25:00Z,60,regular,1,61.60126683459666,46.36391165940168,-15.237355175194978,-50.0751899832963,22.75357598099872,15.237355175194978,4.738326184297037,1,-44.62291393750206,55.1219429284,4.539264716996172,0,xstock_reversion
tslax,2026-08-28T15:15:00Z,5,regular,1,37.48389973320165,24.645239414002873,-12.83866031919878,-40.207013780202416,23.36002502162416,12.83866031919878,4.514430538904435,1,-16.51063293960142,33.86372379770464,15.32510912079843,0,xstock_reversion
tslax,2026-08-28T15:15:00Z,15,regular,1,37.48389973320165,24.645239414002873,-12.83866031919878,-40.207013780202416,23.36002502162416,12.83866031919878,0.8271063826992275,1,0.4020187434949918,11.609535193004561,33.62701039099747,1,xstock_reversion
tslax,2026-08-28T15:15:00Z,30,regular,1,37.48389973320165,24.645239414002873,-12.83866031919878,-40.207013780202416,23.36002502162416,12.83866031919878,7.5352906895975735,1,82.10075406689832,-76.79738443729711,119.48158586760016,1,p1a_catchup
tslax,2026-08-28T15:15:00Z,60,regular,1,37.48389973320165,24.645239414002873,-12.83866031919878,-40.207013780202416,23.36002502162416,12.83866031919878,3.5775613052990707,1,120.32418419019919,-111.06308517629948,159.81029755359975,1,p1a_catchup
tslax,2026-08-31T13:25:00Z,5,premarket,0,7.315130930898306,12.3792240345999,19.694354965498206,41.828362982903045,14.426394677895521,19.694354965498206,44.65798597239612,0,116.42346185420038,-141.3870928610983,144.56155528879577,1,persistent_or_wider
tslax,2026-08-31T13:25:00Z,15,premarket,0,7.315130930898306,12.3792240345999,19.694354965498206,41.828362982903045,14.426394677895521,19.694354965498206,18.567628745405074,1,221.7972373136945,-220.67051109360136,236.603200017802,1,p1a_catchup
tslax,2026-08-31T13:25:00Z,30,premarket,0,7.315130930898306,12.3792240345999,19.694354965498206,41.828362982903045,14.426394677895521,19.694354965498206,1.1757473809037577,1,361.9518661126975,-343.433258528103,357.0041237149013,1,p1a_catchup
tslax,2026-08-31T13:25:00Z,60,premarket,0,7.315130930898306,12.3792240345999,19.694354965498206,41.828362982903045,14.426394677895521,19.694354965498206,13.838058967197142,1,447.8466819263005,-441.99038592799945,452.0718564366,1,p1a_catchup
tslax,2026-08-31T13:30:00Z,5,regular,0,4.140668503200828,40.51731746919529,44.65798597239612,182.28040596580007,54.86408085715818,44.65798597239612,16.226192288604224,1,50.999745584494605,-22.56795190070271,31.717289842605467,1,p1a_catchup
tslax,2026-08-31T13:30:00Z,15,regular,0,4.140668503200828,40.51731746919529,44.65798597239612,182.28040596580007,54.86408085715818,44.65798597239612,29.48252287779951,1,190.62442554529824,-175.44896245070163,192.70800570150294,1,p1a_catchup
tslax,2026-08-31T13:30:00Z,30,regular,0,4.140668503200828,40.51731746919529,44.65798597239612,182.28040596580007,54.86408085715818,44.65798597239612,3.909428579103036,1,257.4786859490974,-216.7301285558043,223.82087040160314,1,p1a_catchup
tslax,2026-08-31T13:30:00Z,60,regular,0,4.140668503200828,40.51731746919529,44.65798597239612,182.28040596580007,54.86408085715818,44.65798597239612,4.8568588513031585,1,347.51371668999553,-307.71258956890256,316.4454395152028,1,p1a_catchup
tslax,2026-08-31T13:35:00Z,5,regular,0,5.008669438701929,21.234861727306154,16.226192288604224,201.6724589428964,54.57387857867235,16.226192288604224,18.567628745405074,0,54.37402987499951,-56.71546633180036,60.324354886400755,1,persistent_or_wider
tslax,2026-08-31T13:35:00Z,15,regular,0,5.008669438701929,21.234861727306154,16.226192288604224,201.6724589428964,54.57387857867235,16.226192288604224,14.917570348496056,1,187.62832603110624,-186.31970409099807,188.2197621618964,1,p1a_catchup
tslax,2026-08-31T13:35:00Z,30,regular,0,5.008669438701929,21.234861727306154,16.226192288604224,201.6724589428964,54.57387857867235,16.226192288604224,0.6353881484955082,1,209.3749916624077,-193.78418752229896,199.0961981151962,1,p1a_catchup
tslax,2026-08-31T13:35:00Z,60,regular,0,5.008669438701929,21.234861727306154,16.226192288604224,201.6724589428964,54.57387857867235,16.226192288604224,1.1870369613031784,1,294.86093210480567,-277.4477028548983,268.3638970917013,1,p1a_catchup
tslax,2026-08-31T13:40:00Z,5,regular,0,8.617557993302327,27.1851867387074,18.567628745405074,220.67051109360136,52.279162397248506,18.567628745405074,29.48252287779951,0,85.25065008580412,-96.16554421819856,100.6663609724967,1,persistent_or_wider
tslax,2026-08-31T13:40:00Z,15,regular,0,8.617557993302327,27.1851867387074,18.567628745405074,220.67051109360136,52.279162397248506,18.567628745405074,1.1757473809037577,1,140.15462879900298,-122.76274743450166,120.40092369709932,1,p1a_catchup
tslax,2026-08-31T13:40:00Z,30,regular,0,8.617557993302327,27.1851867387074,18.567628745405074,220.67051109360136,52.279162397248506,18.567628745405074,4.176290756801038,1,145.42372583630225,-122.67980633409614,141.4794065892977,1,p1a_catchup
tslax,2026-08-31T13:40:00Z,60,regular,0,8.617557993302327,27.1851867387074,18.567628745405074,220.67051109360136,52.279162397248506,18.567628745405074,10.02776054499499,1,267.03455672280717,-258.4946885223971,256.2304215552924,1,p1a_catchup
tslax,2026-08-31T13:45:00Z,5,regular,0,13.11837474760047,42.60089762539998,29.48252287779951,175.44896245070163,51.124132576682165,29.48252287779951,14.917570348496056,1,48.00364607030261,-33.438693540999154,27.22904630299894,1,p1a_catchup
tslax,2026-08-31T13:45:00Z,15,regular,0,13.11837474760047,42.60089762539998,29.48252287779951,175.44896245070163,51.124132576682165,29.48252287779951,3.909428579103036,1,66.85426040379916,-41.281166105102685,31.112864700100218,1,p1a_catchup
tslax,2026-08-31T13:45:00Z,30,regular,0,13.11837474760047,42.60089762539998,29.48252287779951,175.44896245070163,51.124132576682165,29.48252287779951,10.956927887200152,1,94.07322630369919,-75.54763131309983,62.68221882470115,1,p1a_catchup
tslax,2026-08-31T13:45:00Z,60,regular,0,13.11837474760047,42.60089762539998,29.48252287779951,175.44896245070163,51.124132576682165,29.48252287779951,6.8131412006966485,1,165.90785501249707,-129.6121909340009,122.77557164780184,1,p1a_catchup
tslax,2026-08-31T13:50:00Z,5,regular,0,6.908727509600254,21.82629785809631,14.917570348496056,186.31970409099807,45.640278174009715,14.917570348496056,1.1757473809037577,1,6.900332642896245,6.8414903246960534,-7.494483578396327,1,p1a_catchup
tslax,2026-08-31T13:50:00Z,15,regular,0,6.908727509600254,21.82629785809631,14.917570348496056,186.31970409099807,45.640278174009715,14.917570348496056,0.6353881484955082,1,21.746665631301454,-7.464483431300906,10.87643595329979,1,p1a_catchup
tslax,2026-08-31T13:50:00Z,30,regular,0,6.908727509600254,21.82629785809631,14.917570348496056,186.31970409099807,45.640278174009715,14.917570348496056,1.9644296950005469,1,53.33605223099447,-40.38291157749896,40.98139423359903,1,p1a_catchup
tslax,2026-08-31T13:50:00Z,60,regular,0,6.908727509600254,21.82629785809631,14.917570348496056,186.31970409099807,45.640278174009715,14.917570348496056,13.950890847196362,1,79.64520912909556,-50.77674793340314,52.43167280729821,1,p1a_catchup
tslax,2026-08-31T14:25:00Z,5,regular,0,2.766339577702226,16.604398544899368,13.838058967197142,98.64006850030194,27.735117765647516,13.838058967197142,4.8568588513031585,1,16.09049661789541,-7.109296502001428,8.935138367398565,1,p1a_catchup
tslax,2026-08-31T14:25:00Z,15,regular,0,2.766339577702226,16.604398544899368,13.838058967197142,98.64006850030194,27.735117765647516,13.838058967197142,10.02776054499499,1,40.98511211020117,-37.17481368799902,40.76176513649443,1,p1a_catchup
tslax,2026-08-31T14:25:00Z,30,regular,0,2.766339577702226,16.604398544899368,13.838058967197142,98.64006850030194,27.735117765647516,13.838058967197142,10.472975367301629,1,14.594706184398731,-11.229622584503218,8.797735150798403,1,p1a_catchup
tslax,2026-08-31T14:25:00Z,60,regular,0,2.766339577702226,16.604398544899368,13.838058967197142,98.64006850030194,27.735117765647516,13.838058967197142,2.077577156001098,1,34.06449328229755,-22.304011471101504,15.113583537997854,1,p1a_catchup
tslax,2026-08-31T14:50:00Z,5,regular,1,8.563652383495324,5.387238463701038,-13.950890847196362,-40.351250830497065,38.168298321831664,13.950890847196362,10.472975367301629,1,-27.744645511802446,52.16851172630044,-43.939311486802524,0,xstock_reversion
tslax,2026-08-31T14:50:00Z,15,regular,1,8.563652383495324,5.387238463701038,-13.950890847196362,-40.351250830497065,38.168298321831664,13.950890847196362,1.3393455398968968,1,-55.128907556802886,70.41914394389615,-63.56882794430696,0,xstock_reversion
tslax,2026-08-31T14:50:00Z,30,regular,1,8.563652383495324,5.387238463701038,-13.950890847196362,-40.351250830497065,38.168298321831664,13.950890847196362,4.7240408598003825,1,-42.580725225302984,51.807575212698964,-41.74335190610279,0,xstock_reversion
tslax,2026-08-31T14:50:00Z,60,regular,1,8.563652383495324,5.387238463701038,-13.950890847196362,-40.351250830497065,38.168298321831664,13.950890847196362,9.693380055901812,1,-102.15772556340319,125.80199646650136,-130.13140926100064,0,xstock_reversion
tslax,2026-08-31T16:00:00Z,5,regular,0,1.058909011000253,13.201089862198145,-12.142180851197892,-44.4495780055032,31.821221268795647,12.142180851197892,4.480675804501288,1,-10.031145473003988,26.65400212870317,-31.31138425009894,0,xstock_reversion
tslax,2026-08-31T16:00:00Z,15,regular,0,1.058909011000253,13.201089862198145,-12.142180851197892,-44.4495780055032,31.821221268795647,12.142180851197892,3.822011929601743,1,-51.07375001299985,67.03794279379949,-62.907419316902136,0,xstock_reversion
tslax,2026-08-31T16:00:00Z,30,regular,0,1.058909011000253,13.201089862198145,-12.142180851197892,-44.4495780055032,31.821221268795647,12.142180851197892,2.838457864804411,1,-13.035328557702286,22.339051544095767,-25.96712474820073,0,xstock_reversion
tslax,2026-08-31T16:00:00Z,60,regular,0,1.058909011000253,13.201089862198145,-12.142180851197892,-44.4495780055032,31.821221268795647,12.142180851197892,3.852280885396908,1,-31.208113522200875,39.49801348800186,-40.485885260004295,0,xstock_reversion
tslax,2026-08-31T19:50:00Z,5,regular,0,6.514844068199466,20.85462408060401,14.339780012404546,60.03093210580346,27.673739831612988,14.339780012404546,3.3092744369955795,1,-5.534569331100414,23.18362378050054,-21.855855139003566,0,xstock_reversion
tslax,2026-08-31T19:50:00Z,15,regular,0,6.514844068199466,20.85462408060401,14.339780012404546,60.03093210580346,27.673739831612988,14.339780012404546,2.3051259248063616,1,4.167338968601442,7.867315118996743,-15.226176761604648,0,xstock_reversion
tslax,2026-08-31T19:50:00Z,30,regular,0,6.514844068199466,20.85462408060401,14.339780012404546,60.03093210580346,27.673739831612988,14.339780012404546,1.817378536292935,1,3.385275463099191,12.77188308559829,-21.040493729600485,0,xstock_reversion
tslax,2026-08-31T19:50:00Z,60,regular,0,6.514844068199466,20.85462408060401,14.339780012404546,60.03093210580346,27.673739831612988,14.339780012404546,4.314285780102622,1,-2.8027800612928644,21.456845853800033,-27.565247243899194,0,xstock_reversion
tslax,2026-09-01T08:05:00Z,5,premarket,0,4.001043943002713,24.87286399979638,-28.873907942799093,-63.427240120805806,21.913945525602237,28.873907942799093,3.2288078397968434,1,6.407653854596518,19.237446248405732,-15.917452177998115,0,xstock_reversion
tslax,2026-09-01T08:05:00Z,15,premarket,0,4.001043943002713,24.87286399979638,-28.873907942799093,-63.427240120805806,21.913945525602237,28.873907942799093,4.234351901395428,1,25.771884709699933,-1.1323286682962674,1.4035976345017076,1,p1a_catchup
tslax,2026-09-01T08:05:00Z,30,premarket,0,4.001043943002713,24.87286399979638,-28.873907942799093,-63.427240120805806,21.913945525602237,28.873907942799093,2.46770257479767,1,22.940150626498124,8.40145989109864,2.472221853304646,1,p1a_catchup
tslax,2026-09-01T08:05:00Z,60,premarket,0,4.001043943002713,24.87286399979638,-28.873907942799093,-63.427240120805806,21.913945525602237,28.873907942799093,3.2190352748973083,1,49.84164178050143,-24.18676911259965,27.228114017798788,1,p1a_catchup
tslax,2026-09-01T08:15:00Z,5,premarket,0,6.592557228497498,6.789225499099771,-13.381782727597269,-60.029199171305336,25.097695699306467,13.381782727597269,4.234351901395428,1,5.2160243556986785,3.9314064705031626,-1.0686242188029382,0,p1a_catchup
tslax,2026-09-01T08:15:00Z,15,premarket,0,6.592557228497498,6.789225499099771,-13.381782727597269,-60.029199171305336,25.097695699306467,13.381782727597269,7.9093496854998335,1,6.18324571169282,15.107886701404283,-10.708550014904006,0,xstock_reversion
tslax,2026-09-01T08:15:00Z,30,premarket,0,6.592557228497498,6.789225499099771,-13.381782727597269,-60.029199171305336,25.097695699306467,13.381782727597269,8.492720164303691,1,-7.296133910701386,29.170636802602345,-5.492996567699748,0,xstock_reversion
tslax,2026-09-01T08:15:00Z,60,premarket,0,6.592557228497498,6.789225499099771,-13.381782727597269,-60.029199171305336,25.097695699306467,13.381782727597269,4.8714649588976755,1,39.5094902644999,-30.99917249580031,37.98413639080067,1,p1a_catchup
tslax,2026-09-01T09:00:00Z,5,premarket,0,9.266567121697378,11.0887843454055,-20.355351467102878,-60.732485754702026,17.131721706548923,20.355351467102878,3.2190352748973083,1,4.697501213906108,12.438814978299462,-4.131946894405658,0,xstock_reversion
tslax,2026-09-01T09:00:00Z,15,premarket,0,9.266567121697378,11.0887843454055,-20.355351467102878,-60.732485754702026,17.131721706548923,20.355351467102878,4.8714649588976755,1,14.921210051905831,0.5626764562993714,9.096297331900871,1,p1a_catchup
tslax,2026-09-01T09:00:00Z,30,premarket,0,9.266567121697378,11.0887843454055,-20.355351467102878,-60.732485754702026,17.131721706548923,20.355351467102878,1.9519458717009996,1,15.094573343104045,7.212723995699832,-0.5510249065032724,1,p1a_catchup
tslax,2026-09-01T09:00:00Z,60,premarket,0,9.266567121697378,11.0887843454055,-20.355351467102878,-60.732485754702026,17.131721706548923,20.355351467102878,0.6964997741043533,1,-2.138915565401689,21.797767258400214,-10.18904903160589,0,xstock_reversion
tslax,2026-09-01T13:30:00Z,5,regular,0,12.969048376998416,47.72609022469787,-34.757041847699455,-140.97877268319792,47.027030897523446,34.757041847699455,21.658170417193645,1,67.01514628270289,-53.91627485219708,52.787656274704275,1,p1a_catchup
tslax,2026-09-01T13:30:00Z,15,regular,0,12.969048376998416,47.72609022469787,-34.757041847699455,-140.97877268319792,47.027030897523446,34.757041847699455,24.867491451994184,1,9.22180069579781,50.40273260389583,-57.676583949701765,0,xstock_reversion
tslax,2026-09-01T13:30:00Z,30,regular,0,12.969048376998416,47.72609022469787,-34.757041847699455,-140.97877268319792,47.027030897523446,34.757041847699455,1.0947602992050776,1,-20.004954934798036,55.85675708170257,-66.4668120151024,0,xstock_reversion
tslax,2026-09-01T13:30:00Z,60,regular,0,12.969048376998416,47.72609022469787,-34.757041847699455,-140.97877268319792,47.027030897523446,34.757041847699455,2.439460217491529,1,-28.27635660910488,65.47285867429586,-79.28947084959503,0,xstock_reversion
tslax,2026-09-01T13:35:00Z,5,regular,0,11.840429799505614,33.49860021669926,-21.658170417193645,-185.55571383459755,46.99984440102272,21.658170417193645,1.522821769999183,1,9.815251678793047,10.320096968401415,-21.1485126831068,1,xstock_reversion
tslax,2026-09-01T13:35:00Z,15,regular,0,11.840429799505614,33.49860021669926,-21.658170417193645,-185.55571383459755,46.99984440102272,21.658170417193645,2.9779610875024787,1,-69.1765829658042,93.81271447050032,-113.67426669980141,0,xstock_reversion
tslax,2026-09-01T13:35:00Z,30,regular,0,11.840429799505614,33.49860021669926,-21.658170417193645,-185.55571383459755,46.99984440102272,21.658170417193645,7.60313202309959,1,-107.60873945880434,136.87004189909757,-139.31745047040422,0,xstock_reversion
tslax,2026-09-01T13:35:00Z,60,regular,0,11.840429799505614,33.49860021669926,-21.658170417193645,-185.55571383459755,46.99984440102272,21.658170417193645,1.3904181766033474,1,-92.04208490630528,112.30983714689557,-123.29816819089956,0,xstock_reversion
tslax,2026-09-01T13:45:00Z,5,regular,0,5.695197031192478,19.172294420801705,24.867491451994184,50.40273260389583,69.66918683600996,24.867491451994184,2.9779610875024787,1,11.383237378899125,10.50629298559258,3.2100264753953667,1,p1a_catchup
tslax,2026-09-01T13:45:00Z,15,regular,0,5.695197031192478,19.172294420801705,24.867491451994184,50.40273260389583,69.66918683600996,24.867491451994184,1.0947602992050776,1,29.226755630595846,-5.45402447780674,8.79022806540064,1,p1a_catchup
tslax,2026-09-01T13:45:00Z,30,regular,0,5.695197031192478,19.172294420801705,24.867491451994184,50.40273260389583,69.66918683600996,24.867491451994184,3.3611577073955345,1,37.333916584394444,-9.105267425004726,15.48236226939892,1,p1a_catchup
tslax,2026-09-01T13:45:00Z,60,regular,0,5.695197031192478,19.172294420801705,24.867491451994184,50.40273260389583,69.66918683600996,24.867491451994184,0.9086306547967382,1,39.68818032079824,-13.912058214007317,9.905894816899519,1,p1a_catchup
tslax,2026-09-02T08:50:00Z,5,premarket,0,5.189524996298545,23.381802206197122,-18.192277209898577,-50.82895799919385,12.670101928119761,18.192277209898577,3.960391819006759,1,6.98230594929683,7.249579441594989,-1.689046537194372,1,xstock_reversion
tslax,2026-09-02T08:50:00Z,15,premarket,0,5.189524996298545,23.381802206197122,-18.192277209898577,-50.82895799919385,12.670101928119761,18.192277209898577,1.8435668267979821,1,5.08452331899889,14.95132071769767,-14.628934134197635,0,xstock_reversion
tslax,2026-09-02T08:50:00Z,30,premarket,0,5.189524996298545,23.381802206197122,-18.192277209898577,-50.82895799919385,12.670101928119761,18.192277209898577,6.714362164004228,1,13.990855711796257,-2.5129406659019082,-2.8149190895998544,1,p1a_catchup
tslax,2026-09-02T08:50:00Z,60,premarket,0,5.189524996298545,23.381802206197122,-18.192277209898577,-50.82895799919385,12.670101928119761,18.192277209898577,2.362104689499489,1,25.88030985309686,-5.325927953698795,-0.8445589296002254,1,p1a_catchup
tslax,2026-09-02T10:55:00Z,5,premarket,1,25.11922798539956,12.82012927590337,12.299098709496192,26.66191064229828,11.920171829816077,12.299098709496192,9.965832407594633,1,-11.886228523003695,34.15115964009452,-29.59207401469932,0,xstock_reversion
tslax,2026-09-02T10:55:00Z,15,premarket,1,25.11922798539956,12.82012927590337,12.299098709496192,26.66191064229828,11.920171829816077,12.299098709496192,9.393723477000293,1,-0.39342343740145225,3.2987986698973515,4.22029970399862,0,xstock_reversion
tslax,2026-09-02T10:55:00Z,30,premarket,1,25.11922798539956,12.82012927590337,12.299098709496192,26.66191064229828,11.920171829816077,12.299098709496192,2.2882530470003104,1,-6.163757645598622,20.751109402095125,8.719990426202529,0,xstock_reversion
tslax,2026-09-02T10:55:00Z,60,premarket,1,25.11922798539956,12.82012927590337,12.299098709496192,26.66191064229828,11.920171829816077,12.299098709496192,9.800947344302813,1,28.29242466109605,-25.79427329590267,51.926297294402346,1,p1a_catchup
tslax,2026-09-02T11:30:00Z,5,premarket,1,6.76368622819723,5.6700952441968155,12.433781472394045,19.36724126149869,15.097063391168264,12.433781472394045,9.836112173298162,1,10.868978443197008,-8.271309144101124,5.752650236203749,1,p1a_catchup
tslax,2026-09-02T11:30:00Z,15,premarket,1,6.76368622819723,5.6700952441968155,12.433781472394045,19.36724126149869,15.097063391168264,12.433781472394045,0.2320562636981549,1,7.8686673751970915,4.797170360895109,2.6662737579030704,1,p1a_catchup
tslax,2026-09-02T11:30:00Z,30,premarket,1,6.76368622819723,5.6700952441968155,12.433781472394045,19.36724126149869,15.097063391168264,12.433781472394045,11.882661370803405,1,34.967212662797564,-34.41609256120692,42.90511703500144,1,p1a_catchup
tslax,2026-09-02T11:30:00Z,60,premarket,1,6.76368622819723,5.6700952441968155,12.433781472394045,19.36724126149869,15.097063391168264,12.433781472394045,4.91764092769742,1,48.553217568994,-31.201795168902535,39.36047887799887,1,p1a_catchup
tslax,2026-09-02T12:00:00Z,5,premarket,0,1.7253382455972854,13.60799961640069,11.882661370803405,39.21326292210203,11.8658860234912,11.882661370803405,2.768151399301644,1,4.542538554597186,4.571971416904574,-6.900342886497768,1,xstock_reversion
tslax,2026-09-02T12:00:00Z,15,premarket,0,1.7253382455972854,13.60799961640069,11.882661370803405,39.21326292210203,11.8658860234912,11.882661370803405,2.1765546124008495,1,11.975709148099867,2.0835068351043873,-5.222349762297185,1,p1a_catchup
tslax,2026-09-02T12:00:00Z,30,premarket,0,1.7253382455972854,13.60799961640069,11.882661370803405,39.21326292210203,11.8658860234912,11.882661370803405,4.91764092769742,1,13.586004906196436,3.2142973923043883,-3.5446381570025665,1,p1a_catchup
tslax,2026-09-02T12:00:00Z,60,premarket,0,1.7253382455972854,13.60799961640069,11.882661370803405,39.21326292210203,11.8658860234912,11.882661370803405,6.0726123373022745,1,-1.4590664495983674,7.2691154830994975,-4.94271161399773,1,xstock_reversion
tslax,2026-09-02T13:15:00Z,5,premarket,0,8.647901128497892,10.174366322006634,18.822267450504526,37.83510863559769,17.697151137849453,18.822267450504526,14.327716242199529,1,16.068775102207056,-11.574223893902058,13.658348348499771,1,p1a_catchup
tslax,2026-09-02T13:15:00Z,15,premarket,0,8.647901128497892,10.174366322006634,18.822267450504526,37.83510863559769,17.697151137849453,18.822267450504526,26.40907938089576,0,-20.672761075397617,65.9041079067979,-51.175323867500566,0,persistent_or_wider
tslax,2026-09-02T13:15:00Z,30,premarket,0,8.647901128497892,10.174366322006634,18.822267450504526,37.83510863559769,17.697151137849453,18.822267450504526,0.9325477908017632,1,-181.43472731449782,199.3244469742006,-195.7615995699058,0,xstock_reversion
tslax,2026-09-02T13:15:00Z,60,premarket,0,8.647901128497892,10.174366322006634,18.822267450504526,37.83510863559769,17.697151137849453,18.822267450504526,14.71056709540619,1,-114.76126855780144,118.87296891289978,-109.09760024590653,0,xstock_reversion
tslax,2026-09-02T13:20:00Z,5,premarket,0,6.563776673900179,7.7639395682993495,14.327716242199529,45.88776302140829,16.736145754740914,14.327716242199529,26.35027903330034,0,28.200044146498016,-40.222606937598826,44.74653454940025,1,persistent_or_wider
tslax,2026-09-02T13:20:00Z,15,premarket,0,6.563776673900179,7.7639395682993495,14.327716242199529,45.88776302140829,16.736145754740914,14.327716242199529,36.92736158569687,0,-140.84402223760506,192.09910006550146,-188.53495691420363,0,persistent_or_wider
tslax,2026-09-02T13:20:00Z,30,premarket,0,6.563776673900179,7.7639395682993495,14.327716242199529,45.88776302140829,16.736145754740914,14.327716242199529,5.5054399496068385,1,-183.14154585240772,191.9638221450004,-185.8387167338016,0,xstock_reversion
tslax,2026-09-02T13:20:00Z,60,premarket,0,6.563776673900179,7.7639395682993495,14.327716242199529,45.88776302140829,16.736145754740914,14.327716242199529,4.067989226399504,1,-117.02721181450215,127.28693883030218,-117.9209549880067,0,xstock_reversion
tslax,2026-09-02T13:25:00Z,5,premarket,0,2.039849062098753,24.310429971201586,26.35027903330034,90.47317576889924,18.29728768415195,26.35027903330034,26.40907938089576,0,-64.94158032410269,117.70093873829879,-109.58020676540059,0,persistent_or_wider
tslax,2026-09-02T13:25:00Z,15,premarket,0,2.039849062098753,24.310429971201586,26.35027903330034,90.47317576889924,18.29728768415195,26.35027903330034,17.26780388650262,1,-223.01475032350027,266.63283324330325,-278.376559397504,0,xstock_reversion
tslax,2026-09-02T13:25:00Z,30,premarket,0,2.039849062098753,24.310429971201586,26.35027903330034,90.47317576889924,18.29728768415195,26.35027903330034,4.093193980194698,1,-221.685382473904,252.12885548739905,-249.18990781240603,0,xstock_reversion
tslax,2026-09-02T13:25:00Z,60,premarket,0,2.039849062098753,24.310429971201586,26.35027903330034,90.47317576889924,18.29728768415195,26.35027903330034,5.4114601467070145,1,-129.26217529720674,150.20099418380005,-156.22916026559963,0,xstock_reversion
tslax,2026-09-02T13:30:00Z,5,regular,0,6.0808829107994455,20.328196470096316,-26.40907938089576,-65.9041079067979,58.31177493128382,26.40907938089576,36.92736158569687,0,104.10248606000039,-114.6207682648015,123.7012846982033,1,persistent_or_wider
tslax,2026-09-02T13:30:00Z,15,regular,0,6.0808829107994455,20.328196470096316,-26.40907938089576,-65.9041079067979,58.31177493128382,26.40907938089576,0.9325477908017632,1,160.76196623910022,-133.4203390674027,144.58627570240523,1,p1a_catchup
tslax,2026-09-02T13:30:00Z,30,regular,0,6.0808829107994455,20.328196470096316,-26.40907938089576,-65.9041079067979,58.31177493128382,26.40907938089576,0.10092258069249738,1,157.55897549990294,-131.25081869969966,158.5025421158992,1,p1a_catchup
tslax,2026-09-02T13:30:00Z,60,regular,0,6.0808829107994455,20.328196470096316,-26.40907938089576,-65.9041079067979,58.31177493128382,26.40907938089576,0.4609609352002053,1,63.507749794302626,-36.63770947820666,40.594789669903264,1,p1a_catchup
tslax,2026-09-02T13:35:00Z,5,regular,0,2.999633522602352,39.926995108299224,-36.92736158569687,-192.09910006550146,73.06871672242148,36.92736158569687,17.26780388650262,1,53.97068393939719,-34.31112624020294,45.09506793390017,1,p1a_catchup
tslax,2026-09-02T13:35:00Z,15,regular,0,2.999633522602352,39.926995108299224,-36.92736158569687,-192.09910006550146,73.06871672242148,36.92736158569687,5.5054399496068385,1,42.29752361480266,0.13527792050105347,-2.696240180402043,1,p1a_catchup
tslax,2026-09-02T13:35:00Z,30,regular,0,2.999633522602352,39.926995108299224,-36.92736158569687,-192.09910006550146,73.06871672242148,36.92736158569687,0.8535000437959184,1,54.71126153159922,-16.93039990210643,18.325300428303493,1,p1a_catchup
tslax,2026-09-02T13:35:00Z,60,regular,0,2.999633522602352,39.926995108299224,-36.92736158569687,-192.09910006550146,73.06871672242148,36.92736158569687,2.383041476399228,1,-47.55090122699812,86.86130428909422,-91.96993532669673,0,xstock_reversion
tslax,2026-09-02T13:40:00Z,5,regular,0,13.783575216299582,31.0513791028022,-17.26780388650262,-266.63283324330325,72.44905495555348,17.26780388650262,0.9325477908017632,1,2.68879623970264,15.511555437601743,-24.210076929698232,0,xstock_reversion
tslax,2026-09-02T13:40:00Z,15,regular,0,13.783575216299582,31.0513791028022,-17.26780388650262,-266.63283324330325,72.44905495555348,17.26780388650262,4.093193980194698,1,-1.3293678495962524,14.503977755904174,-29.186651585098033,0,xstock_reversion
tslax,2026-09-02T13:40:00Z,30,regular,0,13.783575216299582,31.0513791028022,-17.26780388650262,-266.63283324330325,72.44905495555348,17.26780388650262,8.78972685510071,1,-22.710312892293416,48.767843633896746,-59.84454232150327,0,xstock_reversion
tslax,2026-09-02T13:40:00Z,60,regular,0,13.783575216299582,31.0513791028022,-17.26780388650262,-266.63283324330325,72.44905495555348,17.26780388650262,5.253701202097005,1,-116.6536912367011,139.17519632530073,-156.73345579389598,0,xstock_reversion
tslax,2026-09-02T14:15:00Z,5,regular,0,1.1274675384953525,15.838034633901543,14.71056709540619,78.2819576935978,24.084061342397618,14.71056709540619,4.067989226399504,1,13.802831845506347,-3.1602539764996607,4.834993606399607,1,p1a_catchup
tslax,2026-09-02T14:15:00Z,15,regular,0,1.1274675384953525,15.838034633901543,14.71056709540619,78.2819576935978,24.084061342397618,14.71056709540619,0.4609609352002053,1,30.5807576881012,-16.331151527895216,17.327486708502704,1,p1a_catchup
tslax,2026-09-02T14:15:00Z,30,regular,0,1.1274675384953525,15.838034633901543,14.71056709540619,78.2819576935978,24.084061342397618,14.71056709540619,12.349490355800796,1,20.404778944600466,6.655278506606521,-18.34629848899816,0,p1a_catchup
tslax,2026-09-02T14:15:00Z,60,regular,0,1.1274675384953525,15.838034633901543,14.71056709540619,78.2819576935978,24.084061342397618,14.71056709540619,5.120932867592742,1,14.76348140610817,-5.1738471782947215,2.6785651510063957,1,p1a_catchup
tslax,2026-09-02T14:45:00Z,5,regular,0,10.563552443896285,22.91304279969708,-12.349490355800796,-22.986430034501737,25.3337551367294,12.349490355800796,13.833314427795784,0,41.71455346989816,-43.19837754189315,39.62696050459513,1,persistent_or_wider
tslax,2026-09-02T14:45:00Z,15,regular,0,10.563552443896285,22.91304279969708,-12.349490355800796,-22.986430034501737,25.3337551367294,12.349490355800796,11.64059681340035,1,52.60517320979652,-28.615086040595372,12.862465288501213,1,p1a_catchup
tslax,2026-09-02T14:45:00Z,30,regular,0,10.563552443896285,22.91304279969708,-12.349490355800796,-22.986430034501737,25.3337551367294,12.349490355800796,5.120932867592742,1,5.641297538492296,11.829125684901243,-21.024863640004554,0,xstock_reversion
tslax,2026-09-02T14:45:00Z,60,regular,0,10.563552443896285,22.91304279969708,-12.349490355800796,-22.986430034501737,25.3337551367294,12.349490355800796,7.884921779499621,1,38.67846442629386,-34.21389584999268,31.832967608300677,1,p1a_catchup
tslax,2026-09-02T14:50:00Z,5,regular,0,6.9921354065982655,20.82544983439405,-13.833314427795784,-75.06305307889427,30.34494370732979,13.833314427795784,13.432456218902544,1,40.26550191399636,-39.86464370510312,34.09668415480738,1,p1a_catchup
tslax,2026-09-02T14:50:00Z,15,regular,0,6.9921354065982655,20.82544983439405,-13.833314427795784,-75.06305307889427,30.34494370732979,13.833314427795784,4.819749332707346,1,-5.1363631888978745,23.789426949401005,-34.82313996209463,0,xstock_reversion
tslax,2026-09-02T14:50:00Z,30,regular,0,6.9921354065982655,20.82544983439405,-13.833314427795784,-75.06305307889427,30.34494370732979,13.833314427795784,3.5106816430996446,1,-46.31179614790426,63.65579221879969,-75.44149660819954,0,xstock_reversion
tslax,2026-09-02T14:50:00Z,60,regular,0,6.9921354065982655,20.82544983439405,-13.833314427795784,-75.06305307889427,30.34494370732979,13.833314427795784,2.3914232593025275,1,6.218429873499076,5.2234612949941805,-10.486030856098338,1,p1a_catchup
tslax,2026-09-02T14:55:00Z,5,regular,0,1.224175856302523,14.656632075205067,-13.432456218902544,-132.93046258000095,29.456956108542396,13.432456218902544,11.64059681340035,1,-29.374882174098005,54.4479352064009,-60.8611793709013,0,xstock_reversion
tslax,2026-09-02T14:55:00Z,15,regular,0,1.224175856302523,14.656632075205067,-13.432456218902544,-132.93046258000095,29.456956108542396,13.432456218902544,5.521397246903703,1,-62.00376429689847,80.95761776270471,-78.58163332170598,0,xstock_reversion
tslax,2026-09-02T14:55:00Z,30,regular,0,1.224175856302523,14.656632075205067,-13.432456218902544,-132.93046258000095,29.456956108542396,13.432456218902544,8.248583906693696,1,-65.41082658639397,70.59469889860281,-73.01734517400682,0,xstock_reversion
tslax,2026-09-02T14:55:00Z,60,regular,0,1.224175856302523,14.656632075205067,-13.432456218902544,-132.93046258000095,29.456956108542396,13.432456218902544,3.0752264435029986,1,-24.93784366150109,35.29507343690064,-36.929761873105704,0,xstock_reversion
tslax,2026-09-02T15:00:00Z,5,regular,0,5.189068308197875,16.829665121598225,11.64059681340035,-28.615086040595372,42.108825051196824,11.64059681340035,4.819749332707346,1,16.02698292879623,-9.206135448103225,8.05864474600071,1,p1a_catchup
tslax,2026-09-02T15:00:00Z,15,regular,0,5.189068308197875,16.829665121598225,11.64059681340035,-28.615086040595372,42.108825051196824,11.64059681340035,5.120932867592742,1,46.96387567130422,-40.444211725496615,33.88732892850577,1,p1a_catchup
tslax,2026-09-02T15:00:00Z,30,regular,0,5.189068308197875,16.829665121598225,11.64059681340035,-28.615086040595372,42.108825051196824,11.64059681340035,2.976553521101266,1,42.98991492939663,-34.32587163709755,23.874282927405233,1,p1a_catchup
tslax,2026-09-02T15:00:00Z,60,regular,0,5.189068308197875,16.829665121598225,11.64059681340035,-28.615086040595372,42.108825051196824,11.64059681340035,1.1239918478000988,1,-7.961965081397793,20.72655374259824,-18.828798042500594,0,xstock_reversion
tslax,2026-09-02T20:15:00Z,5,afterhours,1,19.65707805120509,12.120356404494714,-31.777434455699805,-61.46481929920178,27.733701044613085,31.777434455699805,0.1914843084982465,1,1.1949111910958266,30.774007573102224,-9.694145703793566,0,xstock_reversion
tslax,2026-09-02T20:15:00Z,15,afterhours,1,19.65707805120509,12.120356404494714,-31.777434455699805,-61.46481929920178,27.733701044613085,31.777434455699805,2.3669473611942493,1,1.266101104695494,32.87828071219856,-11.532891111096788,0,xstock_reversion
tslax,2026-09-02T20:15:00Z,30,afterhours,1,19.65707805120509,12.120356404494714,-31.777434455699805,-61.46481929920178,27.733701044613085,31.777434455699805,7.389551277396933,1,-2.4218366459027862,41.588822378999524,-21.92921680619797,0,xstock_reversion
tslax,2026-09-02T20:15:00Z,60,afterhours,1,19.65707805120509,12.120356404494714,-31.777434455699805,-61.46481929920178,27.733701044613085,31.777434455699805,0.5865518243997059,1,3.0002500415005073,29.363736238599003,-11.814015044597781,0,xstock_reversion
tslax,2026-09-02T21:35:00Z,5,afterhours,1,44.26348957149884,24.23117549960274,-20.032314071896096,-34.849997453694215,15.993000674767417,20.032314071896096,11.783452459006583,1,-12.448846762298516,44.264613293201194,-1.1236586337037835,0,xstock_reversion
tslax,2026-09-02T21:35:00Z,15,afterhours,1,44.26348957149884,24.23117549960274,-20.032314071896096,-34.849997453694215,15.993000674767417,20.032314071896096,3.41707543349834,1,-26.432254142001455,49.88164364739589,-4.878571554396416,0,xstock_reversion
tslax,2026-09-02T21:35:00Z,30,afterhours,1,44.26348957149884,24.23117549960274,-20.032314071896096,-34.849997453694215,15.993000674767417,20.032314071896096,1.9100173471020554,1,-33.69419733259882,55.63652875159697,-13.195021496503756,0,xstock_reversion
tslax,2026-09-02T21:35:00Z,60,afterhours,1,44.26348957149884,24.23117549960274,-20.032314071896096,-34.849997453694215,15.993000674767417,20.032314071896096,4.099020380401441,1,-51.05792031570466,75.1892547680022,-30.85469896159765,0,xstock_reversion
tslax,2026-09-02T21:40:00Z,5,afterhours,0,1.1225349120014272,12.90598737100801,11.783452459006583,9.414615839506979,26.111393608422976,11.783452459006583,10.503000643993232,1,10.126828914707175,-8.846377099693825,6.458588040194613,1,p1a_catchup
tslax,2026-09-02T21:40:00Z,15,afterhours,0,1.1225349120014272,12.90598737100801,11.783452459006583,9.414615839506979,26.111393608422976,11.783452459006583,3.7051190190950933,1,17.34670701990737,-9.268373579995881,10.949059895892788,1,p1a_catchup
tslax,2026-09-02T21:40:00Z,30,afterhours,0,1.1225349120014272,12.90598737100801,11.783452459006583,9.414615839506979,26.111393608422976,11.783452459006583,3.351874153594281,1,24.434048336905434,-16.002470031493132,13.950938196494178,1,p1a_catchup
tslax,2026-09-02T21:40:00Z,60,afterhours,0,1.1225349120014272,12.90598737100801,11.783452459006583,9.414615839506979,26.111393608422976,11.783452459006583,3.4553108180013226,1,36.20013351210538,-20.961370235097476,26.369695758399203,1,p1a_catchup
tslax,2026-09-03T08:00:00Z,5,premarket,0,8.996718558096362,25.00299403130235,16.00627547320599,35.248283596702734,13.268240594258758,16.00627547320599,9.009756282702952,1,12.381377601400345,-5.3848584108973085,-3.601956178203025,1,p1a_catchup
tslax,2026-09-03T08:00:00Z,15,premarket,0,8.996718558096362,25.00299403130235,16.00627547320599,35.248283596702734,13.268240594258758,16.00627547320599,0.29798371349976094,1,15.476620486900572,0.8276386998051777,-9.97782787879764,1,p1a_catchup
tslax,2026-09-03T08:00:00Z,30,premarket,0,8.996718558096362,25.00299403130235,16.00627547320599,35.248283596702734,13.268240594258758,16.00627547320599,0.9230486145028749,1,22.603977243704776,-5.674653155995912,-7.205210232701376,1,p1a_catchup
tslax,2026-09-03T08:00:00Z,60,premarket,0,8.996718558096362,25.00299403130235,16.00627547320599,35.248283596702734,13.268240594258758,16.00627547320599,1.2020642667032178,1,9.109274064300621,5.69493714220215,-13.766466280200618,1,p1a_catchup
tslax,2026-09-03T10:50:00Z,5,premarket,1,33.92537398399398,21.391012906795126,12.534361077198852,29.750023494399258,10.600634812542417,12.534361077198852,4.115728077902503,1,-6.896998888699102,23.547088043800457,3.3346301648951027,0,xstock_reversion
tslax,2026-09-03T10:50:00Z,15,premarket,1,33.92537398399398,21.391012906795126,12.534361077198852,29.750023494399258,10.600634812542417,12.534361077198852,20.13671939040229,0,11.16051199580248,-18.76287030900592,35.246316541392986,1,persistent_or_wider
tslax,2026-09-03T10:50:00Z,30,premarket,1,33.92537398399398,21.391012906795126,12.534361077198852,29.750023494399258,10.600634812542417,12.534361077198852,5.797504292202049,1,25.224559069902952,-18.48770228490615,59.853869664996395,1,p1a_catchup
tslax,2026-09-03T10:50:00Z,60,premarket,1,33.92537398399398,21.391012906795126,12.534361077198852,29.750023494399258,10.600634812542417,12.534361077198852,5.935490869006799,1,23.67123292180473,-5.201380975599079,43.006333906996375,1,p1a_catchup
tslax,2026-09-03T11:05:00Z,5,premarket,1,17.44192775160691,2.6947916387953796,20.13671939040229,18.76287030900592,22.679335181883562,20.13671939040229,0.31636432820114635,1,0.005790948200967705,20.44729277040247,1.6505114130005438,0,xstock_reversion
tslax,2026-09-03T11:05:00Z,15,premarket,1,17.44192775160691,2.6947916387953796,20.13671939040229,18.76287030900592,22.679335181883562,20.13671939040229,5.797504292202049,1,14.064047074100472,0.27516802409977004,24.60755312360341,1,p1a_catchup
tslax,2026-09-03T11:05:00Z,30,premarket,1,17.44192775160691,2.6947916387953796,20.13671939040229,18.76287030900592,22.679335181883562,20.13671939040229,0.4617007419049912,1,27.3377829048016,-6.739362772494317,22.949773991305378,1,p1a_catchup
tslax,2026-09-03T11:05:00Z,60,premarket,1,17.44192775160691,2.6947916387953796,20.13671939040229,18.76287030900592,22.679335181883562,20.13671939040229,15.109193663693787,1,65.76705501870173,-60.73952929199322,71.48611875270383,1,p1a_catchup
tslax,2026-09-03T12:00:00Z,5,premarket,0,7.681483100299147,37.74413435209567,30.062651251796524,62.00852695740444,27.068622056238752,30.062651251796524,15.109193663693787,1,20.28198211879939,-5.328524530696654,-9.048296860498795,1,p1a_catchup
tslax,2026-09-03T12:00:00Z,15,premarket,0,7.681483100299147,37.74413435209567,30.062651251796524,62.00852695740444,27.068622056238752,30.062651251796524,8.553703283400438,1,11.29525459469427,27.32109994050269,-37.433640365298615,0,xstock_reversion
tslax,2026-09-03T12:00:00Z,30,premarket,0,7.681483100299147,37.74413435209567,30.062651251796524,62.00852695740444,27.068622056238752,30.062651251796524,12.078284718697319,1,1.7187208650959462,16.26564566800326,-29.43970430459686,0,xstock_reversion
tslax,2026-09-03T12:00:00Z,60,premarket,0,7.681483100299147,37.74413435209567,30.062651251796524,62.00852695740444,27.068622056238752,30.062651251796524,1.8190941340012756,1,12.068929009494411,19.812816376303388,-28.445044195795077,0,xstock_reversion
tslax,2026-09-03T12:05:00Z,5,premarket,0,6.695338290896302,8.413855372797485,15.109193663693787,74.30101862540006,26.640147484345633,15.109193663693787,0.47000478620162767,1,0.5533531737977881,15.025845276097627,-13.505208491402243,0,xstock_reversion
tslax,2026-09-03T12:05:00Z,15,premarket,0,6.695338290896302,8.413855372797485,15.109193663693787,74.30101862540006,26.640147484345633,15.109193663693787,14.668728158504507,1,-25.508139504202276,55.28606132640057,-30.591692282397887,0,xstock_reversion
tslax,2026-09-03T12:05:00Z,30,premarket,0,6.695338290896302,8.413855372797485,15.109193663693787,74.30101862540006,26.640147484345633,15.109193663693787,10.209847266393623,1,-7.1948201965987835,12.094166593898947,0.5279505838995391,1,xstock_reversion
tslax,2026-09-03T12:05:00Z,60,premarket,0,6.695338290896302,8.413855372797485,15.109193663693787,74.30101862540006,26.640147484345633,15.109193663693787,1.952361600698893,1,-10.573535715003857,27.635090979396537,-18.18730780990485,0,xstock_reversion
tslax,2026-09-03T12:20:00Z,5,premarket,1,17.999030753106382,3.330302594601875,-14.668728158504507,-55.28606132640057,31.051126197859595,14.668728158504507,6.779777212493343,1,6.597627187003852,1.2913237590073123,1.3792152287006587,0,p1a_catchup
tslax,2026-09-03T12:20:00Z,15,premarket,1,17.999030753106382,3.330302594601875,-14.668728158504507,-55.28606132640057,31.051126197859595,14.668728158504507,10.209847266393623,1,-18.313319307603493,43.19189473250162,-31.119642866297426,0,xstock_reversion
tslax,2026-09-03T12:20:00Z,30,premarket,1,17.999030753106382,3.330302594601875,-14.668728158504507,-55.28606132640057,31.051126197859595,14.668728158504507,0.935503278300942,1,-17.36789208539591,31.101116965599473,-28.919664857198768,0,xstock_reversion
tslax,2026-09-03T12:20:00Z,60,premarket,1,17.999030753106382,3.330302594601875,-14.668728158504507,-55.28606132640057,31.051126197859595,14.668728158504507,2.302713850195204,1,-9.603042062495959,21.969056370805262,-0.31443444419743116,0,xstock_reversion
tslax,2026-09-03T12:30:00Z,5,premarket,0,5.492575536294453,6.585709182402866,12.078284718697319,11.055454272499432,20.41834540105367,12.078284718697319,10.209847266393623,1,11.368441057104661,-9.500003604800966,20.919358027997603,1,p1a_catchup
tslax,2026-09-03T12:30:00Z,15,premarket,0,5.492575536294453,6.585709182402866,12.078284718697319,11.055454272499432,20.41834540105367,12.078284718697319,2.568849274000584,1,11.33155550809839,3.315578484599513,5.220173679001405,1,p1a_catchup
tslax,2026-09-03T12:30:00Z,30,premarket,0,5.492575536294453,6.585709182402866,12.078284718697319,11.055454272499432,20.41834540105367,12.078284718697319,1.8190941340012756,1,10.350208144398465,3.547170708300129,0.9946601088017815,1,p1a_catchup
tslax,2026-09-03T12:30:00Z,60,premarket,0,5.492575536294453,6.585709182402866,12.078284718697319,11.055454272499432,20.41834540105367,12.078284718697319,44.33497233359951,0,160.5222408091045,-192.77892842400666,215.34075695619492,1,persistent_or_wider
tslax,2026-09-03T13:25:00Z,5,premarket,0,9.742044331604305,47.18480861780172,37.442764286197416,72.03616578009608,32.77647480548027,37.442764286197416,44.33497233359951,0,119.89147537720513,-126.78368342460722,134.11089208889672,1,persistent_or_wider
tslax,2026-09-03T13:25:00Z,15,premarket,0,9.742044331604305,47.18480861780172,37.442764286197416,72.03616578009608,32.77647480548027,37.442764286197416,19.54874559690012,1,243.81847057830086,-225.92445188900356,226.85410547739872,1,p1a_catchup
tslax,2026-09-03T13:25:00Z,30,premarket,0,9.742044331604305,47.18480861780172,37.442764286197416,72.03616578009608,32.77647480548027,37.442764286197416,21.946808828001707,1,243.9271054735048,-184.53753235930571,168.89473439739788,1,p1a_catchup
tslax,2026-09-03T13:25:00Z,60,premarket,0,9.742044331604305,47.18480861780172,37.442764286197416,72.03616578009608,32.77647480548027,37.442764286197416,7.35032435740024,1,381.45222140919975,-351.3597814804026,343.068847716701,1,p1a_catchup
tslax,2026-09-03T13:30:00Z,5,regular,0,17.06925299589379,61.4042253294933,44.33497233359951,200.00478321330561,56.06792034159294,44.33497233359951,20.51265281290071,1,66.16700291699473,-42.344683396295935,30.16050944830262,1,p1a_catchup
tslax,2026-09-03T13:30:00Z,15,regular,0,17.06925299589379,61.4042253294933,44.33497233359951,200.00478321330561,56.06792034159294,44.33497233359951,29.157686458098908,1,208.8011345370955,-193.62384866159488,176.68621034100164,1,p1a_catchup
tslax,2026-09-03T13:30:00Z,30,regular,0,17.06925299589379,61.4042253294933,44.33497233359951,200.00478321330561,56.06792034159294,44.33497233359951,5.940208157495519,1,103.08366200069585,-52.808481509600824,43.03601541910673,1,p1a_catchup
tslax,2026-09-03T13:30:00Z,60,regular,0,17.06925299589379,61.4042253294933,44.33497233359951,200.00478321330561,56.06792034159294,44.33497233359951,11.945029223099368,1,230.36479142649392,-174.08478986979503,171.12071625979831,1,p1a_catchup
tslax,2026-09-03T13:35:00Z,5,regular,0,4.885079047900476,25.397731860801187,20.51265281290071,246.846446577198,53.358247314368704,20.51265281290071,19.54874559690012,1,57.759992284101,-56.79608506810041,62.58270394019938,1,p1a_catchup
tslax,2026-09-03T13:35:00Z,15,regular,0,4.885079047900476,25.397731860801187,20.51265281290071,246.846446577198,53.358247314368704,20.51265281290071,9.937653646598932,1,120.38794735410363,-89.93764089460399,80.33462227169608,1,p1a_catchup
tslax,2026-09-03T13:35:00Z,30,regular,0,4.885079047900476,25.397731860801187,20.51265281290071,246.846446577198,53.358247314368704,20.51265281290071,21.402849868197293,0,95.70331321420156,-96.59351026949814,104.91366186550444,1,persistent_or_wider
tslax,2026-09-03T13:35:00Z,60,regular,0,4.885079047900476,25.397731860801187,20.51265281290071,246.846446577198,53.358247314368704,20.51265281290071,5.463615074905448,1,179.51067297979682,-164.46163524180156,167.9609945335958,1,p1a_catchup
tslax,2026-09-03T13:40:00Z,5,regular,0,10.671697919999446,30.220443516899564,19.54874559690012,225.92445188900356,49.7150716487212,19.54874559690012,29.157686458098908,0,84.87413933599974,-94.48308019719853,83.94299695249963,1,persistent_or_wider
tslax,2026-09-03T13:40:00Z,15,regular,0,10.671697919999446,30.220443516899564,19.54874559690012,225.92445188900356,49.7150716487212,19.54874559690012,21.946808828001707,0,0.10863489520396286,41.38691952969786,-57.95937108000082,0,persistent_or_wider
tslax,2026-09-03T13:40:00Z,30,regular,0,10.671697919999446,30.220443516899564,19.54874559690012,225.92445188900356,49.7150716487212,19.54874559690012,13.03240293470509,1,79.44031163599874,-72.92396897380371,72.72933578990504,1,p1a_catchup
tslax,2026-09-03T13:40:00Z,60,regular,0,10.671697919999446,30.220443516899564,19.54874559690012,225.92445188900356,49.7150716487212,19.54874559690012,0.02414110129578262,1,124.02169774969884,-104.44881105150294,112.12041414720098,1,p1a_catchup
tslax,2026-09-03T13:45:00Z,5,regular,0,0.13161467530053983,29.289301133399448,29.157686458098908,193.62384866159488,45.29112148859604,29.157686458098908,9.937653646598932,1,-22.246184265997115,61.341524370694955,-66.19107862100293,0,xstock_reversion
tslax,2026-09-03T13:45:00Z,15,regular,0,0.13161467530053983,29.289301133399448,29.157686458098908,193.62384866159488,45.29112148859604,29.157686458098908,5.940208157495519,1,-105.71747253639963,140.81536715199405,-133.6501949218949,0,xstock_reversion
tslax,2026-09-03T13:45:00Z,30,regular,0,0.13161467530053983,29.289301133399448,29.157686458098908,193.62384866159488,45.29112148859604,29.157686458098908,5.825171336999446,1,-17.403789163399352,52.38664695849771,-17.369287254096477,0,xstock_reversion
tslax,2026-09-03T13:45:00Z,60,regular,0,0.13161467530053983,29.289301133399448,29.157686458098908,193.62384866159488,45.29112148859604,29.157686458098908,11.993485026096096,1,75.05309383960324,-57.88889240760042,66.54544084639724,1,p1a_catchup
tslax,2026-09-03T13:55:00Z,5,regular,0,5.900753630303512,27.84756245830522,-21.946808828001707,-41.38691952969786,82.05073441891942,21.946808828001707,5.940208157495519,1,20.951968095603846,-4.945367425097658,-8.252173110605554,1,p1a_catchup
tslax,2026-09-03T13:55:00Z,15,regular,0,5.900753630303512,27.84756245830522,-21.946808828001707,-41.38691952969786,82.05073441891942,21.946808828001707,13.03240293470509,1,-79.33167674079478,114.31088850350157,-130.68870686990584,0,xstock_reversion
tslax,2026-09-03T13:55:00Z,30,regular,0,5.900753630303512,27.84756245830522,-21.946808828001707,-41.38691952969786,82.05073441891942,21.946808828001707,7.35032435740024,1,-137.52511593569494,166.8222491210969,-174.1741133193031,0,xstock_reversion
tslax,2026-09-03T13:55:00Z,60,regular,0,5.900753630303512,27.84756245830522,-21.946808828001707,-41.38691952969786,82.05073441891942,21.946808828001707,18.532747064599064,1,-133.78312219479938,137.197183958202,-197.5351584975993,0,xstock_reversion
tslax,2026-09-03T14:05:00Z,5,regular,0,13.205230643906773,34.60808051210407,21.402849868197293,6.655869374894152,73.97007085441284,21.402849868197293,13.03240293470509,1,41.496990705898185,-33.12654377240598,30.39837786459998,1,p1a_catchup
tslax,2026-09-03T14:05:00Z,15,regular,0,13.205230643906773,34.60808051210407,21.402849868197293,6.655869374894152,73.97007085441284,21.402849868197293,15.016581051803257,1,75.56088519219628,-69.17461637580224,64.76831446739162,1,p1a_catchup
tslax,2026-09-03T14:05:00Z,30,regular,0,13.205230643906773,34.60808051210407,21.402849868197293,6.655869374894152,73.97007085441284,21.402849868197293,5.463615074905448,1,83.80735976559528,-67.86812497230343,63.04733266809137,1,p1a_catchup
tslax,2026-09-03T14:05:00Z,60,regular,0,13.205230643906773,34.60808051210407,21.402849868197293,6.655869374894152,73.97007085441284,21.402849868197293,3.9251441206022974,1,149.19062684049857,-131.71292109290357,132.07936402239716,1,p1a_catchup
tslax,2026-09-03T14:10:00Z,5,regular,0,10.477064736100772,23.50946767080586,13.03240293470509,114.31088850350157,71.96966448464019,13.03240293470509,5.825171336999446,1,-11.969961463398349,30.827535735102884,-6.155626091501887,1,xstock_reversion
tslax,2026-09-03T14:10:00Z,15,regular,0,10.477064736100772,23.50946767080586,13.03240293470509,114.31088850350157,71.96966448464019,13.03240293470509,7.35032435740024,1,58.193439194900165,-52.511360617595315,43.485406449397246,1,p1a_catchup
tslax,2026-09-03T14:10:00Z,30,regular,0,10.477064736100772,23.50946767080586,13.03240293470509,114.31088850350157,71.96966448464019,13.03240293470509,0.02414110129578262,1,44.581386113700106,-31.524842077699233,39.39107835729594,1,p1a_catchup
tslax,2026-09-03T14:10:00Z,60,regular,0,10.477064736100772,23.50946767080586,13.03240293470509,114.31088850350157,71.96966448464019,13.03240293470509,1.0946039763037874,1,113.64129796939793,-101.70349901099662,88.28126528419133,1,p1a_catchup
tslax,2026-09-03T14:20:00Z,5,regular,0,8.798928735496148,23.815509787299405,15.016581051803257,69.17461637580224,60.924465318264275,15.016581051803257,7.35032435740024,1,24.12954470860207,-16.46328801419905,9.115469846605606,1,p1a_catchup
tslax,2026-09-03T14:20:00Z,15,regular,0,8.798928735496148,23.815509787299405,15.016581051803257,69.17461637580224,60.924465318264275,15.016581051803257,5.463615074905448,1,8.246474573398999,1.3064914034988107,-1.7209817993002474,1,p1a_catchup
tslax,2026-09-03T14:20:00Z,30,regular,0,8.798928735496148,23.815509787299405,15.016581051803257,69.17461637580224,60.924465318264275,15.016581051803257,6.793991572600078,1,68.51844827560072,-60.29585879639754,59.95656298690477,1,p1a_catchup
tslax,2026-09-03T14:20:00Z,60,regular,0,8.798928735496148,23.815509787299405,15.016581051803257,69.17461637580224,60.924465318264275,15.016581051803257,5.807862462008373,1,65.437403067099,-56.228684477304114,46.20492896390438,1,p1a_catchup
tslax,2026-09-03T14:30:00Z,5,regular,1,14.10517938589706,2.1601501627976916,-11.945029223099368,32.84758816669786,53.49292924281339,11.945029223099368,5.463615074905448,1,-15.31288447029766,32.72152876830248,-27.000787722100128,0,xstock_reversion
tslax,2026-09-03T14:30:00Z,15,regular,1,14.10517938589706,2.1601501627976916,-11.945029223099368,32.84758816669786,53.49292924281339,11.945029223099368,11.993485026096096,0,-53.489436950204805,77.42795119940027,-72.11093492760057,0,persistent_or_wider
tslax,2026-09-03T14:30:00Z,30,regular,1,14.10517938589706,2.1601501627976916,-11.945029223099368,32.84758816669786,53.49292924281339,11.945029223099368,11.985125522695483,0,-66.3044101613064,90.23456490710124,-85.78758943580844,0,persistent_or_wider
tslax,2026-09-03T14:30:00Z,60,regular,1,14.10517938589706,2.1601501627976916,-11.945029223099368,32.84758816669786,53.49292924281339,11.945029223099368,2.2796202742991767,1,-106.21415823000468,120.43880772740323,-105.21832761520855,0,xstock_reversion
tslax,2026-09-03T14:45:00Z,5,regular,0,8.788163114097358,20.781648140193454,11.993485026096096,77.42795119940027,41.57800352008483,11.993485026096096,6.793991572600078,1,22.095421222294576,-16.895927768798558,16.56739758070458,1,p1a_catchup
tslax,2026-09-03T14:45:00Z,15,regular,0,8.788163114097358,20.781648140193454,11.993485026096096,77.42795119940027,41.57800352008483,11.993485026096096,11.985125522695483,1,12.814973211101588,-12.806613707700976,13.676654508207875,1,p1a_catchup
tslax,2026-09-03T14:45:00Z,30,regular,0,8.788163114097358,20.781648140193454,11.993485026096096,77.42795119940027,41.57800352008483,11.993485026096096,10.960297247395445,1,2.854941509893294,20.098840763598247,-16.331264824493985,0,xstock_reversion
tslax,2026-09-03T14:45:00Z,60,regular,0,8.788163114097358,20.781648140193454,11.993485026096096,77.42795119940027,41.57800352008483,11.993485026096096,15.86915412859824,0,87.73434681949688,-91.61001592199902,84.91545574120352,1,persistent_or_wider
tslax,2026-09-03T14:55:00Z,5,regular,1,54.43722090909375,35.90447384449469,-18.532747064599064,-8.638546622998788,47.87957820185583,18.532747064599064,11.985125522695483,1,-38.85044929670123,69.36832188399578,-24.58930488950628,0,xstock_reversion
tslax,2026-09-03T14:55:00Z,15,regular,1,54.43722090909375,35.90447384449469,-18.532747064599064,-8.638546622998788,47.87957820185583,18.532747064599064,1.0946039763037874,1,-59.189852515393326,78.81720355629618,-21.43481365649791,0,xstock_reversion
tslax,2026-09-03T14:55:00Z,30,regular,1,54.43722090909375,35.90447384449469,-18.532747064599064,-8.638546622998788,47.87957820185583,18.532747064599064,8.830480781103489,1,-69.98330291799526,97.34653076369781,-49.12878221840167,0,xstock_reversion
tslax,2026-09-03T14:55:00Z,60,regular,1,54.43722090909375,35.90447384449469,-18.532747064599064,-8.638546622998788,47.87957820185583,18.532747064599064,0.9559587206986464,1,-106.70305653949441,124.27984488339483,-84.33634460129902,0,xstock_reversion
tslax,2026-09-03T15:00:00Z,5,regular,0,9.658203914604258,21.64332943729974,11.985125522695483,12.806613707700976,50.02817183599944,11.985125522695483,3.9251441206022974,1,14.39174138389454,-6.331759981801355,10.245229640597486,1,p1a_catchup
tslax,2026-09-03T15:00:00Z,15,regular,0,9.658203914604258,21.64332943729974,11.985125522695483,12.806613707700976,50.02817183599944,11.985125522695483,10.960297247395445,1,-9.960031701208294,32.90545447129922,-30.00791933270186,0,xstock_reversion
tslax,2026-09-03T15:00:00Z,30,regular,0,9.658203914604258,21.64332943729974,11.985125522695483,12.806613707700976,50.02817183599944,11.985125522695483,2.2796202742991767,1,39.90974806869829,-30.204242820301985,19.43073817940011,1,p1a_catchup
tslax,2026-09-03T15:00:00Z,60,regular,0,9.658203914604258,21.64332943729974,11.985125522695483,12.806613707700976,50.02817183599944,11.985125522695483,1.1160234946050451,1,73.19072239349467,-62.32162036540423,63.10637088649429,1,p1a_catchup
tslax,2026-09-03T15:45:00Z,5,regular,0,2.0936029333018524,17.962757061900092,15.86915412859824,48.59915939399606,28.057866466086086,15.86915412859824,2.701611518602931,1,-4.360063288295635,22.930828935496805,-22.86334555329894,0,xstock_reversion
tslax,2026-09-03T15:45:00Z,15,regular,0,2.0936029333018524,17.962757061900092,15.86915412859824,48.59915939399606,28.057866466086086,15.86915412859824,1.1160234946050451,1,-1.7286512149006228,16.481781848893817,-8.132430346501351,1,xstock_reversion
tslax,2026-09-03T15:45:00Z,30,regular,0,2.0936029333018524,17.962757061900092,15.86915412859824,48.59915939399606,28.057866466086086,15.86915412859824,4.308663278598246,1,4.083930319698226,16.09388708749826,-8.095865298498595,1,xstock_reversion
tslax,2026-09-03T15:45:00Z,60,regular,0,2.0936029333018524,17.962757061900092,15.86915412859824,48.59915939399606,28.057866466086086,15.86915412859824,4.803884518400636,1,-7.243825811196203,18.309095421393806,-15.672909829902437,0,xstock_reversion
tslax,2026-09-03T19:50:00Z,5,regular,1,20.265853862797556,7.671259012402842,-12.594594850394714,-98.86141444409802,25.50452392893068,12.594594850394714,8.06412465059303,1,20.76862196170204,-16.238151761900355,34.236075926799,1,p1a_catchup
tslax,2026-09-03T19:50:00Z,15,regular,1,20.265853862797556,7.671259012402842,-12.594594850394714,-98.86141444409802,25.50452392893068,12.594594850394714,17.29561547410441,0,5.0192345204003175,24.870975804098805,-5.937666327495705,0,persistent_or_wider
tslax,2026-09-03T19:50:00Z,30,regular,1,20.265853862797556,7.671259012402842,-12.594594850394714,-98.86141444409802,25.50452392893068,12.594594850394714,1.2080855220020226,1,6.9058277997946504,4.480681528598041,16.844769504000823,1,p1a_catchup
tslax,2026-09-03T19:50:00Z,60,regular,1,20.265853862797556,7.671259012402842,-12.594594850394714,-98.86141444409802,25.50452392893068,12.594594850394714,5.457580924197458,1,-4.754512271603062,11.891526197800317,6.243248217501218,0,xstock_reversion
tslax,2026-09-03T20:05:00Z,5,afterhours,0,1.3325443861944564,18.628159860298865,17.29561547410441,24.870975804098805,28.42800583842752,17.29561547410441,0.4412747654036764,1,2.4981086330022606,14.356232075698472,-0.2646447805965124,1,xstock_reversion
tslax,2026-09-03T20:05:00Z,15,afterhours,0,1.3325443861944564,18.628159860298865,17.29561547410441,24.870975804098805,28.42800583842752,17.29561547410441,1.2080855220020226,1,-1.886593279394333,20.390294275500764,-22.782435831496528,0,xstock_reversion
tslax,2026-09-03T20:05:00Z,30,afterhours,0,1.3325443861944564,18.628159860298865,17.29561547410441,24.870975804098805,28.42800583842752,17.29561547410441,6.245205993096192,1,8.093240959601289,2.9571685214069277,-6.353408552595141,1,p1a_catchup
tslax,2026-09-03T20:05:00Z,60,afterhours,0,1.3325443861944564,18.628159860298865,17.29561547410441,24.870975804098805,28.42800583842752,17.29561547410441,6.013571770502324,1,2.0127200620034813,9.269323641598604,-12.44323217959753,0,xstock_reversion
tslax,2026-09-03T21:45:00Z,5,afterhours,0,20.05238566570533,22.312978727097033,-42.36536439280236,-84.83878100530085,30.288709301028085,42.36536439280236,18.200152545500003,1,17.5425935012008,6.622618346101561,19.916109466704413,1,p1a_catchup
tslax,2026-09-03T21:45:00Z,15,afterhours,0,20.05238566570533,22.312978727097033,-42.36536439280236,-84.83878100530085,30.288709301028085,42.36536439280236,7.715428533900948,1,25.3920324931034,24.68876043359991,1.262237245303055,1,p1a_catchup
tslax,2026-09-03T21:45:00Z,30,afterhours,0,20.05238566570533,22.312978727097033,-42.36536439280236,-84.83878100530085,30.288709301028085,42.36536439280236,2.3918315969950754,1,34.62259001279833,10.134605976999111,13.253445130700925,1,p1a_catchup
tslax,2026-09-03T21:45:00Z,60,afterhours,0,20.05238566570533,22.312978727097033,-42.36536439280236,-84.83878100530085,30.288709301028085,42.36536439280236,0.6751960637974008,1,37.82498034249571,5.215580114104057,6.323437923398956,1,p1a_catchup
tslax,2026-09-03T21:50:00Z,5,afterhours,0,6.486342147100643,24.686494692600647,-18.200152545500003,-70.12275678859758,31.200799198337428,18.200152545500003,11.965949878902649,1,12.650574444794671,-6.416371778197316,2.140035727000722,1,p1a_catchup
tslax,2026-09-03T21:50:00Z,15,afterhours,0,6.486342147100643,24.686494692600647,-18.200152545500003,-70.12275678859758,31.200799198337428,18.200152545500003,2.4883385844010064,1,5.588587492901809,15.099903636999201,-24.244852252799376,0,xstock_reversion
tslax,2026-09-03T21:50:00Z,30,afterhours,0,6.486342147100643,24.686494692600647,-18.200152545500003,-70.12275678859758,31.200799198337428,18.200152545500003,13.020406234103277,1,27.95521983239624,-22.775473520999512,18.9667380585945,1,p1a_catchup
tslax,2026-09-03T21:50:00Z,60,afterhours,0,6.486342147100643,24.686494692600647,-18.200152545500003,-70.12275678859758,31.200799198337428,18.200152545500003,5.3953773124959525,1,14.794918058296247,8.800611799699709,-19.186481206601158,0,p1a_catchup
tslax,2026-09-03T21:55:00Z,5,afterhours,0,2.210006095904049,14.175955974806698,-11.965949878902649,-73.62335619910176,31.016955811909355,11.965949878902649,7.715428533900948,1,-4.801135452892069,24.482513865695665,-20.79390794840208,0,xstock_reversion
tslax,2026-09-03T21:55:00Z,15,afterhours,0,2.210006095904049,14.175955974806698,-11.965949878902649,-73.62335619910176,31.016955811909355,11.965949878902649,14.624907864400072,0,4.461232036900853,-7.120190022398276,7.742108108796941,1,persistent_or_wider
tslax,2026-09-03T21:55:00Z,30,afterhours,0,2.210006095904049,14.175955974806698,-11.965949878902649,-73.62335619910176,31.016955811909355,11.965949878902649,6.22649592250113,1,11.904822712400787,6.287623089002992,18.965453843593494,1,p1a_catchup
tslax,2026-09-03T21:55:00Z,60,afterhours,0,2.210006095904049,14.175955974806698,-11.965949878902649,-73.62335619910176,31.016955811909355,11.965949878902649,3.136455459307186,1,-1.486490600992596,16.58889593920243,-19.643375719402556,0,xstock_reversion
tslax,2026-09-03T22:10:00Z,5,afterhours,0,2.831924182302714,17.456832046702786,-14.624907864400072,-7.120190022398276,34.28554110517118,14.624907864400072,2.3918315969950754,1,-0.03180997009799569,17.048549431493143,-16.54480817180115,0,xstock_reversion
tslax,2026-09-03T22:10:00Z,15,afterhours,0,2.831924182302714,17.456832046702786,-14.624907864400072,-7.120190022398276,34.28554110517118,14.624907864400072,6.22649592250113,1,7.443590675499934,13.407813111401268,11.223345734796553,1,xstock_reversion
tslax,2026-09-03T22:10:00Z,30,afterhours,0,2.831924182302714,17.456832046702786,-14.624907864400072,-7.120190022398276,34.28554110517118,14.624907864400072,0.8959548791942495,1,3.915302826404954,9.813650158800868,-15.211563719397247,0,xstock_reversion
tslax,2026-09-03T22:10:00Z,60,afterhours,0,2.831924182302714,17.456832046702786,-14.624907864400072,-7.120190022398276,34.28554110517118,14.624907864400072,0.19712824530060402,1,-11.282447216798275,26.10448332649895,-28.37889098789681,0,xstock_reversion
tslax,2026-09-03T22:20:00Z,5,afterhours,0,2.6776066846956326,15.69801291879891,-13.020406234103277,-37.87537715799871,21.746903171701234,13.020406234103277,6.22649592250113,1,-3.399822675200781,22.646724831805187,2.1387515119997147,1,xstock_reversion
tslax,2026-09-03T22:20:00Z,15,afterhours,0,2.6776066846956326,15.69801291879891,-13.020406234103277,-37.87537715799871,21.746903171701234,13.020406234103277,10.856665504297425,1,-7.351829884898464,31.228901623299166,-25.89602995589857,0,xstock_reversion
tslax,2026-09-03T22:20:00Z,30,afterhours,0,2.6776066846956326,15.69801291879891,-13.020406234103277,-37.87537715799871,21.746903171701234,13.020406234103277,5.3953773124959525,1,-13.160301774099992,31.57608532069922,-38.15321926519566,0,xstock_reversion
tslax,2026-09-03T22:20:00Z,60,afterhours,0,2.6776066846956326,15.69801291879891,-13.020406234103277,-37.87537715799871,21.746903171701234,13.020406234103277,2.711357090499078,1,-18.643478762294663,28.95252790589886,-32.292959647897135,0,xstock_reversion
tslax,2026-09-04T08:10:00Z,5,premarket,1,39.79510703290501,15.50042759290271,-24.294679440002298,-63.56506050530619,20.432171817296126,24.294679440002298,7.880031397196063,1,-10.060415354899988,42.23512619209835,1.892735955504321,0,xstock_reversion
tslax,2026-09-04T08:10:00Z,15,premarket,1,39.79510703290501,15.50042759290271,-24.294679440002298,-63.56506050530619,20.432171817296126,24.294679440002298,6.437860199701717,1,-17.141633219797114,47.87417285950113,-3.514130896995482,0,xstock_reversion
tslax,2026-09-04T08:10:00Z,30,premarket,1,39.79510703290501,15.50042759290271,-24.294679440002298,-63.56506050530619,20.432171817296126,24.294679440002298,6.991498540296348,1,-21.26868711870067,52.554865098999315,-18.637823960094835,0,xstock_reversion
tslax,2026-09-04T08:10:00Z,60,premarket,1,39.79510703290501,15.50042759290271,-24.294679440002298,-63.56506050530619,20.432171817296126,24.294679440002298,8.175725447197024,1,10.713894153902004,5.40505983890327,39.008582581701035,1,p1a_catchup
tslax,2026-09-04T09:05:00Z,5,premarket,0,6.189515109698007,20.52500993009687,-14.335494820398864,-22.96740595549629,18.89796151170254,14.335494820398864,8.175725447197024,1,10.987282544201449,-4.827513170999609,3.256533449000898,1,p1a_catchup
tslax,2026-09-04T09:05:00Z,15,premarket,0,6.189515109698007,20.52500993009687,-14.335494820398864,-22.96740595549629,18.89796151170254,14.335494820398864,20.340711789899046,0,35.04195505430019,-41.04717202380037,34.791152486199906,1,persistent_or_wider
tslax,2026-09-04T09:05:00Z,30,premarket,0,6.189515109698007,20.52500993009687,-14.335494820398864,-22.96740595549629,18.89796151170254,14.335494820398864,1.7970548684953513,1,55.064602306300614,-42.5261623543971,38.87617548720357,1,p1a_catchup
tslax,2026-09-04T09:05:00Z,60,premarket,0,6.189515109698007,20.52500993009687,-14.335494820398864,-22.96740595549629,18.89796151170254,14.335494820398864,5.610876276600507,1,15.571654185695394,4.374716911303977,-12.202564052294917,1,p1a_catchup
tslax,2026-09-04T09:20:00Z,5,premarket,0,0.06650442790245847,20.274207361996588,-20.340711789899046,-41.04717202380037,20.4535767709753,20.340711789899046,4.386580285498098,1,7.039063982299254,8.915067522101694,-7.648121479899572,1,xstock_reversion
tslax,2026-09-04T09:20:00Z,15,premarket,0,0.06650442790245847,20.274207361996588,-20.340711789899046,-41.04717202380037,20.4535767709753,20.340711789899046,1.7970548684953513,1,20.022647252000425,-1.47899033059673,4.085023001003663,1,p1a_catchup
tslax,2026-09-04T09:20:00Z,30,premarket,0,0.06650442790245847,20.274207361996588,-20.340711789899046,-41.04717202380037,20.4535767709753,20.340711789899046,9.762278287102077,1,-6.753562402899149,36.85655247990027,-38.31786738779819,0,xstock_reversion
tslax,2026-09-04T09:20:00Z,60,premarket,0,0.06650442790245847,20.274207361996588,-20.340711789899046,-41.04717202380037,20.4535767709753,20.340711789899046,9.667537576198981,1,-6.23772822589963,16.910902439599695,-35.60512017209305,0,xstock_reversion
tslax,2026-09-04T10:25:00Z,5,premarket,0,6.191271547502097,6.504579766195562,12.69585131369766,6.89274055519995,19.11279274673417,12.69585131369766,1.682292045694922,1,2.54258387220041,8.470975395802327,-4.065756896700634,0,xstock_reversion
tslax,2026-09-04T10:25:00Z,15,premarket,0,6.191271547502097,6.504579766195562,12.69585131369766,6.89274055519995,19.11279274673417,12.69585131369766,1.3345390695018722,1,-0.28825201900062325,11.64956426319641,-2.9813934169986567,0,xstock_reversion
tslax,2026-09-04T10:25:00Z,30,premarket,0,6.191271547502097,6.504579766195562,12.69585131369766,6.89274055519995,19.11279274673417,12.69585131369766,3.4252755675012736,1,-5.376890858705963,21.498017739904896,-7.31955302089915,0,xstock_reversion
tslax,2026-09-04T10:25:00Z,60,premarket,0,6.191271547502097,6.504579766195562,12.69585131369766,6.89274055519995,19.11279274673417,12.69585131369766,1.711570350604319,1,-51.16865816289895,65.57607982720093,-54.61895889760093,0,xstock_reversion
tslax,2026-09-04T11:05:00Z,5,premarket,0,0.13709166249320504,12.267106947794204,-12.130015285300999,-36.69197552620851,8.908862599245216,12.130015285300999,1.2825750547040826,1,0.18925201249686552,13.223338327508216,-17.13889724049622,0,xstock_reversion
tslax,2026-09-04T11:05:00Z,15,premarket,0,0.13709166249320504,12.267106947794204,-12.130015285300999,-36.69197552620851,8.908862599245216,12.130015285300999,14.493370588697374,0,19.166030048900495,-21.52938535229687,20.987510599699277,1,persistent_or_wider
tslax,2026-09-04T11:05:00Z,30,premarket,0,0.13709166249320504,12.267106947794204,-12.130015285300999,-36.69197552620851,8.908862599245216,12.130015285300999,18.119082870997616,0,41.72964950379665,-47.71871708949327,56.52123665869979,1,persistent_or_wider
tslax,2026-09-04T11:05:00Z,60,premarket,0,0.13709166249320504,12.267106947794204,-12.130015285300999,-36.69197552620851,8.908862599245216,12.130015285300999,4.703138726700473,1,72.02784353379954,-64.60096697519901,60.580110653498664,1,p1a_catchup
tslax,2026-09-04T11:20:00Z,5,premarket,0,0.40478309010438807,14.088587498592986,-14.493370588697374,-21.52938535229687,13.432058847075684,14.493370588697374,1.711570350604319,1,3.5095992514921903,9.272200986600865,-13.633267278594374,0,xstock_reversion
tslax,2026-09-04T11:20:00Z,15,premarket,0,0.40478309010438807,14.088587498592986,-14.493370588697374,-21.52938535229687,13.432058847075684,14.493370588697374,18.119082870997616,0,22.563619454896156,-26.189331737196397,35.533726059000514,1,persistent_or_wider
tslax,2026-09-04T11:20:00Z,30,premarket,0,0.40478309010438807,14.088587498592986,-14.493370588697374,-21.52938535229687,13.432058847075684,14.493370588697374,2.702896639394936,1,53.482937534594654,-36.286670306502344,33.069626606403446,1,p1a_catchup
tslax,2026-09-04T11:20:00Z,60,premarket,0,0.40478309010438807,14.088587498592986,-14.493370588697374,-21.52938535229687,13.432058847075684,14.493370588697374,16.1389982781035,0,17.476219596099796,13.156149270701079,-18.264347356495847,0,persistent_or_wider
tslax,2026-09-04T11:35:00Z,5,premarket,0,8.939611231699729,27.058694102697345,-18.119082870997616,-26.189331737196397,20.268985922956038,18.119082870997616,12.92193612219883,1,16.700958254300957,-11.50381150550217,6.979433963003601,1,p1a_catchup
tslax,2026-09-04T11:35:00Z,15,premarket,0,8.939611231699729,27.058694102697345,-18.119082870997616,-26.189331737196397,20.268985922956038,18.119082870997616,2.702896639394936,1,30.9193180796985,-10.097338569305947,-2.4640994525970683,1,p1a_catchup
tslax,2026-09-04T11:35:00Z,30,premarket,0,8.939611231699729,27.058694102697345,-18.119082870997616,-26.189331737196397,20.268985922956038,18.119082870997616,4.703138726700473,1,30.29819403000289,-16.882249885705747,4.058873994798873,1,p1a_catchup
tslax,2026-09-04T11:35:00Z,60,premarket,0,8.939611231699729,27.058694102697345,-18.119082870997616,-26.189331737196397,20.268985922956038,18.119082870997616,30.97186012529285,0,43.814372775203836,-56.66715002949907,24.67444706290678,1,persistent_or_wider
tslax,2026-09-04T11:40:00Z,5,premarket,0,4.415233689201159,17.33716981139999,-12.92193612219883,-46.96534422929943,17.415043355909233,12.92193612219883,12.992725933695937,0,15.573376102002712,-15.644165913499819,9.888563259199401,1,persistent_or_wider
tslax,2026-09-04T11:40:00Z,15,premarket,0,4.415233689201159,17.33716981139999,-12.92193612219883,-46.96534422929943,17.415043355909233,12.92193612219883,4.072333907405579,1,9.227151876300965,7.767118153303443,-11.359635522296685,0,p1a_catchup
tslax,2026-09-04T11:40:00Z,30,premarket,0,4.415233689201159,17.33716981139999,-12.92193612219883,-46.96534422929943,17.415043355909233,12.92193612219883,3.258218755197717,1,10.330076111699782,5.8500787656967645,-9.443533415600669,1,p1a_catchup
tslax,2026-09-04T11:40:00Z,60,premarket,0,4.415233689201159,17.33716981139999,-12.92193612219883,-46.96534422929943,17.415043355909233,12.92193612219883,10.089570516003121,1,17.66085323040123,5.350653407800721,5.3501792161014805,1,p1a_catchup
tslax,2026-09-04T11:45:00Z,5,premarket,0,1.340368965099259,11.652356968596678,-12.992725933695937,-64.65291812950191,17.365033168305878,12.992725933695937,2.702896639394936,1,-1.3550162766051699,17.050638849696043,-19.33209667480007,0,xstock_reversion
tslax,2026-09-04T11:45:00Z,15,premarket,0,1.340368965099259,11.652356968596678,-12.992725933695937,-64.65291812950191,17.365033168305878,12.992725933695937,0.12227437029999066,1,-6.874012377204863,19.98901268120079,-18.237016322197874,0,xstock_reversion
tslax,2026-09-04T11:45:00Z,30,premarket,0,1.340368965099259,11.652356968596678,-12.992725933695937,-64.65291812950191,17.365033168305878,12.992725933695937,13.651140652903848,0,-19.656868536301886,46.30073512290167,-39.56948256759851,0,persistent_or_wider
tslax,2026-09-04T11:45:00Z,60,premarket,0,1.340368965099259,11.652356968596678,-12.992725933695937,-64.65291812950191,17.365033168305878,12.992725933695937,10.013824558399165,1,13.060680759497956,-10.081779384201184,16.31954266700042,1,p1a_catchup
tslax,2026-09-04T12:15:00Z,5,premarket,0,5.390883590203899,8.26025706269995,13.651140652903848,26.31172244170088,12.818618190278862,13.651140652903848,16.1389982781035,0,17.704865678798143,-20.192723303997795,31.09658807010085,1,persistent_or_wider
tslax,2026-09-04T12:15:00Z,15,premarket,0,5.390883590203899,8.26025706269995,13.651140652903848,26.31172244170088,12.818618190278862,13.651140652903848,19.16274875449986,0,3.320242094000392,29.493647313403315,-25.166192126198084,0,persistent_or_wider
tslax,2026-09-04T12:15:00Z,30,premarket,0,5.390883590203899,8.26025706269995,13.651140652903848,26.31172244170088,12.818618190278862,13.651140652903848,10.013824558399165,1,-32.71754929579984,56.382514507102854,-55.88902523459893,0,xstock_reversion
tslax,2026-09-04T12:15:00Z,60,premarket,0,5.390883590203899,8.26025706269995,13.651140652903848,26.31172244170088,12.818618190278862,13.651140652903848,4.380316407894824,1,-50.25370714609956,68.28516420689823,-67.98458159280152,0,xstock_reversion
tslax,2026-09-04T12:20:00Z,5,premarket,0,5.5129811758991565,21.651979454002657,16.1389982781035,56.22773089360322,13.330173254582956,16.1389982781035,0.8953338309947156,1,3.5999700856059746,11.64369436150281,-3.2687750556981143,1,xstock_reversion
tslax,2026-09-04T12:20:00Z,15,premarket,0,5.5129811758991565,21.651979454002657,16.1389982781035,56.22773089360322,13.330173254582956,16.1389982781035,30.97186012529285,0,-48.901772634000196,96.01263103739655,-78.47252047840314,0,persistent_or_wider
tslax,2026-09-04T12:20:00Z,30,premarket,0,5.5129811758991565,21.651979454002657,16.1389982781035,56.22773089360322,13.330173254582956,16.1389982781035,0.4902545462037722,1,-51.75736303320022,67.40610676509995,-82.59085398440114,0,xstock_reversion
tslax,2026-09-04T12:20:00Z,60,premarket,0,5.5129811758991565,21.651979454002657,16.1389982781035,56.22773089360322,13.330173254582956,16.1389982781035,7.2339606333038375,1,-61.6498360940998,70.55487373889946,-83.30761727940228,0,xstock_reversion
tslax,2026-09-04T12:30:00Z,5,premarket,0,1.0634284029986674,20.226177157498526,-19.16274875449986,-29.493647313403315,23.76915357366493,19.16274875449986,30.97186012529285,0,34.517149049202445,-46.326260419995435,22.209740282104207,1,persistent_or_wider
tslax,2026-09-04T12:30:00Z,15,premarket,0,1.0634284029986674,20.226177157498526,-19.16274875449986,-29.493647313403315,23.76915357366493,19.16274875449986,10.013824558399165,1,36.03779138980023,-26.88886719369954,30.72283310840085,1,p1a_catchup
tslax,2026-09-04T12:30:00Z,30,premarket,0,1.0634284029986674,20.226177157498526,-19.16274875449986,-29.493647313403315,23.76915357366493,19.16274875449986,8.487171019098128,1,47.407153722698325,-36.731575987296594,36.493887310395934,1,p1a_catchup
tslax,2026-09-04T12:30:00Z,60,premarket,0,1.0634284029986674,20.226177157498526,-19.16274875449986,-29.493647313403315,23.76915357366493,19.16274875449986,27.43177864210189,0,146.05192251130106,-154.3209523989031,156.34720787160106,1,persistent_or_wider
tslax,2026-09-04T12:35:00Z,5,premarket,1,23.05309173489256,7.918768390400288,-30.97186012529285,-96.01263103739655,30.378691543741777,30.97186012529285,10.089570516003121,1,-9.452561290501649,50.51399193179762,-12.344833883801698,0,xstock_reversion
tslax,2026-09-04T12:35:00Z,15,premarket,1,23.05309173489256,7.918768390400288,-30.97186012529285,-96.01263103739655,30.378691543741777,30.97186012529285,0.4902545462037722,1,2.8555903992000253,28.606524272296596,4.118333505997995,0,xstock_reversion
tslax,2026-09-04T12:35:00Z,30,premarket,1,23.05309173489256,7.918768390400288,-30.97186012529285,-96.01263103739655,30.378691543741777,30.97186012529285,7.359404619204923,1,21.64849486039344,1.9639606456944847,26.111469518692587,1,p1a_catchup
tslax,2026-09-04T12:35:00Z,60,premarket,1,23.05309173489256,7.918768390400288,-30.97186012529285,-96.01263103739655,30.378691543741777,30.97186012529285,0.8645648613025969,1,114.25592992759803,-82.41950494100259,111.23953673819464,1,p1a_catchup
tslax,2026-09-04T13:25:00Z,5,premarket,0,13.522215390500136,36.4547342308974,-22.932518840397265,-50.78609017200364,27.195409408975006,22.932518840397265,27.43177864210189,0,75.07822147799992,-79.57748127970454,69.14494976490104,1,persistent_or_wider
tslax,2026-09-04T13:25:00Z,15,premarket,0,13.522215390500136,36.4547342308974,-22.932518840397265,-50.78609017200364,27.195409408975006,22.932518840397265,18.14832177240433,1,128.27192163099355,-123.48772456300061,131.8260322971998,1,p1a_catchup
tslax,2026-09-04T13:25:00Z,30,premarket,0,13.522215390500136,36.4547342308974,-22.932518840397265,-50.78609017200364,27.195409408975006,22.932518840397265,11.095110488898996,1,111.41632833060022,-77.38869900130396,64.30533828569729,1,p1a_catchup
tslax,2026-09-04T13:25:00Z,60,premarket,0,13.522215390500136,36.4547342308974,-22.932518840397265,-50.78609017200364,27.195409408975006,22.932518840397265,5.261628464898749,1,275.92965385410116,-258.25876347860265,243.59049396910137,1,p1a_catchup
tslax,2026-09-04T13:30:00Z,5,regular,0,3.089683875696636,30.521462517798525,-27.43177864210189,-115.52943550540817,39.865821951212034,27.43177864210189,0.8645648613025969,1,2.721156465499419,25.575187037905067,-22.897930851302206,0,xstock_reversion
tslax,2026-09-04T13:30:00Z,15,regular,0,3.089683875696636,30.521462517798525,-27.43177864210189,-115.52943550540817,39.865821951212034,27.43177864210189,5.470336777397833,1,74.91216477410134,-52.950722909397285,68.001646637601,1,p1a_catchup
tslax,2026-09-04T13:30:00Z,30,regular,0,3.089683875696636,30.521462517798525,-27.43177864210189,-115.52943550540817,39.865821951212034,27.43177864210189,12.636269377193088,1,69.11224997200094,-54.31674070709214,67.72154636159655,1,p1a_catchup
tslax,2026-09-04T13:30:00Z,60,regular,0,3.089683875696636,30.521462517798525,-27.43177864210189,-115.52943550540817,39.865821951212034,27.43177864210189,5.967570595997174,1,185.21885961299665,-151.81951037489762,151.39933556620022,1,p1a_catchup
tslax,2026-09-04T13:40:00Z,5,regular,0,21.860523124699327,40.00884489710366,-18.14832177240433,-123.48772456300061,45.15926302340196,18.14832177240433,5.470336777397833,1,21.718464621107714,-9.040479626101217,5.320564105302239,1,p1a_catchup
tslax,2026-09-04T13:40:00Z,15,regular,0,21.860523124699327,40.00884489710366,-18.14832177240433,-123.48772456300061,45.15926302340196,18.14832177240433,11.095110488898996,1,-16.855593300393323,46.09902556169665,-67.52069401150251,0,xstock_reversion
tslax,2026-09-04T13:40:00Z,30,regular,0,21.860523124699327,40.00884489710366,-18.14832177240433,-123.48772456300061,45.15926302340196,18.14832177240433,5.015932420295854,1,46.42748518100426,-23.263230988304073,46.86215133870242,1,p1a_catchup
tslax,2026-09-04T13:40:00Z,60,regular,0,21.860523124699327,40.00884489710366,-18.14832177240433,-123.48772456300061,45.15926302340196,18.14832177240433,7.875181659002806,1,152.2327149026026,-141.95957478920107,125.50432714309778,1,p1a_catchup
tslax,2026-09-04T14:00:00Z,5,regular,0,16.49448953020105,29.13075890739414,-12.636269377193088,-1.3660177976948518,44.72913172010643,12.636269377193088,13.159114687795181,0,40.919291070897756,-41.44213638149985,31.420101032599845,1,persistent_or_wider
tslax,2026-09-04T14:00:00Z,15,regular,0,16.49448953020105,29.13075890739414,-12.636269377193088,-1.3660177976948518,44.72913172010643,12.636269377193088,23.641562966902896,0,102.01716332229438,-113.02245691200419,99.64895969610588,1,persistent_or_wider
tslax,2026-09-04T14:00:00Z,30,regular,0,16.49448953020105,29.13075890739414,-12.636269377193088,-1.3660177976948518,44.72913172010643,12.636269377193088,5.967570595997174,1,116.10660964099573,-97.50276966780547,83.67778920460367,1,p1a_catchup
tslax,2026-09-04T14:00:00Z,60,regular,0,16.49448953020105,29.13075890739414,-12.636269377193088,-1.3660177976948518,44.72913172010643,12.636269377193088,6.350167809001661,1,89.49222480979735,-70.5057876236026,55.89509672260462,1,p1a_catchup
tslax,2026-09-04T14:05:00Z,5,regular,0,6.472454181301046,19.631568869096228,-13.159114687795181,-59.935396518797646,42.67293162011939,13.159114687795181,5.015932420295854,1,-10.41035570890081,28.585402816991845,10.40158647680478,1,xstock_reversion
tslax,2026-09-04T14:05:00Z,15,regular,0,6.472454181301046,19.631568869096228,-13.159114687795181,-59.935396518797646,42.67293162011939,13.159114687795181,2.797845068194249,1,73.26929511600078,-62.908025496399844,72.33177108139976,1,p1a_catchup
tslax,2026-09-04T14:05:00Z,30,regular,0,6.472454181301046,19.631568869096228,-13.159114687795181,-59.935396518797646,42.67293162011939,13.159114687795181,0.8744440463992476,1,72.2382622076001,-58.20470347340567,62.14832678310245,1,p1a_catchup
tslax,2026-09-04T14:05:00Z,60,regular,0,6.472454181301046,19.631568869096228,-13.159114687795181,-59.935396518797646,42.67293162011939,13.159114687795181,11.064726651701662,1,78.092007818098,-75.99761978200448,68.93613726790093,1,p1a_catchup
tslax,2026-09-04T14:15:00Z,5,regular,0,3.1209923143027396,26.762555281205636,-23.641562966902896,-113.02245691200419,55.349994669547854,23.641562966902896,2.797845068194249,1,12.171422864604153,8.672295034104494,4.102912417893734,1,p1a_catchup
tslax,2026-09-04T14:15:00Z,15,regular,0,3.1209923143027396,26.762555281205636,-23.641562966902896,-113.02245691200419,55.349994669547854,23.641562966902896,5.967570595997174,1,14.089446318701349,15.519687244198721,-15.971170491502207,0,xstock_reversion
tslax,2026-09-04T14:15:00Z,30,regular,0,3.1209923143027396,26.762555281205636,-23.641562966902896,-113.02245691200419,55.349994669547854,23.641562966902896,6.377422889496387,1,19.089793760000973,10.92919209639831,-6.504617093305853,1,p1a_catchup
tslax,2026-09-04T14:15:00Z,60,regular,0,3.1209923143027396,26.762555281205636,-23.641562966902896,-113.02245691200419,55.349994669547854,23.641562966902896,0.09092981049896309,1,35.011750356304105,-11.279257578902246,12.172166874400148,1,p1a_catchup
tslax,2026-09-04T20:00:00Z,5,afterhours,0,3.4829093933019806,13.672034506200248,-17.15494389950223,-43.00381522160279,27.705770666189267,17.15494389950223,0.05327189300352586,1,1.6422579844022067,15.565957808103548,-8.211459694393852,0,xstock_reversion
tslax,2026-09-04T20:00:00Z,15,afterhours,0,3.4829093933019806,13.672034506200248,-17.15494389950223,-43.00381522160279,27.705770666189267,17.15494389950223,0.1901286715977335,1,-2.455785987196535,19.800858558296497,-16.978949083394923,0,xstock_reversion
tslax,2026-09-04T20:00:00Z,30,afterhours,0,3.4829093933019806,13.672034506200248,-17.15494389950223,-43.00381522160279,27.705770666189267,17.15494389950223,0.33307424319950485,1,6.117473432203369,10.704396224099355,-7.928418129701242,0,xstock_reversion
tslax,2026-09-04T20:00:00Z,60,afterhours,0,3.4829093933019806,13.672034506200248,-17.15494389950223,-43.00381522160279,27.705770666189267,17.15494389950223,2.02095154929971,1,2.104975325103453,17.070920123698485,-13.587727845001396,0,xstock_reversion
tslax,2026-09-08T08:05:00Z,5,premarket,0,3.2269902060999556,12.683280333201097,-15.910270539301052,-45.80127255760402,11.389960846085557,15.910270539301052,3.4778853865979897,1,-2.0288780059996014,21.417033931898644,-17.823047366105627,0,xstock_reversion
tslax,2026-09-08T08:05:00Z,15,premarket,0,3.2269902060999556,12.683280333201097,-15.910270539301052,-45.80127255760402,11.389960846085557,15.910270539301052,4.141057529798431,1,1.4817083846008217,10.2875046249018,-6.227531551203924,0,xstock_reversion
tslax,2026-09-08T08:05:00Z,30,premarket,0,3.2269902060999556,12.683280333201097,-15.910270539301052,-45.80127255760402,11.389960846085557,15.910270539301052,0.20850941659489308,1,1.4040722277020024,14.297688895004157,3.6817287548007727,1,xstock_reversion
tslax,2026-09-08T08:05:00Z,60,premarket,0,3.2269902060999556,12.683280333201097,-15.910270539301052,-45.80127255760402,11.389960846085557,15.910270539301052,7.185508824294473,1,20.85778867229493,2.2379906913005954,14.735055088799243,1,p1a_catchup
tslax,2026-09-08T09:35:00Z,5,premarket,1,17.583861343197782,3.056361806494934,14.527499536702848,24.238276493102617,16.59878137092419,14.527499536702848,4.9704517103954515,1,4.7609720217067775,4.796075804600619,-1.9801140045050403,0,xstock_reversion
tslax,2026-09-08T09:35:00Z,15,premarket,1,17.583861343197782,3.056361806494934,14.527499536702848,24.238276493102617,16.59878137092419,14.527499536702848,2.8462607057999634,1,9.252442259901628,2.428796571001257,5.3726195640013685,0,p1a_catchup
tslax,2026-09-08T09:35:00Z,30,premarket,1,17.583861343197782,3.056361806494934,14.527499536702848,24.238276493102617,16.59878137092419,14.527499536702848,2.0927127157044367,1,8.711207740601523,3.7235790803968882,6.042580724896496,0,p1a_catchup
tslax,2026-09-08T09:35:00Z,60,premarket,1,17.583861343197782,3.056361806494934,14.527499536702848,24.238276493102617,16.59878137092419,14.527499536702848,4.610979363599554,1,18.088953817398945,1.0495250829034575,15.826812788501954,1,p1a_catchup
tslax,2026-09-08T12:20:00Z,5,premarket,1,45.894256930498756,26.2445826598956,-19.649674270603157,-46.78606467090063,18.019892265069043,19.649674270603157,11.346105134002471,1,-14.971299078796463,45.96707848340209,-0.844440066405383,0,xstock_reversion
tslax,2026-09-08T12:20:00Z,15,premarket,1,45.894256930498756,26.2445826598956,-19.649674270603157,-46.78606467090063,18.019892265069043,19.649674270603157,3.346819699592274,1,-27.965303516301887,50.96179748649732,-6.3934518825004005,0,xstock_reversion
tslax,2026-09-08T12:20:00Z,30,premarket,1,45.894256930498756,26.2445826598956,-19.649674270603157,-46.78606467090063,18.019892265069043,19.649674270603157,4.6089626930001515,1,-26.21586292919531,41.256574506798316,-3.6587253971998024,0,xstock_reversion
tslax,2026-09-08T12:20:00Z,60,premarket,1,45.894256930498756,26.2445826598956,-19.649674270603157,-46.78606467090063,18.019892265069043,19.649674270603157,6.587878139896475,1,-48.81676840179594,61.87856453250262,-12.659119772004956,0,xstock_reversion
tslax,2026-09-08T12:25:00Z,5,premarket,0,0.7716185135020481,12.11772364750452,11.346105134002471,8.496041856504988,27.18410362511419,11.346105134002471,6.77019191029693,1,8.495798286602962,-3.9198850628974213,4.783813916393598,1,p1a_catchup
tslax,2026-09-08T12:25:00Z,15,premarket,0,0.7716185135020481,12.11772364750452,11.346105134002471,8.496041856504988,27.18410362511419,11.346105134002471,0.1403991404025362,1,13.716307548801154,-2.5106015552012195,3.939777734895955,1,p1a_catchup
tslax,2026-09-08T12:25:00Z,30,premarket,0,0.7716185135020481,12.11772364750452,11.346105134002471,8.496041856504988,27.18410362511419,11.346105134002471,7.8035540780962975,1,19.767382591000526,-16.224831535094353,14.836432837297409,1,p1a_catchup
tslax,2026-09-08T12:25:00Z,60,premarket,0,0.7716185135020481,12.11772364750452,11.346105134002471,8.496041856504988,27.18410362511419,11.346105134002471,14.196105645494228,0,47.29706269290368,-50.14706320439544,55.29605826129824,1,persistent_or_wider
tslax,2026-09-08T13:25:00Z,5,premarket,0,5.9206135704048535,20.11671921589908,14.196105645494228,20.204746998997436,16.397154171999006,14.196105645494228,35.291201669700456,0,93.28064830190108,-114.37574432610731,114.52711057869713,1,persistent_or_wider
tslax,2026-09-08T13:25:00Z,15,premarket,0,5.9206135704048535,20.11671921589908,14.196105645494228,20.204746998997436,16.397154171999006,14.196105645494228,20.57626524109679,0,28.50298125859574,6.269389627995281,11.749567736698552,1,persistent_or_wider
tslax,2026-09-08T13:25:00Z,30,premarket,0,5.9206135704048535,20.11671921589908,14.196105645494228,20.204746998997436,16.397154171999006,14.196105645494228,11.349169075600685,1,85.0296564967934,-82.18271992689985,81.54207637559807,1,p1a_catchup
tslax,2026-09-08T13:25:00Z,60,premarket,0,5.9206135704048535,20.11671921589908,14.196105645494228,20.204746998997436,16.397154171999006,14.196105645494228,0.7186731302066818,1,188.93783996679403,-175.46040745150648,169.85782084470102,1,p1a_catchup
tslax,2026-09-08T13:30:00Z,5,regular,0,6.0719798229946775,41.363181492695134,35.291201669700456,135.54221266790734,47.70546213925212,35.291201669700456,5.123439908700789,1,-7.090708752599539,47.505350331000784,-56.75171506839938,0,xstock_reversion
tslax,2026-09-08T13:30:00Z,15,regular,0,6.0719798229946775,41.363181492695134,35.291201669700456,135.54221266790734,47.70546213925212,35.291201669700456,6.435438933598547,1,-46.60299741000351,75.45876014610542,-80.23747134799919,0,xstock_reversion
tslax,2026-09-08T13:30:00Z,30,regular,0,6.0719798229946775,41.363181492695134,35.291201669700456,135.54221266790734,47.70546213925212,35.291201669700456,10.212720778000062,1,22.497196703197275,2.581284188503119,-1.6605089497989667,1,p1a_catchup
tslax,2026-09-08T13:30:00Z,60,regular,0,6.0719798229946775,41.363181492695134,35.291201669700456,135.54221266790734,47.70546213925212,35.291201669700456,6.047897446004313,1,112.3790603955932,-83.13575617189706,85.22790604350128,1,p1a_catchup
tslax,2026-09-08T13:40:00Z,5,regular,1,23.939570935098686,3.3633056940018946,-20.57626524109679,-6.269389627995281,66.33164057585651,20.57626524109679,6.435438933598547,1,-18.174669633301832,45.18637380799717,-22.540071493999392,0,xstock_reversion
tslax,2026-09-08T13:40:00Z,15,regular,1,23.939570935098686,3.3633056940018946,-20.57626524109679,-6.269389627995281,66.33164057585651,20.57626524109679,11.349169075600685,1,-56.526675238197654,88.45210955489513,-69.79250863889952,0,xstock_reversion
tslax,2026-09-08T13:40:00Z,30,regular,1,23.939570935098686,3.3633056940018946,-20.57626524109679,-6.269389627995281,66.33164057585651,20.57626524109679,3.4340399797017085,1,-113.06588571580178,137.07619093660028,-119.98354753769647,0,xstock_reversion
tslax,2026-09-08T13:40:00Z,60,regular,1,23.939570935098686,3.3633056940018946,-20.57626524109679,-6.269389627995281,66.33164057585651,20.57626524109679,1.5529826360971555,1,-191.67628566870042,210.69956827370007,-189.15777865060159,0,xstock_reversion
tslax,2026-09-08T13:55:00Z,5,regular,0,5.279970019103075,16.62913909470376,11.349169075600685,88.45210955489513,68.34474493390053,11.349169075600685,10.212720778000062,1,30.748188508304963,-29.61174021070434,31.324525253300095,1,p1a_catchup
tslax,2026-09-08T13:55:00Z,15,regular,0,5.279970019103075,16.62913909470376,11.349169075600685,88.45210955489513,68.34474493390053,11.349169075600685,3.4340399797017085,1,56.53921047760413,-48.62408138170515,50.19103889879695,1,p1a_catchup
tslax,2026-09-08T13:55:00Z,30,regular,0,5.279970019103075,16.62913909470376,11.349169075600685,88.45210955489513,68.34474493390053,11.349169075600685,0.7186731302066818,1,103.90818347000064,-93.27768752460663,88.31574446910295,1,p1a_catchup
tslax,2026-09-08T13:55:00Z,60,regular,0,5.279970019103075,16.62913909470376,11.349169075600685,88.45210955489513,68.34474493390053,11.349169075600685,6.69032133740366,1,144.24855930020186,-139.58971156200482,136.08653595190034,1,p1a_catchup
tslax,2026-09-08T14:20:00Z,5,regular,0,9.671772284196578,22.96831584249759,13.29654355830101,61.390997965702354,19.103241306801607,13.29654355830101,0.7186731302066818,1,5.842520893697412,6.735349534396917,-16.0890948549941,1,xstock_reversion
tslax,2026-09-08T14:20:00Z,15,regular,0,9.671772284196578,22.96831584249759,13.29654355830101,61.390997965702354,19.103241306801607,13.29654355830101,6.18494933520175,1,41.88476311299816,-34.7731688898989,15.646278224004107,1,p1a_catchup
tslax,2026-09-08T14:20:00Z,30,regular,0,9.671772284196578,22.96831584249759,13.29654355830101,61.390997965702354,19.103241306801607,13.29654355830101,2.1571768018002757,1,26.701346413098292,-15.561979656597558,10.707125736999501,1,p1a_catchup
tslax,2026-09-08T14:20:00Z,60,regular,0,9.671772284196578,22.96831584249759,13.29654355830101,61.390997965702354,19.103241306801607,13.29654355830101,0.036704295496292616,1,52.05440692380492,-38.7945676610002,73.77206159860705,1,p1a_catchup
tslax,2026-09-08T15:25:00Z,5,regular,0,15.741530573594176,30.07028410929813,14.328753535703953,71.23409124080382,32.374223852961116,14.328753535703953,4.597310847707092,1,-7.50332694889444,26.429391332305485,-36.22081720939363,0,xstock_reversion
tslax,2026-09-08T15:25:00Z,15,regular,0,15.741530573594176,30.07028410929813,14.328753535703953,71.23409124080382,32.374223852961116,14.328753535703953,2.050377625195665,1,-26.9821610238985,39.26053693440679,-48.0968978610008,0,xstock_reversion
tslax,2026-09-08T15:25:00Z,30,regular,0,15.741530573594176,30.07028410929813,14.328753535703953,71.23409124080382,32.374223852961116,14.328753535703953,4.325483847207323,1,15.59894816639762,-5.595678477900989,-1.6258836360005802,1,p1a_catchup
tslax,2026-09-08T15:25:00Z,60,regular,0,15.741530573594176,30.07028410929813,14.328753535703953,71.23409124080382,32.374223852961116,14.328753535703953,1.1843405516032135,1,31.303378436602358,-15.790284349295192,10.599825814106012,1,p1a_catchup
tslax,2026-09-09T08:00:00Z,5,premarket,1,29.49064259829548,10.64627061570178,-18.8443719825937,-43.89866979779278,19.030853576446606,18.8443719825937,10.345008513699128,1,-11.992005312899678,41.181385809192506,-14.67511201759919,0,xstock_reversion
tslax,2026-09-09T08:00:00Z,15,premarket,1,29.49064259829548,10.64627061570178,-18.8443719825937,-43.89866979779278,19.030853576446606,18.8443719825937,2.7900391681079384,1,-7.803000784205594,23.857333598691355,-5.440456164498286,0,xstock_reversion
tslax,2026-09-09T08:00:00Z,30,premarket,1,29.49064259829548,10.64627061570178,-18.8443719825937,-43.89866979779278,19.030853576446606,18.8443719825937,0.8472922031987906,1,-10.679278919001334,28.676358698396243,2.7199782569997666,0,xstock_reversion
tslax,2026-09-09T08:00:00Z,60,premarket,1,29.49064259829548,10.64627061570178,-18.8443719825937,-43.89866979779278,19.030853576446606,18.8443719825937,0.14390434129651908,1,6.761662136600677,11.938805504696504,19.327885802900013,0,xstock_reversion
tslax,2026-09-09T08:35:00Z,5,premarket,0,3.7244290531024404,8.665135763301635,-12.389564816404075,-23.74076892349919,11.378781563834119,12.389564816404075,5.3268770381009745,1,6.577240564098474,0.4854472142046262,10.635252771598047,1,p1a_catchup
tslax,2026-09-09T08:35:00Z,15,premarket,0,3.7244290531024404,8.665135763301635,-12.389564816404075,-23.74076892349919,11.378781563834119,12.389564816404075,3.9975684911919274,1,6.5287178447981375,9.858415462797865,-4.904765895696883,0,xstock_reversion
tslax,2026-09-09T08:35:00Z,30,premarket,0,3.7244290531024404,8.665135763301635,-12.389564816404075,-23.74076892349919,11.378781563834119,12.389564816404075,3.0362207747991476,1,7.668506999500835,1.6848370421040926,3.543827643497366,1,p1a_catchup
tslax,2026-09-09T08:35:00Z,60,premarket,0,3.7244290531024404,8.665135763301635,-12.389564816404075,-23.74076892349919,11.378781563834119,12.389564816404075,8.675802892508244,1,25.09249662059787,-21.37873469670204,24.013546440997402,1,p1a_catchup
tslax,2026-09-09T09:55:00Z,5,premarket,0,1.1285798876947695,16.8257434367014,-15.697163549006632,-36.44997941179895,10.658803688470893,15.697163549006632,16.281500374493163,0,18.91016091980724,-19.49449774529377,-1.9210977760941716,1,persistent_or_wider
tslax,2026-09-09T09:55:00Z,15,premarket,0,1.1285798876947695,16.8257434367014,-15.697163549006632,-36.44997941179895,10.658803688470893,15.697163549006632,4.8467471005952945,1,22.627550689700016,-2.0836400400980892,0.8234406098051039,1,p1a_catchup
tslax,2026-09-09T09:55:00Z,30,premarket,0,1.1285798876947695,16.8257434367014,-15.697163549006632,-36.44997941179895,10.658803688470893,15.697163549006632,2.019799763299801,1,6.0866279163995785,11.630335395906855,-12.617605975000501,0,xstock_reversion
tslax,2026-09-09T09:55:00Z,60,premarket,0,1.1285798876947695,16.8257434367014,-15.697163549006632,-36.44997941179895,10.658803688470893,15.697163549006632,1.2052236191983923,1,6.231376993701687,10.671010174503337,-16.180567655998956,0,xstock_reversion
tslax,2026-09-09T10:00:00Z,5,premarket,1,20.287015633693173,4.00551525920001,-16.281500374493163,-56.31394263389211,10.442890167020535,16.281500374493163,8.44811043170246,1,8.238960156692343,-0.4055702139016404,16.203675462200806,1,p1a_catchup
tslax,2026-09-09T10:00:00Z,15,premarket,1,20.287015633693173,4.00551525920001,-16.281500374493163,-56.31394263389211,10.442890167020535,16.281500374493163,9.056878243907107,1,-6.260572445100365,31.598951063500635,-10.42238163460496,0,xstock_reversion
tslax,2026-09-09T10:00:00Z,30,premarket,1,20.287015633693173,4.00551525920001,-16.281500374493163,-56.31394263389211,10.442890167020535,16.281500374493163,1.6897886168987242,1,-14.80247021900638,32.77375921039827,-20.5299393392,0,xstock_reversion
tslax,2026-09-09T10:00:00Z,60,premarket,1,20.287015633693173,4.00551525920001,-16.281500374493163,-56.31394263389211,10.442890167020535,16.281500374493163,3.7568721761971346,1,-17.252646288001827,37.291018838692125,-16.725392215901635,0,xstock_reversion
tslax,2026-09-09T11:45:00Z,5,premarket,0,1.7468486548022355,14.797583238701506,13.05073458389927,25.623624873096773,16.689481684544383,13.05073458389927,1.912366177503344,1,-0.14927508609652307,15.112375847499138,-18.89609084660293,0,xstock_reversion
tslax,2026-09-09T11:45:00Z,15,premarket,0,1.7468486548022355,14.797583238701506,13.05073458389927,25.623624873096773,16.689481684544383,13.05073458389927,6.519032029794758,1,-11.704877180802598,31.274643794496626,-34.53288163299817,0,xstock_reversion
tslax,2026-09-09T11:45:00Z,30,premarket,0,1.7468486548022355,14.797583238701506,13.05073458389927,25.623624873096773,16.689481684544383,13.05073458389927,1.0572049840984477,1,-24.167190243398196,38.275129811395914,-35.631118963204145,0,xstock_reversion
tslax,2026-09-09T11:45:00Z,60,premarket,0,1.7468486548022355,14.797583238701506,13.05073458389927,25.623624873096773,16.689481684544383,13.05073458389927,2.8549335401972797,1,-16.688311490096197,26.884112533798188,-27.671629597101344,0,xstock_reversion
tslax,2026-09-09T13:25:00Z,5,premarket,0,15.966683181902752,61.662323383506745,45.69564020160399,91.28895628729872,37.641053504909905,45.69564020160399,52.38328643100587,0,142.38608924530104,-149.07373547470291,150.0708454671962,1,persistent_or_wider
tslax,2026-09-09T13:25:00Z,15,premarket,0,15.966683181902752,61.662323383506745,45.69564020160399,91.28895628729872,37.641053504909905,45.69564020160399,12.852532395299932,1,181.25745177720808,-148.41434397090404,140.97458500799576,1,p1a_catchup
tslax,2026-09-09T13:25:00Z,30,premarket,0,15.966683181902752,61.662323383506745,45.69564020160399,91.28895628729872,37.641053504909905,45.69564020160399,4.066515384000269,1,137.39921370579998,-87.63705812019573,73.02658694110065,1,p1a_catchup
tslax,2026-09-09T13:25:00Z,60,premarket,0,15.966683181902752,61.662323383506745,45.69564020160399,91.28895628729872,37.641053504909905,45.69564020160399,2.428021615195064,1,137.34465555140574,-94.07703696499681,78.1454662876957,1,p1a_catchup
tslax,2026-09-09T13:30:00Z,5,regular,0,16.963793174396002,69.34707960540187,52.38328643100587,253.04988781909898,65.43785681309261,52.38328643100587,3.4430918512029507,1,2.1494179316050577,53.676960350603764,-57.929198927899606,0,xstock_reversion
tslax,2026-09-09T13:30:00Z,15,regular,0,16.963793174396002,69.34707960540187,52.38328643100587,253.04988781909898,65.43785681309261,52.38328643100587,1.5150926238050033,1,38.33411540620446,15.564263648606413,-14.183071004900683,1,p1a_catchup
tslax,2026-09-09T13:30:00Z,30,regular,0,16.963793174396002,69.34707960540187,52.38328643100587,253.04988781909898,65.43785681309261,52.38328643100587,0.27968849789949957,1,-4.679058476098064,56.782656409204435,-74.6191995717993,0,xstock_reversion
tslax,2026-09-09T13:30:00Z,60,regular,0,16.963793174396002,69.34707960540187,52.38328643100587,253.04988781909898,65.43785681309261,52.38328643100587,5.068625849995456,1,9.241902311805106,38.07275826920531,-29.72725444720048,1,xstock_reversion
tslax,2026-09-09T13:40:00Z,5,regular,0,8.52692421899448,21.379456614294412,12.852532395299932,148.41434397090404,73.28771230338322,12.852532395299932,1.5150926238050033,1,-0.5372471257025779,14.904872144807513,-5.08681054570026,1,xstock_reversion
tslax,2026-09-09T13:40:00Z,15,regular,0,8.52692421899448,21.379456614294412,12.852532395299932,148.41434397090404,73.28771230338322,12.852532395299932,4.066515384000269,1,-43.858238071408095,60.777285850708296,-67.94799806689511,0,xstock_reversion
tslax,2026-09-09T13:40:00Z,30,regular,0,8.52692421899448,21.379456614294412,12.852532395299932,148.41434397090404,73.28771230338322,12.852532395299932,0.25935741340354923,1,-51.608383881500686,64.72027369020417,-63.36782474849478,0,xstock_reversion
tslax,2026-09-09T13:40:00Z,60,regular,0,8.52692421899448,21.379456614294412,12.852532395299932,148.41434397090404,73.28771230338322,12.852532395299932,2.7689202871972185,1,-36.383046268104735,52.004498950601885,-49.6479478759948,0,xstock_reversion
tslax,2026-09-09T13:50:00Z,5,regular,0,2.7033810502974376,9.515134313407003,-12.21851536370444,-3.1800020718009137,80.56762324420109,12.21851536370444,4.066515384000269,1,12.73171491180669,-4.579714932102519,5.92688397959229,1,p1a_catchup
tslax,2026-09-09T13:50:00Z,15,regular,0,2.7033810502974376,9.515134313407003,-12.21851536370444,-3.1800020718009137,80.56762324420109,12.21851536370444,4.778164227099424,1,25.596934666500815,-18.156583529895798,-18.431696965004463,0,p1a_catchup
tslax,2026-09-09T13:50:00Z,30,regular,0,2.7033810502974376,9.515134313407003,-12.21851536370444,-3.1800020718009137,80.56762324420109,12.21851536370444,0.4468681691083276,1,18.76485916859849,-6.993211974002378,13.186713812398665,1,p1a_catchup
tslax,2026-09-09T13:50:00Z,60,regular,0,2.7033810502974376,9.515134313407003,-12.21851536370444,-3.1800020718009137,80.56762324420109,12.21851536370444,0.9503191910020803,1,-30.208689299797697,41.47688547250006,-50.63914056360197,0,xstock_reversion
tslax,2026-09-09T14:45:00Z,5,regular,0,0.4592249715962282,13.065613694296374,12.606388722700146,36.64442282640401,21.930010510187124,12.606388722700146,0.9503191910020803,1,-0.3950335934010951,13.951741507103321,-2.5453303373002,1,xstock_reversion
tslax,2026-09-09T14:45:00Z,15,regular,0,0.4592249715962282,13.065613694296374,12.606388722700146,36.64442282640401,21.930010510187124,12.606388722700146,13.450436827300294,0,-60.831003551404805,86.88782910140525,-86.9067662963996,0,persistent_or_wider
tslax,2026-09-09T14:45:00Z,30,regular,0,0.4592249715962282,13.065613694296374,12.606388722700146,36.64442282640401,21.930010510187124,12.606388722700146,1.6233614757954484,1,-115.91362521290449,130.1433754114001,-131.1064515071969,0,xstock_reversion
tslax,2026-09-09T14:45:00Z,60,regular,0,0.4592249715962282,13.065613694296374,12.606388722700146,36.64442282640401,21.930010510187124,12.606388722700146,8.12939957840264,1,-78.71319946819888,99.44898776930167,-81.63859605319956,0,xstock_reversion
tslax,2026-09-09T15:00:00Z,5,regular,0,0.44028777660187757,13.010149050698416,-13.450436827300294,-86.88782910140525,32.633682398085625,13.450436827300294,10.23768619769605,1,30.205734558199637,-26.992983928595393,24.48610859589806,1,p1a_catchup
tslax,2026-09-09T15:00:00Z,15,regular,0,0.44028777660187757,13.010149050698416,-13.450436827300294,-86.88782910140525,32.633682398085625,13.450436827300294,1.6233614757954484,1,55.08262166149969,-43.25554630999484,44.19968521079731,1,p1a_catchup
tslax,2026-09-09T15:00:00Z,30,regular,0,0.44028777660187757,13.010149050698416,-13.450436827300294,-86.88782910140525,32.633682398085625,13.450436827300294,2.0174085348934057,1,53.42154402809385,-37.95369866590015,18.528166076299257,1,p1a_catchup
tslax,2026-09-09T15:00:00Z,60,regular,0,0.44028777660187757,13.010149050698416,-13.450436827300294,-86.88782910140525,32.633682398085625,13.450436827300294,0.7765411464966121,1,-2.725254461202198,16.952232434999104,-17.280021579804128,0,xstock_reversion
tslax,2026-09-09T15:35:00Z,5,regular,0,7.028144633496325,22.631547102998084,15.60340246950176,101.13843094350372,35.62790821933273,15.60340246950176,3.8209708734004977,1,14.273502287602824,-2.4910706915015624,-25.39937092759459,0,p1a_catchup
tslax,2026-09-09T15:35:00Z,15,regular,0,7.028144633496325,22.631547102998084,15.60340246950176,101.13843094350372,35.62790821933273,15.60340246950176,2.926810205092778,1,-1.1253296496960274,13.801921914105009,-13.212356822096538,1,xstock_reversion
tslax,2026-09-09T15:35:00Z,30,regular,0,7.028144633496325,22.631547102998084,15.60340246950176,101.13843094350372,35.62790821933273,15.60340246950176,5.197842583894996,1,-4.197380938402162,24.998625991798917,-31.036229320093867,0,xstock_reversion
tslax,2026-09-09T15:35:00Z,60,regular,0,7.028144633496325,22.631547102998084,15.60340246950176,101.13843094350372,35.62790821933273,15.60340246950176,0.466342316398638,1,-31.30283626370023,46.43989641680335,-54.44451138239437,0,xstock_reversion
tslax,2026-09-09T20:00:00Z,5,afterhours,0,0.2626593567001123,12.877815560594641,-12.615156203894529,-53.68691507220191,22.127895394515974,12.615156203894529,2.711430396997727,1,-0.7696097315079697,16.096196332400226,-9.531068640802332,0,xstock_reversion
tslax,2026-09-09T20:00:00Z,15,afterhours,0,0.2626593567001123,12.877815560594641,-12.615156203894529,-53.68691507220191,22.127895394515974,12.615156203894529,3.854014818003293,1,4.323404368093975,4.437737017797261,-3.8124285631013777,1,xstock_reversion
tslax,2026-09-09T20:00:00Z,30,afterhours,0,0.2626593567001123,12.877815560594641,-12.615156203894529,-53.68691507220191,22.127895394515974,12.615156203894529,1.9270589802999893,1,6.819850094998969,3.86824712859557,-6.820497970094763,0,p1a_catchup
tslax,2026-09-09T20:00:00Z,60,afterhours,0,0.2626593567001123,12.877815560594641,-12.615156203894529,-53.68691507220191,22.127895394515974,12.615156203894529,6.01616303099739,1,7.005836859095282,-0.40684368619814393,-8.984115056493991,0,p1a_catchup
tslax,2026-09-09T20:35:00Z,5,afterhours,1,31.61870336329642,12.461164369295119,19.1575389940013,41.94837874449853,17.64970966269522,19.1575389940013,4.900704223000929,1,-5.443238215896429,29.501481432898657,0.546923818998124,0,xstock_reversion
tslax,2026-09-09T20:35:00Z,15,afterhours,1,31.61870336329642,12.461164369295119,19.1575389940013,41.94837874449853,17.64970966269522,19.1575389940013,0.7274996843964487,1,-11.132128684900877,31.017167363298626,1.90458052189868,0,xstock_reversion
tslax,2026-09-09T20:35:00Z,30,afterhours,1,31.61870336329642,12.461164369295119,19.1575389940013,41.94837874449853,17.64970966269522,19.1575389940013,2.4160852360033402,1,-17.768989422295434,39.342613652300074,-1.6327863535003928,0,xstock_reversion
tslax,2026-09-09T20:35:00Z,60,afterhours,1,31.61870336329642,12.461164369295119,19.1575389940013,41.94837874449853,17.64970966269522,19.1575389940013,5.143490781804871,1,-27.322900543493844,51.623930319300015,-4.626920594805739,0,xstock_reversion
tslax,2026-09-09T22:05:00Z,5,afterhours,1,59.22668708779888,26.064759762798317,-33.16192732500056,-62.03245312139671,26.754739919422374,33.16192732500056,8.546257159602888,1,-9.975628093696898,51.68381257830035,8.013529905896988,0,xstock_reversion
tslax,2026-09-09T22:05:00Z,15,afterhours,1,59.22668708779888,26.064759762798317,-33.16192732500056,-62.03245312139671,26.754739919422374,33.16192732500056,1.6132917575983896,1,-12.022236496704863,46.797455579303815,6.589766307198985,0,xstock_reversion
tslax,2026-09-09T22:05:00Z,30,afterhours,1,59.22668708779888,26.064759762798317,-33.16192732500056,-62.03245312139671,26.754739919422374,33.16192732500056,3.2221307020030565,1,-12.33775427480488,42.277550897802385,9.863088758699234,0,xstock_reversion
tslax,2026-09-09T22:05:00Z,60,afterhours,1,59.22668708779888,26.064759762798317,-33.16192732500056,-62.03245312139671,26.754739919422374,33.16192732500056,0.8446058914923782,1,-16.12570913869682,48.443030572205004,12.864575881597062,0,xstock_reversion
tslax,2026-09-09T23:10:00Z,5,afterhours,1,17.97463012700007,6.714579507605123,-11.260050619394946,-20.24107578590062,11.440494330508347,11.260050619394946,0.9345956256989751,1,0.024315024598209334,10.301139969097761,2.180736084902435,0,xstock_reversion
tslax,2026-09-09T23:10:00Z,15,afterhours,1,17.97463012700007,6.714579507605123,-11.260050619394946,-20.24107578590062,11.440494330508347,11.260050619394946,2.7186422921055,1,-2.0512028204056065,10.592611147695052,1.0998612630963578,0,xstock_reversion
tslax,2026-09-09T23:10:00Z,30,afterhours,1,17.97463012700007,6.714579507605123,-11.260050619394946,-20.24107578590062,11.440494330508347,11.260050619394946,5.0678156669015095,1,-9.151656486903192,25.479522773199648,-4.6382822817037095,0,xstock_reversion
tslax,2026-09-10T09:30:00Z,5,premarket,1,35.6632182182004,11.653595124103688,-24.00962309409671,-49.870573982797595,20.13168046630547,24.00962309409671,0.6932490799993474,1,-2.15609193580768,26.858964109903738,8.201203302800053,0,xstock_reversion
tslax,2026-09-10T09:30:00Z,15,premarket,1,35.6632182182004,11.653595124103688,-24.00962309409671,-49.870573982797595,20.13168046630547,24.00962309409671,1.98636174590483,1,-8.850968339002563,34.8469531790041,1.366400220801367,0,xstock_reversion
tslax,2026-09-10T09:30:00Z,30,premarket,1,35.6632182182004,11.653595124103688,-24.00962309409671,-49.870573982797595,20.13168046630547,24.00962309409671,1.3718153492003893,1,-19.708814639303185,45.090253082600285,-9.01356192289704,0,xstock_reversion
tslax,2026-09-10T09:30:00Z,60,premarket,1,35.6632182182004,11.653595124103688,-24.00962309409671,-49.870573982797595,20.13168046630547,24.00962309409671,4.184934714697164,1,-10.246629835100052,30.0713182144996,6.560424476100835,0,xstock_reversion
tslax,2026-09-10T11:45:00Z,5,premarket,0,10.185900394796832,21.55287665400074,-11.36697625920391,-22.75449607010316,13.590075914286059,11.36697625920391,15.916295336095843,0,19.116487026300533,-23.665806103192466,13.483209945501784,1,persistent_or_wider
tslax,2026-09-10T11:45:00Z,15,premarket,0,10.185900394796832,21.55287665400074,-11.36697625920391,-22.75449607010316,13.590075914286059,11.36697625920391,10.143434620601965,1,40.59873180850104,-39.3751901698991,28.0489798811967,1,p1a_catchup
tslax,2026-09-10T11:45:00Z,30,premarket,0,10.185900394796832,21.55287665400074,-11.36697625920391,-22.75449607010316,13.590075914286059,11.36697625920391,2.37054196140285,1,38.4682055589991,-29.471771261198043,14.033931390695642,1,p1a_catchup
tslax,2026-09-10T11:45:00Z,60,premarket,0,10.185900394796832,21.55287665400074,-11.36697625920391,-22.75449607010316,13.590075914286059,11.36697625920391,0.06352635820050523,1,94.57696727950271,-83.1464646620983,87.55148102030041,1,p1a_catchup
tslax,2026-09-10T11:50:00Z,5,premarket,0,0.003304237106149799,15.919599573201992,-15.916295336095843,-58.29021993419836,14.766487285317044,15.916295336095843,7.469210280994787,1,9.68804056760142,-1.2409555125003635,4.357035731299419,1,p1a_catchup
tslax,2026-09-10T11:50:00Z,15,premarket,0,0.003304237106149799,15.919599573201992,-15.916295336095843,-58.29021993419836,14.766487285317044,15.916295336095843,0.20197746709804676,1,22.385470434898025,-6.267197631704136,4.682099318502608,1,p1a_catchup
tslax,2026-09-10T11:50:00Z,30,premarket,0,0.003304237106149799,15.919599573201992,-15.916295336095843,-58.29021993419836,14.766487285317044,15.916295336095843,1.8047040332991315,1,20.861533028497803,-6.749941725701092,4.996153836698269,1,p1a_catchup
tslax,2026-09-10T11:50:00Z,60,premarket,0,0.003304237106149799,15.919599573201992,-15.916295336095843,-58.29021993419836,14.766487285317044,15.916295336095843,9.239910767497861,1,86.8071210337007,-80.13073646510271,73.5107122059997,1,p1a_catchup
tslax,2026-09-10T12:30:00Z,5,premarket,0,15.85738196519415,36.0396335343971,-20.182251569202947,-40.48712781790087,17.95184530799312,20.182251569202947,16.873908579597696,1,21.895821358599576,-18.587478368994326,-0.27706587239606506,1,p1a_catchup
tslax,2026-09-10T12:30:00Z,15,premarket,0,15.85738196519415,36.0396335343971,-20.182251569202947,-40.48712781790087,17.95184530799312,20.182251569202947,0.06352635820050523,1,33.433343510402835,-13.187565582999383,11.921100370804183,1,p1a_catchup
tslax,2026-09-10T12:30:00Z,30,premarket,0,15.85738196519415,36.0396335343971,-20.182251569202947,-40.48712781790087,17.95184530799312,20.182251569202947,9.551175012294522,1,42.47222732139733,-12.738800739899858,-7.480854030292861,1,p1a_catchup
tslax,2026-09-10T12:30:00Z,60,premarket,0,15.85738196519415,36.0396335343971,-20.182251569202947,-40.48712781790087,17.95184530799312,20.182251569202947,3.603372773799407,1,46.28178189999943,-29.70290310459589,23.300981416207733,1,p1a_catchup
tslax,2026-09-10T12:35:00Z,5,premarket,0,3.00716227619624,13.866746303401456,-16.873908579597696,-58.13062961919968,17.03519393895099,16.873908579597696,8.313940965303246,1,10.307767588297878,-1.7477999740034278,6.928950818299029,1,p1a_catchup
tslax,2026-09-10T12:35:00Z,15,premarket,0,3.00716227619624,13.866746303401456,-16.873908579597696,-58.13062961919968,17.03519393895099,16.873908579597696,9.239910767497861,1,22.884162932301777,-15.250165120201942,11.640607374401313,1,p1a_catchup
tslax,2026-09-10T12:35:00Z,30,premarket,0,3.00716227619624,13.866746303401456,-16.873908579597696,-58.13062961919968,17.03519393895099,16.873908579597696,3.8031152855033667,1,14.926187917705391,5.750835947395672,-3.601157949697509,1,p1a_catchup
tslax,2026-09-10T12:35:00Z,60,premarket,0,3.00716227619624,13.866746303401456,-16.873908579597696,-58.13062961919968,17.03519393895099,16.873908579597696,16.405143153601642,1,-18.185943257496007,51.464994990695345,-48.506552271403436,0,xstock_reversion
tslax,2026-09-10T13:15:00Z,5,premarket,1,40.89146038430691,14.287897968703334,26.603562415603577,52.44680235910515,26.56390776055534,26.603562415603577,11.32860907000044,1,-13.47636810679731,51.408539592401326,-11.62662073169507,0,xstock_reversion
tslax,2026-09-10T13:15:00Z,15,premarket,1,40.89146038430691,14.287897968703334,26.603562415603577,52.44680235910515,26.56390776055534,26.603562415603577,3.603372773799407,1,-39.2039695343982,69.41090472380118,-37.974904616300265,0,xstock_reversion
tslax,2026-09-10T13:15:00Z,30,premarket,1,40.89146038430691,14.287897968703334,26.603562415603577,52.44680235910515,26.56390776055534,26.603562415603577,14.61057414839928,1,107.7536104530008,-95.7606221857965,133.3987028976047,1,p1a_catchup
tslax,2026-09-10T13:15:00Z,60,premarket,1,40.89146038430691,14.287897968703334,26.603562415603577,52.44680235910515,26.56390776055534,26.603562415603577,8.946996896703752,1,86.48872951230402,-50.93817019999669,110.19433148710789,1,p1a_catchup
tslax,2026-09-10T13:20:00Z,5,premarket,0,1.1095415236006545,12.438150593601094,-11.32860907000044,1.1361044484026195,35.01218778620961,11.32860907000044,13.204840040508259,0,15.187553002498078,-17.063783973005897,13.026789907497616,1,persistent_or_wider
tslax,2026-09-10T13:20:00Z,15,premarket,0,1.1095415236006545,12.438150593601094,-11.32860907000044,1.1361044484026195,35.01218778620961,11.32860907000044,16.405143153601642,0,-16.844302371294972,44.578054594897054,-45.73631567540204,0,persistent_or_wider
tslax,2026-09-10T13:20:00Z,30,premarket,0,1.1095415236006545,12.438150593601094,-11.32860907000044,1.1361044484026195,35.01218778620961,11.32860907000044,1.111281866199576,1,-126.18711289809958,138.62700383429961,-145.32561614149841,0,xstock_reversion
tslax,2026-09-10T13:20:00Z,60,premarket,0,1.1095415236006545,12.438150593601094,-11.32860907000044,1.1361044484026195,35.01218778620961,11.32860907000044,5.611868418204935,1,-116.9084208515958,133.84889833980117,-155.55747084140313,0,xstock_reversion
tslax,2026-09-10T13:25:00Z,5,premarket,0,2.927452541907627,10.277387498600632,-13.204840040508259,-14.400368718208156,35.980943034618726,13.204840040508259,3.603372773799407,1,10.54004842510281,-0.9385811583939585,13.321493977107579,1,p1a_catchup
tslax,2026-09-10T13:25:00Z,15,premarket,0,2.927452541907627,10.277387498600632,-13.204840040508259,-14.400368718208156,35.980943034618726,13.204840040508259,20.728665400602253,0,-91.51121590729616,125.44472134840667,-131.01616716529207,0,persistent_or_wider
tslax,2026-09-10T13:25:00Z,30,premarket,0,2.927452541907627,10.277387498600632,-13.204840040508259,-14.400368718208156,35.980943034618726,13.204840040508259,1.771625701696422,1,-137.65832314349245,149.09153748230432,-151.6619356231974,0,xstock_reversion
tslax,2026-09-10T13:25:00Z,60,premarket,0,2.927452541907627,10.277387498600632,-13.204840040508259,-14.400368718208156,35.980943034618726,13.204840040508259,0.7637735968035742,1,-138.6091231720954,152.5777368094072,-157.9401840206973,0,xstock_reversion
tslax,2026-09-10T13:35:00Z,5,regular,0,0.04871955690433083,16.453862710505973,16.405143153601642,44.578054594897054,43.42582670255603,16.405143153601642,20.728665400602253,0,59.47936053350311,-63.80288278050372,72.25306158239242,1,persistent_or_wider
tslax,2026-09-10T13:35:00Z,15,regular,0,0.04871955690433083,16.453862710505973,16.405143153601642,44.578054594897054,43.42582670255603,16.405143153601642,1.111281866199576,1,109.34281052680461,-94.04894923940255,99.58930046609638,1,p1a_catchup
tslax,2026-09-10T13:35:00Z,30,regular,0,0.04871955690433083,16.453862710505973,16.405143153601642,44.578054594897054,43.42582670255603,16.405143153601642,5.8265798545065195,1,134.82238446150598,-112.5906614533978,122.90267121679577,1,p1a_catchup
tslax,2026-09-10T13:35:00Z,60,regular,0,0.04871955690433083,16.453862710505973,16.405143153601642,44.578054594897054,43.42582670255603,16.405143153601642,8.628908735603957,1,154.42674379340104,-146.65050937540337,163.9437018477974,1,p1a_catchup
tslax,2026-09-10T13:40:00Z,5,regular,0,8.498898358793028,29.22756375939528,20.728665400602253,125.44472134840667,48.56056694713289,20.728665400602253,14.61057414839928,1,44.90631565500003,-38.788224402797056,27.035946371505304,1,p1a_catchup
tslax,2026-09-10T13:40:00Z,15,regular,0,8.498898358793028,29.22756375939528,20.728665400602253,125.44472134840667,48.56056694713289,20.728665400602253,1.771625701696422,1,46.147107236196305,-23.64681613389763,20.645768457905334,1,p1a_catchup
tslax,2026-09-10T13:40:00Z,30,regular,0,8.498898358793028,29.22756375939528,20.728665400602253,125.44472134840667,48.56056694713289,20.728665400602253,9.852760356601209,1,49.15130104540033,-18.56987528819687,13.814140488603854,1,p1a_catchup
tslax,2026-09-10T13:40:00Z,60,regular,0,8.498898358793028,29.22756375939528,20.728665400602253,125.44472134840667,48.56056694713289,20.728665400602253,2.514477311503782,1,106.20990131239516,-87.99571322329669,89.52050136800338,1,p1a_catchup
tslax,2026-09-10T13:45:00Z,5,regular,0,3.253379672498724,11.357194475900556,14.61057414839928,165.17152690959767,46.68658324915325,14.61057414839928,1.111281866199576,1,4.957134338301472,8.542157943898232,0.30029251219865216,1,xstock_reversion
tslax,2026-09-10T13:45:00Z,15,regular,0,3.253379672498724,11.357194475900556,14.61057414839928,165.17152690959767,46.68658324915325,14.61057414839928,14.753464237404756,0,42.23479092599902,-42.3776810150045,55.428349313899616,1,persistent_or_wider
tslax,2026-09-10T13:45:00Z,30,regular,0,3.253379672498724,11.357194475900556,14.61057414839928,165.17152690959767,46.68658324915325,14.61057414839928,8.946996896703752,1,-21.264880940696784,44.822451985799816,-23.204371410496805,0,xstock_reversion
tslax,2026-09-10T13:45:00Z,60,regular,0,3.253379672498724,11.357194475900556,14.61057414839928,165.17152690959767,46.68658324915325,14.61057414839928,4.592601467301449,1,50.85433540729767,-31.65115979159694,42.38841266579918,1,p1a_catchup
tslax,2026-09-10T14:00:00Z,5,regular,0,9.797288626396394,24.55075286380115,14.753464237404756,42.3776810150045,33.87377073025445,14.753464237404756,5.8265798545065195,1,-11.7980826529962,32.378126744907476,-31.814686051001573,0,xstock_reversion
tslax,2026-09-10T14:00:00Z,15,regular,0,9.797288626396394,24.55075286380115,14.753464237404756,42.3776810150045,33.87377073025445,14.753464237404756,8.946996896703752,1,-63.499671866695806,87.20013300080431,-78.63272072439642,0,xstock_reversion
tslax,2026-09-10T14:00:00Z,30,regular,0,9.797288626396394,24.55075286380115,14.753464237404756,42.3776810150045,33.87377073025445,14.753464237404756,7.467148175397398,1,-18.08530843409706,25.371624496104417,-29.107859576100736,0,xstock_reversion
tslax,2026-09-10T14:00:00Z,60,regular,0,9.797288626396394,24.55075286380115,14.753464237404756,42.3776810150045,33.87377073025445,14.753464237404756,12.543639800899342,1,-43.83230560820017,71.12940964650427,-78.83521008480443,0,xstock_reversion
tslax,2026-09-10T15:00:00Z,5,regular,0,2.0914881880962355,10.452151612803107,-12.543639800899342,-60.40288842309671,23.02852940464173,12.543639800899342,7.680171241899458,1,-19.248816851504813,39.47262789430361,-14.557834405604098,0,xstock_reversion
tslax,2026-09-10T15:00:00Z,15,regular,0,2.0914881880962355,10.452151612803107,-12.543639800899342,-60.40288842309671,23.02852940464173,12.543639800899342,3.4004515992069884,1,-8.326637371203205,17.46982557289556,-11.270229180500024,0,xstock_reversion
tslax,2026-09-10T15:00:00Z,30,regular,0,2.0914881880962355,10.452151612803107,-12.543639800899342,-60.40288842309671,23.02852940464173,12.543639800899342,4.850848855006973,1,11.545478182295454,-3.852687236403085,3.215752232597069,1,p1a_catchup
tslax,2026-09-10T15:00:00Z,60,regular,0,2.0914881880962355,10.452151612803107,-12.543639800899342,-60.40288842309671,23.02852940464173,12.543639800899342,0.38796033529742147,1,-10.962768990596672,23.118448456198593,-19.748027788502043,0,xstock_reversion
tslax,2026-09-10T17:35:00Z,5,regular,1,23.668939877206085,11.747452413306547,-11.921487463899538,-16.522317548002263,23.183325635135052,11.921487463899538,9.73187388679797,1,-28.608744581601897,50.262105932299406,-32.22275099409977,0,xstock_reversion
tslax,2026-09-10T17:35:00Z,15,regular,1,23.668939877206085,11.747452413306547,-11.921487463899538,-16.522317548002263,23.183325635135052,11.921487463899538,0.17940286839213115,1,-17.14044685990679,29.241337192198458,-6.281480118897065,0,xstock_reversion
tslax,2026-09-10T17:35:00Z,30,regular,1,23.668939877206085,11.747452413306547,-11.921487463899538,-16.522317548002263,23.183325635135052,11.921487463899538,2.1712765388048894,1,14.53127381439323,-4.781062889298582,18.857205688700418,1,p1a_catchup
tslax,2026-09-10T17:35:00Z,60,regular,1,23.668939877206085,11.747452413306547,-11.921487463899538,-16.522317548002263,23.183325635135052,11.921487463899538,1.8741986386050513,1,9.025873817298802,4.769812285205788,4.640619102005417,0,p1a_catchup
tslax,2026-09-11T11:00:00Z,5,premarket,0,8.347107769903772,29.1065253468048,-20.75941757690103,-43.256838868002134,16.345767110353435,20.75941757690103,11.514732331701083,1,15.49912295000233,-6.254437704802385,0.5511311969019772,1,p1a_catchup
tslax,2026-09-11T11:00:00Z,15,premarket,0,8.347107769903772,29.1065253468048,-20.75941757690103,-43.256838868002134,16.345767110353435,20.75941757690103,3.641472886606323,1,30.943857452498946,-13.82591276220424,3.8585563964943503,1,p1a_catchup
tslax,2026-09-11T11:00:00Z,30,premarket,0,8.347107769903772,29.1065253468048,-20.75941757690103,-43.256838868002134,16.345767110353435,20.75941757690103,9.344209990604924,1,47.71607234530073,-36.300864759004625,28.975529068802075,1,p1a_catchup
tslax,2026-09-11T11:00:00Z,60,premarket,0,8.347107769903772,29.1065253468048,-20.75941757690103,-43.256838868002134,16.345767110353435,20.75941757690103,6.394154824702625,1,66.40295014130437,-39.24937773970072,35.33377496009571,1,p1a_catchup
tslax,2026-09-11T11:05:00Z,5,premarket,0,2.6438012620033646,14.158533593704448,-11.514732331701083,-51.498660287103704,16.150306886317495,11.514732331701083,8.848718941401046,1,10.896664620698715,-8.230651230398678,3.0813829864939635,1,p1a_catchup
tslax,2026-09-11T11:05:00Z,15,premarket,0,2.6438012620033646,14.158533593704448,-11.514732331701083,-51.498660287103704,16.150306886317495,11.514732331701083,1.540443959502369,1,14.101868345504087,-1.0466920543006353,2.7561116950991504,1,p1a_catchup
tslax,2026-09-11T11:05:00Z,30,premarket,0,2.6438012620033646,14.158533593704448,-11.514732331701083,-51.498660287103704,16.150306886317495,11.514732331701083,16.349169780198736,0,50.3991826074035,-55.233620055901156,50.557482021398314,1,persistent_or_wider
tslax,2026-09-11T11:05:00Z,60,premarket,0,2.6438012620033646,14.158533593704448,-11.514732331701083,-51.498660287103704,16.150306886317495,11.514732331701083,1.8444423168961777,1,52.56820351600133,-42.89791350119643,29.80628138129937,1,p1a_catchup
tslax,2026-09-11T11:35:00Z,5,premarket,0,2.0323367724994768,14.316833007699259,-16.349169780198736,-54.18692800160052,11.52951076323451,16.349169780198736,5.831070872597266,1,7.796554953598545,2.721543954002925,-6.091483187598001,1,p1a_catchup
tslax,2026-09-11T11:35:00Z,15,premarket,0,2.0323367724994768,14.316833007699259,-16.349169780198736,-54.18692800160052,11.52951076323451,16.349169780198736,7.008744913203913,1,21.261492451394304,-11.92106758439948,11.08493947509892,1,p1a_catchup
tslax,2026-09-11T11:35:00Z,30,premarket,0,2.0323367724994768,14.316833007699259,-16.349169780198736,-54.18692800160052,11.52951076323451,16.349169780198736,1.8444423168961777,1,2.1690209085978296,12.335706554704728,-20.751200640098943,0,xstock_reversion
tslax,2026-09-11T11:35:00Z,60,premarket,0,2.0323367724994768,14.316833007699259,-16.349169780198736,-54.18692800160052,11.52951076323451,16.349169780198736,2.7151327474062015,1,-40.46056579150026,59.524868319105195,-54.13929197580103,0,xstock_reversion
tslax,2026-09-11T11:55:00Z,5,premarket,0,2.8757090626019277,10.096585128405167,12.972294191007094,18.237869693402686,19.759419859837873,12.972294191007094,6.394154824702625,1,7.8574057399016795,-1.2792663735972098,-0.2765295540996249,1,p1a_catchup
tslax,2026-09-11T11:55:00Z,15,premarket,0,2.8757090626019277,10.096585128405167,12.972294191007094,18.237869693402686,19.759419859837873,12.972294191007094,8.551995579200167,1,16.096789664103994,-11.676491052297067,16.02564445540189,1,p1a_catchup
tslax,2026-09-11T11:55:00Z,30,premarket,0,2.8757090626019277,10.096585128405167,12.972294191007094,18.237869693402686,19.759419859837873,12.972294191007094,15.647063474295564,0,42.577883497907365,-45.252652781195835,55.70276922130191,1,persistent_or_wider
tslax,2026-09-11T11:55:00Z,60,premarket,0,2.8757090626019277,10.096585128405167,12.972294191007094,18.237869693402686,19.759419859837873,12.972294191007094,12.73468199890715,1,82.36494721900023,-82.12733502690028,90.01753763979714,1,p1a_catchup
tslax,2026-09-11T12:25:00Z,5,premarket,0,7.574407377504144,23.221470851799708,15.647063474295564,33.57616172889877,18.33545665387011,15.647063474295564,0.29287234389663297,1,3.1709993874962095,12.183191742902721,-17.890323357008242,0,xstock_reversion
tslax,2026-09-11T12:25:00Z,15,premarket,0,7.574407377504144,23.221470851799708,15.647063474295564,33.57616172889877,18.33545665387011,15.647063474295564,3.1705032413054113,1,2.8882313625988587,15.929335353002116,-27.53684791130695,0,xstock_reversion
tslax,2026-09-11T12:25:00Z,30,premarket,0,7.574407377504144,23.221470851799708,15.647063474295564,33.57616172889877,18.33545665387011,15.647063474295564,12.73468199890715,1,39.78706372109286,-36.87468224570445,34.314768418495234,1,p1a_catchup
tslax,2026-09-11T12:25:00Z,60,premarket,0,7.574407377504144,23.221470851799708,15.647063474295564,33.57616172889877,18.33545665387011,15.647063474295564,1.4851310305985521,1,35.47296369359465,-18.340769188700534,15.113006929592387,1,p1a_catchup
tslax,2026-09-11T12:50:00Z,5,premarket,0,0.31787550490491867,19.62681143410805,19.30893592920313,34.54671783459595,21.552691412225585,19.30893592920313,12.73468199890715,1,15.589416450900728,-9.015162520604747,13.711780565994758,1,p1a_catchup
tslax,2026-09-11T12:50:00Z,15,premarket,0,0.31787550490491867,19.62681143410805,19.30893592920313,34.54671783459595,21.552691412225585,19.30893592920313,2.199366274702186,1,25.822315916004257,-8.712746261503312,10.148525906394923,1,p1a_catchup
tslax,2026-09-11T12:50:00Z,30,premarket,0,0.31787550490491867,19.62681143410805,19.30893592920313,34.54671783459595,21.552691412225585,19.30893592920313,2.6347337635002077,1,12.628408883701425,4.0457932820014975,-5.522929906405238,1,p1a_catchup
tslax,2026-09-11T12:50:00Z,60,premarket,0,0.31787550490491867,19.62681143410805,19.30893592920313,34.54671783459595,21.552691412225585,19.30893592920313,17.78033150399594,1,44.54906746570231,-7.459800032503239,16.040914618198343,1,p1a_catchup
tslax,2026-09-11T12:55:00Z,5,premarket,0,5.0144935502949295,17.74917554920208,12.73468199890715,52.804017598706565,17.657272761253036,12.73468199890715,4.5053002243999885,1,6.8499151870060615,1.3794665875010992,-1.9185178137970382,1,p1a_catchup
tslax,2026-09-11T12:55:00Z,15,premarket,0,5.0144935502949295,17.74917554920208,12.73468199890715,52.804017598706565,17.657272761253036,12.73468199890715,8.97841988739323,1,1.4392184603995162,20.273883425900863,-20.30011944490262,0,xstock_reversion
tslax,2026-09-11T12:55:00Z,30,premarket,0,5.0144935502949295,17.74917554920208,12.73468199890715,52.804017598706565,17.657272761253036,12.73468199890715,1.4851310305985521,1,-4.314100027498213,18.533913057003915,-19.201761488902847,0,xstock_reversion
tslax,2026-09-11T12:55:00Z,60,premarket,0,5.0144935502949295,17.74917554920208,12.73468199890715,52.804017598706565,17.657272761253036,12.73468199890715,20.409742016296306,0,83.3013812390071,-90.97644125639626,95.45960938750042,1,persistent_or_wider
tslax,2026-09-11T13:35:00Z,5,regular,0,14.102068806201018,27.588121355002215,13.486052548801197,55.089432091603996,23.10755836272578,13.486052548801197,2.6496484188953673,1,11.900957079502561,-1.064552949596731,8.312382521094008,1,p1a_catchup
tslax,2026-09-11T13:35:00Z,15,regular,0,14.102068806201018,27.588121355002215,13.486052548801197,55.089432091603996,23.10755836272578,13.486052548801197,17.78033150399594,0,-12.317454724302124,43.58383877709926,-48.786917492700255,0,persistent_or_wider
tslax,2026-09-11T13:35:00Z,30,regular,0,14.102068806201018,27.588121355002215,13.486052548801197,55.089432091603996,23.10755836272578,13.486052548801197,0.10650390089850248,1,23.72566988589675,-10.13311343619705,4.22518900369262,1,p1a_catchup
tslax,2026-09-11T13:35:00Z,60,regular,0,14.102068806201018,27.588121355002215,13.486052548801197,55.089432091603996,23.10755836272578,13.486052548801197,18.718034784299675,0,-54.68599507690186,86.89008241000273,-71.69077932970502,0,persistent_or_wider
tslax,2026-09-11T13:50:00Z,5,regular,1,8.898990090600023,8.881341413395916,-17.78033150399594,-43.58383877709926,40.23682004375231,17.78033150399594,20.409742016296306,0,-54.34173022420552,92.53180374449776,-93.13047533529684,0,persistent_or_wider
tslax,2026-09-11T13:50:00Z,15,regular,1,8.898990090600023,8.881341413395916,-17.78033150399594,-43.58383877709926,40.23682004375231,17.78033150399594,0.10650390089850248,1,-36.04312461019887,53.71695221329631,-53.012106496392875,0,xstock_reversion
tslax,2026-09-11T13:50:00Z,30,regular,1,8.898990090600023,8.881341413395916,-17.78033150399594,-43.58383877709926,40.23682004375231,17.78033150399594,8.976539878204903,1,36.685306066397416,-27.88151444060638,34.99410044319973,1,p1a_catchup
tslax,2026-09-11T13:50:00Z,60,regular,1,8.898990090600023,8.881341413395916,-17.78033150399594,-43.58383877709926,40.23682004375231,17.78033150399594,3.203427588598373,1,4.4959487568974055,10.08095515850016,0.1369928695016398,1,xstock_reversion
tslax,2026-09-11T13:55:00Z,5,regular,0,9.497661681399094,29.9074036976954,20.409742016296306,47.883412017801774,54.13039819155292,20.409742016296306,8.480579828606949,1,-18.155351194000247,47.0456730389035,-47.18497901950336,0,xstock_reversion
tslax,2026-09-11T13:55:00Z,15,regular,0,9.497661681399094,29.9074036976954,20.409742016296306,47.883412017801774,54.13039819155292,20.409742016296306,12.420826185799427,1,-50.916793414703676,83.74736161679941,-90.52796732469837,0,xstock_reversion
tslax,2026-09-11T13:55:00Z,30,regular,0,9.497661681399094,29.9074036976954,20.409742016296306,47.883412017801774,54.13039819155292,20.409742016296306,17.496735730402335,1,-44.36980789340517,47.28281417929914,-53.481521258396114,0,xstock_reversion
tslax,2026-09-11T13:55:00Z,60,regular,0,9.497661681399094,29.9074036976954,20.409742016296306,47.883412017801774,54.13039819155292,20.409742016296306,4.402975342898685,1,-71.64733985490557,96.46005721410056,-95.18556545820012,0,xstock_reversion
tslax,2026-09-11T14:10:00Z,5,regular,0,2.7170559735001376,9.70377021229929,-12.420826185799427,-83.74736161679941,60.53040603207852,12.420826185799427,5.051218722096351,1,15.45767635720452,-8.088068893501443,6.304715223297563,1,p1a_catchup
tslax,2026-09-11T14:10:00Z,15,regular,0,2.7170559735001376,9.70377021229929,-12.420826185799427,-83.74736161679941,60.53040603207852,12.420826185799427,17.496735730402335,0,-6.5469855212985095,36.46454743750027,-37.04644606630225,0,persistent_or_wider
tslax,2026-09-11T14:10:00Z,30,regular,0,2.7170559735001376,9.70377021229929,-12.420826185799427,-83.74736161679941,60.53040603207852,12.420826185799427,4.173236898399324,1,32.5894990386999,-15.995435954501147,8.220755128300894,1,p1a_catchup
tslax,2026-09-11T14:10:00Z,60,regular,0,2.7170559735001376,9.70377021229929,-12.420826185799427,-83.74736161679941,60.53040603207852,12.420826185799427,2.5629167464025215,1,-3.4716476509988325,18.45539058320078,-18.056439611102704,0,xstock_reversion
tslax,2026-09-11T14:25:00Z,5,regular,0,3.2989546023021177,20.795690332704453,17.496735730402335,36.46454743750027,45.07226336163849,17.496735730402335,1.77125458500349,1,-1.3365279006993802,20.604518216105205,-20.898649194505126,0,xstock_reversion
tslax,2026-09-11T14:25:00Z,15,regular,0,3.2989546023021177,20.795690332704453,17.496735730402335,36.46454743750027,45.07226336163849,17.496735730402335,4.173236898399324,1,-39.13648455999841,52.45998339200142,-45.267201194603146,0,xstock_reversion
tslax,2026-09-11T14:25:00Z,30,regular,0,3.2989546023021177,20.795690332704453,17.496735730402335,36.46454743750027,45.07226336163849,17.496735730402335,4.402975342898685,1,-27.2775319615004,49.17724303480142,-41.704044199804,0,xstock_reversion
tslax,2026-09-11T14:25:00Z,60,regular,0,3.2989546023021177,20.795690332704453,17.496735730402335,36.46454743750027,45.07226336163849,17.496735730402335,1.3735285682958676,1,5.2660188082054304,10.857188353901037,-2.865857422706952,1,xstock_reversion
tslax,2026-09-11T14:35:00Z,5,regular,1,29.30137188649873,10.583337102199053,-18.718034784299675,-15.424729192297093,48.41909268713979,18.718034784299675,4.173236898399324,1,-13.203978123401683,36.09524980610068,-17.285614719302345,0,xstock_reversion
tslax,2026-09-11T14:35:00Z,15,regular,1,29.30137188649873,10.583337102199053,-18.718034784299675,-15.424729192297093,48.41909268713979,18.718034784299675,3.203427588598373,1,-37.87259159570233,53.387198791403634,-22.76686896750313,0,xstock_reversion
tslax,2026-09-11T14:35:00Z,30,regular,1,29.30137188649873,10.583337102199053,-18.718034784299675,-15.424729192297093,48.41909268713979,18.718034784299675,3.3027214456993192,1,-39.698510116803476,61.71926634680247,-44.25180015320329,0,xstock_reversion
tslax,2026-09-11T14:35:00Z,60,regular,1,29.30137188649873,10.583337102199053,-18.718034784299675,-15.424729192297093,48.41909268713979,18.718034784299675,2.1771234012035734,1,-52.64809596010167,69.18900734319777,-45.902997329605455,0,xstock_reversion
tslax,2026-09-11T20:20:00Z,5,afterhours,1,24.17464222919996,12.104477804992797,-12.070164424207164,-22.534233716999807,11.610255568215246,12.070164424207164,6.710602895294571,1,-6.901843397297824,25.68261071679956,-2.465449477604409,0,xstock_reversion
tslax,2026-09-11T20:20:00Z,15,afterhours,1,24.17464222919996,12.104477804992797,-12.070164424207164,-22.534233716999807,11.610255568215246,12.070164424207164,2.719710736007741,1,-2.766913167500107,12.11736685569953,-8.21306471100236,0,xstock_reversion
tslax,2026-09-11T20:20:00Z,30,afterhours,1,24.17464222919996,12.104477804992797,-12.070164424207164,-22.534233716999807,11.610255568215246,12.070164424207164,1.9555340924970466,1,-14.396397705898067,28.422096222602278,-5.751770197299777,0,xstock_reversion
tslax,2026-09-11T20:20:00Z,60,afterhours,1,24.17464222919996,12.104477804992797,-12.070164424207164,-22.534233716999807,11.610255568215246,12.070164424207164,7.7040438434039515,1,-4.678908637796297,9.04502921859951,4.932723237196512,0,xstock_reversion
tslax,2026-09-14T08:00:00Z,5,premarket,0,12.233243966601748,26.33131952360479,-14.098075557003042,-33.70530110450076,8.536288367827446,14.098075557003042,6.486749367695666,1,9.940018078005153,-2.328691888697776,-9.760859730505445,1,p1a_catchup
tslax,2026-09-14T08:00:00Z,15,premarket,0,12.233243966601748,26.33131952360479,-14.098075557003042,-33.70530110450076,8.536288367827446,14.098075557003042,5.250520561101979,1,24.846435329797245,-15.998880333896182,2.790567898696139,1,p1a_catchup
tslax,2026-09-14T08:00:00Z,30,premarket,0,12.233243966601748,26.33131952360479,-14.098075557003042,-33.70530110450076,8.536288367827446,14.098075557003042,1.9202928140948927,1,29.901097637505814,-17.723314894597664,4.186143924993502,1,p1a_catchup
tslax,2026-09-14T08:00:00Z,60,premarket,0,12.233243966601748,26.33131952360479,-14.098075557003042,-33.70530110450076,8.536288367827446,14.098075557003042,3.844803976402744,1,23.199484080302923,-5.256604546897137,-8.367034374598958,1,p1a_catchup
tslax,2026-09-14T12:50:00Z,5,premarket,1,42.47198684360853,19.322393317606767,-23.149593526001766,-39.207246151899966,20.895333396462917,23.149593526001766,9.763612905802077,1,-12.48030732160288,45.39351375340672,-5.813230569096106,0,xstock_reversion
tslax,2026-09-14T12:50:00Z,15,premarket,1,42.47198684360853,19.322393317606767,-23.149593526001766,-39.207246151899966,20.895333396462917,23.149593526001766,6.593141678301606,1,-2.34976785200125,18.90621969970141,21.59730157880624,0,xstock_reversion
tslax,2026-09-14T12:50:00Z,30,premarket,1,42.47198684360853,19.322393317606767,-23.149593526001766,-39.207246151899966,20.895333396462917,23.149593526001766,3.525267904196383,1,-13.037766769405934,39.71262819960408,6.530334442800267,0,xstock_reversion
tslax,2026-09-14T12:50:00Z,60,premarket,1,42.47198684360853,19.322393317606767,-23.149593526001766,-39.207246151899966,20.895333396462917,23.149593526001766,8.898135137105356,1,-101.2089014697981,133.25663013290523,-82.00788505689616,0,xstock_reversion
tslax,2026-09-14T13:25:00Z,5,premarket,0,1.034205994496773,12.784592562402608,13.818798556899381,36.60114899729727,14.728538916885677,13.818798556899381,26.801914005201155,0,70.5340845158986,-83.51719996420037,157.79202453759746,1,persistent_or_wider
tslax,2026-09-14T13:25:00Z,15,premarket,0,1.034205994496773,12.784592562402608,13.818798556899381,36.60114899729727,14.728538916885677,13.818798556899381,0.30049800869846877,1,72.20336744359734,-58.68506689539643,60.01695158230014,1,p1a_catchup
tslax,2026-09-14T13:25:00Z,30,premarket,0,1.034205994496773,12.784592562402608,13.818798556899381,36.60114899729727,14.728538916885677,13.818798556899381,13.306693613097664,1,37.529202276100904,-10.403710106103858,15.558583973698248,1,p1a_catchup
tslax,2026-09-14T13:25:00Z,60,premarket,0,1.034205994496773,12.784592562402608,13.818798556899381,36.60114899729727,14.728538916885677,13.818798556899381,1.5197572643010915,1,-32.43838383860442,44.73742513120271,-36.54661248700286,0,xstock_reversion
tslax,2026-09-14T13:30:00Z,5,regular,0,73.2406185789003,100.04253258410145,26.801914005201155,111.821434092505,32.98927032745504,26.801914005201155,5.6008674043983575,1,1.3722911116964553,31.030490297903057,-101.78344913289727,0,xstock_reversion
tslax,2026-09-14T13:30:00Z,15,regular,0,73.2406185789003,100.04253258410145,26.801914005201155,111.821434092505,32.98927032745504,26.801914005201155,7.713218723903736,1,-19.332799927997968,53.84793265710286,-129.03874027720087,0,xstock_reversion
tslax,2026-09-14T13:30:00Z,30,regular,0,73.2406185789003,100.04253258410145,26.801914005201155,111.821434092505,32.98927032745504,26.801914005201155,1.6721379606021713,1,-39.13009322920047,67.6041451950038,-142.78868764900034,0,xstock_reversion
tslax,2026-09-14T13:30:00Z,60,regular,0,73.2406185789003,100.04253258410145,26.801914005201155,111.821434092505,32.98927032745504,26.801914005201155,5.6604563601059255,1,-86.02132186750211,107.16277951259734,-175.88150278849747,0,xstock_reversion
tslax,2026-09-14T13:55:00Z,5,regular,0,4.1206678730976165,9.186025740000048,-13.306693613097664,-48.28135678929257,52.497117847038226,13.306693613097664,1.6721379606021713,1,6.125210989402774,5.509344663092719,0.5552470851011293,1,p1a_catchup
tslax,2026-09-14T13:55:00Z,15,regular,0,4.1206678730976165,9.186025740000048,-13.306693613097664,-48.28135678929257,52.497117847038226,13.306693613097664,1.1298450087071643,1,-5.455097604594172,19.891636226399,-19.137169379996877,0,xstock_reversion
tslax,2026-09-14T13:55:00Z,30,regular,0,4.1206678730976165,9.186025740000048,-13.306693613097664,-48.28135678929257,52.497117847038226,13.306693613097664,1.5197572643010915,1,69.96758611470533,-55.14113523730657,52.10519646070111,1,p1a_catchup
tslax,2026-09-14T13:55:00Z,60,regular,0,4.1206678730976165,9.186025740000048,-13.306693613097664,-48.28135678929257,52.497117847038226,13.306693613097664,2.8806902489986186,1,60.23457658160147,-49.80857321750243,45.63295711910165,1,p1a_catchup
tslax,2026-09-14T14:15:00Z,5,regular,0,5.251796994807378,10.512997591698436,-15.764794586505815,-44.88569281860144,40.19270720907304,15.764794586505815,12.145038013997578,1,35.00277407350261,-31.38301750099437,37.552830924907354,1,p1a_catchup
tslax,2026-09-14T14:15:00Z,15,regular,0,5.251796994807378,10.512997591698436,-15.764794586505815,-44.88569281860144,40.19270720907304,15.764794586505815,5.6604563601059255,1,16.098192445603843,5.3270585010078975,-4.597156809200698,0,p1a_catchup
tslax,2026-09-14T14:15:00Z,30,regular,0,5.251796994807378,10.512997591698436,-15.764794586505815,-44.88569281860144,40.19270720907304,15.764794586505815,5.186785674800021,1,0.564301592804739,20.387278668501096,-10.723413579594165,0,xstock_reversion
tslax,2026-09-14T14:15:00Z,60,regular,0,5.251796994807378,10.512997591698436,-15.764794586505815,-44.88569281860144,40.19270720907304,15.764794586505815,1.028724637297529,1,-1.0874985022990558,15.823568451507342,-14.202569988794878,0,xstock_reversion
tslax,2026-09-14T14:20:00Z,5,regular,0,0.9180164291056059,13.063054443103184,-12.145038013997578,-86.96099178699512,32.55829327473254,12.145038013997578,1.5197572643010915,1,-1.9534351408978523,15.618230419196522,-23.692853498005206,0,xstock_reversion
tslax,2026-09-14T14:20:00Z,15,regular,0,0.9180164291056059,13.063054443103184,-12.145038013997578,-86.96099178699512,32.55829327473254,12.145038013997578,2.2860507738009517,1,-14.368423080899362,24.227410321095988,-21.429371010306397,0,xstock_reversion
tslax,2026-09-14T14:20:00Z,30,regular,0,0.9180164291056059,13.063054443103184,-12.145038013997578,-86.96099178699512,32.55829327473254,12.145038013997578,5.310325165801544,1,-20.040288637801495,26.87500148599753,-30.30453465410865,0,xstock_reversion
tslax,2026-09-14T14:20:00Z,60,regular,0,0.9180164291056059,13.063054443103184,-12.145038013997578,-86.96099178699512,32.55829327473254,12.145038013997578,8.537485726796135,1,-59.88777858900285,80.57030232979656,-78.01873005110593,0,xstock_reversion
tslax,2026-09-14T15:30:00Z,5,regular,0,10.544943591597189,23.310864556895794,12.765920965298605,70.83870200429665,23.445818189101434,12.765920965298605,6.0527450987990505,1,20.494230881702435,-13.781055015202881,20.961040262701403,1,p1a_catchup
tslax,2026-09-14T15:30:00Z,15,regular,0,10.544943591597189,23.310864556895794,12.765920965298605,70.83870200429665,23.445818189101434,12.765920965298605,5.262192496298113,1,58.14855660060125,-50.64482813160076,41.95797826310077,1,p1a_catchup
tslax,2026-09-14T15:30:00Z,30,regular,0,10.544943591597189,23.310864556895794,12.765920965298605,70.83870200429665,23.445818189101434,12.765920965298605,2.1400426269035933,1,63.00267727979758,-52.37679894140257,47.659284412402414,1,p1a_catchup
tslax,2026-09-14T15:30:00Z,60,regular,0,10.544943591597189,23.310864556895794,12.765920965298605,70.83870200429665,23.445818189101434,12.765920965298605,1.092025218296655,1,46.720084173594856,-32.862137989999596,21.517636911303484,1,p1a_catchup
tslax,2026-09-15T09:10:00Z,5,premarket,1,24.652449374702456,11.273937860707406,13.37851151399505,33.66860538659644,12.921654559395567,13.37851151399505,12.290984769895985,1,-14.099005033108014,39.76850131699905,-15.679250608293671,0,xstock_reversion
tslax,2026-09-15T09:10:00Z,15,premarket,1,24.652449374702456,11.273937860707406,13.37851151399505,33.66860538659644,12.921654559395567,13.37851151399505,14.423731329307188,0,-36.4983278455,64.30057068880224,-9.236583121197128,0,persistent_or_wider
tslax,2026-09-15T09:10:00Z,30,premarket,1,24.652449374702456,11.273937860707406,13.37851151399505,33.66860538659644,12.921654559395567,13.37851151399505,3.603308240096581,1,-9.443235806303463,19.218439080201932,12.302187985602231,0,xstock_reversion
tslax,2026-09-15T09:10:00Z,60,premarket,1,24.652449374702456,11.273937860707406,13.37851151399505,33.66860538659644,12.921654559395567,13.37851151399505,6.177222053000975,1,18.523112478598946,1.0326210883970788,18.447611235501427,1,p1a_catchup
tslax,2026-09-15T09:15:00Z,5,premarket,0,0.5631986659970778,12.854183435893063,-12.290984769895985,-0.22345970050352548,22.021126765038346,12.290984769895985,5.357763141802252,1,7.1265858403979365,-0.19336421230420342,-2.801669813496943,1,p1a_catchup
tslax,2026-09-15T09:15:00Z,15,premarket,0,0.5631986659970778,12.854183435893063,-12.290984769895985,-0.22345970050352548,22.021126765038346,12.290984769895985,6.966985567498085,1,13.222060386093304,6.035909951300766,-10.082339956793973,0,p1a_catchup
tslax,2026-09-15T09:15:00Z,30,premarket,0,0.5631986659970778,12.854183435893063,-12.290984769895985,-0.22345970050352548,22.021126765038346,12.290984769895985,2.993663122596857,1,-9.044033081107017,24.32868097359986,-24.627797066694157,0,xstock_reversion
tslax,2026-09-15T09:15:00Z,60,premarket,0,0.5631986659970778,12.854183435893063,-12.290984769895985,-0.22345970050352548,22.021126765038346,12.290984769895985,6.842821413899358,1,-24.1461299548007,29.594293310797326,-31.33395580690035,0,xstock_reversion
tslax,2026-09-15T09:25:00Z,5,premarket,1,30.411538192902654,15.987806863595466,-14.423731329307188,-64.30057068880224,23.826854965025785,14.423731329307188,6.966985567498085,1,-9.177262426298682,30.567979323103955,-3.6396724696974303,0,xstock_reversion
tslax,2026-09-15T09:25:00Z,15,premarket,1,30.411538192902654,15.987806863595466,-14.423731329307188,-64.30057068880224,23.826854965025785,14.423731329307188,3.603308240096581,1,-27.055092039196538,45.08213160860031,-21.53877110679936,0,xstock_reversion
tslax,2026-09-15T09:25:00Z,30,premarket,1,30.411538192902654,15.987806863595466,-14.423731329307188,-64.30057068880224,23.826854965025785,14.423731329307188,1.4730400453988324,1,-35.79819038879606,48.748881672704414,-24.891288319803806,0,xstock_reversion
tslax,2026-09-15T09:25:00Z,60,premarket,1,30.411538192902654,15.987806863595466,-14.423731329307188,-64.30057068880224,23.826854965025785,14.423731329307188,4.74287055260092,1,-41.26869076809925,50.949551544805516,-26.567125544101344,0,xstock_reversion
tslax,2026-09-15T09:35:00Z,5,premarket,0,2.5200235630062906,8.862462920795622,11.382486483801912,23.70282645310695,27.794526988763522,11.382486483801912,3.603308240096581,1,4.819778239699701,2.95940000400563,6.428801250102367,1,p1a_catchup
tslax,2026-09-15T09:35:00Z,15,premarket,0,2.5200235630062906,8.862462920795622,11.382486483801912,23.70282645310695,27.794526988763522,11.382486483801912,5.369417898792861,1,15.096124908602349,-9.083056323593297,6.149374075707925,1,p1a_catchup
tslax,2026-09-15T09:35:00Z,30,premarket,0,2.5200235630062906,8.862462920795622,11.382486483801912,23.70282645310695,27.794526988763522,11.382486483801912,15.76967847690014,0,41.278027731097566,-45.665219724195794,15.366350722203492,1,persistent_or_wider
tslax,2026-09-15T09:35:00Z,60,premarket,0,2.5200235630062906,8.862462920795622,11.382486483801912,23.70282645310695,27.794526988763522,11.382486483801912,0.4575516167015792,1,21.247690534096364,-9.407652433592872,20.948265463900384,1,p1a_catchup
tslax,2026-09-15T10:05:00Z,5,premarket,1,32.81889256499859,17.049214088098452,15.76967847690014,36.5821634006025,12.848345331423223,15.76967847690014,6.177222053000975,1,-8.491901206495456,30.43880173639657,-2.7921262222019294,0,xstock_reversion
tslax,2026-09-15T10:05:00Z,15,premarket,1,32.81889256499859,17.049214088098452,15.76967847690014,36.5821634006025,12.848345331423223,15.76967847690014,0.23777091469945333,1,-17.421966371600206,32.95387393380089,0.2791697492021683,0,xstock_reversion
tslax,2026-09-15T10:05:00Z,30,premarket,1,32.81889256499859,17.049214088098452,15.76967847690014,36.5821634006025,12.848345331423223,15.76967847690014,0.4575516167015792,1,-20.030337197001202,36.25756729060292,5.581914741696892,0,xstock_reversion
tslax,2026-09-15T10:05:00Z,60,premarket,1,32.81889256499859,17.049214088098452,15.76967847690014,36.5821634006025,12.848345331423223,15.76967847690014,4.323351352599758,1,12.576108828401544,-1.1297817041011626,34.835958032699565,1,p1a_catchup
tslax,2026-09-15T11:00:00Z,5,premarket,0,2.7700060342983335,15.16032534720324,12.390319312904907,30.92513794020313,9.892311024852614,12.390319312904907,4.323351352599758,1,6.342050618703965,1.7249173416011843,-3.6076396122997068,1,p1a_catchup
tslax,2026-09-15T11:00:00Z,15,premarket,0,2.7700060342983335,15.16032534720324,12.390319312904907,30.92513794020313,9.892311024852614,12.390319312904907,21.523898021795773,0,-17.161964667398166,51.07618200209885,-16.134609028295444,0,persistent_or_wider
tslax,2026-09-15T11:00:00Z,30,premarket,0,2.7700060342983335,15.16032534720324,12.390319312904907,30.92513794020313,9.892311024852614,12.390319312904907,4.959597964004914,1,-15.47377337809408,32.8236906550039,-32.86168290330238,0,xstock_reversion
tslax,2026-09-15T11:00:00Z,60,premarket,0,2.7700060342983335,15.16032534720324,12.390319312904907,30.92513794020313,9.892311024852614,12.390319312904907,1.7501802234942687,1,-13.801197660798792,27.941697197197968,-28.30357009510287,0,xstock_reversion
tslax,2026-09-15T11:15:00Z,5,premarket,1,37.71157900810174,16.187680986305963,-21.523898021795773,-51.07618200209885,21.131334583304326,21.523898021795773,4.579832997597677,1,-6.734097835501274,32.837828854894724,6.319545158506301,0,xstock_reversion
tslax,2026-09-15T11:15:00Z,15,premarket,1,37.71157900810174,16.187680986305963,-21.523898021795773,-51.07618200209885,21.131334583304326,21.523898021795773,4.959597964004914,1,-1.6881912893040862,18.252491347094946,16.727073875006937,0,xstock_reversion
tslax,2026-09-15T11:15:00Z,30,premarket,1,37.71157900810174,16.187680986305963,-21.523898021795773,-51.07618200209885,21.131334583304326,21.523898021795773,1.7005418570992248,1,1.9062857269958045,17.917070437700744,21.192356378403332,0,xstock_reversion
tslax,2026-09-15T11:15:00Z,60,premarket,1,37.71157900810174,16.187680986305963,-21.523898021795773,-51.07618200209885,21.131334583304326,21.523898021795773,0.16381906060125573,1,-17.362992117204712,38.72307107839923,-1.3926606804925967,0,xstock_reversion
tslax,2026-09-15T13:30:00Z,5,regular,0,1.4273125341990323,26.91225943909359,-25.484946904894556,-101.70418282990035,35.622905352694545,25.484946904894556,37.14976137449533,0,-96.84751265450764,159.4822209338975,-170.5557425774984,0,persistent_or_wider
tslax,2026-09-15T13:30:00Z,15,regular,0,1.4273125341990323,26.91225943909359,-25.484946904894556,-101.70418282990035,35.622905352694545,25.484946904894556,3.173998191297045,1,-128.00638846040437,156.66533355659595,-167.1757466445012,0,xstock_reversion
tslax,2026-09-15T13:30:00Z,30,regular,0,1.4273125341990323,26.91225943909359,-25.484946904894556,-101.70418282990035,35.622905352694545,25.484946904894556,5.346618628294664,1,-62.96758742140085,83.10591569800074,-117.97304731509861,0,xstock_reversion
tslax,2026-09-15T13:30:00Z,60,regular,0,1.4273125341990323,26.91225943909359,-25.484946904894556,-101.70418282990035,35.622905352694545,25.484946904894556,4.390026220297827,1,-64.65057469470459,85.74549537930132,-94.91084180959675,0,xstock_reversion
tslax,2026-09-15T13:35:00Z,5,regular,0,9.646209109401838,46.795970483897165,37.14976137449533,67.65102997049688,80.72772904474998,37.14976137449533,4.655559905799578,1,20.627615477799566,11.866585990896183,-15.22175620830346,1,p1a_catchup
tslax,2026-09-15T13:35:00Z,15,regular,0,9.646209109401838,46.795970483897165,37.14976137449533,67.65102997049688,80.72772904474998,37.14976137449533,5.212753614998178,1,18.965471291494396,23.39704369799911,-27.970496918401366,1,xstock_reversion
tslax,2026-09-15T13:35:00Z,30,regular,0,9.646209109401838,46.795970483897165,37.14976137449533,67.65102997049688,80.72772904474998,37.14976137449533,9.311080756999601,1,-54.613682092607974,101.0745242241029,-90.42419014839709,0,xstock_reversion
tslax,2026-09-15T13:35:00Z,60,regular,0,9.646209109401838,46.795970483897165,37.14976137449533,67.65102997049688,80.72772904474998,37.14976137449533,4.177233969899774,1,-43.06072875520428,84.38772409959938,-88.33145402779685,0,xstock_reversion
tslax,2026-09-15T13:55:00Z,5,regular,1,11.485314151702397,2.3306662316979754,-13.815980383400372,-57.95751902350155,84.5612044038893,13.815980383400372,5.346618628294664,1,15.021561976604758,-6.552200221499049,-15.40230470969739,0,p1a_catchup
tslax,2026-09-15T13:55:00Z,15,regular,1,11.485314151702397,2.3306662316979754,-13.815980383400372,-57.95751902350155,84.5612044038893,13.815980383400372,7.891860204605194,1,12.30940712890316,9.398433459102407,2.227729674206813,0,p1a_catchup
tslax,2026-09-15T13:55:00Z,30,regular,1,11.485314151702397,2.3306662316979754,-13.815980383400372,-57.95751902350155,84.5612044038893,13.815980383400372,0.26755043760040564,1,1.9151758177038403,12.168355003296938,-3.8973331599923,0,xstock_reversion
tslax,2026-09-15T13:55:00Z,60,regular,1,11.485314151702397,2.3306662316979754,-13.815980383400372,-57.95751902350155,84.5612044038893,13.815980383400372,9.622690120698607,1,55.90270891230098,-32.464038408202,42.97121406620086,1,p1a_catchup
tslax,2026-09-15T15:05:00Z,5,regular,0,1.249400276295276,16.287253684499348,15.037853408204072,101.36401500310477,36.60127686124195,15.037853408204072,1.2478277991068154,1,-0.6653103561937712,16.950991563504658,-12.798933314694949,0,xstock_reversion
tslax,2026-09-15T15:05:00Z,15,regular,0,1.249400276295276,16.287253684499348,15.037853408204072,101.36401500310477,36.60127686124195,15.037853408204072,7.707152229095016,1,47.1420091985042,-39.81130801939514,54.21345040110381,1,p1a_catchup
tslax,2026-09-15T15:05:00Z,30,regular,0,1.249400276295276,16.287253684499348,15.037853408204072,101.36401500310477,36.60127686124195,15.037853408204072,7.091614044592021,1,29.62018709999903,-7.490719647202937,8.480004888502535,1,p1a_catchup
tslax,2026-09-15T15:05:00Z,60,regular,0,1.249400276295276,16.287253684499348,15.037853408204072,101.36401500310477,36.60127686124195,15.037853408204072,0.8476555847014566,1,65.87507205400023,-51.68487423049761,57.420989250900334,1,p1a_catchup
tslax,2026-09-15T16:20:00Z,5,regular,1,56.474259010501626,41.2823379964955,-15.191921014006127,-73.45954736280191,28.24723394036291,15.191921014006127,10.686961325498956,1,-36.20629671269526,62.085179052200345,-8.864266508403773,0,xstock_reversion
tslax,2026-09-15T16:20:00Z,15,regular,1,56.474259010501626,41.2823379964955,-15.191921014006127,-73.45954736280191,28.24723394036291,15.191921014006127,0.43140307729672145,1,-47.58833425309916,63.21165834440201,-10.248598639597262,0,xstock_reversion
tslax,2026-09-15T16:20:00Z,30,regular,1,56.474259010501626,41.2823379964955,-15.191921014006127,-73.45954736280191,28.24723394036291,15.191921014006127,9.952630433200937,1,-35.541851014793124,60.68640246200019,-4.710119918103217,0,xstock_reversion
tslax,2026-09-15T16:20:00Z,60,regular,1,56.474259010501626,41.2823379964955,-15.191921014006127,-73.45954736280191,28.24723394036291,15.191921014006127,3.083416180995613,1,-5.631942391195466,17.74044722420598,41.37802873989571,0,xstock_reversion
tslax,2026-09-15T17:30:00Z,5,regular,0,9.32134455490008,23.9655149430984,-14.644170388198319,-73.68179692219812,24.34485882875189,14.644170388198319,6.42636448979772,1,21.62692711380032,-13.409121215399722,3.085026981999306,1,p1a_catchup
tslax,2026-09-15T17:30:00Z,15,regular,0,9.32134455490008,23.9655149430984,-14.644170388198319,-73.68179692219812,24.34485882875189,14.644170388198319,1.1137140206951557,1,26.966780190402773,-13.43632382289961,-3.918657242003576,1,p1a_catchup
tslax,2026-09-15T17:30:00Z,30,regular,0,9.32134455490008,23.9655149430984,-14.644170388198319,-73.68179692219812,24.34485882875189,14.644170388198319,0.5372244490065015,1,13.020516372401758,2.160878464803062,-13.71558179149801,1,p1a_catchup
tslax,2026-09-15T17:30:00Z,60,regular,0,9.32134455490008,23.9655149430984,-14.644170388198319,-73.68179692219812,24.34485882875189,14.644170388198319,3.471115217896781,1,8.596751681899661,2.5763034884018765,-16.233240382401704,1,p1a_catchup
tslax,2026-09-15T20:40:00Z,5,afterhours,1,45.67762361990191,20.054939699098995,-25.622683920802913,-40.21132313170028,20.651104627726262,25.622683920802913,1.9836938824013828,1,-3.877174727398014,31.48355253060231,1.0712309716964796,0,xstock_reversion
tslax,2026-09-15T20:40:00Z,15,afterhours,1,45.67762361990191,20.054939699098995,-25.622683920802913,-40.21132313170028,20.651104627726262,25.622683920802913,3.168762594496499,1,-15.955306357202659,44.74675287250207,0.790792927398698,0,xstock_reversion
tslax,2026-09-15T20:40:00Z,30,afterhours,1,45.67762361990191,20.054939699098995,-25.622683920802913,-40.21132313170028,20.651104627726262,25.622683920802913,4.835339785795867,1,-14.039055472698792,34.82639960770584,10.330101209303777,0,xstock_reversion
tslax,2026-09-15T20:40:00Z,60,afterhours,1,45.67762361990191,20.054939699098995,-25.622683920802913,-40.21132313170028,20.651104627726262,25.622683920802913,3.1047861904998086,1,-0.11583932129966001,28.843309432602382,23.812870589798862,0,xstock_reversion
tslax,2026-09-15T21:15:00Z,5,afterhours,1,20.327755182707463,5.107051565200749,-15.220703617506715,-30.459865837499933,12.76292581969636,15.220703617506715,1.2901668647025133,1,-1.6366660830957613,18.14753656530499,6.179601893201436,0,xstock_reversion
tslax,2026-09-15T21:15:00Z,15,afterhours,1,20.327755182707463,5.107051565200749,-15.220703617506715,-30.459865837499933,12.76292581969636,15.220703617506715,3.6877691450953876,1,2.343811764307091,9.189122708104236,11.800737510601067,0,xstock_reversion
tslax,2026-09-15T21:15:00Z,30,afterhours,1,20.327755182707463,5.107051565200749,-15.220703617506715,-30.459865837499933,12.76292581969636,15.220703617506715,3.1710610384916293,1,3.907103896407804,8.142538682607281,14.331279763100113,1,xstock_reversion
tslax,2026-09-15T21:15:00Z,60,afterhours,1,20.327755182707463,5.107051565200749,-15.220703617506715,-30.459865837499933,12.76292581969636,15.220703617506715,0.12846130110766296,1,7.060551408599736,8.031690907799316,6.179601893201436,0,xstock_reversion
tslax,2026-09-16T12:35:00Z,5,premarket,1,21.863519213001226,9.810156266798487,-12.05336294620274,-36.251123273602914,9.04069957428564,12.05336294620274,4.296169836699448,1,3.229692917603444,4.527500191899847,20.148884636101982,1,xstock_reversion
tslax,2026-09-16T12:35:00Z,15,premarket,1,21.863519213001226,9.810156266798487,-12.05336294620274,-36.251123273602914,9.04069957428564,12.05336294620274,1.3655964187009317,1,6.962455908405829,6.456503456497842,13.064163115101834,0,p1a_catchup
tslax,2026-09-16T12:35:00Z,30,premarket,1,21.863519213001226,9.810156266798487,-12.05336294620274,-36.251123273602914,9.04069957428564,12.05336294620274,0.37774870299323027,1,7.435546483200994,4.995565165994975,8.281314559202002,0,p1a_catchup
tslax,2026-09-16T12:35:00Z,60,premarket,1,21.863519213001226,9.810156266798487,-12.05336294620274,-36.251123273602914,9.04069957428564,12.05336294620274,0.44414585969931863,1,0.4804942567027126,11.128722829800708,-3.07472993720026,0,xstock_reversion
tslax,2026-09-16T14:00:00Z,5,regular,0,0.4140292460075301,12.379805060094284,12.793834306101814,43.387267238506055,30.791221479803937,12.793834306101814,3.945817912693883,1,-8.706390547805753,25.44604276660145,-23.8391097123003,0,xstock_reversion
tslax,2026-09-16T14:00:00Z,15,regular,0,0.4140292460075301,12.379805060094284,12.793834306101814,43.387267238506055,30.791221479803937,12.793834306101814,0.9951405302022209,1,50.645992477393875,-38.84729870149428,40.35156219930336,1,p1a_catchup
tslax,2026-09-16T14:00:00Z,30,regular,0,0.4140292460075301,12.379805060094284,12.793834306101814,43.387267238506055,30.791221479803937,12.793834306101814,0.12717384380245278,1,69.37890515819944,-56.45789700829518,63.4880356438039,1,p1a_catchup
tslax,2026-09-16T14:00:00Z,60,regular,0,0.4140292460075301,12.379805060094284,12.793834306101814,43.387267238506055,30.791221479803937,12.793834306101814,9.506016859797128,1,103.43847596559819,-100.1506585192935,95.22004881860724,1,p1a_catchup
tslax,2026-09-16T14:10:00Z,5,regular,0,14.823799543801641,33.61808596710425,18.79428642330261,102.58891676859783,42.07571180921913,18.79428642330261,0.9951405302022209,1,8.396237740599943,9.402908152500444,-23.136473444500538,1,xstock_reversion
tslax,2026-09-16T14:10:00Z,15,regular,0,14.823799543801641,33.61808596710425,18.79428642330261,102.58891676859783,42.07571180921913,18.79428642330261,2.745186018895396,1,25.867216339303667,-4.3277438971056625,1.7883058600975943,1,p1a_catchup
tslax,2026-09-16T14:10:00Z,30,regular,0,14.823799543801641,33.61808596710425,18.79428642330261,102.58891676859783,42.07571180921913,18.79428642330261,4.239323742707413,1,21.80724154499991,-7.252278864404715,8.251052477197263,1,p1a_catchup
tslax,2026-09-16T14:10:00Z,60,regular,0,14.823799543801641,33.61808596710425,18.79428642330261,102.58891676859783,42.07571180921913,18.79428642330261,3.069020003501066,1,48.293834960908555,-26.43052853410488,24.183808642801452,1,p1a_catchup
tslax,2026-09-16T17:15:00Z,5,regular,1,37.95936343239603,25.148924121696226,-12.810439310699806,-48.88411859510278,19.07544236561037,12.810439310699806,3.013214072797865,1,-12.488343127401436,28.311996510899107,6.504875425701329,0,xstock_reversion
tslax,2026-09-16T17:15:00Z,15,regular,1,37.95936343239603,25.148924121696226,-12.810439310699806,-48.88411859510278,19.07544236561037,12.810439310699806,2.714055604302601,1,-18.19068007700153,28.287063783398736,-0.9684493059047838,0,xstock_reversion
tslax,2026-09-16T17:15:00Z,30,regular,1,37.95936343239603,25.148924121696226,-12.810439310699806,-48.88411859510278,19.07544236561037,12.810439310699806,0.07697461390065996,1,0.9722158914993173,11.915198033101149,23.13506030739987,0,xstock_reversion
tslax,2026-09-16T17:15:00Z,60,regular,1,37.95936343239603,25.148924121696226,-12.810439310699806,-48.88411859510278,19.07544236561037,12.810439310699806,8.882661979399131,1,13.717445455698751,-9.789668124398077,21.745612702099848,0,p1a_catchup
tslax,2026-09-16T18:05:00Z,5,regular,0,0.9659870187039843,10.677321948797669,11.643308967501653,57.16829437730553,17.75230502431224,11.643308967501653,13.358121675199897,0,-34.745559410502835,59.746990053204385,-55.731252026101075,0,persistent_or_wider
tslax,2026-09-16T18:05:00Z,15,regular,0,0.9659870187039843,10.677321948797669,11.643308967501653,57.16829437730553,17.75230502431224,11.643308967501653,5.0380003694971975,1,-44.114773983299216,50.72008258130367,-48.79980376910176,0,xstock_reversion
tslax,2026-09-16T18:05:00Z,30,regular,0,0.9659870187039843,10.677321948797669,11.643308967501653,57.16829437730553,17.75230502431224,11.643308967501653,4.254094175699663,1,-84.84043852200251,100.73784166520383,-99.09235618270174,0,xstock_reversion
tslax,2026-09-16T18:05:00Z,60,regular,0,0.9659870187039843,10.677321948797669,11.643308967501653,57.16829437730553,17.75230502431224,11.643308967501653,4.158066413300077,1,-143.44272482539998,159.24410020620172,-157.06110373010063,0,xstock_reversion
tslax,2026-09-16T18:10:00Z,5,regular,0,3.0497510083993262,10.30837066680057,-13.358121675199897,1.311328722897187,33.50263328703256,13.358121675199897,8.882661979399131,1,26.04245347759715,-21.566993781796384,-1.3866740644985498,1,p1a_catchup
tslax,2026-09-16T18:10:00Z,15,regular,0,3.0497510083993262,10.30837066680057,-13.358121675199897,1.311328722897187,33.50263328703256,13.358121675199897,3.173111528393946,1,17.03948653600129,-6.854476389195341,-6.099928099096985,0,p1a_catchup
tslax,2026-09-16T18:10:00Z,30,regular,0,3.0497510083993262,10.30837066680057,-13.358121675199897,1.311328722897187,33.50263328703256,13.358121675199897,2.8610208981039165,1,42.870457513899396,-26.651314940595583,32.0858118576961,1,p1a_catchup
tslax,2026-09-16T18:10:00Z,60,regular,0,3.0497510083993262,10.30837066680057,-13.358121675199897,1.311328722897187,33.50263328703256,13.358121675199897,10.172580587406443,1,137.02546230219605,-133.83992121440258,137.11660109829717,1,p1a_catchup
tslax,2026-09-16T19:30:00Z,5,regular,0,6.7230526059969264,22.395384303797172,15.672331697800246,70.00057545840654,31.560215429936576,15.672331697800246,1.6118525206021417,1,8.18954863609278,5.870930541105324,-18.157697565204245,0,p1a_catchup
tslax,2026-09-16T19:30:00Z,15,regular,0,6.7230526059969264,22.395384303797172,15.672331697800246,70.00057545840654,31.560215429936576,15.672331697800246,7.973570201098568,1,30.72216261709393,-23.02340112039225,16.439173544995356,1,p1a_catchup
tslax,2026-09-16T19:30:00Z,30,regular,0,6.7230526059969264,22.395384303797172,15.672331697800246,70.00057545840654,31.560215429936576,15.672331697800246,8.127556796200253,1,10.600531317397355,13.199357176603144,-2.7913468430007526,1,xstock_reversion
tslax,2026-09-16T19:30:00Z,60,regular,0,6.7230526059969264,22.395384303797172,15.672331697800246,70.00057545840654,31.560215429936576,15.672331697800246,0.7588697407001632,1,18.2698629377942,-1.8386614992937922,-3.9081037820043463,1,p1a_catchup
tslax,2026-09-16T22:15:00Z,5,afterhours,1,46.56079279180325,27.17740130120383,-19.383391490599422,-41.863628320202295,11.049953689328033,19.383391490599422,9.906965746102614,1,-11.225224795499145,40.51558203220118,-2.5100751759943307,0,xstock_reversion
tslax,2026-09-16T22:15:00Z,15,afterhours,1,46.56079279180325,27.17740130120383,-19.383391490599422,-41.863628320202295,11.049953689328033,19.383391490599422,0.11269480739706239,1,-28.266434455099798,47.76252075309628,-20.87023183969805,0,xstock_reversion
tslax,2026-09-16T22:15:00Z,30,afterhours,1,46.56079279180325,27.17740130120383,-19.383391490599422,-41.863628320202295,11.049953689328033,19.383391490599422,5.871593858302049,1,-37.91869396430059,51.43049159659796,0.27893613750329393,0,xstock_reversion
tslax,2026-09-16T22:15:00Z,60,afterhours,1,46.56079279180325,27.17740130120383,-19.383391490599422,-41.863628320202295,11.049953689328033,19.383391490599422,2.600302045800973,1,-22.906155498896297,44.88984903529669,1.673733545501932,0,xstock_reversion
tslax,2026-09-16T22:25:00Z,5,afterhours,0,1.8273816145963906,14.251752376805982,16.079133991402372,35.768230783697064,24.32590110629164,16.079133991402372,0.11269480739706239,1,1.6824371822021789,14.284002001803131,7.211883491198279,1,xstock_reversion
tslax,2026-09-16T22:25:00Z,15,afterhours,0,1.8273816145963906,14.251752376805982,16.079133991402372,35.768230783697064,24.32590110629164,16.079133991402372,4.958012351998775,1,15.631076912505648,-4.509955273102051,6.4046338320977725,1,p1a_catchup
tslax,2026-09-16T22:25:00Z,30,afterhours,0,1.8273816145963906,14.251752376805982,16.079133991402372,35.768230783697064,24.32590110629164,16.079133991402372,1.1810638893017256,1,4.49271426090192,12.767483619802178,-13.937284486003065,0,xstock_reversion
tslax,2026-09-16T22:25:00Z,60,afterhours,0,1.8273816145963906,14.251752376805982,16.079133991402372,35.768230783697064,24.32590110629164,16.079133991402372,6.090595562202594,1,9.6274142163022,0.3611242128975789,0.0,1,p1a_catchup
tslax,2026-09-17T09:25:00Z,5,premarket,1,26.830624621201338,10.915658693502195,-15.914965927699143,-37.71460817950434,13.554814589175104,15.914965927699143,5.924886950303687,1,-7.473442668901598,29.313295546904428,-2.480466340397669,0,xstock_reversion
tslax,2026-09-17T09:25:00Z,15,premarket,1,26.830624621201338,10.915658693502195,-15.914965927699143,-37.71460817950434,13.554814589175104,15.914965927699143,0.18139932690175442,1,-10.60043449590431,26.696799750505207,2.20537561189893,0,xstock_reversion
tslax,2026-09-17T09:25:00Z,30,premarket,1,26.830624621201338,10.915658693502195,-15.914965927699143,-37.71460817950434,13.554814589175104,15.914965927699143,1.501907436995964,1,-12.448104373508073,29.86497773820318,-0.5512679163999223,0,xstock_reversion
tslax,2026-09-17T09:25:00Z,60,premarket,1,26.830624621201338,10.915658693502195,-15.914965927699143,-37.71460817950434,13.554814589175104,15.914965927699143,2.5493553332012198,1,-13.392734985107069,26.758345579604992,-5.786797995597226,0,xstock_reversion
tslax,2026-09-17T11:55:00Z,5,premarket,0,9.333649387199827,24.126546200902155,14.792896813702328,37.639059195502256,10.926667135793691,14.792896813702328,11.235787429901833,1,14.595640322196957,-11.038530938396462,1.6462260304983545,1,p1a_catchup
tslax,2026-09-17T11:55:00Z,15,premarket,0,9.333649387199827,24.126546200902155,14.792896813702328,37.639059195502256,10.926667135793691,14.792896813702328,3.8406438057059233,1,20.476184401996278,-9.523931393999874,6.8574879594951454,1,p1a_catchup
tslax,2026-09-17T11:55:00Z,30,premarket,0,9.333649387199827,24.126546200902155,14.792896813702328,37.639059195502256,10.926667135793691,14.792896813702328,5.817378071393264,1,34.142314545402286,-25.166795803093223,16.96781581129514,1,p1a_catchup
tslax,2026-09-17T11:55:00Z,60,premarket,0,9.333649387199827,24.126546200902155,14.792896813702328,37.639059195502256,10.926667135793691,14.792896813702328,3.4702211000947614,1,32.675188902295815,-14.412070988498726,3.0178740677921922,1,p1a_catchup
tslax,2026-09-17T12:00:00Z,5,premarket,0,0.05865552069828084,11.177131909203553,11.235787429901833,45.56409350639612,10.40112615021764,11.235787429901833,2.432891235999435,1,-1.1345810743002005,14.803259740201469,12.338064489298972,1,xstock_reversion
tslax,2026-09-17T12:00:00Z,15,premarket,0,0.05865552069828084,11.177131909203553,11.235787429901833,45.56409350639612,10.40112615021764,11.235787429901833,0.7531338081001593,1,7.957027162204255,2.5256264595974187,1.3716480372938378,1,p1a_catchup
tslax,2026-09-17T12:00:00Z,30,premarket,0,0.05865552069828084,11.177131909203553,11.235787429901833,45.56409350639612,10.40112615021764,11.235787429901833,7.811634766303754,1,28.481077878401706,-25.056925214803627,25.20825534809923,1,p1a_catchup
tslax,2026-09-17T12:00:00Z,60,premarket,0,0.05865552069828084,11.177131909203553,11.235787429901833,45.56409350639612,10.40112615021764,11.235787429901833,5.097791600796597,1,22.666536165205642,-16.528540336100406,13.434044981996962,1,p1a_catchup
tslax,2026-09-17T13:25:00Z,5,premarket,0,19.070922807307156,44.83504477120093,25.76412196389377,42.45671865039213,24.710212542052975,25.76412196389377,23.279014108901208,1,65.42924477369816,-62.944136918705595,45.5952589289943,1,p1a_catchup
tslax,2026-09-17T13:25:00Z,15,premarket,0,19.070922807307156,44.83504477120093,25.76412196389377,42.45671865039213,24.710212542052975,25.76412196389377,0.760672852102573,1,-21.97837328200336,46.98182239379456,-65.49884231730196,0,xstock_reversion
tslax,2026-09-17T13:25:00Z,30,premarket,0,19.070922807307156,44.83504477120093,25.76412196389377,42.45671865039213,24.710212542052975,25.76412196389377,20.07173171909571,1,69.50013785259834,-63.80774760780028,55.33868288919663,1,p1a_catchup
tslax,2026-09-17T13:25:00Z,60,premarket,0,19.070922807307156,44.83504477120093,25.76412196389377,42.45671865039213,24.710212542052975,25.76412196389377,1.1151798225039755,1,142.59849587019426,-117.94955372880445,90.84878926569395,1,p1a_catchup
tslax,2026-09-17T13:30:00Z,5,regular,0,1.722044817595858,25.001058926497066,23.279014108901208,111.6973637244989,32.82573379942448,23.279014108901208,32.017222475397844,0,-83.16654371130383,138.4627802956029,-145.6535037003004,0,persistent_or_wider
tslax,2026-09-17T13:30:00Z,15,regular,0,1.722044817595858,25.001058926497066,23.279014108901208,111.6973637244989,32.82573379942448,23.279014108901208,2.237837570904233,1,-93.30839747009989,118.82524914990533,-128.35887307700133,0,xstock_reversion
tslax,2026-09-17T13:30:00Z,30,regular,0,1.722044817595858,25.001058926497066,23.279014108901208,111.6973637244989,32.82573379942448,23.279014108901208,10.124213026401208,1,36.94713792580018,-23.792336843300177,35.67957077340367,1,p1a_catchup
tslax,2026-09-17T13:30:00Z,60,regular,0,1.722044817595858,25.001058926497066,23.279014108901208,111.6973637244989,32.82573379942448,23.279014108901208,2.2309534006037524,1,69.89846044540116,-44.388492935896195,56.43401549510152,1,p1a_catchup
tslax,2026-09-17T13:35:00Z,5,regular,0,5.46867858710165,37.485901062499494,-32.017222475397844,-17.78534291210221,72.89604010830516,32.017222475397844,0.760672852102573,1,4.241074344397688,28.53682098310273,-34.55940245400413,0,xstock_reversion
tslax,2026-09-17T13:35:00Z,15,regular,0,5.46867858710165,37.485901062499494,-32.017222475397844,-17.78534291210221,72.89604010830516,32.017222475397844,14.824609099202135,1,-28.721937956204258,75.56376953080424,-87.53748862400101,0,xstock_reversion
tslax,2026-09-17T13:35:00Z,30,regular,0,5.46867858710165,37.485901062499494,-32.017222475397844,-17.78534291210221,72.89604010830516,32.017222475397844,15.933908449392575,1,-167.713875699107,215.66500662389743,-243.19947940000475,0,xstock_reversion
tslax,2026-09-17T13:35:00Z,60,regular,0,5.46867858710165,37.485901062499494,-32.017222475397844,-17.78534291210221,72.89604010830516,32.017222475397844,1.8456237665986919,1,-149.96239596030136,180.1339946691005,-190.23311147040368,0,xstock_reversion
tslax,2026-09-17T13:50:00Z,5,regular,0,6.505040506095128,21.329649605297263,14.824609099202135,75.56376953080424,77.37175251529236,14.824609099202135,20.07173171909571,0,58.51549883399976,-63.76262145389333,67.85943903650171,1,persistent_or_wider
tslax,2026-09-17T13:50:00Z,15,regular,0,6.505040506095128,21.329649605297263,14.824609099202135,75.56376953080424,77.37175251529236,14.824609099202135,15.933908449392575,0,138.99193774290273,-140.10123709309318,155.66199077600373,1,persistent_or_wider
tslax,2026-09-17T13:50:00Z,30,regular,0,6.505040506095128,21.329649605297263,14.824609099202135,75.56376953080424,77.37175251529236,14.824609099202135,11.427302393096639,1,128.60846381729908,-102.3565523250003,107.00794267179958,1,p1a_catchup
tslax,2026-09-17T13:50:00Z,60,regular,0,6.505040506095128,21.329649605297263,14.824609099202135,75.56376953080424,77.37175251529236,14.824609099202135,1.065334652796679,1,62.63670868079885,-48.87743423439339,39.143248848301226,1,p1a_catchup
tslax,2026-09-17T13:55:00Z,5,regular,0,10.601858088703509,30.673589807799218,20.07173171909571,110.78957000159484,78.15663503910307,20.07173171909571,10.124213026401208,1,32.87624484689999,-22.928726154205492,25.936146813201333,1,p1a_catchup
tslax,2026-09-17T13:55:00Z,15,regular,0,10.601858088703509,30.673589807799218,20.07173171909571,110.78957000159484,78.15663503910307,20.07173171909571,14.624452490403783,1,126.90162810559791,-121.45434887690598,103.34340318330248,1,p1a_catchup
tslax,2026-09-17T13:55:00Z,30,regular,0,10.601858088703509,30.673589807799218,20.07173171909571,110.78957000159484,78.15663503910307,20.07173171909571,1.1151798225039755,1,73.0983580175959,-54.141806121004166,35.51010637649732,1,p1a_catchup
tslax,2026-09-17T13:55:00Z,60,regular,0,10.601858088703509,30.673589807799218,20.07173171909571,110.78957000159484,78.15663503910307,20.07173171909571,1.0382887886972725,1,0.9152998967998371,20.194720610993144,-29.123143666698326,0,xstock_reversion
tslax,2026-09-17T14:05:00Z,5,regular,0,22.065794189005672,37.99970263839825,15.933908449392575,140.10123709309318,27.25218209068152,15.933908449392575,14.624452490403783,1,46.425189196694916,-45.115733237706124,15.540851443800463,1,p1a_catchup
tslax,2026-09-17T14:05:00Z,15,regular,0,22.065794189005672,37.99970263839825,15.933908449392575,140.10123709309318,27.25218209068152,15.933908449392575,11.427302393096639,1,-10.383473925603681,37.744684768092895,-48.65404810420415,0,xstock_reversion
tslax,2026-09-17T14:05:00Z,30,regular,0,22.065794189005672,37.99970263839825,15.933908449392575,140.10123709309318,27.25218209068152,15.933908449392575,1.8456237665986919,1,-17.751479738805642,35.53101195479691,-52.96636792960108,0,xstock_reversion
tslax,2026-09-17T14:05:00Z,60,regular,0,22.065794189005672,37.99970263839825,15.933908449392575,140.10123709309318,27.25218209068152,15.933908449392575,4.539459966999004,1,-162.41757355260233,182.8909419689939,-207.81868797680403,0,xstock_reversion
tslax,2026-09-17T14:10:00Z,5,regular,1,7.509087604899989,7.115364885503794,14.624452490403783,121.45434887690598,27.191343898182733,14.624452490403783,9.29209830509592,1,-24.222145456098687,48.13869625159839,-39.16897986940171,0,xstock_reversion
tslax,2026-09-17T14:10:00Z,15,regular,1,7.509087604899989,7.115364885503794,14.624452490403783,121.45434887690598,27.191343898182733,14.624452490403783,1.1151798225039755,1,-53.80327008800201,67.31254275590182,-67.83329680680517,0,xstock_reversion
tslax,2026-09-17T14:10:00Z,30,regular,1,7.509087604899989,7.115364885503794,14.624452490403783,121.45434887690598,27.191343898182733,14.624452490403783,7.171523590097095,1,-83.32781542329748,105.12379150379836,-100.36813843050219,0,xstock_reversion
tslax,2026-09-17T14:10:00Z,60,regular,1,7.509087604899989,7.115364885503794,14.624452490403783,121.45434887690598,27.191343898182733,14.624452490403783,24.023977292202403,0,-275.8209181543947,314.46934793700086,-242.55934186550476,0,persistent_or_wider
tslax,2026-09-17T14:20:00Z,5,regular,1,11.156430852894417,0.27087154020222215,-11.427302393096639,-37.744684768092895,47.447301565361784,11.427302393096639,1.1151798225039755,1,-3.0053930342965884,15.547875249897203,3.638397258800552,0,xstock_reversion
tslax,2026-09-17T14:20:00Z,15,regular,1,11.156430852894417,0.27087154020222215,-11.427302393096639,-37.744684768092895,47.447301565361784,11.427302393096639,1.8456237665986919,1,7.368005813201961,2.213672813295986,4.312319825396926,0,p1a_catchup
tslax,2026-09-17T14:20:00Z,30,regular,1,11.156430852894417,0.27087154020222215,-11.427302393096639,-37.744684768092895,47.447301565361784,11.427302393096639,1.065334652796679,1,65.97175513650022,-53.4791180906069,67.86469382349836,1,p1a_catchup
tslax,2026-09-17T14:20:00Z,60,regular,1,11.156430852894417,0.27087154020222215,-11.427302393096639,-37.744684768092895,47.447301565361784,11.427302393096639,6.480291112298531,1,190.14433927010188,-185.19732798930377,151.22802291769767,1,p1a_catchup
tslax,2026-09-17T14:45:00Z,5,regular,1,28.819687029493224,13.13633249529822,-15.683354534195004,-80.29044305459365,24.356169780517114,15.683354534195004,1.065334652796679,1,-5.131684401300518,21.8803735882922,10.16845832119806,0,xstock_reversion
tslax,2026-09-17T14:45:00Z,15,regular,1,28.819687029493224,13.13633249529822,-15.683354534195004,-80.29044305459365,24.356169780517114,15.683354534195004,27.05058797060289,0,71.97682941569639,-83.34406285210427,64.57555662229275,1,persistent_or_wider
tslax,2026-09-17T14:45:00Z,30,regular,1,28.819687029493224,13.13633249529822,-15.683354534195004,-80.29044305459365,24.356169780517114,15.683354534195004,13.547319238300659,1,104.02944377969625,-74.79877000720059,101.05773518479744,1,p1a_catchup
tslax,2026-09-17T14:45:00Z,60,regular,1,28.819687029493224,13.13633249529822,-15.683354534195004,-80.29044305459365,24.356169780517114,15.683354534195004,2.0605232105008753,1,41.13991669889572,-23.396038954199838,50.94600565049845,1,p1a_catchup
tslax,2026-09-17T15:00:00Z,5,regular,1,47.588193259304745,20.537605288701855,-27.05058797060289,-83.34406285210427,43.480865497457316,27.05058797060289,4.539459966999004,1,8.953830673501528,13.557297330102358,36.89284774800683,1,xstock_reversion
tslax,2026-09-17T15:00:00Z,15,regular,1,47.588193259304745,20.537605288701855,-27.05058797060289,-83.34406285210427,43.480865497457316,27.05058797060289,13.547319238300659,1,32.052614363999865,8.545292844903685,36.482178562504686,1,p1a_catchup
tslax,2026-09-17T15:00:00Z,30,regular,1,47.588193259304745,20.537605288701855,-27.05058797060289,-83.34406285210427,43.480865497457316,27.05058797060289,6.1747084401986285,1,0.8553395907018313,32.36995682009969,12.692175545705453,0,xstock_reversion
tslax,2026-09-17T15:00:00Z,60,regular,1,47.588193259304745,20.537605288701855,-27.05058797060289,-83.34406285210427,43.480865497457316,27.05058797060289,3.0759072016017797,1,-59.64100600979627,83.61568677879738,-49.52256318459192,0,xstock_reversion
tslax,2026-09-17T15:10:00Z,5,regular,1,64.40091846659612,40.37694117439372,-24.023977292202403,-172.82027844910175,52.27707196058289,24.023977292202403,13.547319238300659,1,-43.8793717145991,81.45066824510216,-19.610471630402415,0,xstock_reversion
tslax,2026-09-17T15:10:00Z,15,regular,1,64.40091846659612,40.37694117439372,-24.023977292202403,-172.82027844910175,52.27707196058289,24.023977292202403,5.692087748698782,1,-50.96333656709362,80.6794016079948,-53.36450940390591,0,xstock_reversion
tslax,2026-09-17T15:10:00Z,30,regular,1,64.40091846659612,40.37694117439372,-24.023977292202403,-172.82027844910175,52.27707196058289,24.023977292202403,7.04751231640266,1,-99.91909094569706,130.99058055430214,-66.72529340620237,0,xstock_reversion
tslax,2026-09-17T15:10:00Z,60,regular,1,64.40091846659612,40.37694117439372,-24.023977292202403,-172.82027844910175,52.27707196058289,24.023977292202403,1.5691631267955586,1,-142.6047516550977,168.19789207409565,-104.52672245779837,0,xstock_reversion
tslax,2026-09-17T15:15:00Z,5,regular,0,2.560721851896375,16.108041090197034,13.547319238300659,8.545292844903685,69.06700976516879,13.547319238300659,6.480291112298531,1,-15.01145595260489,35.03906630320408,7.5259477694000765,1,xstock_reversion
tslax,2026-09-17T15:15:00Z,15,regular,0,2.560721851896375,16.108041090197034,13.547319238300659,8.545292844903685,69.06700976516879,13.547319238300659,6.1747084401986285,1,31.197274773298034,-23.824663975196003,23.790003016799233,1,p1a_catchup
tslax,2026-09-17T15:15:00Z,30,regular,0,2.560721851896375,16.108041090197034,13.547319238300659,8.545292844903685,69.06700976516879,13.547319238300659,2.0605232105008753,1,62.889527080800534,-51.40273105300075,50.11172953429899,1,p1a_catchup
tslax,2026-09-17T15:15:00Z,60,regular,0,2.560721851896375,16.108041090197034,13.547319238300659,8.545292844903685,69.06700976516879,13.547319238300659,1.74102671469889,1,94.34994624189841,-79.06160028889886,75.82095752360019,1,p1a_catchup
tslax,2026-09-18T11:15:00Z,5,premarket,0,5.828275981496489,6.5575409263995965,-12.385816907896086,-36.698998760602564,11.415009527319809,12.385816907896086,1.155847090803519,1,-0.3849593857996325,13.926623384499237,-7.431694806401268,0,xstock_reversion
tslax,2026-09-18T11:15:00Z,15,premarket,0,5.828275981496489,6.5575409263995965,-12.385816907896086,-36.698998760602564,11.415009527319809,12.385816907896086,1.932896325795852,1,-4.362311914105632,18.68102514779757,-14.20891139550129,0,xstock_reversion
tslax,2026-09-18T11:15:00Z,30,premarket,0,5.828275981496489,6.5575409263995965,-12.385816907896086,-36.698998760602564,11.415009527319809,12.385816907896086,1.9388105980944204,1,-9.107454254806413,23.43208176079692,-18.824024615602397,0,xstock_reversion
tslax,2026-09-18T11:15:00Z,60,premarket,0,5.828275981496489,6.5575409263995965,-12.385816907896086,-36.698998760602564,11.415009527319809,12.385816907896086,5.082117827992505,1,11.906296907300273,-4.602597827396693,13.526586044898536,1,p1a_catchup
tslax,2026-09-18T13:15:00Z,5,premarket,1,46.80911145170441,19.762563949106138,27.046547502598273,58.0298843305993,22.92773548190189,27.046547502598273,6.952453566499983,1,-9.628482551402584,43.62748362050084,-5.282156199895027,0,xstock_reversion
tslax,2026-09-18T13:15:00Z,15,premarket,1,46.80911145170441,19.762563949106138,27.046547502598273,58.0298843305993,22.92773548190189,27.046547502598273,6.003014812394625,1,-21.56356631580536,54.61312863079826,-16.601127790494274,0,xstock_reversion
tslax,2026-09-18T13:15:00Z,30,premarket,1,46.80911145170441,19.762563949106138,27.046547502598273,58.0298843305993,22.92773548190189,27.046547502598273,3.7373266051954346,1,16.435305267599176,6.873915629803662,28.242880227997702,0,p1a_catchup
tslax,2026-09-18T13:15:00Z,60,premarket,1,46.80911145170441,19.762563949106138,27.046547502598273,58.0298843305993,22.92773548190189,27.046547502598273,4.028254712595825,1,-169.47747722760198,192.49577001760443,-157.8677234672998,0,xstock_reversion
tslax,2026-09-18T13:40:00Z,5,regular,0,0.1622076262997041,14.79143359709667,14.953641223396374,23.97305830100116,46.70071973900907,14.953641223396374,3.7373266051954346,1,12.721353655500423,-1.5050390372994826,-10.02506893030386,0,p1a_catchup
tslax,2026-09-18T13:40:00Z,15,regular,0,0.1622076262997041,14.79143359709667,14.953641223396374,23.97305830100116,46.70071973900907,14.953641223396374,20.080740523402696,0,-75.00957477399872,110.04395652079779,-95.80911611760001,0,persistent_or_wider
tslax,2026-09-18T13:40:00Z,30,regular,0,0.1622076262997041,14.79143359709667,14.953641223396374,23.97305830100116,46.70071973900907,14.953641223396374,15.936378893695036,0,-180.21877061900506,211.10879073609647,-218.67548981929554,0,persistent_or_wider
tslax,2026-09-18T13:40:00Z,60,regular,0,0.1622076262997041,14.79143359709667,14.953641223396374,23.97305830100116,46.70071973900907,14.953641223396374,15.16158158399783,0,-75.6322452535052,75.42430489290375,-72.31633070669652,0,persistent_or_wider
tslax,2026-09-18T13:55:00Z,5,regular,1,14.072632776898075,6.008107746504621,-20.080740523402696,-110.04395652079779,48.72677416785632,20.080740523402696,9.566144216499595,1,27.18671150920393,-16.67211520230083,33.559146904798,1,p1a_catchup
tslax,2026-09-18T13:55:00Z,15,regular,1,14.072632776898075,6.008107746504621,-20.080740523402696,-110.04395652079779,48.72677416785632,20.080740523402696,15.936378893695036,1,105.20919584500632,-101.06483421529866,122.86637370169551,1,p1a_catchup
tslax,2026-09-18T13:55:00Z,30,regular,1,14.072632776898075,6.008107746504621,-20.080740523402696,-110.04395652079779,48.72677416785632,20.080740523402696,14.466082662094593,1,39.046085888401194,-4.499262702903906,14.527558657695394,1,p1a_catchup
tslax,2026-09-18T13:55:00Z,60,regular,1,14.072632776898075,6.008107746504621,-20.080740523402696,-110.04395652079779,48.72677416785632,20.080740523402696,7.9676473873036,1,-47.37129071579638,59.48438385189547,-56.31743471040451,0,xstock_reversion
tslax,2026-09-18T14:10:00Z,5,regular,0,7.728906709498773,23.66528560319381,-15.936378893695036,-101.06483421529866,26.238713109387987,15.936378893695036,4.028254712595825,1,-7.027341779304308,26.99197538559517,-22.539817193694134,0,xstock_reversion
tslax,2026-09-18T14:10:00Z,15,regular,0,7.728906709498773,23.66528560319381,-15.936378893695036,-101.06483421529866,26.238713109387987,15.936378893695036,14.466082662094593,1,-66.16310995660513,96.56557151239475,-108.33881504400011,0,xstock_reversion
tslax,2026-09-18T14:10:00Z,30,regular,0,7.728906709498773,23.66528560319381,-15.936378893695036,-101.06483421529866,26.238713109387987,15.936378893695036,15.16158158399783,1,-104.58652536549984,135.6844858431927,-146.359159112599,0,xstock_reversion
tslax,2026-09-18T14:10:00Z,60,regular,0,7.728906709498773,23.66528560319381,-15.936378893695036,-101.06483421529866,26.238713109387987,15.936378893695036,4.015496239997418,1,-137.52346901069856,149.44435166439618,-113.01577366039872,0,xstock_reversion
tslax,2026-09-18T14:25:00Z,5,regular,0,4.044336822106587,18.51041948420118,14.466082662094593,96.56557151239475,38.41855997943104,14.466082662094593,3.7312912183917746,1,-7.084817319107373,25.28219119959374,-27.813896702708618,0,xstock_reversion
tslax,2026-09-18T14:25:00Z,15,regular,0,4.044336822106587,18.51041948420118,14.466082662094593,96.56557151239475,38.41855997943104,14.466082662094593,15.16158158399783,0,38.42341540889471,-39.11891433079795,38.02034406859889,1,persistent_or_wider
tslax,2026-09-18T14:25:00Z,30,regular,0,4.044336822106587,18.51041948420118,14.466082662094593,96.56557151239475,38.41855997943104,14.466082662094593,7.9676473873036,1,86.41737660419757,-63.98364655479938,70.8449933680999,1,p1a_catchup
tslax,2026-09-18T14:25:00Z,60,regular,0,4.044336822106587,18.51041948420118,14.466082662094593,96.56557151239475,38.41855997943104,14.466082662094593,3.8965637803034525,1,-29.882721937202206,48.24536837960025,-52.979077882007175,0,xstock_reversion
tslax,2026-09-18T14:40:00Z,5,regular,0,2.9457665599075256,18.107348143905355,15.16158158399783,39.11891433079795,29.165162955659195,15.16158158399783,10.780881346192928,1,32.55213288780645,-28.17143265000155,31.875473837095214,1,p1a_catchup
tslax,2026-09-18T14:40:00Z,15,regular,0,2.9457665599075256,18.107348143905355,15.16158158399783,39.11891433079795,29.165162955659195,15.16158158399783,7.9676473873036,1,47.99396119530286,-24.86473222400143,32.82464929950102,1,p1a_catchup
tslax,2026-09-18T14:40:00Z,30,regular,0,2.9457665599075256,18.107348143905355,15.16158158399783,39.11891433079795,29.165162955659195,15.16158158399783,4.015496239997418,1,32.936943645198724,-13.759865821203476,-33.34338545220028,0,p1a_catchup
tslax,2026-09-18T14:40:00Z,60,regular,0,2.9457665599075256,18.107348143905355,15.16158158399783,39.11891433079795,29.165162955659195,15.16158158399783,1.3016700818990756,1,-101.50582784199891,117.96907950789581,-118.9861224174038,0,xstock_reversion
tslax,2026-09-18T14:50:00Z,5,regular,1,10.8617478118056,1.5774016484026987,12.439149460208299,123.79702876100573,29.926245391769584,12.439149460208299,7.9676473873036,1,-21.533092121295283,41.93988896880718,-20.172457521594467,0,xstock_reversion
tslax,2026-09-18T14:50:00Z,15,regular,1,10.8617478118056,1.5774016484026987,12.439149460208299,123.79702876100573,29.926245391769584,12.439149460208299,6.748060382602006,1,-25.120963484992487,44.30817332780279,-29.55938317669826,0,xstock_reversion
tslax,2026-09-18T14:50:00Z,30,regular,1,10.8617478118056,1.5774016484026987,12.439149460208299,123.79702876100573,29.926245391769584,12.439149460208299,6.979886022104864,1,-123.71220395069216,143.1312394330053,-145.79194298019792,0,xstock_reversion
tslax,2026-09-18T14:50:00Z,60,regular,1,10.8617478118056,1.5774016484026987,12.439149460208299,123.79702876100573,29.926245391769584,12.439149460208299,3.868358572605146,1,-163.77509052139416,180.0825985542076,-169.22243797820258,0,xstock_reversion
tslax,2026-09-18T15:15:00Z,5,regular,0,4.691143977497703,25.038446999401387,-20.347303021903684,-115.00120007510439,43.604672536488586,20.347303021903684,6.979886022104864,1,23.322422819598287,-9.955005819799467,18.786313201299976,1,p1a_catchup
tslax,2026-09-18T15:15:00Z,15,regular,0,4.691143977497703,25.038446999401387,-20.347303021903684,-115.00120007510439,43.604672536488586,20.347303021903684,6.427319968302925,1,55.80235649619958,-41.88237344259882,45.11565903229986,1,p1a_catchup
tslax,2026-09-18T15:15:00Z,30,regular,0,4.691143977497703,25.038446999401387,-20.347303021903684,-115.00120007510439,43.604672536488586,20.347303021903684,6.56214978950409,1,52.58338255540451,-25.673929743996737,28.837772666303607,1,p1a_catchup
tslax,2026-09-18T15:15:00Z,60,regular,0,4.691143977497703,25.038446999401387,-20.347303021903684,-115.00120007510439,43.604672536488586,20.347303021903684,2.5354045278014326,1,48.144608129803146,-25.26190058009803,25.94363602909766,1,p1a_catchup
tslax,2026-09-18T19:45:00Z,5,regular,0,2.826683696000032,16.457098153308536,13.630414457308504,28.00716083700472,29.673192948785328,13.630414457308504,5.268355051102347,1,17.191481726204216,-8.82942231999806,15.089525386295932,1,p1a_catchup
tslax,2026-09-18T19:45:00Z,15,regular,0,2.826683696000032,16.457098153308536,13.630414457308504,28.00716083700472,29.673192948785328,13.630414457308504,1.378572994106264,1,5.99754516660056,6.25429629660168,-2.474560582506058,1,xstock_reversion
tslax,2026-09-18T19:45:00Z,30,regular,0,2.826683696000032,16.457098153308536,13.630414457308504,28.00716083700472,29.673192948785328,13.630414457308504,4.572035254399864,1,7.773936446300311,1.2844427566083283,-3.0239356684003127,1,p1a_catchup
tslax,2026-09-18T19:45:00Z,60,regular,0,2.826683696000032,16.457098153308536,13.630414457308504,28.00716083700472,29.673192948785328,13.630414457308504,0.07160001230133162,1,15.980008266902601,-2.2779937972927655,1.9193539166995066,1,p1a_catchup
tslax,2026-09-18T23:20:00Z,5,afterhours,1,25.258001768406757,10.769517936806139,14.488483831600618,27.770051094107018,10.233894216770715,14.488483831600618,6.421195188099915,1,-6.512278651102932,27.421957670803465,3.2548618928007755,0,xstock_reversion
tslax,2026-09-18T23:20:00Z,15,afterhours,1,25.258001768406757,10.769517936806139,14.488483831600618,27.770051094107018,10.233894216770715,14.488483831600618,6.46740068950713,1,-13.778549939900131,34.73443446100788,-0.3159290753007582,0,xstock_reversion
tslax,2026-09-18T23:20:00Z,30,afterhours,1,25.258001768406757,10.769517936806139,14.488483831600618,27.770051094107018,10.233894216770715,14.488483831600618,0.2824860655969985,1,-14.45803958730174,28.66403735330536,-4.437657511697779,0,xstock_reversion
