asset,episode_id,start_utc,end_utc,duration_min,rows,dominant_session,peak_direction,max_disagreement_bps,mean_raw_error_bps,max_raw_error_bps,mean_p1a_error_bps,mean_improvement_bps,p1a_better_rate,any_true_tail,mean_abs_xret_3_bps,mean_xvol_6_bps,peak_30m_resolution,peak_30m_underlying_follow_bps
tslax,tslax_E0001,2026-06-23T17:55:00Z,2026-06-23T17:55:00Z,5,1,regular,xstock_below_p1a,11.516341240795924,6.479809182904361,6.479809182904361,17.996150423700286,-11.516341240795924,0.0,0,83.61147515000056,17.431601621069476,p1a_catchup,-8.521517345601026
tslax,tslax_E0002,2026-06-24T13:05:00Z,2026-06-24T13:10:00Z,10,2,premarket,xstock_below_p1a,14.693390991400435,0.5910933812502961,1.179557951100918,15.254943971503288,-14.663850590252991,0.0,0,45.21272859835168,7.977165427639807,xstock_reversion,-79.72863944900155
tslax,tslax_E0003,2026-06-24T13:30:00Z,2026-06-24T13:30:00Z,5,1,regular,xstock_above_p1a,23.14586541269925,16.305389922699476,16.305389922699476,6.8404754899997755,9.4649144326997,1.0,0,82.34351880009427,41.32446193147907,xstock_reversion,-65.51123200119413
tslax,tslax_E0004,2026-06-24T13:55:00Z,2026-06-24T13:55:00Z,5,1,regular,xstock_below_p1a,11.527646952798065,8.983227309498076,8.983227309498076,20.51087426229614,-11.527646952798065,0.0,0,51.525144260295974,51.325729049135255,xstock_reversion,-23.273134240193727
tslax,tslax_E0005,2026-06-24T14:20:00Z,2026-06-24T14:20:00Z,5,1,regular,xstock_above_p1a,13.360541806903825,5.750623947200495,5.750623947200495,7.60991785970333,-1.8592939125028352,0.0,0,35.99054636600485,35.04911845130961,xstock_reversion,-11.117143124002027
tslax,tslax_E0006,2026-06-24T15:30:00Z,2026-06-24T15:30:00Z,5,1,regular,xstock_below_p1a,13.19911432429599,0.7864373674060232,0.7864373674060232,13.985551691702014,-13.19911432429599,0.0,0,52.89827448009987,28.120641177921296,p1a_catchup,20.714527236593838
tslax,tslax_E0007,2026-06-24T16:35:00Z,2026-06-24T16:35:00Z,5,1,regular,xstock_below_p1a,14.65922583520296,2.0545519857950723,2.0545519857950723,16.713777820998033,-14.65922583520296,0.0,0,73.59284676880407,22.452904094492492,p1a_catchup,31.346951487600805
tslax,tslax_E0008,2026-06-24T17:05:00Z,2026-06-24T17:05:00Z,5,1,regular,xstock_below_p1a,13.790762584102723,9.31801158680301,9.31801158680301,4.472750997299713,4.845260589503297,1.0,0,46.492275483602796,26.460228694655953,p1a_catchup,63.656814844099685
tslax,tslax_E0009,2026-06-24T20:20:00Z,2026-06-24T20:20:00Z,5,1,afterhours,xstock_above_p1a,11.24949776399653,6.142568999498721,6.142568999498721,5.106928764497809,1.035640235000912,1.0,0,20.276766054392326,16.130046274746753,p1a_catchup,-4.241331841701168
tslax,tslax_E0010,2026-06-24T20:45:00Z,2026-06-24T20:45:00Z,5,1,afterhours,xstock_above_p1a,15.986392112203873,22.486427486807514,22.486427486807514,6.500035374603641,15.986392112203873,1.0,0,34.68763184970136,15.71793109291537,xstock_reversion,9.010680916006208
tslax,tslax_E0011,2026-06-25T08:05:00Z,2026-06-25T08:05:00Z,5,1,premarket,xstock_above_p1a,11.573913636793165,3.1629956659973146,3.1629956659973146,8.41091797079585,-5.247922304798536,0.0,0,27.588245268495015,8.273057853915873,xstock_reversion,-19.540023644699644
tslax,tslax_E0012,2026-06-25T10:40:00Z,2026-06-25T10:40:00Z,5,1,premarket,xstock_below_p1a,25.283333732701863,0.5104817900036807,0.5104817900036807,24.772851942698182,-24.2623701526945,0.0,0,42.93067432660003,23.012440609767943,p1a_catchup,7.706515043706119
tslax,tslax_E0013,2026-06-25T11:10:00Z,2026-06-25T11:10:00Z,5,1,premarket,xstock_below_p1a,14.560074924894195,4.695380761194912,4.695380761194912,9.864694163699284,-5.169313402504372,0.0,0,29.175120436795154,15.375871601785265,xstock_reversion,2.1269807588009115
tslax,tslax_E0014,2026-06-25T12:30:00Z,2026-06-25T12:30:00Z,5,1,premarket,xstock_above_p1a,13.56322437449542,3.5750399448009063,3.5750399448009063,17.138264319296326,-13.56322437449542,0.0,0,28.280139179797104,11.453130672337501,xstock_reversion,-33.98473959109971
tslax,tslax_E0015,2026-06-25T13:25:00Z,2026-06-25T13:30:00Z,10,2,premarket,xstock_below_p1a,16.428360997293723,9.938897107200084,15.080060641299298,21.044299635546437,-11.105402528346353,0.0,0,50.36059246445124,19.31871051575104,p1a_catchup,100.360800092405
tslax,tslax_E0016,2026-06-25T13:50:00Z,2026-06-25T14:05:00Z,20,3,regular,xstock_above_p1a,22.64073934999722,3.785603659167691,6.734317182894856,20.44559027706801,-16.65998661790032,0.0,0,72.68899929530134,43.59034540225534,p1a_catchup,63.52096413849928
tslax,tslax_E0017,2026-06-25T14:40:00Z,2026-06-25T14:55:00Z,20,3,regular,xstock_below_p1a,21.156203637993087,14.396310465099779,39.774586987695315,17.919031535162944,-3.5227210700631653,0.3333333333333333,1,22.132904679897553,51.2792441186533,p1a_catchup,-7.73632509809552
tslax,tslax_E0018,2026-06-25T15:10:00Z,2026-06-25T15:10:00Z,5,1,regular,xstock_below_p1a,16.99417085079702,4.55549424110302,4.55549424110302,12.438676609694,-7.88318236859098,0.0,0,44.53997761480366,58.19920799587348,xstock_reversion,-74.35971064529312
tslax,tslax_E0019,2026-06-25T20:00:00Z,2026-06-25T20:00:00Z,5,1,afterhours,xstock_above_p1a,12.42673562599883,6.063958872202235,6.063958872202235,18.490694498201066,-12.42673562599883,0.0,0,59.5647321685,13.231555670448008,xstock_reversion,-30.613219526500757
tslax,tslax_E0020,2026-06-25T21:15:00Z,2026-06-25T21:15:00Z,5,1,afterhours,xstock_above_p1a,11.96236326579836,17.714584600394545,17.714584600394545,5.752221334596186,11.96236326579836,1.0,0,15.062726270196336,12.663924111420744,p1a_catchup,-0.24561143100676475
tslax,tslax_E0021,2026-06-25T23:25:00Z,2026-06-25T23:25:00Z,5,1,afterhours,xstock_above_p1a,13.261674775293386,10.98778722379734,10.98778722379734,2.2738875514960455,8.713899672301295,1.0,0,18.478792167799796,13.936263765640582,xstock_reversion,-26.92419192849904
tslax,tslax_E0022,2026-06-26T09:50:00Z,2026-06-26T09:50:00Z,5,1,premarket,xstock_below_p1a,21.47697590870301,38.2525110973031,38.2525110973031,16.775535188600088,21.47697590870301,1.0,1,40.57989407780127,21.20014615307253,xstock_reversion,14.835397275003714
tslax,tslax_E0023,2026-06-26T13:00:00Z,2026-06-26T13:00:00Z,5,1,premarket,xstock_below_p1a,13.415506298795066,1.4313752978001304,1.4313752978001304,14.846881596595196,-13.415506298795066,0.0,0,30.604084818799393,10.472741851328964,xstock_reversion,-42.99892172159758
tslax,tslax_E0024,2026-06-26T13:20:00Z,2026-06-26T13:25:00Z,10,2,premarket,xstock_above_p1a,13.587773312107032,7.758378918807374,13.269258163406406,6.613832203150594,1.1445467156567801,0.5,0,22.328493743200006,20.863729427288693,p1a_catchup,119.45649063139996
tslax,tslax_E0025,2026-06-26T13:40:00Z,2026-06-26T13:40:00Z,5,1,regular,xstock_above_p1a,11.885673014804254,8.066576370193701,8.066576370193701,19.952249384997955,-11.885673014804254,0.0,0,70.64278143809943,20.111073182049818,p1a_catchup,100.8797142612039
tslax,tslax_E0026,2026-06-26T13:55:00Z,2026-06-26T13:55:00Z,5,1,regular,xstock_above_p1a,13.401729433004661,3.3591747980921127,3.3591747980921127,16.760904231096774,-13.401729433004661,0.0,0,43.20703472100007,22.690948425828317,p1a_catchup,70.46760922560402
tslax,tslax_E0027,2026-06-26T15:05:00Z,2026-06-26T15:30:00Z,30,5,regular,xstock_above_p1a,17.722912070201602,22.5064045991612,86.66850224800626,29.805878528380344,-7.299473929219147,0.2,1,87.94310481994039,42.9642372706542,p1a_catchup,105.50995226719984
tslax,tslax_E0028,2026-06-26T15:50:00Z,2026-06-26T15:50:00Z,5,1,regular,xstock_below_p1a,14.026752875997417,13.217552337092542,13.217552337092542,0.8092005389048751,12.408351798187667,1.0,0,60.85241145609821,39.28263842125844,p1a_catchup,59.65552329179502
tslax,tslax_E0029,2026-06-26T16:05:00Z,2026-06-26T16:05:00Z,5,1,regular,xstock_below_p1a,11.717405632598599,2.461930008896829,2.461930008896829,14.179335641495427,-11.717405632598599,0.0,0,17.620063631405003,29.399732942670422,xstock_reversion,-42.90791796790039
tslax,tslax_E0030,2026-06-26T16:30:00Z,2026-06-26T16:30:00Z,5,1,regular,xstock_above_p1a,14.129046815893886,5.048229275503857,5.048229275503857,19.177276091397744,-14.129046815893886,0.0,0,47.47945548989385,33.270402723302475,p1a_catchup,45.198256067502385
tslax,tslax_E0031,2026-06-26T17:00:00Z,2026-06-26T17:00:00Z,5,1,regular,xstock_above_p1a,12.072352821794752,1.5503204528055647,1.5503204528055647,13.622673274600317,-12.072352821794752,0.0,0,49.30505214029601,21.11512195922783,xstock_reversion,-24.969771103400262
tslax,tslax_E0032,2026-06-26T18:35:00Z,2026-06-26T18:35:00Z,5,1,regular,xstock_below_p1a,13.614588283399343,2.7564849110017775,2.7564849110017775,16.37107319440112,-13.614588283399343,0.0,0,48.383943506298266,26.860099449368366,p1a_catchup,33.225890104198186
tslax,tslax_E0033,2026-06-26T19:10:00Z,2026-06-26T19:10:00Z,5,1,regular,xstock_above_p1a,15.432263011598835,7.89010832690451,7.89010832690451,7.542154684694324,0.3479536422101859,1.0,0,30.497967200204812,39.00456939414405,xstock_reversion,-44.21292533010046
tslax,tslax_E0034,2026-06-26T20:00:00Z,2026-06-26T20:00:00Z,5,1,afterhours,xstock_below_p1a,22.330588736600987,13.994346534405011,13.994346534405011,36.324935271006,-22.330588736600987,0.0,0,44.00930477749476,24.84055187245594,p1a_catchup,-17.334412080503014
tslax,tslax_E0035,2026-06-26T20:25:00Z,2026-06-26T20:25:00Z,5,1,afterhours,xstock_below_p1a,13.633586844994383,21.468541727793777,21.468541727793777,7.834954882799394,13.633586844994383,1.0,0,26.090360305994764,17.77872313633139,xstock_reversion,17.89053080709202
tslax,tslax_E0036,2026-06-29T09:35:00Z,2026-06-29T09:40:00Z,10,2,premarket,xstock_below_p1a,47.85435613819722,50.28054912664892,98.99127166580257,35.353119193306526,14.927429933342395,0.5,1,47.8624518201487,50.85998502395695,xstock_reversion,9.934641339999217
tslax,tslax_E0037,2026-06-29T10:05:00Z,2026-06-29T10:05:00Z,5,1,premarket,xstock_below_p1a,13.854653881804069,26.477525121908485,26.477525121908485,12.622871240104416,13.854653881804069,1.0,0,28.095286797400476,43.980521897513505,xstock_reversion,-6.2756584963974404
tslax,tslax_E0038,2026-06-29T13:30:00Z,2026-06-29T13:40:00Z,15,3,regular,xstock_above_p1a,31.01818641660259,5.068077039830736,11.049918164696138,27.87258752983431,-22.804510490003576,0.0,0,153.6928970547328,46.76824393072881,xstock_reversion,-47.31043130859369
tslax,tslax_E0039,2026-06-29T14:10:00Z,2026-06-29T14:10:00Z,5,1,regular,xstock_below_p1a,18.138570844303814,3.961114288104639,3.961114288104639,14.177456556199175,-10.216342268094536,0.0,0,45.53123879870391,33.688363235771504,xstock_reversion,-149.85460617719326
tslax,tslax_E0040,2026-06-29T14:25:00Z,2026-06-29T14:30:00Z,10,2,regular,xstock_above_p1a,29.74336613640105,7.0513066324018325,11.194920485904092,27.38509980240167,-20.333793169999836,0.0,0,144.86060863815098,61.42599066613717,p1a_catchup,49.1636877162005
tslax,tslax_E0041,2026-06-29T14:50:00Z,2026-06-29T14:50:00Z,5,1,regular,xstock_above_p1a,17.421224487197406,10.346068354998295,10.346068354998295,27.7672928421957,-17.421224487197406,0.0,0,51.22975301690147,58.76536981968928,xstock_reversion,-54.536544205596726
tslax,tslax_E0042,2026-06-29T15:15:00Z,2026-06-29T15:15:00Z,5,1,regular,xstock_below_p1a,11.875083520598295,25.179200204297203,25.179200204297203,13.304116683698908,11.875083520598295,1.0,0,33.73381474840009,41.28678618512573,xstock_reversion,-89.26722340180326
tslax,tslax_E0043,2026-06-29T15:30:00Z,2026-06-29T15:30:00Z,5,1,regular,xstock_above_p1a,20.375615879997255,0.751749765495191,0.751749765495191,19.623866114502064,-18.872116349006873,0.0,0,111.69282768359601,40.216440959409084,p1a_catchup,60.29566800219932
tslax,tslax_E0044,2026-06-29T17:05:00Z,2026-06-29T17:05:00Z,5,1,regular,xstock_above_p1a,13.546650986899778,16.057048328699253,16.057048328699253,29.60369931559903,-13.546650986899778,0.0,0,46.68453653089877,30.33902624422732,p1a_catchup,89.68999882440265
tslax,tslax_E0045,2026-06-29T17:25:00Z,2026-06-29T17:25:00Z,5,1,regular,xstock_above_p1a,11.687492869700833,0.45890912230284187,0.45890912230284187,12.146401992003675,-11.687492869700833,0.0,0,67.19612656530316,21.923117321671196,p1a_catchup,3.424155000892881
tslax,tslax_E0046,2026-06-29T19:50:00Z,2026-06-29T19:50:00Z,5,1,regular,xstock_below_p1a,15.599636712702036,30.065752923098543,30.065752923098543,14.466116210396507,15.599636712702036,1.0,0,58.34345281130027,25.413730785182274,xstock_reversion,-1.580306947506216
tslax,tslax_E0047,2026-06-29T20:30:00Z,2026-06-29T20:30:00Z,5,1,afterhours,xstock_below_p1a,11.472881036604932,0.8538657399981275,0.8538657399981275,12.32674677660306,-11.472881036604932,0.0,0,22.267282050902892,8.335465913901743,xstock_reversion,-15.09544501689497
tslax,tslax_E0048,2026-06-29T22:50:00Z,2026-06-29T22:50:00Z,5,1,afterhours,xstock_below_p1a,16.6744655984985,28.874989345002433,28.874989345002433,12.200523746503933,16.6744655984985,1.0,0,31.807785029105418,11.118265555901505,xstock_reversion,14.6977000678028
tslax,tslax_E0049,2026-06-30T08:35:00Z,2026-06-30T08:35:00Z,5,1,premarket,xstock_below_p1a,12.925433781605378,1.2239796371016354,1.2239796371016354,11.701454144503742,-10.477474507402107,0.0,0,26.554631388107097,9.848506303835999,p1a_catchup,1.7153289184967946
tslax,tslax_E0050,2026-06-30T12:00:00Z,2026-06-30T12:00:00Z,5,1,premarket,xstock_below_p1a,11.480324307999723,2.7001851516050834,2.7001851516050834,8.78013915639464,-6.079954004789556,0.0,0,35.32731058910166,9.655803425343585,p1a_catchup,20.90687367609867
tslax,tslax_E0051,2026-06-30T12:45:00Z,2026-06-30T12:45:00Z,5,1,premarket,xstock_below_p1a,11.30077120049755,12.054110652197636,12.054110652197636,0.7533394517000858,11.30077120049755,1.0,0,29.675717207098273,11.879652443188666,xstock_reversion,-11.832570527099406
tslax,tslax_E0052,2026-06-30T13:10:00Z,2026-06-30T13:10:00Z,5,1,premarket,xstock_above_p1a,16.38270022959354,4.313507235194081,4.313507235194081,12.069192994399458,-7.755685759205377,0.0,0,44.4004902375017,18.731414995298163,p1a_catchup,76.90317118079548
tslax,tslax_E0053,2026-06-30T13:30:00Z,2026-06-30T13:35:00Z,10,2,regular,xstock_above_p1a,25.278234523096188,5.021139412955122,9.248903333105574,25.668879382552134,-20.647739969597012,0.0,0,108.75775458814464,37.73136648979798,p1a_catchup,86.07746577579789
tslax,tslax_E0054,2026-06-30T14:10:00Z,2026-06-30T14:10:00Z,5,1,regular,xstock_above_p1a,14.192896317997139,3.125533485501819,3.125533485501819,17.318429803498958,-14.192896317997139,0.0,0,93.7019859768018,14.561407933114168,xstock_reversion,-23.83504396700431
tslax,tslax_E0055,2026-06-30T15:20:00Z,2026-06-30T15:20:00Z,5,1,regular,xstock_above_p1a,18.18810939460569,0.7216937769971565,0.7216937769971565,18.909803171602846,-18.18810939460569,0.0,0,58.89761448580444,40.622146091009704,p1a_catchup,32.41493924170058
tslax,tslax_E0056,2026-06-30T15:55:00Z,2026-06-30T15:55:00Z,5,1,regular,xstock_below_p1a,11.4420356101963,6.1257662154989845,6.1257662154989845,5.316269394697315,0.8094968208016695,1.0,0,18.886402697804172,28.358697558623703,xstock_reversion,-17.56416248130499
tslax,tslax_E0057,2026-06-30T20:05:00Z,2026-06-30T20:05:00Z,5,1,afterhours,xstock_below_p1a,12.869801056698549,2.7953225171994944,2.7953225171994944,10.074478539499054,-7.27915602229956,0.0,0,40.63865897509622,10.929124985794408,p1a_catchup,24.616720723100727
tslax,tslax_E0058,2026-07-01T08:00:00Z,2026-07-01T08:00:00Z,5,1,premarket,xstock_below_p1a,17.450508804195408,22.300116269402537,22.300116269402537,4.849607465207129,17.450508804195408,1.0,0,40.27146492689759,16.411226976651225,xstock_reversion,-31.321380314297542
tslax,tslax_E0059,2026-07-01T11:05:00Z,2026-07-01T11:10:00Z,10,2,premarket,xstock_above_p1a,13.808468715001965,2.670117199947697,5.221605358798342,15.266682618095828,-12.596565418148131,0.0,0,36.336019180347456,11.251391674173563,xstock_reversion,-15.241727170698383
tslax,tslax_E0060,2026-07-01T12:20:00Z,2026-07-01T12:30:00Z,15,2,premarket,xstock_below_p1a,13.569664100394618,2.4918365871506865,3.8751465735042956,14.296673920251024,-11.804837333100338,0.0,0,26.52229953304719,14.366032367964054,xstock_reversion,-23.39964296840691
tslax,tslax_E0061,2026-07-01T13:25:00Z,2026-07-01T13:45:00Z,25,4,regular,xstock_above_p1a,19.31561724750175,6.1498547697991235,16.750803953193838,22.66066153657542,-16.510806766776298,0.0,0,36.39391082279842,29.348732934619083,p1a_catchup,33.414332884804665
tslax,tslax_E0062,2026-07-01T14:05:00Z,2026-07-01T14:05:00Z,5,1,regular,xstock_above_p1a,18.738005404195235,3.0467751476059846,3.0467751476059846,21.78478055180122,-18.738005404195235,0.0,0,77.31091213029728,30.05771078224289,p1a_catchup,18.614893773793995
tslax,tslax_E0063,2026-07-01T15:20:00Z,2026-07-01T15:20:00Z,5,1,regular,xstock_above_p1a,14.000638622500006,3.160138500497567,3.160138500497567,17.160777122997573,-14.000638622500006,0.0,0,66.27319240540608,32.01486570759242,xstock_reversion,-73.84402591240402
tslax,tslax_E0064,2026-07-01T20:45:00Z,2026-07-01T20:55:00Z,15,2,afterhours,xstock_above_p1a,21.381472636194943,29.459644276599306,33.26633600369888,11.007833800902311,18.451810475696995,1.0,1,31.491720797847123,18.03921355327343,xstock_reversion,-2.7921604039971015
tslax,tslax_E0065,2026-07-02T09:25:00Z,2026-07-02T09:45:00Z,25,5,premarket,xstock_above_p1a,26.36698790810854,6.579715368019379,12.882983852398056,24.124053254737987,-17.54433788671861,0.0,0,59.76668546054143,19.221504638149852,p1a_catchup,21.735836447103196
tslax,tslax_E0066,2026-07-02T10:00:00Z,2026-07-02T10:00:00Z,5,1,premarket,xstock_below_p1a,16.868025267200437,5.493472984401393,5.493472984401393,11.374552282799044,-5.881079298397651,0.0,0,62.118954647498725,23.60606523626911,xstock_reversion,-35.728084522093084
tslax,tslax_E0067,2026-07-02T10:15:00Z,2026-07-02T10:30:00Z,20,4,premarket,xstock_below_p1a,24.703709736497714,10.062159878427845,28.8555988482031,10.208233523651966,-0.1460736452241207,0.5,0,40.47605155707679,30.0837089532612,xstock_reversion,-37.67893152889279
tslax,tslax_E0068,2026-07-02T12:25:00Z,2026-07-02T12:35:00Z,15,3,premarket,xstock_above_p1a,19.790489272102363,3.204990122969894,6.379362573403213,16.568800912268127,-13.363810789298233,0.0,0,49.01077385763249,13.949101324628538,xstock_reversion,-29.513284962101594
tslax,tslax_E0069,2026-07-02T13:20:00Z,2026-07-02T13:45:00Z,30,6,regular,xstock_below_p1a,44.93062720309915,10.728965979334149,21.319749203803084,33.911977331652444,-23.1830113523183,0.0,0,168.2936807661317,37.90753894260933,p1a_catchup,155.22843426430734
tslax,tslax_E0070,2026-07-02T14:15:00Z,2026-07-02T14:30:00Z,20,4,regular,xstock_below_p1a,31.04835808949602,17.77735343930109,27.16982957670311,41.9943248134258,-24.216971374124707,0.0,0,186.53906894147366,47.79113988810201,p1a_catchup,173.49754420509456
tslax,tslax_E0071,2026-07-02T15:00:00Z,2026-07-02T15:00:00Z,5,1,regular,xstock_below_p1a,15.783114762601969,7.558543477399482,7.558543477399482,23.34165824000145,-15.783114762601969,0.0,0,46.46612457709587,36.06779844520091,xstock_reversion,-86.95410002530046
tslax,tslax_E0072,2026-07-02T15:30:00Z,2026-07-02T15:30:00Z,5,1,regular,xstock_above_p1a,11.458733259903653,1.1276023886974684,1.1276023886974684,10.331130871206184,-9.203528482508716,0.0,0,91.87903133240027,34.025855171452946,xstock_reversion,-29.78332218209978
tslax,tslax_E0073,2026-07-02T16:05:00Z,2026-07-02T16:05:00Z,5,1,regular,xstock_below_p1a,20.567563966906732,13.009148903595502,13.009148903595502,33.576712870502234,-20.567563966906732,0.0,0,126.06118486200302,28.641269718943892,p1a_catchup,72.82203592509973
tslax,tslax_E0074,2026-07-02T16:30:00Z,2026-07-02T16:30:00Z,5,1,regular,xstock_below_p1a,14.405084307798077,0.6387562248022505,0.6387562248022505,13.766328082995827,-13.127571858193576,0.0,0,81.24237213520402,29.813667888599454,p1a_catchup,8.05776050659901
tslax,tslax_E0075,2026-07-02T18:05:00Z,2026-07-02T18:05:00Z,5,1,regular,xstock_above_p1a,13.838603899101187,4.9024058793012415,4.9024058793012415,8.936198019799946,-4.033792140498704,0.0,0,74.45417180010239,17.633593716637286,xstock_reversion,-29.348755349696276
tslax,tslax_E0076,2026-07-06T11:00:00Z,2026-07-06T11:00:00Z,5,1,premarket,xstock_below_p1a,16.658813957004526,8.715903069802522,8.715903069802522,25.374717026807048,-16.658813957004526,0.0,0,33.4704610408032,13.358866909894774,xstock_reversion,-36.88235711559962
tslax,tslax_E0077,2026-07-06T12:20:00Z,2026-07-06T12:20:00Z,5,1,premarket,xstock_below_p1a,12.648420950203132,0.6182013115996199,0.6182013115996199,13.266622261802752,-12.648420950203132,0.0,0,23.370679875203137,16.15696690342479,xstock_reversion,-11.309233308507416
tslax,tslax_E0078,2026-07-06T13:25:00Z,2026-07-06T13:45:00Z,25,5,regular,xstock_above_p1a,33.72454404489744,2.528681079121853,4.615440771607027,23.34762991456074,-20.81894883543889,0.0,0,94.45857211144038,48.284344352342316,p1a_catchup,141.69772580729932
tslax,tslax_E0079,2026-07-06T14:55:00Z,2026-07-06T15:00:00Z,10,2,regular,xstock_above_p1a,18.03538578190711,8.270436154047545,14.178265864401851,24.44543173750091,-16.174995583453367,0.0,0,106.20020935600661,33.999407068147086,p1a_catchup,93.04664480350056
tslax,tslax_E0080,2026-07-06T18:20:00Z,2026-07-06T18:20:00Z,5,1,regular,xstock_above_p1a,11.585045998501187,4.626607751694323,4.626607751694323,16.21165375019551,-11.585045998501187,0.0,0,33.61435231590271,21.47492000735956,p1a_catchup,7.795681587401404
tslax,tslax_E0081,2026-07-07T11:15:00Z,2026-07-07T11:15:00Z,5,1,premarket,xstock_above_p1a,12.816413294007845,12.267655501094765,12.267655501094765,25.08406879510261,-12.816413294007845,0.0,0,23.290660716908107,12.815469217037926,p1a_catchup,-8.130665010099847
tslax,tslax_E0082,2026-07-07T12:05:00Z,2026-07-07T12:05:00Z,5,1,premarket,xstock_above_p1a,11.674766907399103,1.4497936816049162,1.4497936816049162,13.12456058900402,-11.674766907399103,0.0,0,23.293748453401264,11.219588305485876,xstock_reversion,-21.276349451699872
tslax,tslax_E0083,2026-07-07T12:45:00Z,2026-07-07T12:45:00Z,5,1,premarket,xstock_below_p1a,15.876010880493396,6.566029296593001,6.566029296593001,9.309981583900395,-2.743952287307394,0.0,0,33.28666872829622,13.6301545237087,p1a_catchup,21.747006167398553
tslax,tslax_E0084,2026-07-07T13:25:00Z,2026-07-07T13:35:00Z,15,2,premarket,xstock_above_p1a,18.390647408796923,11.06801979894545,14.572726444797013,6.600838729400316,4.467181069545134,0.5,0,22.17449959194706,23.072479982371398,xstock_reversion,-94.70064388370503
tslax,tslax_E0085,2026-07-07T13:50:00Z,2026-07-07T13:50:00Z,5,1,regular,xstock_below_p1a,11.413220070704,12.173541740896354,12.173541740896354,23.586761811600354,-11.413220070704,0.0,0,43.96127638780278,33.24125939415411,persistent_or_wider,131.7713293223033
tslax,tslax_E0086,2026-07-07T14:10:00Z,2026-07-07T14:25:00Z,20,3,regular,xstock_below_p1a,22.31173227290384,8.890957760865348,13.878055898199904,17.260267544632057,-8.36930978376671,0.3333333333333333,0,81.38887158469998,41.16368969393647,p1a_catchup,-12.725761592102813
tslax,tslax_E0087,2026-07-07T15:15:00Z,2026-07-07T15:15:00Z,5,1,regular,xstock_below_p1a,12.518062245900907,4.267557209196582,4.267557209196582,16.78561945509749,-12.518062245900907,0.0,0,54.38585299420318,20.916449011836363,p1a_catchup,28.08298638280249
tslax,tslax_E0088,2026-07-07T17:10:00Z,2026-07-07T17:10:00Z,5,1,regular,xstock_below_p1a,13.852146940802612,3.8576087476993592,3.8576087476993592,17.70975568850197,-13.852146940802612,0.0,0,56.82063199180298,24.500449358097537,p1a_catchup,-6.265324779599624
tslax,tslax_E0089,2026-07-07T20:10:00Z,2026-07-07T20:10:00Z,5,1,afterhours,xstock_above_p1a,12.500587397799023,27.399245841799313,27.399245841799313,14.89865844400029,12.500587397799023,1.0,0,32.15163920040176,9.058095033877153,xstock_reversion,9.371072462203145
tslax,tslax_E0090,2026-07-08T08:10:00Z,2026-07-08T08:35:00Z,30,4,premarket,xstock_below_p1a,33.164535122001126,5.478855830047813,6.508167528398445,25.075513717278675,-19.59665788723086,0.0,0,64.86566989450048,27.838432710885385,p1a_catchup,17.53375696550208
tslax,tslax_E0091,2026-07-08T09:05:00Z,2026-07-08T09:05:00Z,5,1,premarket,xstock_below_p1a,14.986735344599822,1.7142560577987354,1.7142560577987354,16.700991402398557,-14.986735344599822,0.0,0,40.210871169099605,13.771876203900947,xstock_reversion,-15.42590775799546
tslax,tslax_E0092,2026-07-08T11:00:00Z,2026-07-08T11:00:00Z,5,1,premarket,xstock_below_p1a,13.268555539900362,0.8741948908053132,0.8741948908053132,12.394360649095049,-11.520165758289735,0.0,0,26.271128918402553,12.03537169395888,p1a_catchup,18.645909602605926
tslax,tslax_E0093,2026-07-08T11:40:00Z,2026-07-08T11:40:00Z,5,1,premarket,xstock_above_p1a,16.022395826098546,2.2593004288040675,2.2593004288040675,18.281696254902613,-16.022395826098546,0.0,0,40.04059036240015,16.958387458770485,p1a_catchup,10.296205125994717
tslax,tslax_E0094,2026-07-08T13:10:00Z,2026-07-08T13:10:00Z,5,1,premarket,xstock_above_p1a,14.598608630302934,6.110317912897401,6.110317912897401,20.708926543200334,-14.598608630302934,0.0,0,48.5616042203052,17.221599578859735,xstock_reversion,-55.03016076330525
tslax,tslax_E0095,2026-07-08T13:25:00Z,2026-07-08T13:30:00Z,10,2,premarket,xstock_below_p1a,16.280549694203117,4.501029795598299,7.67320764929913,12.832037877950064,-8.331008082351765,0.0,0,58.43884752790185,23.139430556456155,p1a_catchup,84.49847241060127
tslax,tslax_E0096,2026-07-08T13:45:00Z,2026-07-08T13:50:00Z,10,2,regular,xstock_below_p1a,13.965684912307097,2.275560927600395,3.0309410372009182,15.180766539502066,-12.905205611901671,0.0,0,43.31120090110385,30.79652232653075,persistent_or_wider,-47.130859341706355
tslax,tslax_E0097,2026-07-08T14:20:00Z,2026-07-08T14:20:00Z,5,1,regular,xstock_above_p1a,15.669433132803334,3.2708291406002843,3.2708291406002843,18.94026227340362,-15.669433132803334,0.0,0,35.756608008998825,35.64472884200034,xstock_reversion,-82.27582075440054
tslax,tslax_E0098,2026-07-08T14:45:00Z,2026-07-08T14:45:00Z,5,1,regular,xstock_below_p1a,12.81775475120206,8.039037653295722,8.039037653295722,20.85679240449778,-12.81775475120206,0.0,0,68.94125502010517,36.91431321241372,p1a_catchup,-3.31493124550164
tslax,tslax_E0099,2026-07-09T11:25:00Z,2026-07-09T11:25:00Z,5,1,premarket,xstock_below_p1a,13.274823871203267,1.5214355293036164,1.5214355293036164,11.753388341899651,-10.231952812596035,0.0,0,31.937062014604223,13.42614334009549,xstock_reversion,-21.297102517596755
tslax,tslax_E0100,2026-07-09T12:20:00Z,2026-07-09T12:25:00Z,10,2,premarket,xstock_below_p1a,13.465022080199063,8.663163333055834,12.138544961404207,4.222568734495447,4.440594598560388,0.5,0,15.865515801851693,17.454223621424678,p1a_catchup,16.953479257102444
tslax,tslax_E0101,2026-07-09T12:40:00Z,2026-07-09T12:40:00Z,5,1,premarket,xstock_below_p1a,11.317873489797847,5.337196067900507,5.337196067900507,16.655069557698354,-11.317873489797847,0.0,0,14.916358079499759,22.908071878122566,xstock_reversion,-29.46389068450017
tslax,tslax_E0102,2026-07-09T13:25:00Z,2026-07-09T13:30:00Z,10,2,premarket,xstock_below_p1a,13.603468785898798,3.684183267300689,7.367351074201167,16.14087636189865,-12.45669309459796,0.0,0,49.22459079149899,14.955368024873794,persistent_or_wider,-149.60221298649935
tslax,tslax_E0103,2026-07-09T14:00:00Z,2026-07-09T14:25:00Z,30,4,regular,xstock_below_p1a,18.622430767294418,5.548190653048568,9.980110450200641,15.041048292876447,-9.492857639827879,0.25,0,71.09429729085015,42.120110437706074,xstock_reversion,-3.1722869282013733
tslax,tslax_E0104,2026-07-09T15:45:00Z,2026-07-09T15:45:00Z,5,1,regular,xstock_above_p1a,17.061137315295127,9.467633410507048,9.467633410507048,26.528770725802175,-17.061137315295127,0.0,0,89.93606763930018,22.01751415347871,p1a_catchup,37.69303398099666
tslax,tslax_E0105,2026-07-09T16:25:00Z,2026-07-09T16:25:00Z,5,1,regular,xstock_below_p1a,13.085986791301352,8.414077478704485,8.414077478704485,4.671909312596867,3.742168166107618,1.0,0,57.77739560610229,28.11358468359696,xstock_reversion,-78.7120344679959
tslax,tslax_E0106,2026-07-09T17:00:00Z,2026-07-09T17:00:00Z,5,1,regular,xstock_above_p1a,14.487278195201014,0.6192400675963938,0.6192400675963938,13.86803812760462,-13.248798060008227,0.0,0,52.24853938469387,21.312407128095995,p1a_catchup,0.0
tslax,tslax_E0107,2026-07-09T19:55:00Z,2026-07-09T19:55:00Z,5,1,regular,xstock_above_p1a,12.704441332003213,5.18244353419739,5.18244353419739,17.886884866200603,-12.704441332003213,0.0,0,38.07737608860329,30.789763846701508,p1a_catchup,-0.2238317061031836
tslax,tslax_E0108,2026-07-10T08:35:00Z,2026-07-10T08:35:00Z,5,1,premarket,xstock_below_p1a,11.318243442595133,1.239834516297833,1.239834516297833,10.0784089262973,-8.838574409999467,0.0,0,34.80193768129247,8.672521702229563,p1a_catchup,10.819278747504768
tslax,tslax_E0109,2026-07-10T13:25:00Z,2026-07-10T13:35:00Z,15,2,premarket,xstock_above_p1a,31.546876517198896,9.221273887702885,15.603653777702675,37.58349657575266,-28.362222688049776,0.0,0,39.00087507284766,41.35326476482972,p1a_catchup,-18.28310054290405
tslax,tslax_E0110,2026-07-10T14:20:00Z,2026-07-10T14:20:00Z,5,1,regular,xstock_below_p1a,13.553210820695938,4.251754003403718,4.251754003403718,17.804964824099656,-13.553210820695938,0.0,0,79.93798490409709,26.267058797978642,xstock_reversion,-3.0694242615059153
tslax,tslax_E0111,2026-07-10T15:20:00Z,2026-07-10T15:20:00Z,5,1,regular,xstock_above_p1a,12.518838561996759,1.6269492727083446,1.6269492727083446,14.145787834705104,-12.518838561996759,0.0,0,58.31677669239532,24.697666857909542,p1a_catchup,15.143746329799868
tslax,tslax_E0112,2026-07-10T17:10:00Z,2026-07-10T17:10:00Z,5,1,regular,xstock_below_p1a,11.729027496505395,1.6430623017971158,1.6430623017971158,13.372089798302511,-11.729027496505395,0.0,0,78.72229485140103,20.334722963047593,p1a_catchup,8.072111295298612
tslax,tslax_E0113,2026-07-13T08:05:00Z,2026-07-13T08:05:00Z,5,1,premarket,xstock_above_p1a,12.163716732294105,3.8675901650986333,3.8675901650986333,16.03130689739274,-12.163716732294105,0.0,0,30.438444914899776,9.042374095484723,xstock_reversion,-3.9723919286949183
tslax,tslax_E0114,2026-07-13T11:00:00Z,2026-07-13T11:00:00Z,5,1,premarket,xstock_above_p1a,17.57945965660035,10.298797766097323,10.298797766097323,27.878257422697672,-17.57945965660035,0.0,0,45.651512323798826,13.067312027814614,xstock_reversion,-17.488710182300693
tslax,tslax_E0115,2026-07-13T13:25:00Z,2026-07-13T13:45:00Z,25,4,regular,xstock_below_p1a,32.70048382030488,7.919358519001829,11.753217491605739,22.430397164650007,-14.511038645648178,0.25,0,99.17352322107442,40.68921722590457,p1a_catchup,27.53465673049682
tslax,tslax_E0116,2026-07-13T14:25:00Z,2026-07-13T14:30:00Z,10,2,regular,xstock_above_p1a,16.35727305689727,8.436830839904097,15.64496422780337,22.565447116251747,-14.12861627634765,0.0,0,82.19022847864909,30.036153442453173,p1a_catchup,-1.2595691762040673
tslax,tslax_E0117,2026-07-13T15:45:00Z,2026-07-13T15:45:00Z,5,1,regular,xstock_below_p1a,12.172627288702387,0.12572698389945458,0.12572698389945458,12.046900304802932,-11.921173320903478,0.0,0,51.085200644696016,22.79685473550753,p1a_catchup,32.1303705763043
tslax,tslax_E0118,2026-07-14T12:30:00Z,2026-07-14T12:30:00Z,5,1,premarket,xstock_above_p1a,24.758616022397817,3.3680599426944013,3.3680599426944013,28.12667596509222,-24.758616022397817,0.0,0,62.403834633100175,18.667042721975022,p1a_catchup,-5.767952912894003
tslax,tslax_E0119,2026-07-15T13:30:00Z,2026-07-15T13:30:00Z,5,1,regular,xstock_above_p1a,36.342330493503994,2.644847606001477,2.644847606001477,38.98717809950547,-36.342330493503994,0.0,0,135.87852870240448,48.61645663927333,xstock_reversion,-137.8748633753002
tslax,tslax_E0120,2026-07-15T13:45:00Z,2026-07-15T13:50:00Z,10,2,regular,xstock_below_p1a,21.338362659797383,2.092334131900131,3.8064889174016514,17.4477269720974,-15.355392840197268,0.0,0,127.01897783935047,65.43694568620903,p1a_catchup,98.07403179229901
tslax,tslax_E0121,2026-07-15T14:15:00Z,2026-07-15T14:25:00Z,15,3,regular,xstock_below_p1a,21.151143761501956,7.79032956223169,15.374834138297544,13.917296565632379,-6.126967003400689,0.3333333333333333,0,81.42193184969967,45.40126897904741,xstock_reversion,-28.622839850598325
tslax,tslax_E0122,2026-07-15T15:05:00Z,2026-07-15T15:05:00Z,5,1,regular,xstock_above_p1a,12.030374153395584,2.8488566816964322,2.8488566816964322,9.181517471699152,-6.33266079000272,0.0,0,60.409560376797344,19.525490408319268,xstock_reversion,-17.10799838620325
tslax,tslax_E0123,2026-07-15T16:10:00Z,2026-07-15T16:10:00Z,5,1,regular,xstock_below_p1a,14.657099486399261,12.155825688600075,12.155825688600075,2.501273797799186,9.654551890800889,1.0,0,65.46962648229737,18.49080427771715,p1a_catchup,29.30797107859817
tslax,tslax_E0124,2026-07-15T17:30:00Z,2026-07-15T17:30:00Z,5,1,regular,xstock_above_p1a,13.023811337999902,4.051129517694818,4.051129517694818,17.07494085569472,-13.023811337999902,0.0,0,57.48805608259744,23.113695357757077,p1a_catchup,0.5001004600035941
tslax,tslax_E0125,2026-07-16T11:00:00Z,2026-07-16T11:00:00Z,5,1,premarket,xstock_below_p1a,13.139237489099287,0.5038236673016172,0.5038236673016172,12.63541382179767,-12.131590154496052,0.0,0,35.7614633831016,10.996653766785464,p1a_catchup,15.00108339939743
tslax,tslax_E0126,2026-07-16T12:55:00Z,2026-07-16T12:55:00Z,5,1,premarket,xstock_below_p1a,13.347379712405072,2.133334441998258,2.133334441998258,15.48071415440333,-13.347379712405072,0.0,0,25.669015076497104,10.645247057666454,xstock_reversion,-27.03669452889912
tslax,tslax_E0127,2026-07-16T13:30:00Z,2026-07-16T13:35:00Z,10,2,regular,xstock_below_p1a,27.72321829060509,2.9684306212018896,4.7979092814998126,17.75241667705263,-14.78398605585074,0.0,0,115.0557163289534,40.869139016621446,p1a_catchup,-3.1861797729959562
tslax,tslax_E0128,2026-07-16T14:00:00Z,2026-07-16T14:25:00Z,30,6,regular,xstock_above_p1a,17.184717728397914,4.869262051716561,7.821256106792518,14.64912203646899,-9.779859984752429,0.0,0,87.62978068811508,35.27979569690617,p1a_catchup,-5.957096408604201
tslax,tslax_E0129,2026-07-16T16:00:00Z,2026-07-16T16:00:00Z,5,1,regular,xstock_below_p1a,16.144040733898635,2.2302770781035264,2.2302770781035264,18.37431781200216,-16.144040733898635,0.0,0,46.3712166623953,30.028398375307106,p1a_catchup,32.85255251889829
tslax,tslax_E0130,2026-07-16T17:45:00Z,2026-07-16T17:45:00Z,5,1,regular,xstock_above_p1a,11.351836642399249,1.2842551238989586,1.2842551238989586,12.636091766298208,-11.351836642399249,0.0,0,21.479751877002684,34.512205937000196,p1a_catchup,13.608413639003558
tslax,tslax_E0131,2026-07-17T08:15:00Z,2026-07-17T08:15:00Z,5,1,premarket,xstock_below_p1a,17.203822075302355,4.514899463492483,4.514899463492483,21.71872153879484,-17.203822075302355,0.0,0,34.86898262700322,14.171759372392344,p1a_catchup,-6.618417187196357
tslax,tslax_E0132,2026-07-17T13:35:00Z,2026-07-17T13:35:00Z,5,1,regular,xstock_below_p1a,24.58390454980197,0.03698008840480327,0.03698008840480327,24.546924461397168,-24.509944372992365,0.0,0,108.46689789880237,35.3432342854215,xstock_reversion,-103.32816169950299
tslax,tslax_E0133,2026-07-17T16:20:00Z,2026-07-17T16:20:00Z,5,1,regular,xstock_below_p1a,11.476955987994586,1.8310088998951812,1.8310088998951812,9.645947088099405,-7.8149381882042235,0.0,0,24.95953401259854,26.939688869703996,xstock_reversion,-54.14198390869984
tslax,tslax_E0134,2026-07-17T20:00:00Z,2026-07-17T20:00:00Z,5,1,afterhours,xstock_below_p1a,12.606119060096788,0.7161260552024373,0.7161260552024373,13.322245115299225,-12.606119060096788,0.0,0,55.11746691500008,14.1976654517291,p1a_catchup,2.592451506400195
tslax,tslax_E0135,2026-07-20T11:00:00Z,2026-07-20T11:10:00Z,15,2,premarket,xstock_above_p1a,14.948529042104752,1.961980155504861,2.6655397737052056,12.580374966200125,-10.618394810695264,0.0,0,40.335098461050656,11.210126631564382,p1a_catchup,33.56691219530639
tslax,tslax_E0136,2026-07-20T11:30:00Z,2026-07-20T11:35:00Z,10,2,premarket,xstock_above_p1a,17.00159325290329,9.951611608798316,14.445753141103523,24.078175935553503,-14.126564326755187,0.0,0,38.66122793755089,17.498085688733806,p1a_catchup,-26.481828701507837
tslax,tslax_E0137,2026-07-20T13:25:00Z,2026-07-20T13:30:00Z,10,2,premarket,xstock_below_p1a,25.611874085900155,1.4205268477995858,2.797118346800076,23.230673508400912,-21.810146660601326,0.0,0,56.51367196839896,32.9528859147013,p1a_catchup,150.49585183030345
tslax,tslax_E0138,2026-07-20T13:55:00Z,2026-07-20T13:55:00Z,5,1,regular,xstock_below_p1a,22.34277853579769,19.027778706606213,19.027778706606213,41.370557242403905,-22.34277853579769,0.0,0,129.60616392959423,40.14211690055541,p1a_catchup,19.988013850396058
tslax,tslax_E0139,2026-07-20T16:05:00Z,2026-07-20T16:05:00Z,5,1,regular,xstock_above_p1a,13.01927386820445,1.7126339847006733,1.7126339847006733,14.731907852905124,-13.01927386820445,0.0,0,72.7460827946036,25.749946320175695,xstock_reversion,-26.238519059207377
tslax,tslax_E0140,2026-07-20T17:50:00Z,2026-07-20T17:50:00Z,5,1,regular,xstock_above_p1a,15.351703523203142,15.243455572901965,15.243455572901965,0.10824795030117684,15.135207622600788,1.0,0,56.38699581550277,25.259431972610866,xstock_reversion,-2.144340958496471
tslax,tslax_E0141,2026-07-21T12:35:00Z,2026-07-21T12:40:00Z,10,2,premarket,xstock_below_p1a,17.18961696900223,4.496317869553401,7.916446089302198,18.086541802300182,-13.590223932746781,0.0,0,36.96077135929787,19.2455188501726,p1a_catchup,3.7703329111948847
tslax,tslax_E0142,2026-07-21T13:30:00Z,2026-07-21T13:40:00Z,15,2,regular,xstock_above_p1a,18.41489127410334,7.757282493998652,15.277756213700755,23.649675398904613,-15.892392904905961,0.0,0,97.41712320579855,25.6477269741075,p1a_catchup,120.58448709039382
tslax,tslax_E0143,2026-07-21T14:00:00Z,2026-07-21T14:00:00Z,5,1,regular,xstock_above_p1a,12.016086887198796,1.6080755478942166,1.6080755478942166,13.624162435093012,-12.016086887198796,0.0,0,69.95128545910667,21.3941586551234,p1a_catchup,96.94774869680067
tslax,tslax_E0144,2026-07-21T14:15:00Z,2026-07-21T14:20:00Z,10,2,regular,xstock_above_p1a,15.269695158703911,4.914070860397857,5.088345543100559,13.794600489052122,-8.880529628654266,0.0,0,64.82569563509787,34.68717400189192,p1a_catchup,62.89945742299352
tslax,tslax_E0145,2026-07-22T08:50:00Z,2026-07-22T09:00:00Z,15,2,premarket,xstock_above_p1a,12.57271180519659,4.846317085052121,5.083922999702395,11.771920288699,-6.9256032036468795,0.0,0,27.44283381059809,13.143170344462295,xstock_reversion,-31.151850742201503
tslax,tslax_E0146,2026-07-22T11:40:00Z,2026-07-22T11:40:00Z,5,1,premarket,xstock_below_p1a,11.287861044895209,2.39599200789975,2.39599200789975,13.683853052794959,-11.287861044895209,0.0,0,22.826657179795262,11.162093623437224,p1a_catchup,-6.642311768594311
tslax,tslax_E0147,2026-07-22T14:05:00Z,2026-07-22T14:05:00Z,5,1,regular,xstock_below_p1a,16.994356681303557,1.893661163503424,1.893661163503424,15.100695517800133,-13.20703435429671,0.0,0,75.70147645380665,30.832089279205253,xstock_reversion,-14.048482821600317
tslax,tslax_E0148,2026-07-22T19:50:00Z,2026-07-22T20:25:00Z,40,7,afterhours,xstock_below_p1a,91.47759078300233,5.413885756999954,15.166480300399243,46.83074534962829,-41.416859592628334,0.0,0,129.5248504333849,71.89673042826784,p1a_catchup,53.993922982300546
tslax,tslax_E0149,2026-07-22T21:00:00Z,2026-07-22T21:15:00Z,20,3,afterhours,xstock_below_p1a,22.71756531139424,6.246859688898709,14.326970379299198,23.781520944829992,-17.534661255931283,0.0,0,43.17165327879735,15.769434798417214,p1a_catchup,107.83014687630654
tslax,tslax_E0150,2026-07-22T21:35:00Z,2026-07-22T21:55:00Z,25,4,afterhours,xstock_below_p1a,107.20033324409961,7.943547116446847,9.909573766995194,52.17383933892261,-44.23029222247577,0.0,0,104.92598187667568,91.18356661644228,p1a_catchup,-36.16336307340262
tslax,tslax_E0151,2026-07-22T22:10:00Z,2026-07-22T22:15:00Z,10,2,afterhours,xstock_above_p1a,18.83473885610165,2.876255294395058,3.1869501924930432,16.699173991745475,-13.822918697350417,0.0,0,24.83244441290111,47.922597248056746,xstock_reversion,-10.225628186395497
tslax,tslax_E0152,2026-07-22T22:35:00Z,2026-07-22T22:50:00Z,20,4,afterhours,xstock_below_p1a,18.867736951797554,1.911588749399229,4.308280012699228,14.37101388457318,-12.459425135173952,0.0,0,34.258795289023865,23.392795335751416,xstock_reversion,-47.48612275099262
tslax,tslax_E0153,2026-07-22T23:15:00Z,2026-07-22T23:15:00Z,5,1,afterhours,xstock_below_p1a,18.86434158089756,4.789668062494812,4.789668062494812,14.074673518402747,-9.285005455907935,0.0,0,32.2840479845965,15.49545267342972,xstock_reversion,-28.189080752101248
tslax,tslax_E0154,2026-07-23T08:00:00Z,2026-07-23T08:00:00Z,5,1,premarket,xstock_below_p1a,29.259849740306265,3.6016009601080867,3.6016009601080867,25.65824878019818,-22.05664782009009,0.0,0,45.36628122250086,30.68632292858372,p1a_catchup,16.075133543305142
tslax,tslax_E0155,2026-07-23T08:20:00Z,2026-07-23T08:30:00Z,15,3,premarket,xstock_below_p1a,23.935047654193298,7.834678805534641,14.506327554002496,17.47383856190036,-9.63915975636572,0.3333333333333333,0,54.623337230168545,37.3619544069987,p1a_catchup,25.497931484501635
tslax,tslax_E0156,2026-07-23T08:45:00Z,2026-07-23T08:45:00Z,5,1,premarket,xstock_below_p1a,15.675317238192932,21.20389861480554,21.20389861480554,36.87921585299847,-15.675317238192932,0.0,0,58.14670479869832,32.47297458476545,xstock_reversion,-34.31507982750048
tslax,tslax_E0157,2026-07-23T09:00:00Z,2026-07-23T09:00:00Z,5,1,premarket,xstock_above_p1a,23.129361624700806,24.62494032910101,24.62494032910101,1.4955787044002022,23.129361624700806,1.0,0,51.59888245080069,27.309140199133374,xstock_reversion,-40.22668314029865
tslax,tslax_E0158,2026-07-23T09:30:00Z,2026-07-23T09:30:00Z,5,1,premarket,xstock_below_p1a,12.247575155095447,9.22804339420047,9.22804339420047,21.475618549295916,-12.247575155095447,0.0,0,40.76465055279144,11.80772982898125,p1a_catchup,18.75213641900686
tslax,tslax_E0159,2026-07-23T09:45:00Z,2026-07-23T09:45:00Z,5,1,premarket,xstock_above_p1a,14.895539170005634,18.757333065906323,18.757333065906323,3.861793895900689,14.895539170005634,1.0,0,33.911247769999875,19.8300261224873,xstock_reversion,-46.83184604210133
tslax,tslax_E0160,2026-07-23T10:05:00Z,2026-07-23T10:05:00Z,5,1,premarket,xstock_below_p1a,24.749204963798732,2.846558952596112,2.846558952596112,21.90264601120262,-19.056087058606508,0.0,0,59.95072523589329,27.89612276630006,xstock_reversion,-20.207489336998563
tslax,tslax_E0161,2026-07-23T10:40:00Z,2026-07-23T10:40:00Z,5,1,premarket,xstock_above_p1a,16.244885615099847,28.531607108694956,28.531607108694956,12.28672149359511,16.244885615099847,1.0,0,53.546090736293905,14.551878319148733,xstock_reversion,-33.438422699303416
tslax,tslax_E0162,2026-07-23T11:00:00Z,2026-07-23T11:00:00Z,5,1,premarket,xstock_below_p1a,15.070221047492893,4.991343542908311,4.991343542908311,20.061564590401204,-15.070221047492893,0.0,0,50.64224216859259,20.613581188358726,p1a_catchup,45.99416755689312
tslax,tslax_E0163,2026-07-23T11:30:00Z,2026-07-23T11:30:00Z,5,1,premarket,xstock_below_p1a,11.533155851699561,11.746361887396972,11.746361887396972,23.279517739096534,-11.533155851699561,0.0,0,55.48973206850327,14.053391608867285,p1a_catchup,72.99512251630169
tslax,tslax_E0164,2026-07-23T11:55:00Z,2026-07-23T12:05:00Z,15,2,premarket,xstock_below_p1a,21.852304505802778,13.006105872603868,24.79077907880267,31.73278771874788,-18.72668184614401,0.0,0,59.03362784399846,21.953642418368624,p1a_catchup,19.64296662560372
tslax,tslax_E0165,2026-07-23T12:30:00Z,2026-07-23T12:30:00Z,5,1,premarket,xstock_below_p1a,11.921323036299114,7.666923752100985,7.666923752100985,4.254399284198129,3.4125244679028555,1.0,0,32.66458788879767,18.815297035103026,persistent_or_wider,41.461953597004
tslax,tslax_E0166,2026-07-23T13:00:00Z,2026-07-23T13:55:00Z,60,9,regular,xstock_below_p1a,40.83744244199217,19.828338955023067,38.896950784401696,41.35315701728833,-21.52481806226526,0.1111111111111111,1,143.8813440996088,41.917707858517446,p1a_catchup,170.75317785240074
tslax,tslax_E0167,2026-07-23T14:20:00Z,2026-07-23T14:20:00Z,5,1,regular,xstock_below_p1a,18.86177302990788,15.80787704249964,15.80787704249964,34.66965007240752,-18.86177302990788,0.0,0,117.53811228270017,40.02478068236058,p1a_catchup,36.11788823419282
tslax,tslax_E0168,2026-07-23T15:00:00Z,2026-07-23T15:00:00Z,5,1,regular,xstock_below_p1a,11.5080806432033,6.948338395007525,6.948338395007525,4.559742248195775,2.38859614681175,1.0,0,32.54361332539979,27.26354447130867,p1a_catchup,43.99574912900661
tslax,tslax_E0169,2026-07-23T15:20:00Z,2026-07-23T15:20:00Z,5,1,regular,xstock_below_p1a,13.415546857400429,24.425908262202256,24.425908262202256,37.841455119602685,-13.415546857400429,0.0,0,57.05395867799723,24.37478262022591,xstock_reversion,-98.13320008019488
tslax,tslax_E0170,2026-07-23T15:55:00Z,2026-07-23T15:55:00Z,5,1,regular,xstock_above_p1a,14.665155460802382,4.794830055194765,4.794830055194765,19.459985515997147,-14.665155460802382,0.0,0,81.47233152720368,18.76665189718927,p1a_catchup,17.54467415279848
tslax,tslax_E0171,2026-07-23T16:45:00Z,2026-07-23T16:45:00Z,5,1,regular,xstock_below_p1a,13.547211476598875,3.8029201528022583,3.8029201528022583,17.350131629401133,-13.547211476598875,0.0,0,103.22868802799867,16.44503373495373,xstock_reversion,-28.585210931000304
tslax,tslax_E0172,2026-07-23T17:35:00Z,2026-07-23T17:35:00Z,5,1,regular,xstock_below_p1a,15.827087926503225,0.31256820990144263,0.31256820990144263,16.139656136404668,-15.827087926503225,0.0,0,55.109872450698205,31.071182401443323,xstock_reversion,-3.4299969154005794
tslax,tslax_E0173,2026-07-23T19:35:00Z,2026-07-23T19:50:00Z,20,3,regular,xstock_above_p1a,35.77761023640491,20.111053383968052,30.163015812201266,41.44054552570312,-21.329492141735074,0.0,0,104.04297441603205,40.82541323653346,p1a_catchup,54.97505809099579
tslax,tslax_E0174,2026-07-23T20:10:00Z,2026-07-23T20:25:00Z,20,4,afterhours,xstock_above_p1a,32.44965376770104,9.5582381200221,20.324508872899827,19.624718761599436,-10.066480641577336,0.25,0,61.25814134234852,40.0441839608544,p1a_catchup,17.948881466605116
tslax,tslax_E0175,2026-07-23T21:10:00Z,2026-07-23T21:15:00Z,10,2,afterhours,xstock_below_p1a,19.41683830450458,0.7386126854980191,0.9892773451980474,17.425087269749007,-16.686474584250988,0.0,0,41.71208717529851,18.805010806041484,xstock_reversion,-36.92092741649944
tslax,tslax_E0176,2026-07-23T21:40:00Z,2026-07-23T21:55:00Z,20,3,afterhours,xstock_above_p1a,12.380646104004356,3.84206338983617,8.50717827580283,10.0849584723998,-6.2428950825636305,0.3333333333333333,0,32.86361545063343,10.832755129871872,p1a_catchup,3.402360033399887
tslax,tslax_E0177,2026-07-23T22:15:00Z,2026-07-23T22:20:00Z,10,2,afterhours,xstock_above_p1a,12.790282634993488,14.126786760551013,17.433271209901235,3.4795508408969056,10.647235919654108,1.0,0,27.330693826650432,15.69195552153478,p1a_catchup,-9.466440141991939
tslax,tslax_E0178,2026-07-24T08:00:00Z,2026-07-24T08:00:00Z,5,1,premarket,xstock_below_p1a,30.099826482699044,2.2255035774954024,2.2255035774954024,32.325330060194446,-30.099826482699044,0.0,0,63.392459478004426,21.59548967968142,xstock_reversion,-39.2660544394996
tslax,tslax_E0179,2026-07-24T08:30:00Z,2026-07-24T08:30:00Z,5,1,premarket,xstock_above_p1a,16.53446417579474,16.895452382295062,16.895452382295062,0.36098820650032337,16.53446417579474,1.0,0,25.82542058579662,20.272602705621946,xstock_reversion,-33.69140038820717
tslax,tslax_E0180,2026-07-24T09:10:00Z,2026-07-24T09:10:00Z,5,1,premarket,xstock_above_p1a,11.788505458296683,22.717624155701444,22.717624155701444,10.92911869740476,11.788505458296683,1.0,0,23.72146007609821,16.143478684490205,p1a_catchup,33.93493924460422
tslax,tslax_E0181,2026-07-24T10:15:00Z,2026-07-24T10:20:00Z,10,2,premarket,xstock_above_p1a,14.229168259101144,20.895479609248646,41.323520012204185,20.267462472451925,0.6280171367967213,0.5,1,18.967799782951822,19.59113834078699,xstock_reversion,13.272976615006371
tslax,tslax_E0182,2026-07-24T11:20:00Z,2026-07-24T11:30:00Z,15,2,premarket,xstock_below_p1a,16.14709249730062,3.599902168547331,4.795501254495349,18.82666909544639,-15.22676692689906,0.0,0,42.80740109835257,16.999993546745976,xstock_reversion,-14.030301340399731
tslax,tslax_E0183,2026-07-24T11:45:00Z,2026-07-24T12:00:00Z,20,3,premarket,xstock_above_p1a,18.249375667798162,11.49892407973141,17.666924718895416,6.870120233803216,4.628803845928194,0.6666666666666666,0,39.116519473771184,29.735315951153524,xstock_reversion,-22.1703798534012
tslax,tslax_E0184,2026-07-24T13:20:00Z,2026-07-24T13:50:00Z,35,5,regular,xstock_below_p1a,27.035427840704784,14.659385023620075,17.880754621408812,29.27231139950237,-14.612926375882296,0.2,0,81.3051110817593,52.34306848107915,p1a_catchup,80.71170620239876
tslax,tslax_E0185,2026-07-24T14:15:00Z,2026-07-24T14:15:00Z,5,1,regular,xstock_below_p1a,19.010732652704476,1.8800096548066136,1.8800096548066136,17.130722997897863,-15.250713343091249,0.0,0,51.4108001324054,43.6764251429986,p1a_catchup,65.81101754050245
tslax,tslax_E0186,2026-07-24T14:35:00Z,2026-07-24T14:45:00Z,15,2,regular,xstock_below_p1a,19.85130055000006,3.1998954594003592,5.325898978600918,16.19731417945136,-12.997418720051002,0.0,0,55.37542772429571,36.724952506144604,p1a_catchup,16.965785971807534
tslax,tslax_E0187,2026-07-24T15:00:00Z,2026-07-24T15:15:00Z,20,4,regular,xstock_below_p1a,18.475436789699984,6.841834417976589,19.896885391004204,21.855110912178954,-15.013276494202366,0.0,0,46.58825004432599,57.5257802742355,p1a_catchup,7.744683984496348
tslax,tslax_E0188,2026-07-24T15:35:00Z,2026-07-24T15:35:00Z,5,1,regular,xstock_above_p1a,12.435163886905798,4.648969551999116,4.648969551999116,7.786194334906682,-3.137224782907566,0.0,0,40.45596769270077,49.94876029981115,p1a_catchup,-1.2852850939992777
tslax,tslax_E0189,2026-07-24T17:45:00Z,2026-07-24T17:45:00Z,5,1,regular,xstock_above_p1a,11.306069522101225,20.012057870300026,20.012057870300026,8.705988348198801,11.306069522101225,1.0,0,0.027704160601160766,27.991246984127056,xstock_reversion,-30.94598268430282
tslax,tslax_E0190,2026-07-24T19:55:00Z,2026-07-24T19:55:00Z,5,1,regular,xstock_above_p1a,15.495518132198072,2.6969930488007776,2.6969930488007776,18.19251118099885,-15.495518132198072,0.0,0,71.44220799620626,20.03318317466141,p1a_catchup,10.537577013298716
tslax,tslax_E0191,2026-07-24T20:35:00Z,2026-07-24T20:50:00Z,20,4,afterhours,xstock_above_p1a,43.89892635529691,37.961639497523514,107.07838927960012,30.094607892776626,7.867031604746888,0.5,1,48.17349295245022,41.89875175409814,xstock_reversion,35.43043356850184
tslax,tslax_E0192,2026-07-27T08:00:00Z,2026-07-27T08:00:00Z,5,1,premarket,xstock_above_p1a,12.665555228199565,0.5252112244047424,0.5252112244047424,12.140344003794823,-11.61513277939008,0.0,0,18.324933903706153,12.973573710395316,p1a_catchup,11.956078572401552
tslax,tslax_E0193,2026-07-27T12:40:00Z,2026-07-27T12:40:00Z,5,1,premarket,xstock_above_p1a,11.44551078440692,1.5787725762983484,1.5787725762983484,13.024283360705269,-11.44551078440692,0.0,0,21.675861444503397,9.469600025324818,p1a_catchup,12.318189836397764
tslax,tslax_E0194,2026-07-27T13:25:00Z,2026-07-27T13:25:00Z,5,1,premarket,xstock_below_p1a,46.18669816950138,3.6601367560962217,3.6601367560962217,49.846834925597605,-46.18669816950138,0.0,0,110.65301507399816,36.67353245108918,p1a_catchup,131.14942077829818
tslax,tslax_E0195,2026-07-27T13:55:00Z,2026-07-27T13:55:00Z,5,1,regular,xstock_below_p1a,25.776188764998764,2.097840724299971,2.097840724299971,27.874029489298735,-25.776188764998764,0.0,0,159.07555474319324,46.181641633817726,p1a_catchup,67.69121758970265
tslax,tslax_E0196,2026-07-27T14:25:00Z,2026-07-27T14:25:00Z,5,1,regular,xstock_below_p1a,14.064907722399766,3.8302667551004532,3.8302667551004532,17.89517447750022,-14.064907722399766,0.0,0,76.31105344420241,30.354010822106467,xstock_reversion,-57.979650350699075
tslax,tslax_E0197,2026-07-27T14:40:00Z,2026-07-27T15:00:00Z,25,3,regular,xstock_above_p1a,24.061426517993922,3.828732505531581,6.96360763029702,18.936528395198476,-15.107795889666894,0.0,0,86.75951451659891,51.91687529499749,xstock_reversion,-20.430341288202314
tslax,tslax_E0198,2026-07-27T18:15:00Z,2026-07-27T18:15:00Z,5,1,regular,xstock_below_p1a,11.893333752999169,19.903734145998442,19.903734145998442,31.79706789899761,-11.893333752999169,0.0,0,31.1758402829021,30.417010085098426,p1a_catchup,-4.902681865202041
tslax,tslax_E0199,2026-07-27T21:20:00Z,2026-07-27T21:20:00Z,5,1,afterhours,xstock_below_p1a,15.06421485009568,0.42308268150215156,0.42308268150215156,15.487297531597832,-15.06421485009568,0.0,0,32.84060591459692,12.478432033956985,p1a_catchup,-6.090923416799399
tslax,tslax_E0200,2026-07-28T08:15:00Z,2026-07-28T08:20:00Z,10,2,premarket,xstock_above_p1a,13.93531245930113,2.1293518225506958,3.927984466800538,15.491631426698405,-13.362279604147709,0.0,0,24.247956271001847,18.84560548929292,p1a_catchup,13.416451888899061
tslax,tslax_E0201,2026-07-28T09:30:00Z,2026-07-28T09:30:00Z,5,1,premarket,xstock_below_p1a,11.842572084397318,1.6327261662940629,1.6327261662940629,10.209845918103255,-8.577119751809192,0.0,0,22.093890184198273,14.472984500727595,p1a_catchup,8.849993202595385
tslax,tslax_E0202,2026-07-28T11:15:00Z,2026-07-28T11:15:00Z,5,1,premarket,xstock_above_p1a,12.64153986110017,3.768866461495435,3.768866461495435,16.410406322595605,-12.64153986110017,0.0,0,22.213571106100005,16.43522454723612,xstock_reversion,-20.34922587450083
tslax,tslax_E0203,2026-07-28T12:25:00Z,2026-07-28T12:25:00Z,5,1,premarket,xstock_above_p1a,11.505234949602539,2.2844635380980804,2.2844635380980804,13.789698487700619,-11.505234949602539,0.0,0,39.440499351401925,8.689301338863826,p1a_catchup,34.848903690800626
tslax,tslax_E0204,2026-07-28T12:40:00Z,2026-07-28T12:40:00Z,5,1,premarket,xstock_above_p1a,13.560882017600306,2.4344220070027234,2.4344220070027234,15.99530402460303,-13.560882017600306,0.0,0,39.286856514300084,6.057433482064962,p1a_catchup,-11.714735360106587
tslax,tslax_E0205,2026-07-28T13:25:00Z,2026-07-28T13:35:00Z,15,2,premarket,xstock_below_p1a,21.170348769308234,2.2708848519981117,3.40466352089841,19.540838387253068,-17.269953535254956,0.0,0,74.84348641270344,17.3841069971772,p1a_catchup,67.62327578210048
tslax,tslax_E0206,2026-07-28T13:50:00Z,2026-07-28T13:50:00Z,5,1,regular,xstock_below_p1a,24.489645746594846,6.081147431302725,6.081147431302725,30.57079317789757,-24.489645746594846,0.0,0,28.360203799193684,52.800451064020955,p1a_catchup,40.714907501699926
tslax,tslax_E0207,2026-07-28T15:55:00Z,2026-07-28T16:05:00Z,15,2,regular,xstock_below_p1a,18.815516326000647,1.2919585210990903,1.552199622896211,16.407690263098296,-15.115731741999205,0.0,0,58.88800211065082,25.00164690861924,p1a_catchup,-6.507741628807295
tslax,tslax_E0208,2026-07-28T23:05:00Z,2026-07-28T23:20:00Z,20,3,afterhours,xstock_above_p1a,13.689249413699756,6.123936715202542,9.73636246920151,8.87713027533247,-2.7531935601299296,0.3333333333333333,0,35.09970637833426,15.909820839404526,persistent_or_wider,62.39195610739934
tslax,tslax_E0209,2026-07-28T23:40:00Z,2026-07-28T23:45:00Z,10,2,afterhours,xstock_above_p1a,24.072653318700787,8.78569633040005,8.97106246560142,10.289837286499015,-1.504140956098965,0.5,0,45.48594010009843,16.04470415117614,,
tslax,tslax_E0210,2026-07-29T08:00:00Z,2026-07-29T08:10:00Z,15,3,premarket,xstock_below_p1a,17.64584194480001,9.9202750296327,10.54902484510123,11.858434727933798,-1.938159698301097,0.6666666666666666,0,46.05778976513264,12.73348547277164,xstock_reversion,-35.29951453459468
tslax,tslax_E0211,2026-07-29T08:40:00Z,2026-07-29T08:40:00Z,5,1,premarket,xstock_above_p1a,15.11234406369688,8.968019411703665,8.968019411703665,6.144324651993216,2.823694759710449,1.0,0,51.489244863800465,15.692363145222188,p1a_catchup,30.135039240306583
tslax,tslax_E0212,2026-07-29T09:45:00Z,2026-07-29T09:45:00Z,5,1,premarket,xstock_above_p1a,11.681148842299649,6.188342181605577,6.188342181605577,5.492806660694072,0.6955355209115055,1.0,0,37.64296751260332,10.59490979125687,xstock_reversion,-18.079800346395558
tslax,tslax_E0213,2026-07-29T11:00:00Z,2026-07-29T11:10:00Z,15,3,premarket,xstock_above_p1a,22.97047086609716,1.9627941904657813,2.539428509598096,18.320286399866603,-16.35749220940082,0.0,0,52.22940598323215,20.66643713615595,p1a_catchup,-6.815858494100269
tslax,tslax_E0214,2026-07-29T11:55:00Z,2026-07-29T11:55:00Z,5,1,premarket,xstock_below_p1a,17.794773164103717,52.23291617119763,52.23291617119763,34.43814300709391,17.794773164103717,1.0,1,34.07136362870489,16.527981267073983,p1a_catchup,70.26734356649911
tslax,tslax_E0215,2026-07-29T12:15:00Z,2026-07-29T12:15:00Z,5,1,premarket,xstock_below_p1a,18.34511041739262,0.6490924242985585,0.6490924242985585,17.69601799309406,-17.0469255687955,0.0,0,53.46230109459782,30.58229554255771,xstock_reversion,-16.301466395196584
tslax,tslax_E0216,2026-07-29T18:40:00Z,2026-07-29T18:45:00Z,10,2,regular,xstock_above_p1a,16.286276491301876,6.0844981506535945,6.4212971735067015,9.976724432498862,-3.892226281845268,0.0,0,97.11471729605404,32.75920489433108,p1a_catchup,10.174502277102704
tslax,tslax_E0217,2026-07-29T19:05:00Z,2026-07-29T19:05:00Z,5,1,regular,xstock_below_p1a,15.64627224779791,9.02982879069647,9.02982879069647,24.67610103849438,-15.64627224779791,0.0,0,56.91763298110608,43.64450268808752,p1a_catchup,164.9153211240062
tslax,tslax_E0218,2026-07-29T19:20:00Z,2026-07-29T19:20:00Z,5,1,regular,xstock_below_p1a,13.65341815169785,2.9775270351972694,2.9775270351972694,16.63094518689512,-13.65341815169785,0.0,0,76.91731263159696,28.634502435927192,p1a_catchup,131.85247954270451
tslax,tslax_E0219,2026-07-29T19:35:00Z,2026-07-29T19:40:00Z,10,2,regular,xstock_below_p1a,19.752806769703923,9.604091154300498,17.602623106300896,25.629839368552787,-16.02574821425229,0.0,0,105.91389138015383,16.94196147636458,p1a_catchup,32.94231356489874
tslax,tslax_E0220,2026-07-29T20:05:00Z,2026-07-29T20:05:00Z,5,1,afterhours,xstock_below_p1a,15.793581144496471,0.8916302348005445,0.8916302348005445,16.685211379297016,-15.793581144496471,0.0,0,51.57043611589529,29.09993013867714,persistent_or_wider,46.54465551499953
tslax,tslax_E0221,2026-07-29T20:20:00Z,2026-07-29T20:35:00Z,20,4,afterhours,xstock_below_p1a,30.394971493095113,5.627899380349355,16.587172413400353,26.038746137124757,-20.410846756775403,0.0,0,50.15516590100022,16.24557697263094,xstock_reversion,-64.08068625039398
tslax,tslax_E0222,2026-07-29T21:00:00Z,2026-07-29T21:05:00Z,10,2,afterhours,xstock_below_p1a,17.22685051950279,1.8562323415993731,2.5463175768969393,16.933721183449713,-15.07748884185034,0.0,0,36.0073376458514,20.978141347221925,p1a_catchup,23.433132931600653
tslax,tslax_E0223,2026-07-29T21:55:00Z,2026-07-29T22:15:00Z,25,5,afterhours,xstock_above_p1a,28.816130976103693,2.961146745821708,5.2803670143042325,19.284867128160244,-16.323720382338536,0.0,0,58.332352623940764,16.109853354824644,p1a_catchup,31.75982088619911
tslax,tslax_E0224,2026-07-30T08:05:00Z,2026-07-30T08:05:00Z,5,1,premarket,xstock_above_p1a,17.32280586340451,13.046678203600948,13.046678203600948,4.276127659803564,8.770550543797384,1.0,0,25.36184167650113,17.47889706937127,p1a_catchup,34.69649245969819
tslax,tslax_E0225,2026-07-30T11:25:00Z,2026-07-30T11:25:00Z,5,1,premarket,xstock_above_p1a,12.054997204398177,8.693406715494234,8.693406715494234,3.3615904889039427,5.331816226590291,1.0,0,36.884137502095626,15.871772783664907,xstock_reversion,-13.508840458902327
tslax,tslax_E0226,2026-07-30T12:30:00Z,2026-07-30T12:35:00Z,10,2,premarket,xstock_above_p1a,16.145123131598993,2.8001641078034822,5.275528195403112,17.238832825503536,-14.438668717700054,0.0,0,28.745881563998488,21.368593972572178,p1a_catchup,5.853787145504441
tslax,tslax_E0227,2026-07-30T13:25:00Z,2026-07-30T13:40:00Z,20,3,regular,xstock_below_p1a,25.461105227897463,7.211715346503074,8.961290504503339,14.054277525164713,-6.8425621786616375,0.3333333333333333,0,67.31951660753428,30.451293170441357,xstock_reversion,-142.67916739500563
tslax,tslax_E0228,2026-07-30T14:00:00Z,2026-07-30T14:05:00Z,10,2,regular,xstock_below_p1a,16.099627199999134,11.561078395447844,16.45956712059693,13.731778156951258,-2.170699761503414,0.5,0,38.15091876124832,30.54424413866494,xstock_reversion,-69.73925428900074
tslax,tslax_E0229,2026-07-30T14:25:00Z,2026-07-30T14:25:00Z,5,1,regular,xstock_above_p1a,18.19015575439842,1.0456762042032608,1.0456762042032608,19.23583195860168,-18.19015575439842,0.0,0,114.83621672299549,47.876014832262015,xstock_reversion,-140.90131545680507
tslax,tslax_E0230,2026-07-30T14:40:00Z,2026-07-30T14:40:00Z,5,1,regular,xstock_below_p1a,16.428729064603687,6.315848338998009,6.315848338998009,10.112880725605677,-3.7970323866076683,0.0,0,92.34590589009883,43.880089158210524,p1a_catchup,55.9583900439975
tslax,tslax_E0231,2026-07-30T15:05:00Z,2026-07-30T15:05:00Z,5,1,regular,xstock_above_p1a,12.461193996795572,1.7813153908985413,1.7813153908985413,14.242509387694113,-12.461193996795572,0.0,0,5.563921296598551,39.61963395456393,xstock_reversion,-23.482762734294838
tslax,tslax_E0232,2026-07-30T16:00:00Z,2026-07-30T16:00:00Z,5,1,regular,xstock_above_p1a,11.378525239296167,7.025021020599098,7.025021020599098,4.3535042186970685,2.6715168019020297,1.0,0,17.21560980219472,25.03017107867362,p1a_catchup,1.4645799202028797
tslax,tslax_E0233,2026-07-30T16:40:00Z,2026-07-30T16:40:00Z,5,1,regular,xstock_below_p1a,13.923812234795108,3.42694340130123,3.42694340130123,10.496868833493878,-7.0699254321926475,0.0,0,66.85775672139904,20.946817373274158,xstock_reversion,-28.16811007279263
tslax,tslax_E0234,2026-07-30T20:00:00Z,2026-07-30T20:00:00Z,5,1,afterhours,xstock_below_p1a,19.074291708705005,4.872856959501348,4.872856959501348,14.201434749203656,-9.328577789702308,0.0,0,58.59490311340032,16.192036992190086,p1a_catchup,-4.872107282700711
tslax,tslax_E0235,2026-07-30T21:00:00Z,2026-07-30T21:00:00Z,5,1,afterhours,xstock_above_p1a,11.694245950595317,2.2850158591936065,2.2850158591936065,9.40923009140171,-7.124214232208104,0.0,0,27.3977041435991,9.783345201833955,p1a_catchup,12.962604705695213
tslax,tslax_E0236,2026-07-31T08:05:00Z,2026-07-31T08:15:00Z,15,2,premarket,xstock_above_p1a,13.543103405098122,4.254614718552929,8.089484299302896,8.609449411247638,-4.354834692694709,0.5,0,18.078632637852365,15.867433424916804,xstock_reversion,-23.706056143399934
tslax,tslax_E0237,2026-07-31T09:25:00Z,2026-07-31T09:30:00Z,10,2,premarket,xstock_below_p1a,12.550699678000043,3.1442819378479925,3.2696515871943888,9.115803227199848,-5.971521289351855,0.0,0,42.419520331749005,10.532444852927018,p1a_catchup,8.277092029898014
tslax,tslax_E0238,2026-07-31T11:15:00Z,2026-07-31T11:15:00Z,5,1,premarket,xstock_below_p1a,12.6197233740033,0.3181403720020626,0.3181403720020626,12.301583002001237,-11.983442629999175,0.0,0,31.608181852700312,14.573935926839308,p1a_catchup,16.640003839496487
tslax,tslax_E0239,2026-07-31T12:55:00Z,2026-07-31T13:00:00Z,10,2,premarket,xstock_below_p1a,14.509867436496293,2.420034629047052,3.385468129293301,15.522943905947884,-13.102909276900832,0.0,0,31.209301783401422,9.991030050342449,persistent_or_wider,-171.30011441560455
tslax,tslax_E0240,2026-07-31T13:30:00Z,2026-07-31T13:45:00Z,20,4,regular,xstock_above_p1a,44.79322322359813,2.9943716007729826,4.772008133206995,30.96801486092593,-27.973643260152947,0.0,0,112.22579783492615,92.48935950802885,xstock_reversion,-348.3795055142025
tslax,tslax_E0241,2026-07-31T14:00:00Z,2026-07-31T14:00:00Z,5,1,regular,xstock_below_p1a,22.201655228100137,6.032397827997471,6.032397827997471,16.169257400102666,-10.136859572105195,0.0,0,88.56266776729349,54.122181992815435,xstock_reversion,-23.147588458600765
tslax,tslax_E0242,2026-07-31T14:45:00Z,2026-07-31T14:50:00Z,10,2,regular,xstock_above_p1a,38.67479358810044,5.763827788300979,9.460154206202276,23.456021295298335,-17.692193506997356,0.0,0,108.8016776964551,66.80338216733257,xstock_reversion,-77.26246073589849
tslax,tslax_E0243,2026-07-31T15:35:00Z,2026-07-31T15:35:00Z,5,1,regular,xstock_above_p1a,15.413184617205644,5.57979466400127,5.57979466400127,9.833389953204374,-4.253595289203105,0.0,0,36.971949173798535,32.35787061641491,p1a_catchup,16.25223825960198
tslax,tslax_E0244,2026-07-31T19:55:00Z,2026-07-31T20:00:00Z,10,2,regular,xstock_below_p1a,27.423581670600328,1.8818626144501138,2.3790054456984677,21.61167176404799,-19.729809149597877,0.0,0,47.05340949274994,29.04845416976992,p1a_catchup,-12.86426188389811
tslax,tslax_E0245,2026-08-03T08:10:00Z,2026-08-03T08:10:00Z,5,1,premarket,xstock_above_p1a,11.240864222301639,9.534062333704796,9.534062333704796,20.774926556006434,-11.240864222301639,0.0,0,37.87305266509833,8.041426254366185,p1a_catchup,-4.445432391504411
tslax,tslax_E0246,2026-08-03T11:00:00Z,2026-08-03T11:00:00Z,5,1,premarket,xstock_below_p1a,16.261222414994947,2.883418276198313,2.883418276198313,19.14464069119326,-16.261222414994947,0.0,0,37.34875154629336,11.76606634860606,xstock_reversion,-35.13033761169737
tslax,tslax_E0247,2026-08-03T11:50:00Z,2026-08-03T12:00:00Z,15,2,premarket,xstock_below_p1a,14.73440543650284,2.0892187432997034,2.412256006500968,15.29002196990259,-13.200803226602886,0.0,0,41.22111207850221,11.15527794970168,p1a_catchup,-1.6031550125017446
tslax,tslax_E0248,2026-08-03T13:25:00Z,2026-08-03T13:35:00Z,15,3,regular,xstock_above_p1a,38.012839007803834,3.8129339582345287,8.517499361904157,31.95720851003614,-28.14427455180161,0.0,0,73.1326594080676,48.837301182867826,p1a_catchup,-11.172570144992733
tslax,tslax_E0249,2026-08-03T13:55:00Z,2026-08-03T13:55:00Z,5,1,regular,xstock_above_p1a,14.473843469104963,1.3419009909032553,1.3419009909032553,13.131942478201708,-11.790041487298453,0.0,0,51.14479543050443,58.75558399944902,xstock_reversion,-5.780924459495296
tslax,tslax_E0250,2026-08-03T14:55:00Z,2026-08-03T14:55:00Z,5,1,regular,xstock_above_p1a,15.97033810769588,1.4569213452020335,1.4569213452020335,17.427259452897914,-15.97033810769588,0.0,0,80.02905559170159,24.518613387645875,p1a_catchup,28.665968356600402
tslax,tslax_E0251,2026-08-04T10:45:00Z,2026-08-04T10:45:00Z,5,1,premarket,xstock_above_p1a,12.879998843997598,1.8489130033039203,1.8489130033039203,14.728911847301518,-12.879998843997598,0.0,0,24.570737781699492,17.12379031327477,p1a_catchup,20.53454349019823
tslax,tslax_E0252,2026-08-04T11:45:00Z,2026-08-04T11:45:00Z,5,1,premarket,xstock_above_p1a,12.086772111494781,3.233784767697756,3.233784767697756,8.852987343797025,-5.619202576099269,0.0,0,29.78545880529815,14.886888198609453,p1a_catchup,22.163113972197834
tslax,tslax_E0253,2026-08-04T12:25:00Z,2026-08-04T12:25:00Z,5,1,premarket,xstock_below_p1a,11.682381491100458,10.503347235699678,10.503347235699678,1.1790342554007793,9.324312980298899,1.0,0,31.57160780210333,8.602053881305793,p1a_catchup,14.169980499900703
tslax,tslax_E0254,2026-08-04T13:35:00Z,2026-08-04T13:35:00Z,5,1,regular,xstock_below_p1a,15.331900555102251,4.562513937402812,4.562513937402812,10.769386617699439,-6.206872680296627,0.0,0,58.351962085101405,27.12937094000781,xstock_reversion,-48.69756648870016
tslax,tslax_E0255,2026-08-04T14:05:00Z,2026-08-04T14:05:00Z,5,1,regular,xstock_above_p1a,13.606325174304601,0.1534213120013561,0.1534213120013561,13.759746486305957,-13.606325174304601,0.0,0,52.14081750420263,35.789473929659614,xstock_reversion,-16.674905049498534
tslax,tslax_E0256,2026-08-04T16:00:00Z,2026-08-04T16:00:00Z,5,1,regular,xstock_above_p1a,11.927379689407047,1.4391023464987995,1.4391023464987995,13.366482035905847,-11.927379689407047,0.0,0,54.92463993160612,31.137509625748425,xstock_reversion,-27.68040150860074
tslax,tslax_E0257,2026-08-04T17:20:00Z,2026-08-04T17:20:00Z,5,1,regular,xstock_above_p1a,12.085024919494813,6.101328034100462,6.101328034100462,5.983696885394352,0.11763114870610991,1.0,0,49.18788750879699,19.531823107937573,xstock_reversion,-46.31135743699666
tslax,tslax_E0258,2026-08-04T20:15:00Z,2026-08-04T20:20:00Z,10,2,afterhours,xstock_below_p1a,36.87312339309301,11.523406320748109,19.92935929719941,16.84714407319543,-5.323737752447322,0.5,0,56.331316770501516,29.71561383872608,xstock_reversion,1.876062871106754
tslax,tslax_E0259,2026-08-04T21:00:00Z,2026-08-04T21:00:00Z,5,1,afterhours,xstock_above_p1a,12.722810695002806,5.203788107799312,5.203788107799312,17.92659880280212,-12.722810695002806,0.0,0,28.595107604303394,9.80860397359674,xstock_reversion,-54.00914444890326
tslax,tslax_E0260,2026-08-04T21:35:00Z,2026-08-04T21:35:00Z,5,1,afterhours,xstock_below_p1a,17.721644450201524,0.6138997670035451,0.6138997670035451,17.10774468319798,-16.493844916194433,0.0,0,36.1654351346008,11.551837818665922,xstock_reversion,-18.55952478219791
tslax,tslax_E0261,2026-08-04T21:50:00Z,2026-08-04T21:50:00Z,5,1,afterhours,xstock_below_p1a,13.290116480400016,0.26316500079559546,0.26316500079559546,13.553281481195611,-13.290116480400016,0.0,0,18.875418429802338,13.51893903218147,xstock_reversion,-34.23340634490124
tslax,tslax_E0262,2026-08-04T22:05:00Z,2026-08-04T22:05:00Z,5,1,afterhours,xstock_above_p1a,12.552243775107996,2.8486474868039124,2.8486474868039124,9.703596288304084,-6.854948801500171,0.0,0,40.89749046580771,13.69971546941288,p1a_catchup,9.766489416103141
tslax,tslax_E0263,2026-08-04T23:05:00Z,2026-08-04T23:05:00Z,5,1,afterhours,xstock_above_p1a,11.23244123720113,3.093031146699232,3.093031146699232,8.139410090501897,-5.046378943802665,0.0,0,26.954631706797016,9.476451383680779,xstock_reversion,-10.435210571895226
tslax,tslax_E0264,2026-08-04T23:30:00Z,2026-08-04T23:30:00Z,5,1,afterhours,xstock_below_p1a,16.716958251201675,18.72697613570118,18.72697613570118,2.0100178844995042,16.716958251201675,1.0,0,23.126166015794425,19.079619135358893,,
tslax,tslax_E0265,2026-08-04T23:50:00Z,2026-08-04T23:55:00Z,10,2,afterhours,xstock_below_p1a,31.77273978860029,32.13763473219888,63.968853804299286,22.06173485454599,10.075899877652894,0.5,1,37.624604289647756,36.11948909795706,,
tslax,tslax_E0266,2026-08-05T08:15:00Z,2026-08-05T08:25:00Z,15,3,premarket,xstock_below_p1a,26.521374065300307,2.455658334967007,5.071601033899142,18.772242490931273,-16.316584155964264,0.0,0,72.8058886133661,20.04006810211455,p1a_catchup,4.926108473997104
tslax,tslax_E0267,2026-08-05T12:50:00Z,2026-08-05T12:50:00Z,5,1,premarket,xstock_below_p1a,13.13834532259861,3.0059678999982964,3.0059678999982964,10.132377422600314,-7.126409522602017,0.0,0,35.69595277750359,17.38094981528916,p1a_catchup,26.289352495201257
tslax,tslax_E0268,2026-08-05T13:35:00Z,2026-08-05T13:35:00Z,5,1,regular,xstock_above_p1a,11.762330794100606,1.2976551599042097,1.2976551599042097,10.464675634196396,-9.167020474292187,0.0,0,58.8840162999027,22.545020422094815,p1a_catchup,49.143166658502935
tslax,tslax_E0269,2026-08-05T14:50:00Z,2026-08-05T14:50:00Z,5,1,regular,xstock_below_p1a,14.360062551004305,12.451447549599592,12.451447549599592,1.908615001404712,10.54283254819488,1.0,0,60.297759237997184,24.00577588178198,p1a_catchup,15.957738627401241
tslax,tslax_E0270,2026-08-05T23:45:00Z,2026-08-05T23:45:00Z,5,1,afterhours,xstock_below_p1a,14.114812884598038,17.316865423797623,17.316865423797623,3.2020525391995847,14.114812884598038,1.0,0,26.480031536904036,10.385555020910822,,
tslax,tslax_E0271,2026-08-06T08:25:00Z,2026-08-06T08:25:00Z,5,1,premarket,xstock_above_p1a,12.530968773294404,5.592624337298346,5.592624337298346,6.938344435996058,-1.3457200986977114,0.0,0,30.920991725098546,16.81299113061128,xstock_reversion,-0.6240105282007136
tslax,tslax_E0272,2026-08-06T12:55:00Z,2026-08-06T12:55:00Z,5,1,premarket,xstock_below_p1a,19.259420025505847,26.13184276700764,26.13184276700764,6.8724227415017936,19.259420025505847,1.0,0,45.581101324305706,14.434937177800482,persistent_or_wider,125.99677746310434
tslax,tslax_E0273,2026-08-06T13:20:00Z,2026-08-06T13:25:00Z,10,2,premarket,xstock_below_p1a,32.813848995205674,1.7475784181009146,3.193871958302452,23.78603919025224,-22.038460772151325,0.0,0,63.41257950360113,20.583580577990915,xstock_reversion,-100.73675748290434
tslax,tslax_E0274,2026-08-06T14:45:00Z,2026-08-06T14:55:00Z,15,2,regular,xstock_above_p1a,17.27677369209424,2.484302670051619,2.9274404969026335,12.38673827689496,-9.90243560684334,0.0,0,65.04242636184986,40.42266459461026,xstock_reversion,-9.631367932598778
tslax,tslax_E0275,2026-08-06T20:00:00Z,2026-08-06T20:00:00Z,5,1,afterhours,xstock_above_p1a,17.241150432898422,1.8680183473041012,1.8680183473041012,19.109168780202523,-17.241150432898422,0.0,0,57.58440427119815,23.574403906402164,xstock_reversion,-21.23739828170379
tslax,tslax_E0276,2026-08-06T23:20:00Z,2026-08-06T23:20:00Z,5,1,afterhours,xstock_above_p1a,13.008399148306538,6.808240628703999,6.808240628703999,6.200158519602539,0.6080821091014599,1.0,0,23.353506710703797,14.285888128873097,xstock_reversion,-1.5599407254995867
tslax,tslax_E0277,2026-08-07T12:30:00Z,2026-08-07T12:30:00Z,5,1,premarket,xstock_above_p1a,13.90689476999718,10.366751890398263,10.366751890398263,24.273646660395443,-13.90689476999718,0.0,0,19.27955863199493,20.21458069410636,p1a_catchup,7.750594272204481
tslax,tslax_E0278,2026-08-07T13:35:00Z,2026-08-07T14:00:00Z,30,4,regular,xstock_below_p1a,25.45664220949817,1.5233919253487826,2.4606099488977407,18.830203850399574,-17.30681192505079,0.0,0,102.02564548492444,41.036315909505504,xstock_reversion,-113.86952986500276
tslax,tslax_E0279,2026-08-07T14:20:00Z,2026-08-07T14:20:00Z,5,1,regular,xstock_above_p1a,14.60308283539824,3.9823197055000037,3.9823197055000037,18.585402540898244,-14.60308283539824,0.0,0,60.550806254493494,54.07251788952735,p1a_catchup,102.86353584570307
tslax,tslax_E0280,2026-08-07T15:20:00Z,2026-08-07T15:20:00Z,5,1,regular,xstock_above_p1a,18.830101913103192,7.161790055993933,7.161790055993933,25.991891969097125,-18.830101913103192,0.0,0,65.33593036360585,35.70713556093631,xstock_reversion,-13.856258617899186
tslax,tslax_E0281,2026-08-07T22:05:00Z,2026-08-07T22:05:00Z,5,1,afterhours,xstock_below_p1a,12.772755465304542,15.095021305100431,15.095021305100431,2.3222658397958895,12.772755465304542,1.0,0,20.83732136080485,10.834403735988003,xstock_reversion,-8.227067514603448
tslax,tslax_E0282,2026-08-10T08:00:00Z,2026-08-10T08:00:00Z,5,1,premarket,xstock_above_p1a,17.590215853093838,0.7562467683008833,0.7562467683008833,16.833969084792955,-16.07772231649207,0.0,0,33.876115976196886,15.935873526036273,xstock_reversion,-23.475602185598632
tslax,tslax_E0283,2026-08-10T11:30:00Z,2026-08-10T11:30:00Z,5,1,premarket,xstock_above_p1a,20.00227574340485,34.405742815204476,34.405742815204476,14.403467071799625,20.00227574340485,1.0,1,57.81932482800123,18.314130402027786,xstock_reversion,-4.342805919996806
tslax,tslax_E0284,2026-08-10T12:10:00Z,2026-08-10T12:10:00Z,5,1,premarket,xstock_below_p1a,12.298232921796881,4.432075408802305,4.432075408802305,16.730308330599186,-12.298232921796881,0.0,0,25.035742208698863,9.958420729471424,p1a_catchup,11.85997349810286
tslax,tslax_E0285,2026-08-10T13:25:00Z,2026-08-10T13:25:00Z,5,1,premarket,xstock_below_p1a,26.37081756919457,2.3849723821012248,2.3849723821012248,28.755789951295796,-26.37081756919457,0.0,0,57.45218076069314,21.164537555106886,xstock_reversion,-87.58458196629348
tslax,tslax_E0286,2026-08-10T14:25:00Z,2026-08-10T14:25:00Z,5,1,regular,xstock_above_p1a,14.309633455296122,4.141793860092946,4.141793860092946,10.167839595203176,-6.02604573511023,0.0,0,62.88908623039546,23.21021886011479,xstock_reversion,-66.26047267340063
tslax,tslax_E0287,2026-08-10T15:40:00Z,2026-08-10T15:40:00Z,5,1,regular,xstock_above_p1a,11.425975032404168,7.35124238059548,7.35124238059548,18.777217412999647,-11.425975032404168,0.0,0,5.080342696297535,38.32770385690072,p1a_catchup,20.05769906130439
tslax,tslax_E0288,2026-08-10T19:00:00Z,2026-08-10T19:00:00Z,5,1,regular,xstock_above_p1a,12.112897141900447,0.15115546699639992,0.15115546699639992,12.264052608896847,-12.112897141900447,0.0,0,23.843570702206662,31.50030939048939,p1a_catchup,1.5167371978019872
tslax,tslax_E0289,2026-08-11T13:25:00Z,2026-08-11T13:35:00Z,15,2,premarket,xstock_above_p1a,19.073794216692974,3.138452473199216,3.609683416598841,16.8843343726488,-13.745881899449586,0.0,0,38.5877923462985,24.436386359150546,p1a_catchup,27.15252828940251
tslax,tslax_E0290,2026-08-11T13:55:00Z,2026-08-11T14:00:00Z,10,2,regular,xstock_above_p1a,13.865061992595074,9.800044909953343,12.322656117804698,23.115572564451625,-13.315527654498283,0.0,0,58.153509218348276,42.68905504200873,p1a_catchup,28.87170560850194
tslax,tslax_E0291,2026-08-11T16:30:00Z,2026-08-11T16:35:00Z,10,2,regular,xstock_above_p1a,14.3887658648989,29.064059088099725,41.41450082830289,15.101740950100861,13.962318137998864,1.0,1,36.031411706849426,31.07335407522229,xstock_reversion,-8.590353712403243
tslax,tslax_E0292,2026-08-11T22:30:00Z,2026-08-11T22:30:00Z,5,1,afterhours,xstock_above_p1a,12.085950053997152,24.703116901596545,24.703116901596545,12.617166847599393,12.085950053997152,1.0,0,27.560173721594694,9.142927540496789,xstock_reversion,1.8075185300947538
tslax,tslax_E0293,2026-08-12T08:00:00Z,2026-08-12T08:00:00Z,5,1,premarket,xstock_above_p1a,14.435835400501418,6.118175673304194,6.118175673304194,8.317659727197224,-2.1994840538930305,0.0,0,55.88529117900087,22.22152177618167,xstock_reversion,0.0
tslax,tslax_E0294,2026-08-12T13:30:00Z,2026-08-12T13:30:00Z,5,1,regular,xstock_below_p1a,36.07169370299701,5.863870456304099,5.863870456304099,41.93556415930111,-36.07169370299701,0.0,0,127.08850406509598,54.388884091405636,p1a_catchup,93.8531261050013
tslax,tslax_E0295,2026-08-12T13:50:00Z,2026-08-12T13:50:00Z,5,1,regular,xstock_below_p1a,11.266519975903222,13.254868758396654,13.254868758396654,24.521388734299876,-11.266519975903222,0.0,0,86.78497388070028,51.079655303399306,p1a_catchup,13.429600652301588
tslax,tslax_E0296,2026-08-12T14:25:00Z,2026-08-12T14:25:00Z,5,1,regular,xstock_below_p1a,13.881077558801636,8.041115372199314,8.041115372199314,21.92219293100095,-13.881077558801636,0.0,0,53.32907973360612,33.2271196551141,p1a_catchup,31.531453729298775
tslax,tslax_E0297,2026-08-12T20:40:00Z,2026-08-12T20:40:00Z,5,1,afterhours,xstock_above_p1a,15.44910328010296,23.646650693498472,23.646650693498472,8.197547413395512,15.44910328010296,1.0,0,39.930246702306604,12.543461285682378,xstock_reversion,4.582601470195513
tslax,tslax_E0298,2026-08-12T23:05:00Z,2026-08-12T23:05:00Z,5,1,afterhours,xstock_above_p1a,16.134120619897274,25.263480408801442,25.263480408801442,9.129359788904168,16.134120619897274,1.0,0,28.170327744003743,12.500360856348783,xstock_reversion,-2.1431734734012053
tslax,tslax_E0299,2026-08-13T13:25:00Z,2026-08-13T13:35:00Z,15,3,regular,xstock_above_p1a,25.107753244402176,6.311597684236503,8.623734155399632,18.963667702829312,-12.65207001859281,0.0,0,91.27737877540436,24.344132285995386,p1a_catchup,177.74137734799746
tslax,tslax_E0300,2026-08-13T13:50:00Z,2026-08-13T13:50:00Z,5,1,regular,xstock_above_p1a,14.820468570002632,2.69894026359907,2.69894026359907,17.5194088336017,-14.820468570002632,0.0,0,69.29253761740028,23.180433891073662,p1a_catchup,21.0336616008977
tslax,tslax_E0301,2026-08-13T18:45:00Z,2026-08-13T18:50:00Z,10,2,regular,xstock_above_p1a,14.181274457705229,45.648424256747866,85.53419473299684,46.1043231757019,-0.4558989189540341,0.5,1,38.72383392465206,31.295495139972065,xstock_reversion,-18.573939918296034
tslax,tslax_E0302,2026-08-13T20:30:00Z,2026-08-13T20:55:00Z,30,5,afterhours,xstock_above_p1a,22.28541400589812,5.077997516481858,7.976506882600987,22.163347014357626,-17.085349497875768,0.0,0,47.12446089465949,15.651247380904497,p1a_catchup,10.233170982898443
tslax,tslax_E0303,2026-08-13T21:20:00Z,2026-08-13T21:20:00Z,5,1,afterhours,xstock_below_p1a,13.934099998893501,14.588760813101231,14.588760813101231,0.6546608142077304,13.934099998893501,1.0,0,32.86902699819905,14.812255803022286,xstock_reversion,6.7352887739069445
tslax,tslax_E0304,2026-08-14T13:05:00Z,2026-08-14T13:10:00Z,10,2,premarket,xstock_above_p1a,49.297948906597,4.433943571950927,7.6631098677015785,40.44822620245192,-36.01428263050099,0.0,0,102.62421600345294,42.47482745264867,p1a_catchup,55.209632800901076
tslax,tslax_E0305,2026-08-14T13:25:00Z,2026-08-14T13:45:00Z,25,4,regular,xstock_below_p1a,23.168116328804444,4.070624763976571,5.982350454498686,19.070708000223924,-15.000083236247352,0.0,0,68.2277901469508,53.24745826015297,xstock_reversion,-220.6970189729951
tslax,tslax_E0306,2026-08-14T14:10:00Z,2026-08-14T14:10:00Z,5,1,regular,xstock_below_p1a,21.92069165880106,1.4110927235044812,1.4110927235044812,20.50959893529658,-19.0985062117921,0.0,0,83.38949000250118,49.232229505654786,p1a_catchup,121.7970381077027
tslax,tslax_E0307,2026-08-14T14:40:00Z,2026-08-14T14:40:00Z,5,1,regular,xstock_below_p1a,18.702307934503892,0.08892758489587038,0.08892758489587038,18.791235519399763,-18.702307934503892,0.0,0,90.52255783660534,30.482301171248977,p1a_catchup,128.58326525590158
tslax,tslax_E0308,2026-08-14T23:30:00Z,2026-08-14T23:30:00Z,5,1,afterhours,xstock_above_p1a,23.255374126902595,40.34624883630045,40.34624883630045,17.090874709397852,23.255374126902595,1.0,1,41.95324929700206,16.758969488059314,,
tslax,tslax_E0309,2026-08-17T11:40:00Z,2026-08-17T11:40:00Z,5,1,premarket,xstock_below_p1a,12.13137208819326,2.485601711601504,2.485601711601504,9.645770376591756,-7.160168664990252,0.0,0,29.524700165799445,10.193551641570947,p1a_catchup,17.283050805207978
tslax,tslax_E0310,2026-08-17T12:25:00Z,2026-08-17T12:35:00Z,15,2,premarket,xstock_below_p1a,12.110341366202704,2.6930390082524625,2.7937463024052533,8.984923444548265,-6.291884436295803,0.0,0,34.87638530260462,14.75552655220198,xstock_reversion,-41.10881993159232
tslax,tslax_E0311,2026-08-17T13:30:00Z,2026-08-17T13:50:00Z,25,4,regular,xstock_above_p1a,19.149729861700493,8.60483985597682,11.833156257399224,17.40485921349899,-8.80001935752217,0.25,0,70.94954887142623,43.76058776039244,xstock_reversion,-75.86556400819511
tslax,tslax_E0312,2026-08-18T08:00:00Z,2026-08-18T08:05:00Z,10,2,premarket,xstock_below_p1a,17.790858215800398,2.990150851149842,4.6341982293984785,20.058881133300233,-17.06873028215039,0.0,0,42.52109633660073,12.719843525516735,p1a_catchup,-10.155924165902164
tslax,tslax_E0313,2026-08-18T10:35:00Z,2026-08-18T10:35:00Z,5,1,premarket,xstock_above_p1a,15.207616119994327,7.9771192354982645,7.9771192354982645,7.230496884496063,0.7466223510022019,1.0,0,51.24410538339674,17.020170759936647,p1a_catchup,18.80737922830278
tslax,tslax_E0314,2026-08-18T13:35:00Z,2026-08-18T13:35:00Z,5,1,regular,xstock_above_p1a,39.72189759440248,6.380227586602061,6.380227586602061,33.34167000780042,-26.961442421198356,0.0,0,151.0584597172038,58.31982554537297,xstock_reversion,-85.52036698570298
tslax,tslax_E0315,2026-08-18T13:55:00Z,2026-08-18T14:00:00Z,10,2,regular,xstock_below_p1a,13.257383202098794,8.507330662155255,14.248184830503163,7.628868526152743,0.8784621360025113,0.5,0,20.203659793196493,70.79584425505314,p1a_catchup,18.977869796605873
tslax,tslax_E0316,2026-08-18T19:05:00Z,2026-08-18T19:05:00Z,5,1,regular,xstock_above_p1a,11.433861730996142,36.24248067879421,36.24248067879421,24.808618947798067,11.433861730996142,1.0,1,41.659328253897954,19.07058449150068,xstock_reversion,16.590901408797265
tslax,tslax_E0317,2026-08-19T08:05:00Z,2026-08-19T08:05:00Z,5,1,premarket,xstock_above_p1a,15.830334537696444,4.285776003394304,4.285776003394304,11.54455853430214,-7.258782530907837,0.0,0,45.2686274083014,12.875775317210053,p1a_catchup,13.45943062220023
tslax,tslax_E0318,2026-08-19T09:15:00Z,2026-08-19T09:20:00Z,10,2,premarket,xstock_above_p1a,19.124316271499353,22.658217923652302,43.827693974503035,19.51421264295039,3.1440052807019114,0.5,1,20.506438357501544,26.946300309214678,xstock_reversion,-5.05148063689731
tslax,tslax_E0319,2026-08-19T12:35:00Z,2026-08-19T12:50:00Z,20,3,premarket,xstock_above_p1a,18.462831893302223,17.79024034969841,50.14062031870381,22.183080100068864,-4.3928397503704515,0.3333333333333333,1,27.56125111576857,19.008445774687576,xstock_reversion,-11.839575158401061
tslax,tslax_E0320,2026-08-19T13:25:00Z,2026-08-19T13:45:00Z,25,4,regular,xstock_below_p1a,20.864878399899922,6.243500964073778,7.162101702400392,16.596991050974452,-10.353490086900674,0.0,0,57.43974963537512,35.34689570247488,xstock_reversion,-98.97999290969572
tslax,tslax_E0321,2026-08-19T14:00:00Z,2026-08-19T14:00:00Z,5,1,regular,xstock_above_p1a,11.503522745801575,9.930675489497887,9.930675489497887,1.5728472563036888,8.357828233194198,1.0,0,79.42295462400217,57.8700057360521,p1a_catchup,73.70571768889889
tslax,tslax_E0322,2026-08-19T14:15:00Z,2026-08-19T14:40:00Z,30,4,regular,xstock_above_p1a,25.415250915896692,5.783125489051688,9.517535577705516,13.906555728071535,-8.123430239019847,0.25,0,106.22410513495106,44.78129992837751,p1a_catchup,45.42264009040231
tslax,tslax_E0323,2026-08-19T19:50:00Z,2026-08-19T19:55:00Z,10,2,regular,xstock_above_p1a,11.849088061799407,4.652232095700981,7.088457643398272,14.178237566349061,-9.52600547064808,0.0,0,43.00202883634974,25.23156629641469,xstock_reversion,-27.664112784497874
tslax,tslax_E0324,2026-08-19T20:20:00Z,2026-08-19T20:20:00Z,5,1,afterhours,xstock_below_p1a,13.319825030997379,16.249631120404118,16.249631120404118,2.929806089406739,13.319825030997379,1.0,0,33.902074628500145,19.633594536746248,p1a_catchup,-2.1495102952950873
tslax,tslax_E0325,2026-08-20T08:20:00Z,2026-08-20T08:30:00Z,15,2,premarket,xstock_below_p1a,18.38723798940123,3.6977667809479087,4.615074402600783,13.805520781700054,-10.107754000752145,0.0,0,52.38995911219568,15.079181565921953,xstock_reversion,-27.28906540890641
tslax,tslax_E0326,2026-08-20T08:45:00Z,2026-08-20T08:45:00Z,5,1,premarket,xstock_below_p1a,12.822266441405716,9.770421138206586,9.770421138206586,3.05184530319913,6.7185758350074565,1.0,0,9.866831964204792,25.57141367797792,xstock_reversion,-41.63382655929304
tslax,tslax_E0327,2026-08-20T11:25:00Z,2026-08-20T11:25:00Z,5,1,premarket,xstock_below_p1a,12.461830848202737,6.312974758095891,6.312974758095891,6.148856090106847,0.16411866798904384,1.0,0,27.113246960297488,8.864259049234027,p1a_catchup,27.60288132299671
tslax,tslax_E0328,2026-08-20T12:00:00Z,2026-08-20T12:05:00Z,10,2,premarket,xstock_below_p1a,17.529148465103006,4.079121894848825,6.6216106290983845,11.614678802800427,-7.535556907951602,0.0,0,48.618839656149326,14.871589667226708,p1a_catchup,51.17376836749621
tslax,tslax_E0329,2026-08-20T12:30:00Z,2026-08-20T12:30:00Z,5,1,premarket,xstock_below_p1a,12.01332670730082,2.5357727759978133,2.5357727759978133,14.549099483298633,-12.01332670730082,0.0,0,23.262273533797284,11.067812533701678,xstock_reversion,-20.967569681102916
tslax,tslax_E0330,2026-08-20T13:25:00Z,2026-08-20T13:30:00Z,10,2,premarket,xstock_above_p1a,21.25188406229661,2.916607731546783,4.4733529879970035,14.877786592251141,-11.961178860704358,0.0,0,34.19934736339503,31.455153931842194,xstock_reversion,-30.2296379184952
tslax,tslax_E0331,2026-08-20T14:30:00Z,2026-08-20T14:30:00Z,5,1,regular,xstock_below_p1a,13.087558746196493,3.0726462107022456,3.0726462107022456,16.16020495689874,-13.087558746196493,0.0,0,88.49142654129949,13.575627994841101,xstock_reversion,-62.42086729449703
tslax,tslax_E0332,2026-08-20T15:50:00Z,2026-08-20T15:50:00Z,5,1,regular,xstock_above_p1a,13.223736305194578,7.2029944330953555,7.2029944330953555,6.020741872099222,1.1822525609961332,1.0,0,59.141470445496225,18.923295585537304,xstock_reversion,-26.211575608705573
tslax,tslax_E0333,2026-08-20T19:55:00Z,2026-08-20T19:55:00Z,5,1,regular,xstock_above_p1a,13.82209331249662,2.576472984996414,2.576472984996414,16.398566297493034,-13.82209331249662,0.0,0,53.057519671497744,24.450101381563858,p1a_catchup,48.53817457339815
tslax,tslax_E0334,2026-08-20T20:20:00Z,2026-08-20T20:30:00Z,15,2,afterhours,xstock_above_p1a,15.353300875702303,2.408800357001084,2.4544385045999206,11.472888937098524,-9.06408858009744,0.0,0,42.697278835848174,19.661076774858618,xstock_reversion,-12.44212518579424
tslax,tslax_E0335,2026-08-21T10:15:00Z,2026-08-21T10:15:00Z,5,1,premarket,xstock_below_p1a,26.326703501000637,3.2412920228974684,3.2412920228974684,29.567995523898105,-26.326703501000637,0.0,0,56.89368094220271,26.08871706644943,xstock_reversion,-25.807945962101897
tslax,tslax_E0336,2026-08-21T11:00:00Z,2026-08-21T11:00:00Z,5,1,premarket,xstock_below_p1a,23.83288917140014,27.85819206990503,27.85819206990503,4.02530289850489,23.83288917140014,1.0,0,56.4019097289048,19.32776853525136,xstock_reversion,-36.60372135270151
tslax,tslax_E0337,2026-08-21T13:10:00Z,2026-08-21T13:10:00Z,5,1,premarket,xstock_below_p1a,14.407080985794352,8.477679906500057,8.477679906500057,5.929401079294294,2.5482788272057633,1.0,0,31.4348710823964,12.372806502184554,xstock_reversion,-1.0031887077932566
tslax,tslax_E0338,2026-08-21T13:25:00Z,2026-08-21T13:30:00Z,10,2,premarket,xstock_above_p1a,15.403585718702928,3.6273520739493748,3.866647780395027,14.08811652719777,-10.460764453248395,0.0,0,34.17358429834927,26.331297867219902,persistent_or_wider,119.65821287450495
tslax,tslax_E0339,2026-08-21T13:55:00Z,2026-08-21T14:05:00Z,15,3,regular,xstock_above_p1a,28.600680677097756,7.594568952565457,10.820984683697077,26.44227896996772,-18.847710017402264,0.0,0,188.23364507876582,44.567054919752536,p1a_catchup,152.28092338139376
tslax,tslax_E0340,2026-08-21T14:25:00Z,2026-08-21T14:35:00Z,15,2,regular,xstock_below_p1a,19.25520614109999,7.470047556350501,14.109617895901039,24.363552232098407,-16.893504675747906,0.0,0,47.14178726204832,42.79541878991637,xstock_reversion,-196.71303836930497
tslax,tslax_E0341,2026-08-21T14:55:00Z,2026-08-21T15:00:00Z,10,2,regular,xstock_above_p1a,22.966913553004176,7.214827520050093,12.593147724802023,14.502967834699731,-7.288140314649638,0.5,0,144.8682162904058,49.586170875388476,xstock_reversion,-89.48822175740112
tslax,tslax_E0342,2026-08-21T15:20:00Z,2026-08-21T15:40:00Z,25,3,regular,xstock_above_p1a,25.552196753597656,11.19479621149407,21.535436594195545,15.751528708198848,-4.556732496704778,0.3333333333333333,0,78.51292960499912,47.86511848112334,xstock_reversion,-35.14021792460298
tslax,tslax_E0343,2026-08-21T19:50:00Z,2026-08-21T19:50:00Z,5,1,regular,xstock_below_p1a,14.300935540703108,5.430245940098999,5.430245940098999,19.731181480802107,-14.300935540703108,0.0,0,85.55650706460582,38.713845173781074,p1a_catchup,14.329423973498123
tslax,tslax_E0344,2026-08-21T20:55:00Z,2026-08-21T20:55:00Z,5,1,afterhours,xstock_below_p1a,23.9972582379,44.6464967576965,44.6464967576965,20.649238519796498,23.9972582379,1.0,1,42.302472056601204,17.786331470824884,xstock_reversion,3.034440927498494
tslax,tslax_E0345,2026-08-21T23:55:00Z,2026-08-21T23:55:00Z,5,1,afterhours,xstock_below_p1a,24.03559845630454,51.28847641710621,51.28847641710621,27.25287796080167,24.03559845630454,1.0,1,43.75915325470103,19.824021462304035,,
tslax,tslax_E0346,2026-08-24T08:00:00Z,2026-08-24T08:10:00Z,15,2,premarket,xstock_below_p1a,18.27803627230118,3.6499096375486317,3.819495712997778,14.976036113352187,-11.326126475803555,0.0,0,30.404640722747622,16.263369272880507,xstock_reversion,-31.849365702898425
tslax,tslax_E0347,2026-08-24T11:00:00Z,2026-08-24T11:00:00Z,5,1,premarket,xstock_below_p1a,23.792757894396388,27.971180516299654,27.971180516299654,4.178422621903266,23.792757894396388,1.0,0,45.400264443102856,19.568011242511343,xstock_reversion,-12.174540116403065
tslax,tslax_E0348,2026-08-24T11:15:00Z,2026-08-24T11:15:00Z,5,1,premarket,xstock_above_p1a,12.573383376901504,0.5458098620003682,0.5458098620003682,12.027573514901135,-11.481763652900767,0.0,0,63.423740874100076,28.490978400362586,xstock_reversion,-29.371031126101954
tslax,tslax_E0349,2026-08-24T12:50:00Z,2026-08-24T12:50:00Z,5,1,premarket,xstock_above_p1a,12.536094578496915,11.506542254196006,11.506542254196006,1.0295523243009086,10.476989929895097,1.0,0,38.30298772089513,7.437481402734251,xstock_reversion,-41.75255958370094
tslax,tslax_E0350,2026-08-24T13:30:00Z,2026-08-24T13:40:00Z,15,3,regular,xstock_below_p1a,48.99481484089918,8.162346552902378,12.110058664003276,35.6154793311673,-27.453132778264926,0.0,0,205.7134686737309,75.99530183307937,p1a_catchup,52.91502924430702
tslax,tslax_E0351,2026-08-24T14:30:00Z,2026-08-24T14:35:00Z,10,2,regular,xstock_above_p1a,16.590975352599457,5.7596238752966045,10.026978718293833,9.246720396549613,-3.487096521253008,0.5,0,84.64947579774673,29.43775466043159,p1a_catchup,30.779367971103255
tslax,tslax_E0352,2026-08-24T16:35:00Z,2026-08-24T16:35:00Z,5,1,regular,xstock_below_p1a,11.255853653198145,1.021074267697486,1.021074267697486,10.234779385500659,-9.213705117803173,0.0,0,29.641023657394072,20.43909952465116,p1a_catchup,-17.095174777601585
tslax,tslax_E0353,2026-08-24T18:55:00Z,2026-08-24T18:55:00Z,5,1,regular,xstock_below_p1a,18.908079066095596,0.7177725993035011,0.7177725993035011,19.625851665399097,-18.908079066095596,0.0,0,108.08266120509558,26.501362973335613,xstock_reversion,-68.58345451710157
tslax,tslax_E0354,2026-08-24T20:10:00Z,2026-08-24T20:10:00Z,5,1,afterhours,xstock_below_p1a,11.894830000693801,1.3209947718983983,1.3209947718983983,10.573835228795403,-9.252840456897005,0.0,0,45.56870035759886,21.127109914946086,xstock_reversion,3.159603065299166
tslax,tslax_E0355,2026-08-24T20:35:00Z,2026-08-24T20:35:00Z,5,1,afterhours,xstock_above_p1a,15.293568204199914,32.24552602719477,32.24552602719477,16.951957822994856,15.293568204199914,1.0,1,25.753279687101838,16.795047225989855,xstock_reversion,5.170333888893097
tslax,tslax_E0356,2026-08-24T22:30:00Z,2026-08-24T22:30:00Z,5,1,afterhours,xstock_below_p1a,15.079441081198297,33.87708544289936,33.87708544289936,18.79764436170106,15.079441081198297,1.0,1,31.447695610298254,10.89646186831959,xstock_reversion,0.8586270558996745
tslax,tslax_E0357,2026-08-25T09:00:00Z,2026-08-25T09:00:00Z,5,1,premarket,xstock_below_p1a,11.665084841601114,1.7061837861032103,1.7061837861032103,9.958901055497904,-8.252717269394694,0.0,0,26.471036830102435,10.562620060686946,xstock_reversion,-19.073924334298553
tslax,tslax_E0358,2026-08-25T12:15:00Z,2026-08-25T12:15:00Z,5,1,premarket,xstock_above_p1a,12.5889898661935,10.7097664475031,10.7097664475031,23.2987563136966,-12.5889898661935,0.0,0,21.910527712298844,14.650394632831437,xstock_reversion,-33.90584842650313
tslax,tslax_E0359,2026-08-25T13:25:00Z,2026-08-25T13:25:00Z,5,1,premarket,xstock_below_p1a,24.10182239189318,2.671153651201408,2.671153651201408,26.772976043094587,-24.10182239189318,0.0,0,47.408194081395294,21.565715488551348,xstock_reversion,-48.93752766629511
tslax,tslax_E0360,2026-08-25T14:10:00Z,2026-08-25T14:20:00Z,15,2,regular,xstock_above_p1a,14.726905380602062,1.5833354171990166,3.00297816870021,15.54143047670209,-13.958095059503073,0.0,0,7.513784710746485,37.565116905365656,xstock_reversion,-59.44304001940459
tslax,tslax_E0361,2026-08-25T14:45:00Z,2026-08-25T14:45:00Z,5,1,regular,xstock_below_p1a,14.478004397302513,4.212358877699884,4.212358877699884,10.265645519602629,-6.053286641902744,0.0,0,41.83291242259912,44.954251618849746,xstock_reversion,-47.82654944429865
tslax,tslax_E0362,2026-08-25T15:25:00Z,2026-08-25T15:25:00Z,5,1,regular,xstock_above_p1a,14.75781925170061,1.1076316601066338,1.1076316601066338,13.650187591593976,-12.542555931487342,0.0,0,82.28173978250375,25.08771641811359,p1a_catchup,-24.863335169893475
tslax,tslax_E0363,2026-08-25T15:50:00Z,2026-08-25T15:55:00Z,10,2,regular,xstock_above_p1a,13.177033786293535,18.60780743855095,36.72110609529433,17.934325466502088,0.6734819720488616,0.5,1,39.55831712214586,34.83098608857985,xstock_reversion,26.69456078829846
tslax,tslax_E0364,2026-08-25T17:00:00Z,2026-08-25T17:05:00Z,10,2,regular,xstock_below_p1a,16.570240358904087,3.932623022753212,7.8605011682064685,10.69563453029776,-6.763011507544547,0.0,0,73.58303274330069,34.72528040353822,p1a_catchup,16.522743709401766
tslax,tslax_E0365,2026-08-25T21:05:00Z,2026-08-25T21:05:00Z,5,1,afterhours,xstock_below_p1a,12.892114272400335,23.094500593998646,23.094500593998646,10.202386321598311,12.892114272400335,1.0,0,22.20373381189411,10.422414192755229,xstock_reversion,-5.290189844400217
tslax,tslax_E0366,2026-08-26T11:35:00Z,2026-08-26T11:35:00Z,5,1,premarket,xstock_below_p1a,14.721597544200549,2.026775861700969,2.026775861700969,16.748373405901518,-14.721597544200549,0.0,0,44.29275862979587,13.153608524331302,xstock_reversion,-15.00279899819823
tslax,tslax_E0367,2026-08-26T12:30:00Z,2026-08-26T12:35:00Z,10,2,premarket,xstock_below_p1a,12.621775015899672,2.0048107337000687,2.824464128297066,14.343463065298323,-12.338652331598254,0.0,0,26.3951070458468,13.27085436494955,p1a_catchup,48.0529275476993
tslax,tslax_E0368,2026-08-26T12:55:00Z,2026-08-26T12:55:00Z,5,1,premarket,xstock_below_p1a,12.404295134400556,1.298042551800549,1.298042551800549,13.702337686201105,-12.404295134400556,0.0,0,29.63921087819621,11.10135415443409,persistent_or_wider,51.139183723405424
tslax,tslax_E0369,2026-08-26T13:25:00Z,2026-08-26T13:45:00Z,25,5,regular,xstock_above_p1a,20.448887908202096,8.814633323620313,16.645983894703065,19.84549594840246,-11.030862624782145,0.2,0,75.86490138884372,32.86965152903249,p1a_catchup,15.199532601197774
tslax,tslax_E0370,2026-08-26T14:20:00Z,2026-08-26T14:20:00Z,5,1,regular,xstock_below_p1a,18.53403734020098,0.2420553215021215,0.2420553215021215,18.29198201869886,-18.04992669719674,0.0,0,41.28147028570339,36.29571852583101,p1a_catchup,82.8174073842014
tslax,tslax_E0371,2026-08-26T20:10:00Z,2026-08-26T20:10:00Z,5,1,afterhours,xstock_above_p1a,14.684110071900847,31.182853171802805,31.182853171802805,16.498743099901958,14.684110071900847,1.0,1,33.31168869579848,13.822300659083341,xstock_reversion,-0.8672400092013532
tslax,tslax_E0372,2026-08-26T20:50:00Z,2026-08-26T21:15:00Z,30,4,afterhours,xstock_below_p1a,57.51610959849884,27.81836709685015,99.90654717179304,21.203751662421944,6.614615434428206,0.5,1,60.857613026847886,48.10611202907102,xstock_reversion,-7.215111642207006
tslax,tslax_E0373,2026-08-26T21:45:00Z,2026-08-26T21:45:00Z,5,1,afterhours,xstock_above_p1a,15.505169774998606,1.826103663402634,1.826103663402634,13.679066111595972,-11.852962448193338,0.0,0,33.50717909549772,9.26006850560058,xstock_reversion,-9.2283234725965
tslax,tslax_E0374,2026-08-26T22:00:00Z,2026-08-26T22:00:00Z,5,1,afterhours,xstock_above_p1a,15.792298513401803,15.878853610900023,15.878853610900023,0.08655509749821988,15.792298513401803,1.0,0,7.986754549698105,19.46247583761671,xstock_reversion,-3.331972114199999
tslax,tslax_E0375,2026-08-27T08:05:00Z,2026-08-27T08:05:00Z,5,1,premarket,xstock_above_p1a,17.373718016795436,2.8913269312980105,2.8913269312980105,14.482391085497426,-11.591064154199415,0.0,0,30.024476832597458,20.77957350867588,xstock_reversion,-7.730498032501032
tslax,tslax_E0376,2026-08-27T08:25:00Z,2026-08-27T08:25:00Z,5,1,premarket,xstock_below_p1a,23.976815517396943,54.5267828410978,54.5267828410978,30.549967323700855,23.976815517396943,1.0,1,55.53484177060142,29.668370291767943,xstock_reversion,14.677317549596225
tslax,tslax_E0377,2026-08-27T10:05:00Z,2026-08-27T10:05:00Z,5,1,premarket,xstock_below_p1a,11.63871494489932,16.167181838300237,16.167181838300237,4.528466893400918,11.63871494489932,1.0,0,31.14069655899776,8.659102323474158,xstock_reversion,4.034233406304821
tslax,tslax_E0378,2026-08-27T11:45:00Z,2026-08-27T11:45:00Z,5,1,premarket,xstock_above_p1a,14.714915869404877,45.86370351679747,45.86370351679747,31.148787647392595,14.714915869404877,1.0,1,24.199371478399456,15.754935955930886,xstock_reversion,14.731159059797605
tslax,tslax_E0379,2026-08-27T13:40:00Z,2026-08-27T13:50:00Z,15,3,regular,xstock_above_p1a,19.360699363399902,5.4814588651671174,12.808703761004736,20.61647052580125,-15.135011660634135,0.0,0,72.66617608126857,37.616456926451164,p1a_catchup,26.343565486106613
tslax,tslax_E0380,2026-08-27T14:55:00Z,2026-08-27T14:55:00Z,5,1,regular,xstock_above_p1a,14.53340680080295,0.5431851738002536,0.5431851738002536,15.076591974603204,-14.53340680080295,0.0,0,47.49360301190109,37.22492703966333,xstock_reversion,-35.54564839309826
tslax,tslax_E0381,2026-08-28T13:25:00Z,2026-08-28T13:30:00Z,10,2,premarket,xstock_above_p1a,16.23250476820104,9.529976402404827,15.424729818702687,20.575695983597875,-11.045719581193048,0.0,0,46.97363053070003,19.265449447817687,xstock_reversion,-71.92860659349876
tslax,tslax_E0382,2026-08-28T14:25:00Z,2026-08-28T14:25:00Z,5,1,regular,xstock_below_p1a,15.237355175194978,61.60126683459666,61.60126683459666,46.36391165940168,15.237355175194978,1.0,1,50.0751899832963,22.75357598099872,xstock_reversion,-48.102862907200006
tslax,tslax_E0383,2026-08-28T15:15:00Z,2026-08-28T15:15:00Z,5,1,regular,xstock_below_p1a,12.83866031919878,37.48389973320165,37.48389973320165,24.645239414002873,12.83866031919878,1.0,1,40.207013780202416,23.36002502162416,p1a_catchup,119.48158586760016
tslax,tslax_E0384,2026-08-31T13:25:00Z,2026-08-31T13:50:00Z,30,6,regular,xstock_above_p1a,44.65798597239612,7.518188187217352,13.11837474760047,27.623964242217507,-20.105776055000153,0.0,0,168.03673425448343,45.48465454361107,p1a_catchup,223.82087040160314
tslax,tslax_E0385,2026-08-31T14:25:00Z,2026-08-31T14:25:00Z,5,1,regular,xstock_above_p1a,13.838058967197142,2.766339577702226,2.766339577702226,16.604398544899368,-13.838058967197142,0.0,0,98.64006850030194,27.735117765647516,p1a_catchup,8.797735150798403
tslax,tslax_E0386,2026-08-31T14:50:00Z,2026-08-31T14:50:00Z,5,1,regular,xstock_below_p1a,13.950890847196362,8.563652383495324,8.563652383495324,5.387238463701038,3.1764139197942853,1.0,0,40.351250830497065,38.168298321831664,xstock_reversion,-41.74335190610279
tslax,tslax_E0387,2026-08-31T16:00:00Z,2026-08-31T16:00:00Z,5,1,regular,xstock_below_p1a,12.142180851197892,1.058909011000253,1.058909011000253,13.201089862198145,-12.142180851197892,0.0,0,44.4495780055032,31.821221268795647,xstock_reversion,-25.96712474820073
tslax,tslax_E0388,2026-08-31T19:50:00Z,2026-08-31T19:50:00Z,5,1,regular,xstock_above_p1a,14.339780012404546,6.514844068199466,6.514844068199466,20.85462408060401,-14.339780012404546,0.0,0,60.03093210580346,27.673739831612988,xstock_reversion,-21.040493729600485
tslax,tslax_E0389,2026-09-01T08:05:00Z,2026-09-01T08:15:00Z,15,2,premarket,xstock_below_p1a,28.873907942799093,5.2968005857501055,6.592557228497498,15.831044749448075,-10.53424416369797,0.0,0,61.72821964605557,23.50582061245435,p1a_catchup,2.472221853304646
tslax,tslax_E0390,2026-09-01T09:00:00Z,2026-09-01T09:00:00Z,5,1,premarket,xstock_below_p1a,20.355351467102878,9.266567121697378,9.266567121697378,11.0887843454055,-1.8222172237081224,0.0,0,60.732485754702026,17.131721706548923,p1a_catchup,-0.5510249065032724
tslax,tslax_E0391,2026-09-01T13:30:00Z,2026-09-01T13:45:00Z,20,3,regular,xstock_below_p1a,34.757041847699455,10.16822506923217,12.969048376998416,33.465661620732945,-23.297436551500777,0.0,0,125.64573970723045,54.565354044852036,xstock_reversion,-66.4668120151024
tslax,tslax_E0392,2026-09-02T08:50:00Z,2026-09-02T08:50:00Z,5,1,premarket,xstock_below_p1a,18.192277209898577,5.189524996298545,5.189524996298545,23.381802206197122,-18.192277209898577,0.0,0,50.82895799919385,12.670101928119761,p1a_catchup,-2.8149190895998544
tslax,tslax_E0393,2026-09-02T10:55:00Z,2026-09-02T10:55:00Z,5,1,premarket,xstock_above_p1a,12.299098709496192,25.11922798539956,25.11922798539956,12.82012927590337,12.299098709496192,1.0,0,26.66191064229828,11.920171829816077,xstock_reversion,8.719990426202529
tslax,tslax_E0394,2026-09-02T11:30:00Z,2026-09-02T11:30:00Z,5,1,premarket,xstock_above_p1a,12.433781472394045,6.76368622819723,6.76368622819723,5.6700952441968155,1.0935909840004143,1.0,0,19.36724126149869,15.097063391168264,p1a_catchup,42.90511703500144
tslax,tslax_E0395,2026-09-02T12:00:00Z,2026-09-02T12:00:00Z,5,1,premarket,xstock_above_p1a,11.882661370803405,1.7253382455972854,1.7253382455972854,13.60799961640069,-11.882661370803405,0.0,0,39.21326292210203,11.8658860234912,p1a_catchup,-3.5446381570025665
tslax,tslax_E0396,2026-09-02T13:15:00Z,2026-09-02T13:40:00Z,30,6,premarket,xstock_below_p1a,36.92736158569687,6.685936419033034,13.783575216299582,22.25921775711755,-15.573281338084518,0.0,0,116.47201477358465,42.76002186433352,p1a_catchup,18.325300428303493
tslax,tslax_E0397,2026-09-02T14:15:00Z,2026-09-02T14:15:00Z,5,1,regular,xstock_above_p1a,14.71056709540619,1.1274675384953525,1.1274675384953525,15.838034633901543,-14.71056709540619,0.0,0,78.2819576935978,24.084061342397618,p1a_catchup,-18.34629848899816
tslax,tslax_E0398,2026-09-02T14:45:00Z,2026-09-02T15:00:00Z,20,4,regular,xstock_below_p1a,13.833314427795784,5.992233003748737,10.563552443896285,18.806197457723606,-12.813964453974869,0.0,0,64.89875793349808,31.811120000949604,xstock_reversion,-75.44149660819954
tslax,tslax_E0399,2026-09-02T20:15:00Z,2026-09-02T20:15:00Z,5,1,afterhours,xstock_below_p1a,31.777434455699805,19.65707805120509,19.65707805120509,12.120356404494714,7.536721646710376,1.0,0,61.46481929920178,27.733701044613085,xstock_reversion,-21.92921680619797
tslax,tslax_E0400,2026-09-02T21:35:00Z,2026-09-02T21:40:00Z,10,2,afterhours,xstock_below_p1a,20.032314071896096,22.693012241750132,44.26348957149884,18.568581435305376,4.124430806444757,0.5,1,22.132306646600597,21.052197141595197,xstock_reversion,-13.195021496503756
tslax,tslax_E0401,2026-09-03T08:00:00Z,2026-09-03T08:00:00Z,5,1,premarket,xstock_above_p1a,16.00627547320599,8.996718558096362,8.996718558096362,25.00299403130235,-16.00627547320599,0.0,0,35.248283596702734,13.268240594258758,p1a_catchup,-7.205210232701376
tslax,tslax_E0402,2026-09-03T10:50:00Z,2026-09-03T10:50:00Z,5,1,premarket,xstock_above_p1a,12.534361077198852,33.92537398399398,33.92537398399398,21.391012906795126,12.534361077198852,1.0,1,29.750023494399258,10.600634812542417,p1a_catchup,59.853869664996395
tslax,tslax_E0403,2026-09-03T11:05:00Z,2026-09-03T11:05:00Z,5,1,premarket,xstock_above_p1a,20.13671939040229,17.44192775160691,17.44192775160691,2.6947916387953796,14.747136112811532,1.0,0,18.76287030900592,22.679335181883562,p1a_catchup,22.949773991305378
tslax,tslax_E0404,2026-09-03T12:00:00Z,2026-09-03T12:05:00Z,10,2,premarket,xstock_above_p1a,30.062651251796524,7.1884106955977245,7.681483100299147,23.078994862446578,-15.890584166848853,0.0,0,68.15477279140225,26.854384770292192,xstock_reversion,-29.43970430459686
tslax,tslax_E0405,2026-09-03T12:20:00Z,2026-09-03T12:30:00Z,15,2,premarket,xstock_below_p1a,14.668728158504507,11.745803144700417,17.999030753106382,4.95800588850237,6.787797256198047,0.5,0,33.17075779945,25.734735799456633,xstock_reversion,-28.919664857198768
tslax,tslax_E0406,2026-09-03T13:25:00Z,2026-09-03T14:30:00Z,70,10,regular,xstock_above_p1a,44.33497233359951,9.498684610240282,17.06925299589379,30.543728104970747,-21.045043494730464,0.1,0,120.2811578071792,57.96166999178092,p1a_catchup,43.03601541910673
tslax,tslax_E0407,2026-09-03T14:45:00Z,2026-09-03T15:00:00Z,20,3,regular,xstock_below_p1a,18.532747064599064,24.294529312598456,54.43722090909375,26.109817140662628,-1.8152878280641715,0.3333333333333333,1,32.95770384336668,46.49525118598003,xstock_reversion,-49.12878221840167
tslax,tslax_E0408,2026-09-03T15:45:00Z,2026-09-03T15:45:00Z,5,1,regular,xstock_above_p1a,15.86915412859824,2.0936029333018524,2.0936029333018524,17.962757061900092,-15.86915412859824,0.0,0,48.59915939399606,28.057866466086086,xstock_reversion,-8.095865298498595
tslax,tslax_E0409,2026-09-03T19:50:00Z,2026-09-03T19:50:00Z,5,1,regular,xstock_below_p1a,12.594594850394714,20.265853862797556,20.265853862797556,7.671259012402842,12.594594850394714,1.0,0,98.86141444409802,25.50452392893068,p1a_catchup,16.844769504000823
tslax,tslax_E0410,2026-09-03T20:05:00Z,2026-09-03T20:05:00Z,5,1,afterhours,xstock_above_p1a,17.29561547410441,1.3325443861944564,1.3325443861944564,18.628159860298865,-17.29561547410441,0.0,0,24.870975804098805,28.42800583842752,p1a_catchup,-6.353408552595141
tslax,tslax_E0411,2026-09-03T21:45:00Z,2026-09-03T21:55:00Z,15,3,afterhours,xstock_below_p1a,42.36536439280236,9.58291130290334,20.05238566570533,20.391809798168126,-10.808898495264785,0.0,0,76.1949646643334,30.83548810375829,p1a_catchup,13.253445130700925
tslax,tslax_E0412,2026-09-03T22:10:00Z,2026-09-03T22:20:00Z,15,2,afterhours,xstock_below_p1a,14.624907864400072,2.7547654334991734,2.831924182302714,16.577422482750848,-13.822657049251674,0.0,0,22.497783590198495,28.016222138436206,xstock_reversion,-15.211563719397247
tslax,tslax_E0413,2026-09-04T08:10:00Z,2026-09-04T08:10:00Z,5,1,premarket,xstock_below_p1a,24.294679440002298,39.79510703290501,39.79510703290501,15.50042759290271,24.294679440002298,1.0,1,63.56506050530619,20.432171817296126,xstock_reversion,-18.637823960094835
tslax,tslax_E0414,2026-09-04T09:05:00Z,2026-09-04T09:05:00Z,5,1,premarket,xstock_below_p1a,14.335494820398864,6.189515109698007,6.189515109698007,20.52500993009687,-14.335494820398864,0.0,0,22.96740595549629,18.89796151170254,p1a_catchup,38.87617548720357
tslax,tslax_E0415,2026-09-04T09:20:00Z,2026-09-04T09:20:00Z,5,1,premarket,xstock_below_p1a,20.340711789899046,0.06650442790245847,0.06650442790245847,20.274207361996588,-20.20770293409413,0.0,0,41.04717202380037,20.4535767709753,xstock_reversion,-38.31786738779819
tslax,tslax_E0416,2026-09-04T10:25:00Z,2026-09-04T10:25:00Z,5,1,premarket,xstock_above_p1a,12.69585131369766,6.191271547502097,6.191271547502097,6.504579766195562,-0.31330821869346437,0.0,0,6.89274055519995,19.11279274673417,xstock_reversion,-7.31955302089915
tslax,tslax_E0417,2026-09-04T11:05:00Z,2026-09-04T11:05:00Z,5,1,premarket,xstock_below_p1a,12.130015285300999,0.13709166249320504,0.13709166249320504,12.267106947794204,-12.130015285300999,0.0,0,36.69197552620851,8.908862599245216,persistent_or_wider,56.52123665869979
tslax,tslax_E0418,2026-09-04T11:20:00Z,2026-09-04T11:20:00Z,5,1,premarket,xstock_below_p1a,14.493370588697374,0.40478309010438807,0.40478309010438807,14.088587498592986,-13.683804408488598,0.0,0,21.52938535229687,13.432058847075684,p1a_catchup,33.069626606403446
tslax,tslax_E0419,2026-09-04T11:35:00Z,2026-09-04T11:45:00Z,15,3,premarket,xstock_below_p1a,18.119082870997616,4.898404628666715,8.939611231699729,18.682740294231337,-13.78433566556462,0.0,0,45.93586469866591,18.349687482390383,p1a_catchup,4.058873994798873
tslax,tslax_E0420,2026-09-04T12:15:00Z,2026-09-04T12:35:00Z,25,4,premarket,xstock_below_p1a,30.97186012529285,8.755096225998571,23.05309173489256,14.514295516150355,-5.759199290151784,0.25,0,52.011432921525994,20.074159140567133,p1a_catchup,26.111469518692587
tslax,tslax_E0421,2026-09-04T13:25:00Z,2026-09-04T13:40:00Z,20,3,regular,xstock_below_p1a,27.43177864210189,12.824140796965366,21.860523124699327,35.66168054859986,-22.837539751634495,0.0,0,96.6010834134708,37.40683146119633,p1a_catchup,67.72154636159655
tslax,tslax_E0422,2026-09-04T14:00:00Z,2026-09-04T14:15:00Z,20,3,regular,xstock_below_p1a,23.641562966902896,8.695978675268279,16.49448953020105,25.174961019232,-16.47898234396372,0.0,0,58.107957076165555,47.58401933659123,p1a_catchup,-6.504617093305853
tslax,tslax_E0423,2026-09-04T20:00:00Z,2026-09-04T20:00:00Z,5,1,afterhours,xstock_below_p1a,17.15494389950223,3.4829093933019806,3.4829093933019806,13.672034506200248,-10.189125112898267,0.0,0,43.00381522160279,27.705770666189267,xstock_reversion,-7.928418129701242
tslax,tslax_E0424,2026-09-08T08:05:00Z,2026-09-08T08:05:00Z,5,1,premarket,xstock_below_p1a,15.910270539301052,3.2269902060999556,3.2269902060999556,12.683280333201097,-9.456290127101141,0.0,0,45.80127255760402,11.389960846085557,xstock_reversion,3.6817287548007727
tslax,tslax_E0425,2026-09-08T09:35:00Z,2026-09-08T09:35:00Z,5,1,premarket,xstock_above_p1a,14.527499536702848,17.583861343197782,17.583861343197782,3.056361806494934,14.527499536702848,1.0,0,24.238276493102617,16.59878137092419,p1a_catchup,6.042580724896496
tslax,tslax_E0426,2026-09-08T12:20:00Z,2026-09-08T12:25:00Z,10,2,premarket,xstock_below_p1a,19.649674270603157,23.332937722000402,45.894256930498756,19.18115315370006,4.151784568300343,0.5,1,27.64105326370281,22.601997945091618,xstock_reversion,-3.6587253971998024
tslax,tslax_E0427,2026-09-08T13:25:00Z,2026-09-08T13:40:00Z,20,3,regular,xstock_above_p1a,35.291201669700456,11.977388109499406,23.939570935098686,21.614402134198702,-9.637014024699297,0.3333333333333333,0,54.00544976496669,43.47808562903588,p1a_catchup,-1.6605089497989667
tslax,tslax_E0428,2026-09-08T13:55:00Z,2026-09-08T13:55:00Z,5,1,regular,xstock_above_p1a,11.349169075600685,5.279970019103075,5.279970019103075,16.62913909470376,-11.349169075600685,0.0,0,88.45210955489513,68.34474493390053,p1a_catchup,88.31574446910295
tslax,tslax_E0429,2026-09-08T14:20:00Z,2026-09-08T14:20:00Z,5,1,regular,xstock_above_p1a,13.29654355830101,9.671772284196578,9.671772284196578,22.96831584249759,-13.29654355830101,0.0,0,61.390997965702354,19.103241306801607,p1a_catchup,10.707125736999501
tslax,tslax_E0430,2026-09-08T15:25:00Z,2026-09-08T15:25:00Z,5,1,regular,xstock_above_p1a,14.328753535703953,15.741530573594176,15.741530573594176,30.07028410929813,-14.328753535703953,0.0,0,71.23409124080382,32.374223852961116,p1a_catchup,-1.6258836360005802
tslax,tslax_E0431,2026-09-09T08:00:00Z,2026-09-09T08:00:00Z,5,1,premarket,xstock_below_p1a,18.8443719825937,29.49064259829548,29.49064259829548,10.64627061570178,18.8443719825937,1.0,0,43.89866979779278,19.030853576446606,xstock_reversion,2.7199782569997666
tslax,tslax_E0432,2026-09-09T08:35:00Z,2026-09-09T08:35:00Z,5,1,premarket,xstock_below_p1a,12.389564816404075,3.7244290531024404,3.7244290531024404,8.665135763301635,-4.940706710199194,0.0,0,23.74076892349919,11.378781563834119,p1a_catchup,3.543827643497366
tslax,tslax_E0433,2026-09-09T09:55:00Z,2026-09-09T10:00:00Z,10,2,premarket,xstock_below_p1a,16.281500374493163,10.707797760693971,20.287015633693173,10.415629347950706,0.29216841274326555,0.5,0,46.38196102284553,10.550846927745713,xstock_reversion,-20.5299393392
tslax,tslax_E0434,2026-09-09T11:45:00Z,2026-09-09T11:45:00Z,5,1,premarket,xstock_above_p1a,13.05073458389927,1.7468486548022355,1.7468486548022355,14.797583238701506,-13.05073458389927,0.0,0,25.623624873096773,16.689481684544383,xstock_reversion,-35.631118963204145
tslax,tslax_E0435,2026-09-09T13:25:00Z,2026-09-09T13:50:00Z,30,4,regular,xstock_above_p1a,52.38328643100587,11.040195406397668,16.963793174396002,40.47599847915251,-29.43580307275484,0.0,0,123.98329753727566,64.23356146639671,xstock_reversion,-74.6191995717993
tslax,tslax_E0436,2026-09-09T14:45:00Z,2026-09-09T14:45:00Z,5,1,regular,xstock_above_p1a,12.606388722700146,0.4592249715962282,0.4592249715962282,13.065613694296374,-12.606388722700146,0.0,0,36.64442282640401,21.930010510187124,xstock_reversion,-131.1064515071969
tslax,tslax_E0437,2026-09-09T15:00:00Z,2026-09-09T15:00:00Z,5,1,regular,xstock_below_p1a,13.450436827300294,0.44028777660187757,0.44028777660187757,13.010149050698416,-12.569861274096539,0.0,0,86.88782910140525,32.633682398085625,p1a_catchup,18.528166076299257
tslax,tslax_E0438,2026-09-09T15:35:00Z,2026-09-09T15:35:00Z,5,1,regular,xstock_above_p1a,15.60340246950176,7.028144633496325,7.028144633496325,22.631547102998084,-15.60340246950176,0.0,0,101.13843094350372,35.62790821933273,xstock_reversion,-31.036229320093867
tslax,tslax_E0439,2026-09-09T20:00:00Z,2026-09-09T20:00:00Z,5,1,afterhours,xstock_below_p1a,12.615156203894529,0.2626593567001123,0.2626593567001123,12.877815560594641,-12.615156203894529,0.0,0,53.68691507220191,22.127895394515974,p1a_catchup,-6.820497970094763
tslax,tslax_E0440,2026-09-09T20:35:00Z,2026-09-09T20:35:00Z,5,1,afterhours,xstock_above_p1a,19.1575389940013,31.61870336329642,31.61870336329642,12.461164369295119,19.1575389940013,1.0,1,41.94837874449853,17.64970966269522,xstock_reversion,-1.6327863535003928
tslax,tslax_E0441,2026-09-09T22:05:00Z,2026-09-09T22:05:00Z,5,1,afterhours,xstock_below_p1a,33.16192732500056,59.22668708779888,59.22668708779888,26.064759762798317,33.16192732500056,1.0,1,62.03245312139671,26.754739919422374,xstock_reversion,9.863088758699234
tslax,tslax_E0442,2026-09-09T23:10:00Z,2026-09-09T23:10:00Z,5,1,afterhours,xstock_below_p1a,11.260050619394946,17.97463012700007,17.97463012700007,6.714579507605123,11.260050619394946,1.0,0,20.24107578590062,11.440494330508347,xstock_reversion,-4.6382822817037095
tslax,tslax_E0443,2026-09-10T09:30:00Z,2026-09-10T09:30:00Z,5,1,premarket,xstock_below_p1a,24.00962309409671,35.6632182182004,35.6632182182004,11.653595124103688,24.00962309409671,1.0,1,49.870573982797595,20.13168046630547,xstock_reversion,-9.01356192289704
tslax,tslax_E0444,2026-09-10T11:45:00Z,2026-09-10T11:50:00Z,10,2,premarket,xstock_below_p1a,15.916295336095843,5.094602315951491,10.185900394796832,18.736238113601367,-13.641635797649876,0.0,0,40.52235800215076,14.17828159980155,p1a_catchup,4.996153836698269
tslax,tslax_E0445,2026-09-10T12:30:00Z,2026-09-10T12:35:00Z,10,2,premarket,xstock_below_p1a,20.182251569202947,9.432272120695195,15.85738196519415,24.953189918899277,-15.520917798204081,0.0,0,49.308878718550275,17.493519623472054,p1a_catchup,-7.480854030292861
tslax,tslax_E0446,2026-09-10T13:15:00Z,2026-09-10T13:45:00Z,35,6,premarket,xstock_above_p1a,26.603562415603577,9.45490867300188,40.89146038430691,15.673676167784478,-6.2187674947825995,0.16666666666666666,1,67.19626306310289,39.37166924670431,p1a_catchup,133.3987028976047
tslax,tslax_E0447,2026-09-10T14:00:00Z,2026-09-10T14:00:00Z,5,1,regular,xstock_above_p1a,14.753464237404756,9.797288626396394,9.797288626396394,24.55075286380115,-14.753464237404756,0.0,0,42.3776810150045,33.87377073025445,xstock_reversion,-29.107859576100736
tslax,tslax_E0448,2026-09-10T15:00:00Z,2026-09-10T15:00:00Z,5,1,regular,xstock_below_p1a,12.543639800899342,2.0914881880962355,2.0914881880962355,10.452151612803107,-8.360663424706871,0.0,0,60.40288842309671,23.02852940464173,p1a_catchup,3.215752232597069
tslax,tslax_E0449,2026-09-10T17:35:00Z,2026-09-10T17:35:00Z,5,1,regular,xstock_below_p1a,11.921487463899538,23.668939877206085,23.668939877206085,11.747452413306547,11.921487463899538,1.0,0,16.522317548002263,23.183325635135052,p1a_catchup,18.857205688700418
tslax,tslax_E0450,2026-09-11T11:00:00Z,2026-09-11T11:05:00Z,10,2,premarket,xstock_below_p1a,20.75941757690103,5.495454515953568,8.347107769903772,21.632529470254624,-16.137074954301056,0.0,0,47.37774957755292,16.248036998335465,p1a_catchup,28.975529068802075
tslax,tslax_E0451,2026-09-11T11:35:00Z,2026-09-11T11:35:00Z,5,1,premarket,xstock_below_p1a,16.349169780198736,2.0323367724994768,2.0323367724994768,14.316833007699259,-12.284496235199782,0.0,0,54.18692800160052,11.52951076323451,xstock_reversion,-20.751200640098943
tslax,tslax_E0452,2026-09-11T11:55:00Z,2026-09-11T11:55:00Z,5,1,premarket,xstock_above_p1a,12.972294191007094,2.8757090626019277,2.8757090626019277,10.096585128405167,-7.220876065803239,0.0,0,18.237869693402686,19.759419859837873,persistent_or_wider,55.70276922130191
tslax,tslax_E0453,2026-09-11T12:25:00Z,2026-09-11T12:25:00Z,5,1,premarket,xstock_above_p1a,15.647063474295564,7.574407377504144,7.574407377504144,23.221470851799708,-15.647063474295564,0.0,0,33.57616172889877,18.33545665387011,p1a_catchup,34.314768418495234
tslax,tslax_E0454,2026-09-11T12:50:00Z,2026-09-11T12:55:00Z,10,2,premarket,xstock_above_p1a,19.30893592920313,2.666184527599924,5.0144935502949295,18.687993491655064,-16.02180896405514,0.0,0,43.67536771665126,19.604982086739312,p1a_catchup,-5.522929906405238
tslax,tslax_E0455,2026-09-11T13:35:00Z,2026-09-11T13:35:00Z,5,1,regular,xstock_above_p1a,13.486052548801197,14.102068806201018,14.102068806201018,27.588121355002215,-13.486052548801197,0.0,0,55.089432091603996,23.10755836272578,p1a_catchup,4.22518900369262
tslax,tslax_E0456,2026-09-11T13:50:00Z,2026-09-11T13:55:00Z,10,2,regular,xstock_above_p1a,20.409742016296306,9.198325885999559,9.497661681399094,19.394372555545658,-10.1960466695461,0.5,0,45.73362539745052,47.183609117652615,xstock_reversion,-53.481521258396114
tslax,tslax_E0457,2026-09-11T14:10:00Z,2026-09-11T14:10:00Z,5,1,regular,xstock_below_p1a,12.420826185799427,2.7170559735001376,2.7170559735001376,9.70377021229929,-6.986714238799152,0.0,0,83.74736161679941,60.53040603207852,p1a_catchup,8.220755128300894
tslax,tslax_E0458,2026-09-11T14:25:00Z,2026-09-11T14:35:00Z,15,2,regular,xstock_below_p1a,18.718034784299675,16.300163244400423,29.30137188649873,15.689513717451753,0.61064952694867,0.5,0,25.944638314898683,46.745678024389136,xstock_reversion,-44.25180015320329
tslax,tslax_E0459,2026-09-11T20:20:00Z,2026-09-11T20:20:00Z,5,1,afterhours,xstock_below_p1a,12.070164424207164,24.17464222919996,24.17464222919996,12.104477804992797,12.070164424207164,1.0,0,22.534233716999807,11.610255568215246,xstock_reversion,-5.751770197299777
tslax,tslax_E0460,2026-09-14T08:00:00Z,2026-09-14T08:00:00Z,5,1,premarket,xstock_below_p1a,14.098075557003042,12.233243966601748,12.233243966601748,26.33131952360479,-14.098075557003042,0.0,0,33.70530110450076,8.536288367827446,p1a_catchup,4.186143924993502
tslax,tslax_E0461,2026-09-14T12:50:00Z,2026-09-14T12:50:00Z,5,1,premarket,xstock_below_p1a,23.149593526001766,42.47198684360853,42.47198684360853,19.322393317606767,23.149593526001766,1.0,1,39.207246151899966,20.895333396462917,xstock_reversion,6.530334442800267
tslax,tslax_E0462,2026-09-14T13:25:00Z,2026-09-14T13:30:00Z,10,2,premarket,xstock_above_p1a,26.801914005201155,37.137412286698535,73.2406185789003,56.41356257325203,-19.276150286553495,0.0,1,74.21129154490114,23.858904622170357,xstock_reversion,-142.78868764900034
tslax,tslax_E0463,2026-09-14T13:55:00Z,2026-09-14T13:55:00Z,5,1,regular,xstock_below_p1a,13.306693613097664,4.1206678730976165,4.1206678730976165,9.186025740000048,-5.065357866902431,0.0,0,48.28135678929257,52.497117847038226,p1a_catchup,52.10519646070111
tslax,tslax_E0464,2026-09-14T14:15:00Z,2026-09-14T14:20:00Z,10,2,regular,xstock_below_p1a,15.764794586505815,3.084906711956492,5.251796994807378,11.78802601740081,-8.703119305444318,0.0,0,65.92334230279829,36.37550024190279,xstock_reversion,-10.723413579594165
tslax,tslax_E0465,2026-09-14T15:30:00Z,2026-09-14T15:30:00Z,5,1,regular,xstock_above_p1a,12.765920965298605,10.544943591597189,10.544943591597189,23.310864556895794,-12.765920965298605,0.0,0,70.83870200429665,23.445818189101434,p1a_catchup,47.659284412402414
tslax,tslax_E0466,2026-09-15T09:10:00Z,2026-09-15T09:35:00Z,30,4,premarket,xstock_below_p1a,14.423731329307188,14.53680244915212,30.411538192902654,12.24459777024789,2.2922046789042305,0.5,0,30.47386555725229,21.641040819555805,xstock_reversion,-24.891288319803806
tslax,tslax_E0467,2026-09-15T10:05:00Z,2026-09-15T10:05:00Z,5,1,premarket,xstock_above_p1a,15.76967847690014,32.81889256499859,32.81889256499859,17.049214088098452,15.76967847690014,1.0,1,36.5821634006025,12.848345331423223,xstock_reversion,5.581914741696892
tslax,tslax_E0468,2026-09-15T11:00:00Z,2026-09-15T11:00:00Z,5,1,premarket,xstock_above_p1a,12.390319312904907,2.7700060342983335,2.7700060342983335,15.16032534720324,-12.390319312904907,0.0,0,30.92513794020313,9.892311024852614,xstock_reversion,-32.86168290330238
tslax,tslax_E0469,2026-09-15T11:15:00Z,2026-09-15T11:15:00Z,5,1,premarket,xstock_below_p1a,21.523898021795773,37.71157900810174,37.71157900810174,16.187680986305963,21.523898021795773,1.0,1,51.07618200209885,21.131334583304326,xstock_reversion,21.192356378403332
tslax,tslax_E0470,2026-09-15T13:30:00Z,2026-09-15T13:35:00Z,10,2,regular,xstock_above_p1a,37.14976137449533,5.536760821800435,9.646209109401838,36.85411496149538,-31.31735413969494,0.0,0,84.67760640019861,58.17531719872226,xstock_reversion,-90.42419014839709
tslax,tslax_E0471,2026-09-15T13:55:00Z,2026-09-15T13:55:00Z,5,1,regular,xstock_below_p1a,13.815980383400372,11.485314151702397,11.485314151702397,2.3306662316979754,9.154647920004422,1.0,0,57.95751902350155,84.5612044038893,xstock_reversion,-3.8973331599923
tslax,tslax_E0472,2026-09-15T15:05:00Z,2026-09-15T15:05:00Z,5,1,regular,xstock_above_p1a,15.037853408204072,1.249400276295276,1.249400276295276,16.287253684499348,-15.037853408204072,0.0,0,101.36401500310477,36.60127686124195,p1a_catchup,8.480004888502535
tslax,tslax_E0473,2026-09-15T16:20:00Z,2026-09-15T16:20:00Z,5,1,regular,xstock_below_p1a,15.191921014006127,56.474259010501626,56.474259010501626,41.2823379964955,15.191921014006127,1.0,1,73.45954736280191,28.24723394036291,xstock_reversion,-4.710119918103217
tslax,tslax_E0474,2026-09-15T17:30:00Z,2026-09-15T17:30:00Z,5,1,regular,xstock_below_p1a,14.644170388198319,9.32134455490008,9.32134455490008,23.9655149430984,-14.644170388198319,0.0,0,73.68179692219812,24.34485882875189,p1a_catchup,-13.71558179149801
tslax,tslax_E0475,2026-09-15T20:40:00Z,2026-09-15T20:40:00Z,5,1,afterhours,xstock_below_p1a,25.622683920802913,45.67762361990191,45.67762361990191,20.054939699098995,25.622683920802913,1.0,1,40.21132313170028,20.651104627726262,xstock_reversion,10.330101209303777
tslax,tslax_E0476,2026-09-15T21:15:00Z,2026-09-15T21:15:00Z,5,1,afterhours,xstock_below_p1a,15.220703617506715,20.327755182707463,20.327755182707463,5.107051565200749,15.220703617506715,1.0,0,30.459865837499933,12.76292581969636,xstock_reversion,14.331279763100113
tslax,tslax_E0477,2026-09-16T12:35:00Z,2026-09-16T12:35:00Z,5,1,premarket,xstock_below_p1a,12.05336294620274,21.863519213001226,21.863519213001226,9.810156266798487,12.05336294620274,1.0,0,36.251123273602914,9.04069957428564,p1a_catchup,8.281314559202002
tslax,tslax_E0478,2026-09-16T14:00:00Z,2026-09-16T14:10:00Z,15,2,regular,xstock_above_p1a,18.79428642330261,7.618914394904586,14.823799543801641,22.998945513599267,-15.380031118694681,0.0,0,72.98809200355194,36.43346664451153,p1a_catchup,8.251052477197263
tslax,tslax_E0479,2026-09-16T17:15:00Z,2026-09-16T17:15:00Z,5,1,regular,xstock_below_p1a,12.810439310699806,37.95936343239603,37.95936343239603,25.148924121696226,12.810439310699806,1.0,1,48.88411859510278,19.07544236561037,xstock_reversion,23.13506030739987
tslax,tslax_E0480,2026-09-16T18:05:00Z,2026-09-16T18:10:00Z,10,2,regular,xstock_below_p1a,13.358121675199897,2.0078690135516553,3.0497510083993262,10.49284630779912,-8.484977294247464,0.0,0,29.239811550101358,25.6274691556724,p1a_catchup,32.0858118576961
tslax,tslax_E0481,2026-09-16T19:30:00Z,2026-09-16T19:30:00Z,5,1,regular,xstock_above_p1a,15.672331697800246,6.7230526059969264,6.7230526059969264,22.395384303797172,-15.672331697800246,0.0,0,70.00057545840654,31.560215429936576,xstock_reversion,-2.7913468430007526
tslax,tslax_E0482,2026-09-16T22:15:00Z,2026-09-16T22:25:00Z,15,2,afterhours,xstock_below_p1a,19.383391490599422,24.19408720319982,46.56079279180325,20.714576839004906,3.4795103641949154,0.5,1,38.81592955194968,17.687927397809837,xstock_reversion,0.27893613750329393
tslax,tslax_E0483,2026-09-17T09:25:00Z,2026-09-17T09:25:00Z,5,1,premarket,xstock_below_p1a,15.914965927699143,26.830624621201338,26.830624621201338,10.915658693502195,15.914965927699143,1.0,0,37.71460817950434,13.554814589175104,xstock_reversion,-0.5512679163999223
tslax,tslax_E0484,2026-09-17T11:55:00Z,2026-09-17T12:00:00Z,10,2,premarket,xstock_above_p1a,14.792896813702328,4.696152453949054,9.333649387199827,17.651839055052854,-12.9556866011038,0.0,0,41.60157635094919,10.663896643005666,p1a_catchup,16.96781581129514
tslax,tslax_E0485,2026-09-17T13:25:00Z,2026-09-17T13:35:00Z,15,3,regular,xstock_below_p1a,32.017222475397844,8.75388207066822,19.070922807307156,35.774001586732496,-27.020119516064273,0.0,0,57.31314176233108,43.4773288165942,xstock_reversion,-243.19947940000475
tslax,tslax_E0486,2026-09-17T13:50:00Z,2026-09-17T14:20:00Z,35,5,regular,xstock_above_p1a,20.07173171909571,11.567642248319743,22.065794189005672,19.47783569544015,-7.910193447120406,0.4,0,97.13072205409823,51.4838430217243,p1a_catchup,35.51010637649732
tslax,tslax_E0487,2026-09-17T14:45:00Z,2026-09-17T14:45:00Z,5,1,regular,xstock_below_p1a,15.683354534195004,28.819687029493224,28.819687029493224,13.13633249529822,15.683354534195004,1.0,0,80.29044305459365,24.356169780517114,p1a_catchup,101.05773518479744
tslax,tslax_E0488,2026-09-17T15:00:00Z,2026-09-17T15:15:00Z,20,3,regular,xstock_below_p1a,27.05058797060289,38.18327785926575,64.40091846659612,25.674195851097537,12.509082008168212,0.6666666666666666,1,88.2365447153699,54.941649074402996,xstock_reversion,12.692175545705453
tslax,tslax_E0489,2026-09-17T23:55:00Z,2026-09-17T23:55:00Z,5,1,afterhours,xstock_above_p1a,15.610210634404709,26.573000578400396,26.573000578400396,10.962789943995688,15.610210634404709,1.0,0,29.004240465200226,11.926463479211208,,
tslax,tslax_E0490,2026-09-18T11:15:00Z,2026-09-18T11:15:00Z,5,1,premarket,xstock_below_p1a,12.385816907896086,5.828275981496489,5.828275981496489,6.5575409263995965,-0.7292649449031074,0.0,0,36.698998760602564,11.415009527319809,xstock_reversion,-18.824024615602397
tslax,tslax_E0491,2026-09-18T13:15:00Z,2026-09-18T13:15:00Z,5,1,premarket,xstock_above_p1a,27.046547502598273,46.80911145170441,46.80911145170441,19.762563949106138,27.046547502598273,1.0,1,58.0298843305993,22.92773548190189,p1a_catchup,28.242880227997702
tslax,tslax_E0492,2026-09-18T13:40:00Z,2026-09-18T13:40:00Z,5,1,regular,xstock_above_p1a,14.953641223396374,0.1622076262997041,0.1622076262997041,14.79143359709667,-14.629225970796966,0.0,0,23.97305830100116,46.70071973900907,persistent_or_wider,-218.67548981929554
tslax,tslax_E0493,2026-09-18T13:55:00Z,2026-09-18T13:55:00Z,5,1,regular,xstock_below_p1a,20.080740523402696,14.072632776898075,14.072632776898075,6.008107746504621,8.064525030393455,1.0,0,110.04395652079779,48.72677416785632,p1a_catchup,14.527558657695394
tslax,tslax_E0494,2026-09-18T14:10:00Z,2026-09-18T14:10:00Z,5,1,regular,xstock_below_p1a,15.936378893695036,7.728906709498773,7.728906709498773,23.66528560319381,-15.936378893695036,0.0,0,101.06483421529866,26.238713109387987,xstock_reversion,-146.359159112599
tslax,tslax_E0495,2026-09-18T14:25:00Z,2026-09-18T14:25:00Z,5,1,regular,xstock_above_p1a,14.466082662094593,4.044336822106587,4.044336822106587,18.51041948420118,-14.466082662094593,0.0,0,96.56557151239475,38.41855997943104,p1a_catchup,70.8449933680999
tslax,tslax_E0496,2026-09-18T14:40:00Z,2026-09-18T14:50:00Z,15,2,regular,xstock_above_p1a,15.16158158399783,6.903757185856563,10.8617478118056,9.842374896154027,-2.938617710297464,0.5,0,81.45797154590184,29.54570417371439,p1a_catchup,-33.34338545220028
tslax,tslax_E0497,2026-09-18T15:15:00Z,2026-09-18T15:15:00Z,5,1,regular,xstock_below_p1a,20.347303021903684,4.691143977497703,4.691143977497703,25.038446999401387,-20.347303021903684,0.0,0,115.00120007510439,43.604672536488586,p1a_catchup,28.837772666303607
tslax,tslax_E0498,2026-09-18T19:45:00Z,2026-09-18T19:45:00Z,5,1,regular,xstock_above_p1a,13.630414457308504,2.826683696000032,2.826683696000032,16.457098153308536,-13.630414457308504,0.0,0,28.00716083700472,29.673192948785328,p1a_catchup,-3.0239356684003127
tslax,tslax_E0499,2026-09-18T23:20:00Z,2026-09-18T23:20:00Z,5,1,afterhours,xstock_above_p1a,14.488483831600618,25.258001768406757,25.258001768406757,10.769517936806139,14.488483831600618,1.0,0,27.770051094107018,10.233894216770715,xstock_reversion,-4.437657511697779
